 Entering Link 1 = D:\Gaussian\G16W\l1.exe PID=     56232.
  
 Copyright (c) 1988,1990,1992,1993,1995,1998,2003,2009,2016,
            Gaussian, Inc.  All Rights Reserved.
  
 This is part of the Gaussian(R) 16 program.  It is based on
 the Gaussian(R) 09 system (copyright 2009, Gaussian, Inc.),
 the Gaussian(R) 03 system (copyright 2003, Gaussian, Inc.),
 the Gaussian(R) 98 system (copyright 1998, Gaussian, Inc.),
 the Gaussian(R) 94 system (copyright 1995, Gaussian, Inc.),
 the Gaussian 92(TM) system (copyright 1992, Gaussian, Inc.),
 the Gaussian 90(TM) system (copyright 1990, Gaussian, Inc.),
 the Gaussian 88(TM) system (copyright 1988, Gaussian, Inc.),
 the Gaussian 86(TM) system (copyright 1986, Carnegie Mellon
 University), and the Gaussian 82(TM) system (copyright 1983,
 Carnegie Mellon University). Gaussian is a federally registered
 trademark of Gaussian, Inc.
  
 This software contains proprietary and confidential information,
 including trade secrets, belonging to Gaussian, Inc.
  
 This software is provided under written license and may be
 used, copied, transmitted, or stored only in accord with that
 written license.
  
 The following legend is applicable only to US Government
 contracts under FAR:
  
                    RESTRICTED RIGHTS LEGEND
  
 Use, reproduction and disclosure by the US Government is
 subject to restrictions as set forth in subparagraphs (a)
 and (c) of the Commercial Computer Software - Restricted
 Rights clause in FAR 52.227-19.
  
 Gaussian, Inc.
 340 Quinnipiac St., Bldg. 40, Wallingford CT 06492
  
  
 ---------------------------------------------------------------
 Warning -- This program may not be used in any manner that
 competes with the business of Gaussian, Inc. or will provide
 assistance to any competitor of Gaussian, Inc.  The licensee
 of this program is prohibited from giving any competitor of
 Gaussian, Inc. access to this program.  By using this program,
 the user acknowledges that Gaussian, Inc. is engaged in the
 business of creating and licensing software in the field of
 computational chemistry and represents and warrants to the
 licensee that it is not a competitor of Gaussian, Inc. and that
 it will not use this program in any manner prohibited above.
 ---------------------------------------------------------------
  

 Cite this work as:
 Gaussian 16, Revision A.03,
 M. J. Frisch, G. W. Trucks, H. B. Schlegel, G. E. Scuseria, 
 M. A. Robb, J. R. Cheeseman, G. Scalmani, V. Barone, 
 G. A. Petersson, H. Nakatsuji, X. Li, M. Caricato, A. V. Marenich, 
 J. Bloino, B. G. Janesko, R. Gomperts, B. Mennucci, H. P. Hratchian, 
 J. V. Ortiz, A. F. Izmaylov, J. L. Sonnenberg, D. Williams-Young, 
 F. Ding, F. Lipparini, F. Egidi, J. Goings, B. Peng, A. Petrone, 
 T. Henderson, D. Ranasinghe, V. G. Zakrzewski, J. Gao, N. Rega, 
 G. Zheng, W. Liang, M. Hada, M. Ehara, K. Toyota, R. Fukuda, 
 J. Hasegawa, M. Ishida, T. Nakajima, Y. Honda, O. Kitao, H. Nakai, 
 T. Vreven, K. Throssell, J. A. Montgomery, Jr., J. E. Peralta, 
 F. Ogliaro, M. J. Bearpark, J. J. Heyd, E. N. Brothers, K. N. Kudin, 
 V. N. Staroverov, T. A. Keith, R. Kobayashi, J. Normand, 
 K. Raghavachari, A. P. Rendell, J. C. Burant, S. S. Iyengar, 
 J. Tomasi, M. Cossi, J. M. Millam, M. Klene, C. Adamo, R. Cammi, 
 J. W. Ochterski, R. L. Martin, K. Morokuma, O. Farkas, 
 J. B. Foresman, and D. J. Fox, Gaussian, Inc., Wallingford CT, 2016.
 
 ******************************************
 Gaussian 16:  EM64W-G16RevA.03 17-Dec-2016
                13-Jan-2026 
 ******************************************
 %nprocshared=30
 Will use up to   30 processors via shared memory.
 %mem=60GB
 %chk=SR-11-ts-P2.chk
 ----------------------------------------------------------------------
 # irc=(calcfc,maxpoints=30,recalc=1,stepsize=5) ub3lyp/6-311g(d,p) geo
 m=connectivity
 ----------------------------------------------------------------------
 1/10=4,18=10,26=3,38=1,39=5,42=30,44=3,57=2,71=1,172=1/1,23;
 2/12=2,17=6,18=5,29=1,40=1/2;
 3/5=4,6=6,7=101,11=2,25=1,30=1,71=2,74=-5,116=2,140=1/1,2,3;
 4//1;
 5/5=2,38=5/2;
 8/6=4,10=90,11=11/1;
 11/6=1,8=1,9=11,15=111,16=1/1,2,10;
 10/6=1,13=1/2;
 6/7=2,8=2,9=2,10=2,28=1/1;
 7/10=1,18=20,25=1/1,2,3,16;
 1/10=4,18=10,26=3,39=5,42=30,44=3,71=1/23(2);
 2/29=1/2;
 99/5=20/99;
 2/29=1/2;
 3/5=4,6=6,7=101,11=2,25=1,30=1,71=2,74=-5,116=2,140=1/1,2,3;
 4/5=5,16=3,69=1/1;
 5/5=2,38=5/2;
 8/6=4,10=90,11=11/1;
 11/6=1,8=1,9=11,15=111,16=1/1,2,10;
 10/6=1,13=1/2;
 7/10=1,18=20,25=1/1,2,3,16;
 1/18=10,26=3,39=5,42=30,44=3,71=1/23(-8);
 2/29=1/2;
 6/7=2,8=2,9=2,10=2,19=2,28=1/1;
 99/5=20,9=1/99;
 -------------------
 Title Card Required
 -------------------
 Symbolic Z-matrix:
 Charge =  0 Multiplicity = 2
 C                    -1.72319  -0.0945    0.07012 
 C                    -0.94379  -1.23206  -0.13529 
 C                     0.42241  -1.10384  -0.3667 
 C                     1.02681   0.17927  -0.4427 
 C                     0.23819   1.33701  -0.20788 
 C                    -1.10942   1.179     0.0604 
 O                     2.39577  -0.25645   1.08545 
 H                    -1.7222    2.05659   0.24234 
 O                     1.20444  -2.1999   -0.45847 
 H                     1.77332  -0.28949   1.82757 
 H                     2.05401  -1.9148   -0.06872 
 H                     1.96745   0.28099  -0.96559 
 C                    -3.20121  -0.20982   0.33925 
 H                    -3.53945  -1.24557   0.28502 
 H                    -3.45146   0.1774    1.33231 
 H                    -3.77631   0.37427  -0.38621 
 H                    -1.37293  -2.22549  -0.08102 
 C                     0.89725   2.68852  -0.2653 
 H                     1.30324   2.88587  -1.26319 
 H                     0.197     3.48888  -0.02028 
 H                     1.73551   2.72794   0.43605 
 
 IRC-IRC-IRC-IRC-IRC-IRC-IRC-IRC-IRC-IRC-IRC-IRC-IRC-IRC-IRC-IRC-IRC-IRC
 ------------------------------------------------------------------------
 INPUT DATA FOR L123
 ------------------------------------------------------------------------
 GENERAL PARAMETERS:
 Follow reaction path in both directions.
 Maximum points per path      =  30
 Step size                    =   0.050 bohr
 Integration scheme           = HPC                                 
    Redo corrector integration= Yes                                 
    DWI Weight Power          =  2
    DWI will use Hessian update vectors when possible.
    Max correction cycles     =  20
 Initial Hessian              = CalcFC
 Hessian evaluation           = Analytic at all predictor steps
                              = Update at all corrector steps
 Hessian updating method      = Bofill                              
 ------------------------------------------------------------------------
 IRC-IRC-IRC-IRC-IRC-IRC-IRC-IRC-IRC-IRC-IRC-IRC-IRC-IRC-IRC-IRC-IRC-IRC
                          Input orientation:                          
 ---------------------------------------------------------------------
 Center     Atomic      Atomic             Coordinates (Angstroms)
 Number     Number       Type             X           Y           Z
 ---------------------------------------------------------------------
      1          6           0       -1.723189   -0.094498    0.070118
      2          6           0       -0.943792   -1.232058   -0.135294
      3          6           0        0.422411   -1.103842   -0.366705
      4          6           0        1.026810    0.179274   -0.442699
      5          6           0        0.238192    1.337015   -0.207885
      6          6           0       -1.109421    1.179004    0.060402
      7          8           0        2.395766   -0.256452    1.085452
      8          1           0       -1.722198    2.056589    0.242335
      9          8           0        1.204440   -2.199896   -0.458471
     10          1           0        1.773324   -0.289485    1.827566
     11          1           0        2.054014   -1.914803   -0.068716
     12          1           0        1.967453    0.280989   -0.965593
     13          6           0       -3.201206   -0.209823    0.339253
     14          1           0       -3.539453   -1.245567    0.285016
     15          1           0       -3.451458    0.177405    1.332309
     16          1           0       -3.776312    0.374272   -0.386206
     17          1           0       -1.372932   -2.225489   -0.081024
     18          6           0        0.897247    2.688517   -0.265296
     19          1           0        1.303238    2.885866   -1.263192
     20          1           0        0.196997    3.488876   -0.020283
     21          1           0        1.735505    2.727945    0.436051
 ---------------------------------------------------------------------
                    Distance matrix (angstroms):
                    1          2          3          4          5
     1  C    0.000000
     2  C    1.394165   0.000000
     3  C    2.411056   1.391582   0.000000
     4  C    2.810770   2.443282   1.420373   0.000000
     5  C    2.444081   2.828868   2.452946   1.420359   0.000000
     6  C    1.413723   2.424655   2.782142   2.411650   1.383115
     7  O    4.245341   3.687096   2.592481   2.097413   2.977748
     8  H    2.157970   3.400547   3.867635   3.398622   2.136262
     9  O    3.644601   2.378246   1.349565   2.385844   3.675074
    10  H    3.918194   3.481951   2.702401   2.435389   3.024102
    11  H    4.195241   3.075291   1.846235   2.362238   3.727049
    12  H    3.851562   3.384384   2.159532   1.081006   2.163251
    13  C    1.506741   2.523109   3.798453   4.317287   3.810712
    14  H    2.161008   2.629505   4.017610   4.838440   4.602530
    15  H    2.157306   3.229370   4.419853   4.817213   4.162981
    16  H    2.154830   3.265949   4.451345   4.807411   4.132180
    17  H    2.164866   1.083518   2.136109   3.416498   3.911937
    18  C    3.837233   4.333271   3.823315   2.518841   1.504728
    19  H    4.451915   4.824790   4.182979   2.841700   2.155675
    20  H    4.066430   4.858173   4.611277   3.438094   2.160416
    21  H    4.479136   4.815256   4.129313   2.787503   2.142729
                    6          7          8          9         10
     6  C    0.000000
     7  O    3.923977   0.000000
     8  H    1.085703   4.797774   0.000000
     9  O    4.127971   2.753167   5.212869   0.000000
    10  H    3.686400   0.969153   4.498410   3.033029   0.000000
    11  H    4.426696   2.049153   5.488942   0.977222   2.513231
    12  H    3.365449   2.163118   4.269118   2.644646   2.857423
    13  C    2.526294   5.646688   2.708040   4.899640   5.193012
    14  H    3.440066   6.070080   3.769413   4.895716   5.614192
    15  H    2.847119   5.868492   2.776638   5.525924   5.268929
    16  H    2.821234   6.376373   2.728487   5.607090   6.011640
    17  H    3.417603   4.409179   4.308450   2.604989   4.158095
    18  C    2.532079   3.569723   2.741991   4.901864   3.743805
    19  H    3.238241   4.072335   3.479594   5.149982   4.456077
    20  H    2.654948   4.481598   2.409092   5.793883   4.491700
    21  H    3.260971   3.124787   3.527599   5.036449   3.323045
                   11         12         13         14         15
    11  H    0.000000
    12  H    2.373475   0.000000
    13  C    5.539922   5.353369   0.000000
    14  H    5.644455   5.849821   1.090925   0.000000
    15  H    6.053960   5.886907   1.094866   1.769015   0.000000
    16  H    6.271632   5.773667   1.094625   1.769327   1.759994
    17  H    3.441023   4.268848   2.753566   2.405836   3.477309
    18  C    4.750506   2.726160   5.056003   5.955180   5.269655
    19  H    5.003685   2.704650   5.695712   6.551133   6.056362
    20  H    5.714071   3.784001   5.035616   6.038975   5.109459
    21  H    4.680956   2.829487   5.745517   6.605815   5.849198
                   16         17         18         19         20
    16  H    0.000000
    17  H    3.553608   0.000000
    18  C    5.216560   5.416191   0.000000
    19  H    5.734025   5.889428   1.095250   0.000000
    20  H    5.061802   5.926410   1.091309   1.769806   0.000000
    21  H    6.049464   5.870797   1.093672   1.760460   1.776025
                   21
    21  H    0.000000
 Symmetry turned off by external request.
 Stoichiometry    C8H11O2(2)
 Framework group  C1[X(C8H11O2)]
 Deg. of freedom    57
 Full point group                 C1      NOp   1
 Rotational constants (GHZ):           1.5938468           1.1972438           0.7605519
 Standard basis: 6-311G(d,p) (5D, 7F)
   246 basis functions,   408 primitive gaussians,   256 cartesian basis functions
    38 alpha electrons       37 beta electrons
       nuclear repulsion energy       521.2312074966 Hartrees.
 NAtoms=   21 NActive=   21 NUniq=   21 SFac= 1.00D+00 NAtFMM=   60 NAOKFM=F Big=F
 Integral buffers will be    131072 words long.
 Raffenetti 2 integral format.
 Two-electron integral symmetry is turned off.
 One-electron integrals computed using PRISM.
 NBasis=   246 RedAO= T EigKep=  1.97D-04  NBF=   246
 NBsUse=   246 1.00D-06 EigRej= -1.00D+00 NBFU=   246
 ExpMin= 1.03D-01 ExpMax= 8.59D+03 ExpMxC= 1.30D+03 IAcc=3 IRadAn=         5 AccDes= 0.00D+00
 Harris functional with IExCor=  402 and IRadAn=       5 diagonalized for initial guess.
 HarFok:  IExCor=  402 AccDes= 0.00D+00 IRadAn=         5 IDoV= 1 UseB2=F ITyADJ=14
 ICtDFT=  3500011 ScaDFX=  1.000000  1.000000  1.000000  1.000000
 FoFCou: FMM=F IPFlag=           0 FMFlag=      100000 FMFlg1=           0
         NFxFlg=           0 DoJE=T BraDBF=F KetDBF=T FulRan=T
         wScrn=  0.000000 ICntrl=       500 IOpCl=  0 I1Cent=   200000004 NGrid=           0
         NMat0=    1 NMatS0=      1 NMatT0=    0 NMatD0=    1 NMtDS0=    0 NMtDT0=    0
 Symmetry not used in FoFCou.
 Initial guess <Sx>= 0.0000 <Sy>= 0.0000 <Sz>= 0.5000 <S**2>= 0.7500 S= 0.5000
 Requested convergence on RMS density matrix=1.00D-08 within 128 cycles.
 Requested convergence on MAX density matrix=1.00D-06.
 Requested convergence on             energy=1.00D-06.
 No special actions if energy rises.
 Integral accuracy reduced to 1.0D-05 until final iterations.
 Initial convergence to 1.0D-05 achieved.  Increase integral accuracy.
 SCF Done:  E(UB3LYP) =  -461.978553576     A.U. after   22 cycles
            NFock= 22  Conv=0.92D-08     -V/T= 2.0038
 <Sx>= 0.0000 <Sy>= 0.0000 <Sz>= 0.5000 <S**2>= 0.7680 S= 0.5089
 <L.S>= 0.000000000000E+00
 Annihilation of the first spin contaminant:
 S**2 before annihilation     0.7680,   after     0.7502
 DoSCS=F DFT=T ScalE2(SS,OS)=  1.000000  1.000000
 Range of M.O.s used for correlation:     1   246
 NBasis=   246 NAE=    38 NBE=    37 NFC=     0 NFV=     0
 NROrb=    246 NOA=    38 NOB=    37 NVA=   208 NVB=   209

 **** Warning!!: The largest alpha MO coefficient is  0.13412095D+02


 **** Warning!!: The largest beta MO coefficient is  0.13377230D+02

 Symmetrizing basis deriv contribution to polar:
 IMax=3 JMax=2 DiffMx= 0.00D+00
 G2DrvN: will do    22 centers at a time, making    1 passes.
 Calling FoFCou, ICntrl=  3107 FMM=F I1Cent=   0 AccDes= 0.00D+00.
 End of G2Drv F.D. properties file   721 does not exist.
 End of G2Drv F.D. properties file   722 does not exist.
 End of G2Drv F.D. properties file   788 does not exist.
          IDoAtm=111111111111111111111
          Differentiating once with respect to nuclear coordinates.
 Keep R1 and R2 ints in memory in canonical form, NReq=955570748.
          There are    66 degrees of freedom in the 1st order CPHF.  IDoFFX=6 NUNeed=     0.
     60 vectors produced by pass  0 Test12= 2.37D-14 1.52D-09 XBig12= 3.37D-01 2.43D-01.
 AX will form    60 AO Fock derivatives at one time.
     60 vectors produced by pass  1 Test12= 2.37D-14 1.52D-09 XBig12= 5.73D-02 5.55D-02.
     60 vectors produced by pass  2 Test12= 2.37D-14 1.52D-09 XBig12= 1.37D-03 7.06D-03.
     60 vectors produced by pass  3 Test12= 2.37D-14 1.52D-09 XBig12= 1.37D-05 5.32D-04.
     60 vectors produced by pass  4 Test12= 2.37D-14 1.52D-09 XBig12= 8.72D-08 2.86D-05.
     60 vectors produced by pass  5 Test12= 2.37D-14 1.52D-09 XBig12= 4.91D-10 2.09D-06.
     41 vectors produced by pass  6 Test12= 2.37D-14 1.52D-09 XBig12= 2.49D-12 1.60D-07.
     11 vectors produced by pass  7 Test12= 2.37D-14 1.52D-09 XBig12= 1.05D-14 8.27D-09.
 InvSVY:  IOpt=1 It=  1 EMax= 1.33D-15
 Solved reduced A of dimension   412 with    66 vectors.
 End of Minotr F.D. properties file   721 does not exist.
 End of Minotr F.D. properties file   722 does not exist.
 End of Minotr F.D. properties file   788 does not exist.

 **********************************************************************

            Population analysis using the SCF density.

 **********************************************************************

 Alpha  occ. eigenvalues --  -19.14352 -19.10480 -10.24843 -10.20390 -10.19913
 Alpha  occ. eigenvalues --  -10.19747 -10.17935 -10.17710 -10.17466 -10.17301
 Alpha  occ. eigenvalues --   -1.06772  -0.94943  -0.87224  -0.79901  -0.76489
 Alpha  occ. eigenvalues --   -0.70376  -0.69972  -0.61663  -0.59237  -0.53644
 Alpha  occ. eigenvalues --   -0.51344  -0.49195  -0.45175  -0.43859  -0.43149
 Alpha  occ. eigenvalues --   -0.42715  -0.42393  -0.41085  -0.40448  -0.40061
 Alpha  occ. eigenvalues --   -0.37715  -0.36452  -0.35652  -0.33151  -0.32167
 Alpha  occ. eigenvalues --   -0.28269  -0.24893  -0.21493
 Alpha virt. eigenvalues --   -0.01798  -0.01025   0.03742   0.05356   0.06416
 Alpha virt. eigenvalues --    0.07654   0.08637   0.08913   0.10443   0.11533
 Alpha virt. eigenvalues --    0.12934   0.13083   0.13780   0.16677   0.19900
 Alpha virt. eigenvalues --    0.20072   0.23280   0.25224   0.27101   0.28767
 Alpha virt. eigenvalues --    0.29557   0.30585   0.30885   0.33638   0.35268
 Alpha virt. eigenvalues --    0.36069   0.37231   0.39479   0.40088   0.42009
 Alpha virt. eigenvalues --    0.43229   0.44580   0.44788   0.47128   0.47491
 Alpha virt. eigenvalues --    0.48597   0.50500   0.52429   0.52814   0.53890
 Alpha virt. eigenvalues --    0.54278   0.55682   0.56245   0.56575   0.59158
 Alpha virt. eigenvalues --    0.59965   0.60648   0.61333   0.62392   0.64209
 Alpha virt. eigenvalues --    0.65917   0.66341   0.67695   0.69168   0.72588
 Alpha virt. eigenvalues --    0.76964   0.78180   0.81497   0.82543   0.83826
 Alpha virt. eigenvalues --    0.84840   0.87012   0.88478   0.88938   0.91349
 Alpha virt. eigenvalues --    0.93439   0.94265   0.96858   0.97496   0.98929
 Alpha virt. eigenvalues --    0.99722   1.02939   1.05074   1.08517   1.10447
 Alpha virt. eigenvalues --    1.15557   1.18781   1.23258   1.30391   1.30849
 Alpha virt. eigenvalues --    1.33091   1.35024   1.35809   1.37839   1.38844
 Alpha virt. eigenvalues --    1.42058   1.44217   1.44362   1.44934   1.45431
 Alpha virt. eigenvalues --    1.46614   1.48641   1.49280   1.50140   1.52200
 Alpha virt. eigenvalues --    1.54253   1.56474   1.57513   1.58352   1.59174
 Alpha virt. eigenvalues --    1.60294   1.64549   1.65419   1.67818   1.69295
 Alpha virt. eigenvalues --    1.70890   1.72654   1.75842   1.77044   1.80729
 Alpha virt. eigenvalues --    1.81693   1.83370   1.87807   1.90237   1.90592
 Alpha virt. eigenvalues --    1.91901   1.93260   1.95348   1.98652   1.99768
 Alpha virt. eigenvalues --    2.01697   2.02785   2.03961   2.07845   2.08985
 Alpha virt. eigenvalues --    2.11738   2.13157   2.18380   2.20335   2.23867
 Alpha virt. eigenvalues --    2.28171   2.30130   2.34648   2.35293   2.36719
 Alpha virt. eigenvalues --    2.36878   2.41326   2.42159   2.43239   2.45979
 Alpha virt. eigenvalues --    2.46956   2.49042   2.50959   2.52124   2.54489
 Alpha virt. eigenvalues --    2.55257   2.59520   2.60415   2.62443   2.63570
 Alpha virt. eigenvalues --    2.65212   2.67721   2.72697   2.74260   2.75765
 Alpha virt. eigenvalues --    2.81022   2.83409   2.84344   2.86532   2.89782
 Alpha virt. eigenvalues --    2.92570   2.93980   2.96361   3.02226   3.04664
 Alpha virt. eigenvalues --    3.08560   3.10366   3.13783   3.15304   3.17242
 Alpha virt. eigenvalues --    3.18873   3.21179   3.23718   3.33421   3.35453
 Alpha virt. eigenvalues --    3.44170   3.50939   3.57919   3.58890   3.63185
 Alpha virt. eigenvalues --    3.77138   3.77980   3.78532   3.80260   3.80707
 Alpha virt. eigenvalues --    3.82972   4.00853   4.06429   4.09497   4.29680
 Alpha virt. eigenvalues --    4.32813   4.79051   4.86261   4.87898   4.94760
 Alpha virt. eigenvalues --    5.34748   5.46466   5.68440  23.49379  23.83433
 Alpha virt. eigenvalues --   23.88263  23.92517  23.93866  24.00197  24.08523
 Alpha virt. eigenvalues --   24.14133  49.82404  49.92337
  Beta  occ. eigenvalues --  -19.14237 -19.08828 -10.24579 -10.20108 -10.19824
  Beta  occ. eigenvalues --  -10.19569 -10.17948 -10.17766 -10.17581 -10.17310
  Beta  occ. eigenvalues --   -1.06483  -0.90999  -0.86750  -0.79529  -0.76139
  Beta  occ. eigenvalues --   -0.70320  -0.69842  -0.61393  -0.58896  -0.53361
  Beta  occ. eigenvalues --   -0.51177  -0.49041  -0.44560  -0.43351  -0.42581
  Beta  occ. eigenvalues --   -0.42388  -0.42140  -0.41020  -0.39986  -0.39174
  Beta  occ. eigenvalues --   -0.37349  -0.36115  -0.34774  -0.32104  -0.27176
  Beta  occ. eigenvalues --   -0.26629  -0.24103
  Beta virt. eigenvalues --   -0.12043  -0.00181   0.00257   0.03819   0.05453
  Beta virt. eigenvalues --    0.06650   0.07725   0.08680   0.09078   0.10718
  Beta virt. eigenvalues --    0.11701   0.13026   0.13151   0.13829   0.17353
  Beta virt. eigenvalues --    0.20132   0.20265   0.23636   0.25379   0.27222
  Beta virt. eigenvalues --    0.28876   0.29644   0.30664   0.30998   0.33805
  Beta virt. eigenvalues --    0.35426   0.36194   0.37386   0.39681   0.40407
  Beta virt. eigenvalues --    0.42227   0.43407   0.44800   0.44908   0.47188
  Beta virt. eigenvalues --    0.47815   0.49196   0.50725   0.52570   0.53185
  Beta virt. eigenvalues --    0.54172   0.54748   0.56003   0.56341   0.56626
  Beta virt. eigenvalues --    0.59283   0.60078   0.60756   0.61398   0.62613
  Beta virt. eigenvalues --    0.64367   0.66122   0.66477   0.68108   0.69424
  Beta virt. eigenvalues --    0.72896   0.77332   0.78318   0.81727   0.82821
  Beta virt. eigenvalues --    0.84229   0.85739   0.87306   0.88938   0.90206
  Beta virt. eigenvalues --    0.91549   0.93769   0.94835   0.97164   0.97999
  Beta virt. eigenvalues --    0.99559   1.00178   1.03376   1.05482   1.08809
  Beta virt. eigenvalues --    1.10735   1.15877   1.19420   1.23760   1.30723
  Beta virt. eigenvalues --    1.30978   1.33378   1.35244   1.35994   1.37952
  Beta virt. eigenvalues --    1.39011   1.42290   1.44357   1.44612   1.45236
  Beta virt. eigenvalues --    1.45780   1.46815   1.48758   1.49432   1.50311
  Beta virt. eigenvalues --    1.52487   1.54354   1.56652   1.57638   1.58467
  Beta virt. eigenvalues --    1.59374   1.60665   1.64752   1.65692   1.67984
  Beta virt. eigenvalues --    1.69635   1.71128   1.72931   1.76111   1.77194
  Beta virt. eigenvalues --    1.80936   1.81946   1.83531   1.88107   1.90624
  Beta virt. eigenvalues --    1.90949   1.92162   1.93485   1.95545   1.98965
  Beta virt. eigenvalues --    2.00238   2.01984   2.03084   2.04126   2.08029
  Beta virt. eigenvalues --    2.09214   2.11880   2.13290   2.18475   2.20435
  Beta virt. eigenvalues --    2.24112   2.28397   2.30266   2.34795   2.35367
  Beta virt. eigenvalues --    2.36942   2.36966   2.41436   2.42421   2.43379
  Beta virt. eigenvalues --    2.46095   2.47256   2.49250   2.51084   2.52271
  Beta virt. eigenvalues --    2.54589   2.55428   2.59725   2.60595   2.62629
  Beta virt. eigenvalues --    2.63833   2.65221   2.67879   2.72872   2.74832
  Beta virt. eigenvalues --    2.76370   2.81108   2.84284   2.85971   2.86660
  Beta virt. eigenvalues --    2.89978   2.93148   2.94932   2.98093   3.02792
  Beta virt. eigenvalues --    3.06697   3.09969   3.11959   3.14948   3.16178
  Beta virt. eigenvalues --    3.18249   3.19124   3.22546   3.25251   3.33701
  Beta virt. eigenvalues --    3.35740   3.44409   3.51152   3.58010   3.59031
  Beta virt. eigenvalues --    3.63279   3.77245   3.78118   3.78749   3.80626
  Beta virt. eigenvalues --    3.81895   3.83036   4.01007   4.06619   4.09699
  Beta virt. eigenvalues --    4.29912   4.33067   4.79592   4.87049   4.90242
  Beta virt. eigenvalues --    4.99900   5.35011   5.48004   5.68632  23.49530
  Beta virt. eigenvalues --   23.83594  23.88437  23.92517  23.93937  24.00328
  Beta virt. eigenvalues --   24.08529  24.14181  49.83987  49.92533
          Condensed to atoms (all electrons):
               1          2          3          4          5          6
     1  C    5.086766   0.477887  -0.022498  -0.059354  -0.025144   0.467057
     2  C    0.477887   4.919859   0.478403  -0.016259  -0.055276  -0.040097
     3  C   -0.022498   0.478403   4.854660   0.318975   0.002348  -0.057103
     4  C   -0.059354  -0.016259   0.318975   5.295346   0.294599  -0.035949
     5  C   -0.025144  -0.055276   0.002348   0.294599   5.157870   0.522642
     6  C    0.467057  -0.040097  -0.057103  -0.035949   0.522642   4.891077
     7  O   -0.000810   0.001102  -0.012994   0.043387  -0.005132   0.001256
     8  H   -0.051301   0.007838  -0.000931   0.010036  -0.039280   0.419449
     9  O    0.005097  -0.055671   0.345626  -0.064408   0.009100  -0.000139
    10  H   -0.000827   0.001954   0.003257  -0.013188  -0.002288   0.002156
    11  H   -0.000006   0.002272  -0.046696  -0.019306   0.002229  -0.000453
    12  H   -0.001125   0.007376  -0.053419   0.426983  -0.035755   0.008263
    13  C    0.358979  -0.055340   0.007274  -0.000458   0.005873  -0.060180
    14  H   -0.034290  -0.006578   0.000858  -0.000099  -0.000273   0.006306
    15  H   -0.036221  -0.000094  -0.000320   0.000009   0.000346  -0.004069
    16  H   -0.037518   0.002223  -0.000491   0.000138   0.000086  -0.004730
    17  H   -0.039358   0.406737  -0.043541   0.011899  -0.002339   0.009244
    18  C    0.007858  -0.000622   0.004794  -0.051273   0.356162  -0.061997
    19  H   -0.000384   0.000060   0.000062  -0.003629  -0.036072   0.001394
    20  H    0.000651   0.000023  -0.000278   0.006963  -0.035591  -0.008032
    21  H   -0.000204  -0.000012  -0.000025  -0.009653  -0.035536   0.001419
               7          8          9         10         11         12
     1  C   -0.000810  -0.051301   0.005097  -0.000827  -0.000006  -0.001125
     2  C    0.001102   0.007838  -0.055671   0.001954   0.002272   0.007376
     3  C   -0.012994  -0.000931   0.345626   0.003257  -0.046696  -0.053419
     4  C    0.043387   0.010036  -0.064408  -0.013188  -0.019306   0.426983
     5  C   -0.005132  -0.039280   0.009100  -0.002288   0.002229  -0.035755
     6  C    0.001256   0.419449  -0.000139   0.002156  -0.000453   0.008263
     7  O    8.148898   0.000017  -0.020101   0.261955   0.054654  -0.015605
     8  H    0.000017   0.583434   0.000009   0.000008  -0.000008  -0.000265
     9  O   -0.020101   0.000009   7.804001   0.001808   0.319239   0.001331
    10  H    0.261955   0.000008   0.001808   0.508192  -0.005961   0.002230
    11  H    0.054654  -0.000008   0.319239  -0.005961   0.442174  -0.001412
    12  H   -0.015605  -0.000265   0.001331   0.002230  -0.001412   0.521356
    13  C   -0.000004  -0.004518  -0.000097  -0.000014   0.000034   0.000041
    14  H   -0.000001  -0.000022  -0.000024   0.000000   0.000001  -0.000003
    15  H    0.000000   0.000757   0.000005   0.000004  -0.000002  -0.000004
    16  H    0.000000   0.001664   0.000002  -0.000001  -0.000001   0.000002
    17  H    0.000063  -0.000257   0.005348   0.000051  -0.000699  -0.000315
    18  C   -0.002997  -0.010662  -0.000116  -0.000327   0.000099  -0.004507
    19  H   -0.000291   0.000065  -0.000009   0.000082   0.000009   0.001637
    20  H   -0.000068   0.004065   0.000002   0.000003   0.000003   0.000061
    21  H    0.010792   0.000043   0.000038  -0.000711  -0.000248   0.000302
              13         14         15         16         17         18
     1  C    0.358979  -0.034290  -0.036221  -0.037518  -0.039358   0.007858
     2  C   -0.055340  -0.006578  -0.000094   0.002223   0.406737  -0.000622
     3  C    0.007274   0.000858  -0.000320  -0.000491  -0.043541   0.004794
     4  C   -0.000458  -0.000099   0.000009   0.000138   0.011899  -0.051273
     5  C    0.005873  -0.000273   0.000346   0.000086  -0.002339   0.356162
     6  C   -0.060180   0.006306  -0.004069  -0.004730   0.009244  -0.061997
     7  O   -0.000004  -0.000001   0.000000   0.000000   0.000063  -0.002997
     8  H   -0.004518  -0.000022   0.000757   0.001664  -0.000257  -0.010662
     9  O   -0.000097  -0.000024   0.000005   0.000002   0.005348  -0.000116
    10  H   -0.000014   0.000000   0.000004  -0.000001   0.000051  -0.000327
    11  H    0.000034   0.000001  -0.000002  -0.000001  -0.000699   0.000099
    12  H    0.000041  -0.000003  -0.000004   0.000002  -0.000315  -0.004507
    13  C    4.804643   0.408447   0.401554   0.402220  -0.010744  -0.000212
    14  H    0.408447   0.561880  -0.025994  -0.025992   0.002913   0.000013
    15  H    0.401554  -0.025994   0.565795  -0.029546   0.000129  -0.000005
    16  H    0.402220  -0.025992  -0.029546   0.564072   0.000305  -0.000007
    17  H   -0.010744   0.002913   0.000129   0.000305   0.563573   0.000049
    18  C   -0.000212   0.000013  -0.000005  -0.000007   0.000049   4.813423
    19  H    0.000015  -0.000001   0.000003  -0.000006  -0.000003   0.399038
    20  H   -0.000036   0.000002   0.000001  -0.000005  -0.000003   0.407857
    21  H    0.000017   0.000000  -0.000004   0.000003  -0.000002   0.397273
              19         20         21
     1  C   -0.000384   0.000651  -0.000204
     2  C    0.000060   0.000023  -0.000012
     3  C    0.000062  -0.000278  -0.000025
     4  C   -0.003629   0.006963  -0.009653
     5  C   -0.036072  -0.035591  -0.035536
     6  C    0.001394  -0.008032   0.001419
     7  O   -0.000291  -0.000068   0.010792
     8  H    0.000065   0.004065   0.000043
     9  O   -0.000009   0.000002   0.000038
    10  H    0.000082   0.000003  -0.000711
    11  H    0.000009   0.000003  -0.000248
    12  H    0.001637   0.000061   0.000302
    13  C    0.000015  -0.000036   0.000017
    14  H   -0.000001   0.000002   0.000000
    15  H    0.000003   0.000001  -0.000004
    16  H   -0.000006  -0.000005   0.000003
    17  H   -0.000003  -0.000003  -0.000002
    18  C    0.399038   0.407857   0.397273
    19  H    0.572100  -0.026911  -0.029713
    20  H   -0.026911   0.571513  -0.025751
    21  H   -0.029713  -0.025751   0.557142
          Atomic-Atomic Spin Densities.
               1          2          3          4          5          6
     1  C    0.219601  -0.005456  -0.010380  -0.002945  -0.009276   0.023751
     2  C   -0.005456  -0.098496   0.009263  -0.000613   0.001166  -0.000313
     3  C   -0.010380   0.009263   0.177554   0.036562   0.000852  -0.001211
     4  C   -0.002945  -0.000613   0.036562   0.012680   0.036578  -0.003697
     5  C   -0.009276   0.001166   0.000852   0.036578   0.141310  -0.021143
     6  C    0.023751  -0.000313  -0.001211  -0.003697  -0.021143  -0.050411
     7  O    0.000367  -0.000241  -0.015589  -0.087852  -0.007231   0.000882
     8  H    0.000012   0.000016  -0.000029   0.000020  -0.000179   0.000307
     9  O    0.000132   0.000253  -0.026401   0.001406  -0.000256   0.000033
    10  H   -0.000319  -0.000025   0.001779   0.006514   0.001338  -0.000502
    11  H   -0.000072  -0.000100  -0.001084   0.001820  -0.000077   0.000028
    12  H    0.000110   0.000272  -0.001670   0.008667  -0.002342   0.000297
    13  C   -0.008456   0.000802  -0.000035  -0.000107   0.000113   0.000001
    14  H   -0.000396   0.000177   0.000002   0.000005  -0.000009  -0.000020
    15  H   -0.005034   0.000069   0.000066  -0.000037   0.000133  -0.000738
    16  H   -0.004148   0.000168   0.000020   0.000081   0.000064  -0.000371
    17  H    0.000022  -0.000273   0.000205   0.000017  -0.000012  -0.000016
    18  C   -0.000057   0.000029  -0.000352   0.001724  -0.007114   0.001615
    19  H    0.000060  -0.000004  -0.000025  -0.000254  -0.003315   0.000325
    20  H    0.000017   0.000001  -0.000001  -0.000067  -0.000436   0.000105
    21  H    0.000017   0.000001  -0.000009  -0.001890  -0.001495   0.000105
               7          8          9         10         11         12
     1  C    0.000367   0.000012   0.000132  -0.000319  -0.000072   0.000110
     2  C   -0.000241   0.000016   0.000253  -0.000025  -0.000100   0.000272
     3  C   -0.015589  -0.000029  -0.026401   0.001779  -0.001084  -0.001670
     4  C   -0.087852   0.000020   0.001406   0.006514   0.001820   0.008667
     5  C   -0.007231  -0.000179  -0.000256   0.001338  -0.000077  -0.002342
     6  C    0.000882   0.000307   0.000033  -0.000502   0.000028   0.000297
     7  O    0.716275   0.000027   0.002575  -0.002517  -0.003574  -0.009862
     8  H    0.000027   0.001570   0.000000  -0.000018  -0.000001  -0.000017
     9  O    0.002575   0.000000   0.054561  -0.000586   0.002645   0.000669
    10  H   -0.002517  -0.000018  -0.000586  -0.016957   0.000307   0.000593
    11  H   -0.003574  -0.000001   0.002645   0.000307  -0.002153  -0.000016
    12  H   -0.009862  -0.000017   0.000669   0.000593  -0.000016   0.018134
    13  C   -0.000002  -0.000018  -0.000001   0.000010   0.000000   0.000004
    14  H    0.000000   0.000000  -0.000001   0.000000   0.000000   0.000000
    15  H   -0.000003  -0.000185  -0.000001   0.000011   0.000001   0.000003
    16  H    0.000001   0.000134   0.000000  -0.000002   0.000000  -0.000004
    17  H    0.000036   0.000003   0.000014  -0.000025   0.000000  -0.000011
    18  C    0.000094   0.000124   0.000001  -0.000057  -0.000011   0.000680
    19  H   -0.000208  -0.000048   0.000003   0.000028   0.000004   0.000463
    20  H   -0.000010  -0.000063   0.000000   0.000003   0.000000   0.000015
    21  H    0.000736   0.000077  -0.000003  -0.000224   0.000023  -0.000690
              13         14         15         16         17         18
     1  C   -0.008456  -0.000396  -0.005034  -0.004148   0.000022  -0.000057
     2  C    0.000802   0.000177   0.000069   0.000168  -0.000273   0.000029
     3  C   -0.000035   0.000002   0.000066   0.000020   0.000205  -0.000352
     4  C   -0.000107   0.000005  -0.000037   0.000081   0.000017   0.001724
     5  C    0.000113  -0.000009   0.000133   0.000064  -0.000012  -0.007114
     6  C    0.000001  -0.000020  -0.000738  -0.000371  -0.000016   0.001615
     7  O   -0.000002   0.000000  -0.000003   0.000001   0.000036   0.000094
     8  H   -0.000018   0.000000  -0.000185   0.000134   0.000003   0.000124
     9  O   -0.000001  -0.000001  -0.000001   0.000000   0.000014   0.000001
    10  H    0.000010   0.000000   0.000011  -0.000002  -0.000025  -0.000057
    11  H    0.000000   0.000000   0.000001   0.000000   0.000000  -0.000011
    12  H    0.000004   0.000000   0.000003  -0.000004  -0.000011   0.000680
    13  C   -0.014058   0.000627   0.003949   0.002040   0.000022   0.000001
    14  H    0.000627   0.000070  -0.000169  -0.000037  -0.000017   0.000000
    15  H    0.003949  -0.000169   0.014220  -0.003453  -0.000045   0.000000
    16  H    0.002040  -0.000037  -0.003453   0.014408   0.000034  -0.000003
    17  H    0.000022  -0.000017  -0.000045   0.000034   0.003767  -0.000001
    18  C    0.000001   0.000000   0.000000  -0.000003  -0.000001  -0.010886
    19  H    0.000001   0.000000   0.000001  -0.000003   0.000000   0.003364
    20  H    0.000000   0.000000   0.000002  -0.000002   0.000000   0.000708
    21  H   -0.000002   0.000000  -0.000003   0.000002   0.000001   0.001742
              19         20         21
     1  C    0.000060   0.000017   0.000017
     2  C   -0.000004   0.000001   0.000001
     3  C   -0.000025  -0.000001  -0.000009
     4  C   -0.000254  -0.000067  -0.001890
     5  C   -0.003315  -0.000436  -0.001495
     6  C    0.000325   0.000105   0.000105
     7  O   -0.000208  -0.000010   0.000736
     8  H   -0.000048  -0.000063   0.000077
     9  O    0.000003   0.000000  -0.000003
    10  H    0.000028   0.000003  -0.000224
    11  H    0.000004   0.000000   0.000023
    12  H    0.000463   0.000015  -0.000690
    13  C    0.000001   0.000000  -0.000002
    14  H    0.000000   0.000000   0.000000
    15  H    0.000001   0.000002  -0.000003
    16  H   -0.000003  -0.000002   0.000002
    17  H    0.000000   0.000000   0.000001
    18  C    0.003364   0.000708   0.001742
    19  H    0.006319   0.000047  -0.001921
    20  H    0.000047  -0.000172  -0.000182
    21  H   -0.001921  -0.000182   0.007615
 Mulliken charges and spin densities:
               1          2
     1  C   -0.095255   0.197550
     2  C   -0.075786  -0.093302
     3  C    0.222039   0.169519
     4  C   -0.134758   0.008612
     5  C   -0.078567   0.128668
     6  C   -0.057515  -0.050973
     7  O   -0.464121   0.593903
     8  H    0.079858   0.001734
     9  O   -0.351042   0.035042
    10  H    0.241615  -0.010646
    11  H    0.254078  -0.002262
    12  H    0.142829   0.015296
    13  C   -0.257492  -0.015108
    14  H    0.112858   0.000232
    15  H    0.127656   0.008787
    16  H    0.127581   0.008931
    17  H    0.096949   0.003719
    18  C   -0.253843  -0.008402
    19  H    0.122553   0.004835
    20  H    0.105531  -0.000036
    21  H    0.134830   0.003899
 Sum of Mulliken charges =   0.00000   1.00000
 Mulliken charges and spin densities with hydrogens summed into heavy atoms:
               1          2
     1  C   -0.095255   0.197550
     2  C    0.021163  -0.089583
     3  C    0.222039   0.169519
     4  C    0.008071   0.023908
     5  C   -0.078567   0.128668
     6  C    0.022343  -0.049239
     7  O   -0.222506   0.583257
     9  O   -0.096963   0.032781
    13  C    0.110603   0.002842
    18  C    0.109072   0.000296
 APT charges:
               1
     1  C    0.073387
     2  C   -0.512672
     3  C   -0.078365
     4  C   -0.539260
     5  C   -0.020124
     6  C   -0.550740
     7  O   -0.559150
     8  H    0.502879
     9  O   -0.257711
    10  H    0.291082
    11  H    0.471178
    12  H    0.506721
    13  C   -1.286920
    14  H    0.461422
    15  H    0.427371
    16  H    0.485159
    17  H    0.500897
    18  C   -1.206072
    19  H    0.438970
    20  H    0.479023
    21  H    0.372926
 Sum of APT charges =   0.00000
 APT charges with hydrogens summed into heavy atoms:
               1
     1  C    0.073387
     2  C   -0.011775
     3  C   -0.078365
     4  C   -0.032539
     5  C   -0.020124
     6  C   -0.047861
     7  O   -0.268068
     9  O    0.213467
    13  C    0.087030
    18  C    0.084847
 Electronic spatial extent (au):  <R**2>=           1582.6696
 Charge=              0.0000 electrons
 Dipole moment (field-independent basis, Debye):
    X=             -2.4048    Y=              1.4674    Z=              0.2272  Tot=              2.8263
 Quadrupole moment (field-independent basis, Debye-Ang):
   XX=            -60.0377   YY=            -59.8752   ZZ=            -60.1807
   XY=              0.8823   XZ=             -3.2081   YZ=             -1.8465
 Traceless Quadrupole moment (field-independent basis, Debye-Ang):
   XX=             -0.0065   YY=              0.1560   ZZ=             -0.1495
   XY=              0.8823   XZ=             -3.2081   YZ=             -1.8465
 Octapole moment (field-independent basis, Debye-Ang**2):
  XXX=             -5.1166  YYY=             -2.4271  ZZZ=              9.0676  XYY=              3.3494
  XXY=             -9.5494  XXZ=             -7.3184  XZZ=             10.5358  YZZ=             -5.0676
  YYZ=              4.0795  XYZ=             -3.2329
 Hexadecapole moment (field-independent basis, Debye-Ang**3):
 XXXX=          -1111.7305 YYYY=           -827.1754 ZZZZ=           -145.2422 XXXY=            -28.2832
 XXXZ=            -25.4444 YYYX=             -2.1953 YYYZ=             -6.9607 ZZZX=             13.6051
 ZZZY=             -2.7090 XXYY=           -298.2091 XXZZ=           -209.7562 YYZZ=           -169.2286
 XXYZ=             -1.5111 YYXZ=              4.9705 ZZXY=             -4.0341
 N-N= 5.212312074966D+02 E-N=-2.120816372821D+03  KE= 4.602193628668D+02
  Exact polarizability:   0.000   0.000   0.000   0.000   0.000   0.000
 Approx polarizability: 230.548  -8.939 173.107  12.270   3.202 109.410
                          Isotropic Fermi Contact Couplings
        Atom                 a.u.       MegaHertz       Gauss      10(-4) cm-1
     1  C(13)              0.01296      14.56556       5.19735       4.85855
     2  C(13)             -0.01253     -14.08192      -5.02478      -4.69722
     3  C(13)              0.00932      10.47695       3.73844       3.49473
     4  C(13)              0.02350      26.41914       9.42701       8.81248
     5  C(13)              0.00572       6.42757       2.29352       2.14401
     6  C(13)             -0.00914     -10.27662      -3.66695      -3.42791
     7  O(17)              0.08203     -49.72919     -17.74461     -16.58787
     8  H(1)               0.00040       1.77405       0.63302       0.59176
     9  O(17)              0.00618      -3.74558      -1.33652      -1.24939
    10  H(1)              -0.00892     -39.85075     -14.21974     -13.29278
    11  H(1)               0.00110       4.93726       1.76174       1.64689
    12  H(1)               0.00978      43.69783      15.59247      14.57603
    13  C(13)             -0.00611      -6.87229      -2.45220      -2.29235
    14  H(1)               0.00009       0.38433       0.13714       0.12820
    15  H(1)               0.00489      21.87555       7.80574       7.29690
    16  H(1)               0.00475      21.21391       7.56965       7.07620
    17  H(1)               0.00087       3.90462       1.39326       1.30244
    18  C(13)             -0.00407      -4.57238      -1.63154      -1.52518
    19  H(1)               0.00279      12.47782       4.45240       4.16215
    20  H(1)               0.00000       0.00040       0.00014       0.00013
    21  H(1)               0.00261      11.64909       4.15668       3.88572
 --------------------------------------------------------
       Center         ----  Spin Dipole Couplings  ----
                      3XX-RR        3YY-RR        3ZZ-RR
 --------------------------------------------------------
     1   Atom       -0.094853     -0.113481      0.208335
     2   Atom        0.044206      0.036411     -0.080618
     3   Atom       -0.100845     -0.107895      0.208740
     4   Atom        0.021741     -0.037185      0.015445
     5   Atom       -0.071840     -0.070278      0.142118
     6   Atom        0.016639      0.014764     -0.031403
     7   Atom        0.783424     -0.958683      0.175259
     8   Atom        0.000166      0.003192     -0.003357
     9   Atom       -0.095701     -0.100728      0.196429
    10   Atom        0.018528     -0.077328      0.058800
    11   Atom        0.000118      0.005252     -0.005370
    12   Atom       -0.005434     -0.009020      0.014454
    13   Atom        0.002272     -0.005519      0.003247
    14   Atom        0.002153     -0.000411     -0.001741
    15   Atom        0.002814     -0.002246     -0.000568
    16   Atom        0.003854     -0.001784     -0.002069
    17   Atom        0.005040     -0.001268     -0.003771
    18   Atom       -0.004224      0.004186      0.000037
    19   Atom       -0.001941      0.003128     -0.001187
    20   Atom       -0.001611      0.003526     -0.001915
    21   Atom       -0.002204      0.006006     -0.003803
 --------------------------------------------------------
                        XY            XZ            YZ
 --------------------------------------------------------
     1   Atom       -0.005391      0.063230     -0.033068
     2   Atom       -0.000368     -0.016174      0.004626
     3   Atom        0.005608      0.057807      0.023764
     4   Atom       -0.007834      0.069907     -0.011316
     5   Atom       -0.003685      0.035285     -0.005646
     6   Atom        0.002245     -0.013749      0.002692
     7   Atom       -0.747424      1.689627     -0.617611
     8   Atom       -0.000199     -0.000235     -0.000008
     9   Atom        0.003406     -0.051807     -0.004713
    10   Atom       -0.004973     -0.067775     -0.015110
    11   Atom        0.003279      0.004811      0.011538
    12   Atom        0.000429     -0.007796     -0.005970
    13   Atom        0.001012      0.001263     -0.000875
    14   Atom        0.002439     -0.000184     -0.000328
    15   Atom       -0.000456     -0.002470      0.000796
    16   Atom       -0.001059      0.000836     -0.000677
    17   Atom       -0.000445     -0.000557      0.000860
    18   Atom       -0.000976      0.001753     -0.002254
    19   Atom        0.000885     -0.000294     -0.002781
    20   Atom       -0.001400      0.000281     -0.000096
    21   Atom        0.000510      0.001235     -0.000422
 --------------------------------------------------------


 ---------------------------------------------------------------------------------
              Anisotropic Spin Dipole Couplings in Principal Axis System
 ---------------------------------------------------------------------------------

       Atom             a.u.   MegaHertz   Gauss  10(-4) cm-1        Axes

              Baa    -0.1170   -15.694    -5.600    -5.235 -0.1043  0.9872  0.1206
     1 C(13)  Bbb    -0.1074   -14.407    -5.141    -4.806  0.9752  0.1254 -0.1822
              Bcc     0.2243    30.100    10.741    10.040  0.1950 -0.0986  0.9758
 
              Baa    -0.0829   -11.118    -3.967    -3.709  0.1261 -0.0381  0.9913
     2 C(13)  Bbb     0.0365     4.897     1.747     1.633  0.1007  0.9946  0.0254
              Bcc     0.0464     6.221     2.220     2.075  0.9869 -0.0966 -0.1292
 
              Baa    -0.1120   -15.031    -5.363    -5.014  0.8651 -0.4870 -0.1198
     3 C(13)  Bbb    -0.1090   -14.624    -5.218    -4.878  0.4691  0.8703 -0.1504
              Bcc     0.2210    29.655    10.582     9.892  0.1776  0.0739  0.9813
 
              Baa    -0.0520    -6.972    -2.488    -2.325 -0.6628  0.2011  0.7213
     4 C(13)  Bbb    -0.0380    -5.106    -1.822    -1.703  0.2145  0.9739 -0.0743
              Bcc     0.0900    12.077     4.309     4.029  0.7174 -0.1055  0.6887
 
              Baa    -0.0784   -10.527    -3.756    -3.511  0.9354  0.3241 -0.1413
     5 C(13)  Bbb    -0.0695    -9.328    -3.328    -3.111 -0.3159  0.9456  0.0779
              Bcc     0.1480    19.855     7.085     6.623  0.1589 -0.0282  0.9869
 
              Baa    -0.0353    -4.732    -1.688    -1.578  0.2581 -0.0635  0.9640
     6 C(13)  Bbb     0.0146     1.957     0.698     0.653 -0.2258  0.9662  0.1241
              Bcc     0.0207     2.775     0.990     0.925  0.9394  0.2497 -0.2351
 
              Baa    -1.2410    89.798    32.042    29.953  0.6500  0.5307 -0.5440
     7 O(17)  Bbb    -1.2293    88.949    31.739    29.670 -0.1794  0.8027  0.5688
              Bcc     2.4703  -178.747   -63.781   -59.624  0.7385 -0.2721  0.6169
 
              Baa    -0.0034    -1.800    -0.642    -0.600  0.0663  0.0032  0.9978
     8 H(1)   Bbb     0.0002     0.090     0.032     0.030  0.9957  0.0652 -0.0664
              Bcc     0.0032     1.710     0.610     0.570 -0.0653  0.9979  0.0012
 
              Baa    -0.1059     7.663     2.734     2.556  0.8818 -0.4492  0.1441
     9 O(17)  Bbb    -0.0995     7.202     2.570     2.402  0.4401  0.8933  0.0913
              Bcc     0.2054   -14.865    -5.304    -4.958 -0.1697 -0.0171  0.9853
 
              Baa    -0.0812   -43.332   -15.462   -14.454  0.1773  0.9656  0.1900
    10 H(1)   Bbb    -0.0286   -15.260    -5.445    -5.090  0.7849 -0.2552  0.5646
              Bcc     0.1098    58.592    20.907    19.544 -0.5937 -0.0491  0.8032
 
              Baa    -0.0132    -7.037    -2.511    -2.347 -0.1839 -0.4977  0.8476
    11 H(1)   Bbb    -0.0015    -0.777    -0.277    -0.259  0.9186 -0.3939 -0.0320
              Bcc     0.0146     7.813     2.788     2.606  0.3498  0.7727  0.5296
 
              Baa    -0.0110    -5.884    -2.099    -1.963  0.3783  0.8689  0.3193
    12 H(1)   Bbb    -0.0073    -3.918    -1.398    -1.307  0.8730 -0.4496  0.1891
              Bcc     0.0184     9.802     3.498     3.270 -0.3078 -0.2072  0.9286
 
              Baa    -0.0058    -0.774    -0.276    -0.258 -0.1419  0.9831  0.1153
    13 C(13)  Bbb     0.0017     0.222     0.079     0.074  0.8171  0.1820 -0.5470
              Bcc     0.0041     0.552     0.197     0.184  0.5587 -0.0166  0.8292
 
              Baa    -0.0020    -1.077    -0.384    -0.359 -0.3903  0.7116  0.5843
    14 H(1)   Bbb    -0.0016    -0.868    -0.310    -0.290  0.3457 -0.4749  0.8093
              Bcc     0.0036     1.945     0.694     0.649  0.8533  0.5178 -0.0606
 
              Baa    -0.0026    -1.412    -0.504    -0.471 -0.1634  0.8407 -0.5163
    15 H(1)   Bbb    -0.0016    -0.834    -0.298    -0.278  0.4583  0.5281  0.7149
              Bcc     0.0042     2.246     0.801     0.749  0.8736 -0.1198 -0.4716
 
              Baa    -0.0026    -1.397    -0.499    -0.466  0.0035  0.6328  0.7743
    16 H(1)   Bbb    -0.0016    -0.838    -0.299    -0.279  0.2414  0.7509 -0.6147
              Bcc     0.0042     2.235     0.798     0.746  0.9704 -0.1891  0.1501
 
              Baa    -0.0041    -2.164    -0.772    -0.722  0.0445 -0.2880  0.9566
    17 H(1)   Bbb    -0.0011    -0.564    -0.201    -0.188  0.0956  0.9544  0.2829
              Bcc     0.0051     2.729     0.974     0.910  0.9944 -0.0788 -0.0700
 
              Baa    -0.0049    -0.652    -0.232    -0.217  0.9441  0.0199 -0.3291
    18 C(13)  Bbb    -0.0006    -0.079    -0.028    -0.026  0.2844  0.4561  0.8433
              Bcc     0.0054     0.731     0.261     0.244 -0.1669  0.8897 -0.4249
 
              Baa    -0.0026    -1.376    -0.491    -0.459 -0.2344  0.4550  0.8591
    19 H(1)   Bbb    -0.0020    -1.089    -0.389    -0.363  0.9621 -0.0182  0.2721
              Bcc     0.0046     2.465     0.880     0.822  0.1395  0.8903 -0.4335
 
              Baa    -0.0022    -1.170    -0.418    -0.390  0.7223  0.1656 -0.6715
    20 H(1)   Bbb    -0.0017    -0.904    -0.323    -0.302  0.6456  0.1867  0.7405
              Bcc     0.0039     2.074     0.740     0.692 -0.2480  0.9684 -0.0280
 
              Baa    -0.0045    -2.406    -0.859    -0.803 -0.4812  0.0584  0.8747
    21 H(1)   Bbb    -0.0015    -0.822    -0.293    -0.274  0.8748 -0.0321  0.4834
              Bcc     0.0061     3.228     1.152     1.077  0.0563  0.9978 -0.0357
 

 ---------------------------------------------------------------------------------

 Calling FoFJK, ICntrl=    100147 FMM=F ISym2X=0 I1Cent= 0 IOpClX= 1 NMat=1 NMatS=1 NMatT=0.
 -------------------------------------------------------------------
 Center     Atomic                   Forces (Hartrees/Bohr)
 Number     Number              X              Y              Z
 -------------------------------------------------------------------
      1        6          -0.000011692    0.000016469   -0.000032908
      2        6          -0.000027470    0.000000338    0.000007437
      3        6           0.000003516    0.000073520    0.000017646
      4        6          -0.000045665    0.000017707   -0.000021208
      5        6           0.000003213    0.000002685    0.000020731
      6        6           0.000001616   -0.000048317   -0.000020807
      7        8          -0.000012310    0.000000438   -0.000004871
      8        1           0.000010029   -0.000004870   -0.000013027
      9        8           0.000010117   -0.000006110   -0.000009951
     10        1           0.000032616   -0.000012135   -0.000003502
     11        1           0.000018141   -0.000028933    0.000011564
     12        1           0.000023675    0.000001427    0.000020788
     13        6           0.000035830    0.000005626   -0.000018754
     14        1           0.000000269   -0.000000812    0.000013319
     15        1          -0.000010270   -0.000003279    0.000000252
     16        1          -0.000016431   -0.000001469    0.000009945
     17        1          -0.000004772   -0.000005136    0.000015737
     18        6           0.000003012    0.000027262    0.000011807
     19        1          -0.000013541    0.000003317    0.000003136
     20        1           0.000000910   -0.000013954    0.000007256
     21        1          -0.000000791   -0.000023773   -0.000014592
 -------------------------------------------------------------------
 Cartesian Forces:  Max     0.000073520 RMS     0.000019138
 IRC-IRC-IRC-IRC-IRC-IRC-IRC-IRC-IRC-IRC-IRC-IRC-IRC-IRC-IRC-IRC-IRC-IRC
          ******** Start new reaction path calculation ********
 Supplied step size of   0.0500 bohr.
    Integration on MW PES will use step size of   0.1488 sqrt(amu)*bohr.
 Point Number:   0          Path Number:   1
 Calculating another point on the path.
 IRC-IRC-IRC-IRC-IRC-IRC-IRC-IRC-IRC-IRC-IRC-IRC-IRC-IRC-IRC-IRC-IRC-IRC
                          Input orientation:                          
 ---------------------------------------------------------------------
 Center     Atomic      Atomic             Coordinates (Angstroms)
 Number     Number       Type             X           Y           Z
 ---------------------------------------------------------------------
      1          6           0       -1.722351   -0.094827    0.070270
      2          6           0       -0.943535   -1.233193   -0.135686
      3          6           0        0.422322   -1.106255   -0.365648
      4          6           0        1.031306    0.176697   -0.436203
      5          6           0        0.240734    1.335715   -0.204331
      6          6           0       -1.107026    1.178162    0.061825
      7          8           0        2.385348   -0.247181    1.076681
      8          1           0       -1.719562    2.056258    0.242268
      9          8           0        1.204411   -2.201983   -0.458950
     10          1           0        1.766575   -0.282009    1.821646
     11          1           0        2.054233   -1.916491   -0.070093
     12          1           0        1.963954    0.278441   -0.973936
     13          6           0       -3.200531   -0.209129    0.338470
     14          1           0       -3.539678   -1.244499    0.282645
     15          1           0       -3.450967    0.176886    1.331985
     16          1           0       -3.774914    0.376513   -0.386360
     17          1           0       -1.373860   -2.226216   -0.083143
     18          6           0        0.899916    2.686872   -0.263154
     19          1           0        1.306051    2.882989   -1.261316
     20          1           0        0.199782    3.487642   -0.019144
     21          1           0        1.738297    2.726729    0.438034
 ---------------------------------------------------------------------
                    Distance matrix (angstroms):
                    1          2          3          4          5
     1  C    0.000000
     2  C    1.394578   0.000000
     3  C    2.410941   1.390886   0.000000
     4  C    2.812982   2.445015   1.421902   0.000000
     5  C    2.444496   2.829575   2.454021   1.422003   0.000000
     6  C    1.413929   2.424948   2.782122   2.413177   1.382794
     7  O    4.231934   3.677433   2.582981   2.074107   2.957350
     8  H    2.157952   3.400816   3.867651   3.400050   2.135742
     9  O    3.645012   2.378388   1.349439   2.385079   3.675434
    10  H    3.908319   3.475715   2.696415   2.418453   3.008289
    11  H    4.195324   3.075356   1.845797   2.358358   3.726076
    12  H    3.849485   3.382483   2.159635   1.081361   2.163240
    13  C    1.506656   2.523403   3.798116   4.319424   3.810969
    14  H    2.160909   2.629655   4.017069   4.840500   4.602844
    15  H    2.157282   3.229488   4.419364   4.818429   4.163149
    16  H    2.154921   3.266603   4.451497   4.810629   4.132630
    17  H    2.165132   1.083528   2.135507   3.418108   3.912666
    18  C    3.837357   4.333759   3.824450   2.519560   1.504528
    19  H    4.451038   4.823966   4.182974   2.842589   2.155499
    20  H    4.066531   4.858707   4.612318   3.439145   2.160268
    21  H    4.480236   4.816883   4.131521   2.786896   2.142486
                    6          7          8          9         10
     6  C    0.000000
     7  O    3.906176   0.000000
     8  H    1.085731   4.780414   0.000000
     9  O    4.127872   2.752094   5.212863   0.000000
    10  H    3.672417   0.969055   4.484983   3.033719   0.000000
    11  H    4.425815   2.052151   5.488336   0.977196   2.516537
    12  H    3.363513   2.158444   4.267092   2.644734   2.858031
    13  C    2.526632   5.634576   2.708228   4.900088   5.184329
    14  H    3.440326   6.060616   3.769542   4.896236   5.608140
    15  H    2.847791   5.857267   2.778000   5.526211   5.260522
    16  H    2.821548   6.362256   2.727853   5.607815   6.001420
    17  H    3.417894   4.403795   4.308710   2.605628   4.155778
    18  C    2.531726   3.551103   2.741312   4.902240   3.729845
    19  H    3.237296   4.053280   3.478303   5.148890   4.442291
    20  H    2.654807   4.463903   2.408543   5.794354   4.478126
    21  H    3.261205   3.109772   3.527697   5.038037   3.311749
                   11         12         13         14         15
    11  H    0.000000
    12  H    2.375460   0.000000
    13  C    5.540267   5.350891   0.000000
    14  H    5.645161   5.847077   1.090931   0.000000
    15  H    6.054360   5.886336   1.094896   1.768988   0.000000
    16  H    6.271909   5.769702   1.094656   1.769346   1.759972
    17  H    3.442080   4.267061   2.753748   2.405897   3.477335
    18  C    4.749807   2.727256   5.055931   5.955130   5.270169
    19  H    5.001380   2.701684   5.694717   6.549891   6.056189
    20  H    5.713688   3.784561   5.035487   6.038857   5.110246
    21  H    4.681613   2.835259   5.746407   6.606953   5.850582
                   16         17         18         19         20
    16  H    0.000000
    17  H    3.554040   0.000000
    18  C    5.216030   5.416723   0.000000
    19  H    5.732729   5.888463   1.095324   0.000000
    20  H    5.060847   5.926939   1.091312   1.769867   0.000000
    21  H    6.049680   5.872717   1.093681   1.760411   1.776240
                   21
    21  H    0.000000
 Symmetry turned off by external request.
 Stoichiometry    C8H11O2(2)
 Framework group  C1[X(C8H11O2)]
 Deg. of freedom    57
 Full point group                 C1      NOp   1
 Rotational constants (GHZ):           1.5958224           1.2009444           0.7615305
 Standard basis: 6-311G(d,p) (5D, 7F)
   246 basis functions,   408 primitive gaussians,   256 cartesian basis functions
    38 alpha electrons       37 beta electrons
       nuclear repulsion energy       521.5837720153 Hartrees.
 NAtoms=   21 NActive=   21 NUniq=   21 SFac= 1.00D+00 NAtFMM=   60 NAOKFM=F Big=F
 Integral buffers will be    131072 words long.
 Raffenetti 2 integral format.
 Two-electron integral symmetry is turned off.
 One-electron integrals computed using PRISM.
 NBasis=   246 RedAO= T EigKep=  2.00D-04  NBF=   246
 NBsUse=   246 1.00D-06 EigRej= -1.00D+00 NBFU=   246
 Initial guess from the checkpoint file:  "SR-11-ts-P2.chk"
 B after Tr=     0.000016   -0.000007   -0.000198
         Rot=    1.000000   -0.000009    0.000000    0.000029 Ang=   0.00 deg.
 Initial guess <Sx>= 0.0000 <Sy>= 0.0000 <Sz>= 0.5000 <S**2>= 0.7679 S= 0.5089
 ExpMin= 1.03D-01 ExpMax= 8.59D+03 ExpMxC= 1.30D+03 IAcc=2 IRadAn=         4 AccDes= 0.00D+00
 Harris functional with IExCor=  402 and IRadAn=       4 diagonalized for initial guess.
 HarFok:  IExCor=  402 AccDes= 0.00D+00 IRadAn=         4 IDoV= 1 UseB2=F ITyADJ=14
 ICtDFT=  3500011 ScaDFX=  1.000000  1.000000  1.000000  1.000000
 FoFCou: FMM=F IPFlag=           0 FMFlag=      100000 FMFlg1=           0
         NFxFlg=           0 DoJE=T BraDBF=F KetDBF=T FulRan=T
         wScrn=  0.000000 ICntrl=       500 IOpCl=  0 I1Cent=   200000004 NGrid=           0
         NMat0=    1 NMatS0=      1 NMatT0=    0 NMatD0=    1 NMtDS0=    0 NMtDT0=    0
 Symmetry not used in FoFCou.
 Requested convergence on RMS density matrix=1.00D-08 within 128 cycles.
 Requested convergence on MAX density matrix=1.00D-06.
 Requested convergence on             energy=1.00D-06.
 No special actions if energy rises.
 Integral accuracy reduced to 1.0D-05 until final iterations.
 Initial convergence to 1.0D-05 achieved.  Increase integral accuracy.
 SCF Done:  E(UB3LYP) =  -461.978563432     A.U. after   15 cycles
            NFock= 15  Conv=0.85D-08     -V/T= 2.0038
 <Sx>= 0.0000 <Sy>= 0.0000 <Sz>= 0.5000 <S**2>= 0.7693 S= 0.5096
 <L.S>= 0.000000000000E+00
 Annihilation of the first spin contaminant:
 S**2 before annihilation     0.7693,   after     0.7502
 DoSCS=F DFT=T ScalE2(SS,OS)=  1.000000  1.000000
 Range of M.O.s used for correlation:     1   246
 NBasis=   246 NAE=    38 NBE=    37 NFC=     0 NFV=     0
 NROrb=    246 NOA=    38 NOB=    37 NVA=   208 NVB=   209

 **** Warning!!: The largest alpha MO coefficient is  0.12946622D+02


 **** Warning!!: The largest beta MO coefficient is  0.12883563D+02

 Symmetrizing basis deriv contribution to polar:
 IMax=3 JMax=2 DiffMx= 0.00D+00
 G2DrvN: will do    22 centers at a time, making    1 passes.
 Calling FoFCou, ICntrl=  3107 FMM=F I1Cent=   0 AccDes= 0.00D+00.
 End of G2Drv F.D. properties file   721 does not exist.
 End of G2Drv F.D. properties file   722 does not exist.
 End of G2Drv F.D. properties file   788 does not exist.
          IDoAtm=111111111111111111111
          Differentiating once with respect to nuclear coordinates.
 Keep R1 and R2 ints in memory in canonical form, NReq=955570748.
          There are    66 degrees of freedom in the 1st order CPHF.  IDoFFX=6 NUNeed=     0.
     60 vectors produced by pass  0 Test12= 2.37D-14 1.52D-09 XBig12= 3.38D-01 2.46D-01.
 AX will form    60 AO Fock derivatives at one time.
     60 vectors produced by pass  1 Test12= 2.37D-14 1.52D-09 XBig12= 5.63D-02 5.49D-02.
     60 vectors produced by pass  2 Test12= 2.37D-14 1.52D-09 XBig12= 1.36D-03 7.27D-03.
     60 vectors produced by pass  3 Test12= 2.37D-14 1.52D-09 XBig12= 1.39D-05 5.45D-04.
     60 vectors produced by pass  4 Test12= 2.37D-14 1.52D-09 XBig12= 8.74D-08 2.87D-05.
     60 vectors produced by pass  5 Test12= 2.37D-14 1.52D-09 XBig12= 4.96D-10 2.12D-06.
     41 vectors produced by pass  6 Test12= 2.37D-14 1.52D-09 XBig12= 2.52D-12 1.60D-07.
     11 vectors produced by pass  7 Test12= 2.37D-14 1.52D-09 XBig12= 1.06D-14 8.58D-09.
 InvSVY:  IOpt=1 It=  1 EMax= 9.99D-16
 Solved reduced A of dimension   412 with    66 vectors.
 End of Minotr F.D. properties file   721 does not exist.
 End of Minotr F.D. properties file   722 does not exist.
 End of Minotr F.D. properties file   788 does not exist.
 Calling FoFJK, ICntrl=    100147 FMM=F ISym2X=0 I1Cent= 0 IOpClX= 1 NMat=1 NMatS=1 NMatT=0.
 -------------------------------------------------------------------
 Center     Atomic                   Forces (Hartrees/Bohr)
 Number     Number              X              Y              Z
 -------------------------------------------------------------------
      1        6          -0.000012895    0.000012279   -0.000025610
      2        6           0.000002709   -0.000029249   -0.000010057
      3        6          -0.000058076   -0.000004676    0.000038569
      4        6           0.000222704   -0.000053624    0.000155117
      5        6           0.000011025    0.000015844    0.000101560
      6        6           0.000067242   -0.000062275   -0.000000936
      7        8          -0.000347752    0.000271942   -0.000291258
      8        1           0.000015387   -0.000005279   -0.000014190
      9        8           0.000028394   -0.000060631   -0.000017735
     10        1           0.000026087    0.000002596   -0.000025276
     11        1           0.000015202   -0.000042002    0.000003423
     12        1          -0.000051150   -0.000008090    0.000027566
     13        6           0.000051162    0.000021068   -0.000034611
     14        1          -0.000000048    0.000001833    0.000009298
     15        1          -0.000010991   -0.000004233    0.000000189
     16        1          -0.000015067    0.000001697    0.000010159
     17        1          -0.000005604   -0.000005454    0.000012053
     18        6           0.000058360   -0.000010058    0.000057564
     19        1          -0.000007971   -0.000001426    0.000005819
     20        1           0.000005946   -0.000016838    0.000009463
     21        1           0.000005337   -0.000023424   -0.000011106
 -------------------------------------------------------------------
 Cartesian Forces:  Max     0.000347752 RMS     0.000080401
 IRC-IRC-IRC-IRC-IRC-IRC-IRC-IRC-IRC-IRC-IRC-IRC-IRC-IRC-IRC-IRC-IRC-IRC
 Pt  1 Step number   1 out of a maximum of  20
 Modified Bulirsch-Stoer Extrapolation Cycles:
    EPS =    0.000010000000000
      PEZero:  N= 2 I= 1 D=  3.88D-04 Err=  6.26D-03
      PEZero:  N= 3 I= 2 D=  3.88D-04 Err=  9.95D-03
      PEZero:  N= 3 I= 1 D=  7.75D-04 Err=  8.67D-03
      PEZero:  N= 4 I= 3 D=  1.94D-04 Err=  1.80D-02
      PEZero:  N= 4 I= 2 D=  5.81D-04 Err=  1.40D-02
      PEZero:  N= 4 I= 1 D=  9.69D-04 Err=  1.17D-02
      PEZero:  N= 5 I= 4 D=  1.94D-04 Err=  2.42D-02
      PEZero:  N= 5 I= 3 D=  3.88D-04 Err=  1.82D-02
      PEZero:  N= 5 I= 2 D=  7.75D-04 Err=  1.12D-02
      PEZero:  N= 5 I= 1 D=  1.16D-03 Err=  7.34D-03
      PEZero:  N= 6 I= 5 D=  9.69D-05 Err=  1.22D-02
      PEZero:  N= 6 I= 4 D=  2.91D-04 Err=  7.87D-03
      PEZero:  N= 6 I= 3 D=  4.84D-04 Err=  2.04D-02
      PEZero:  N= 7 I= 6 D=  9.69D-05 Err=  6.35D-04
      PEZero:  N= 7 I= 5 D=  1.94D-04 Err=  1.13D-02
      PEZero:  N= 8 I= 7 D=  4.84D-05 Err=  8.75D-05
      PEZero:  N= 8 I= 6 D=  1.45D-04 Err=  5.18D-04
      PEZero:  N= 9 I= 8 D=  4.84D-05 Err=  5.77D-05
      PEZero:  N= 9 I= 7 D=  9.69D-05 Err=  8.57D-07
      PEZero:  N= 9 I= 6 D=  1.94D-04 Err=  3.94D-03
 Maximum DWI energy   std dev =  0.000000205 at pt   122
 Maximum DWI gradient std dev =  0.145217386 at pt   121
 CORRECTOR INTEGRATION CONVERGENCE:
   Recorrection delta-x convergence threshold:    0.010000
   Delta-x Convergence NOT Met
 IRC-IRC-IRC-IRC-IRC-IRC-IRC-IRC-IRC-IRC-IRC-IRC-IRC-IRC-IRC-IRC-IRC-IRC
                          Input orientation:                          
 ---------------------------------------------------------------------
 Center     Atomic      Atomic             Coordinates (Angstroms)
 Number     Number       Type             X           Y           Z
 ---------------------------------------------------------------------
      1          6           0       -1.722519   -0.094811    0.069882
      2          6           0       -0.943528   -1.233150   -0.135550
      3          6           0        0.422340   -1.106115   -0.365456
      4          6           0        1.031454    0.176808   -0.435821
      5          6           0        0.240637    1.335804   -0.204275
      6          6           0       -1.107214    1.178153    0.061166
      7          8           0        2.385734   -0.247412    1.076504
      8          1           0       -1.719805    2.056299    0.241114
      9          8           0        1.204350   -2.201959   -0.458892
     10          1           0        1.767675   -0.282836    1.821994
     11          1           0        2.054272   -1.916899   -0.069951
     12          1           0        1.964138    0.278615   -0.973287
     13          6           0       -3.200577   -0.209233    0.338481
     14          1           0       -3.539466   -1.244742    0.283596
     15          1           0       -3.450886    0.177358    1.331814
     16          1           0       -3.775506    0.375715   -0.386482
     17          1           0       -1.373698   -2.226220   -0.082472
     18          6           0        0.899780    2.686982   -0.262903
     19          1           0        1.302599    2.884869   -1.262073
     20          1           0        0.200488    3.487337   -0.015184
     21          1           0        1.740417    2.725325    0.435621
 ---------------------------------------------------------------------
                    Distance matrix (angstroms):
                    1          2          3          4          5
     1  C    0.000000
     2  C    1.394577   0.000000
     3  C    2.410949   1.390895   0.000000
     4  C    2.813162   2.445139   1.421923   0.000000
     5  C    2.444545   2.829575   2.453969   1.422067   0.000000
     6  C    1.413901   2.424846   2.781982   2.413211   1.382756
     7  O    4.232530   3.677600   2.582932   2.073924   2.957771
     8  H    2.157916   3.400729   3.867502   3.400023   2.135607
     9  O    3.645029   2.378344   1.349497   2.385153   3.675504
    10  H    3.909821   3.476450   2.696786   2.418889   3.009586
    11  H    4.195677   3.075488   1.846049   2.358734   3.726579
    12  H    3.849557   3.382567   2.159648   1.081265   2.163211
    13  C    1.506616   2.523367   3.798085   4.319567   3.810994
    14  H    2.160859   2.629584   4.017013   4.840628   4.602870
    15  H    2.157267   3.229479   4.419265   4.818289   4.162800
    16  H    2.155092   3.266728   4.451761   4.811327   4.133325
    17  H    2.165130   1.083535   2.135524   3.418209   3.912662
    18  C    3.837391   4.333756   3.824402   2.519566   1.504523
    19  H    4.450161   4.824129   4.184104   2.844258   2.155528
    20  H    4.066568   4.858627   4.612126   3.439046   2.160200
    21  H    4.480944   4.816568   4.130253   2.785135   2.142330
                    6          7          8          9         10
     6  C    0.000000
     7  O    3.906895   0.000000
     8  H    1.085721   4.781256   0.000000
     9  O    4.127825   2.751974   5.212816   0.000000
    10  H    3.674233   0.969024   4.487009   3.033613   0.000000
    11  H    4.426233   2.052173   5.488782   0.977191   2.516299
    12  H    3.363400   2.157798   4.266892   2.644830   2.857871
    13  C    2.526641   5.634980   2.708284   4.900014   5.185533
    14  H    3.440312   6.060641   3.769594   4.896054   5.608715
    15  H    2.847619   5.857623   2.777892   5.526210   5.261695
    16  H    2.822071   6.363136   2.728396   5.607906   6.003159
    17  H    3.417806   4.403661   4.308650   2.605496   4.155954
    18  C    2.531720   3.551442   2.741171   4.902338   3.730932
    19  H    3.235898   4.056267   3.475777   5.150783   4.445460
    20  H    2.654852   4.462671   2.408544   5.794195   4.477220
    21  H    3.262355   3.108751   3.529669   5.036432   3.312372
                   11         12         13         14         15
    11  H    0.000000
    12  H    2.375800   0.000000
    13  C    5.540431   5.350982   0.000000
    14  H    5.645060   5.847224   1.090934   0.000000
    15  H    6.054554   5.886104   1.094905   1.768891   0.000000
    16  H    6.272367   5.770380   1.094660   1.769350   1.759904
    17  H    3.441920   4.267188   2.753711   2.405797   3.477370
    18  C    4.750348   2.727221   5.055952   5.955168   5.269689
    19  H    5.004312   2.704365   5.693315   6.548921   6.054294
    20  H    5.713605   3.784748   5.035568   6.038965   5.109099
    21  H    4.680209   2.832219   5.747564   6.607701   5.851916
                   16         17         18         19         20
    16  H    0.000000
    17  H    3.554036   0.000000
    18  C    5.216850   5.416715   0.000000
    19  H    5.731463   5.888739   1.095337   0.000000
    20  H    5.062468   5.926830   1.091303   1.769844   0.000000
    21  H    6.051606   5.872302   1.093653   1.760483   1.776308
                   21
    21  H    0.000000
 Symmetry turned off by external request.
 Stoichiometry    C8H11O2(2)
 Framework group  C1[X(C8H11O2)]
 Deg. of freedom    57
 Full point group                 C1      NOp   1
 Rotational constants (GHZ):           1.5958726           1.2008487           0.7614633
 Standard basis: 6-311G(d,p) (5D, 7F)
   246 basis functions,   408 primitive gaussians,   256 cartesian basis functions
    38 alpha electrons       37 beta electrons
       nuclear repulsion energy       521.5774768634 Hartrees.
 NAtoms=   21 NActive=   21 NUniq=   21 SFac= 1.00D+00 NAtFMM=   60 NAOKFM=F Big=F
 Integral buffers will be    131072 words long.
 Raffenetti 2 integral format.
 Two-electron integral symmetry is turned off.
 One-electron integrals computed using PRISM.
 NBasis=   246 RedAO= T EigKep=  2.00D-04  NBF=   246
 NBsUse=   246 1.00D-06 EigRej= -1.00D+00 NBFU=   246
 Initial guess from the checkpoint file:  "SR-11-ts-P2.chk"
 B after Tr=     0.000005   -0.000016    0.000023
         Rot=    1.000000   -0.000011   -0.000011   -0.000009 Ang=   0.00 deg.
 Initial guess <Sx>= 0.0000 <Sy>= 0.0000 <Sz>= 0.5000 <S**2>= 0.7693 S= 0.5096
 ExpMin= 1.03D-01 ExpMax= 8.59D+03 ExpMxC= 1.30D+03 IAcc=2 IRadAn=         4 AccDes= 0.00D+00
 Harris functional with IExCor=  402 and IRadAn=       4 diagonalized for initial guess.
 HarFok:  IExCor=  402 AccDes= 0.00D+00 IRadAn=         4 IDoV= 1 UseB2=F ITyADJ=14
 ICtDFT=  3500011 ScaDFX=  1.000000  1.000000  1.000000  1.000000
 FoFCou: FMM=F IPFlag=           0 FMFlag=      100000 FMFlg1=           0
         NFxFlg=           0 DoJE=T BraDBF=F KetDBF=T FulRan=T
         wScrn=  0.000000 ICntrl=       500 IOpCl=  0 I1Cent=   200000004 NGrid=           0
         NMat0=    1 NMatS0=      1 NMatT0=    0 NMatD0=    1 NMtDS0=    0 NMtDT0=    0
 Symmetry not used in FoFCou.
 Requested convergence on RMS density matrix=1.00D-08 within 128 cycles.
 Requested convergence on MAX density matrix=1.00D-06.
 Requested convergence on             energy=1.00D-06.
 No special actions if energy rises.
 Integral accuracy reduced to 1.0D-05 until final iterations.
 Initial convergence to 1.0D-05 achieved.  Increase integral accuracy.
 SCF Done:  E(UB3LYP) =  -461.978563543     A.U. after    8 cycles
            NFock=  8  Conv=0.96D-08     -V/T= 2.0038
 <Sx>= 0.0000 <Sy>= 0.0000 <Sz>= 0.5000 <S**2>= 0.7693 S= 0.5096
 <L.S>= 0.000000000000E+00
 Annihilation of the first spin contaminant:
 S**2 before annihilation     0.7693,   after     0.7502
 DoSCS=F DFT=T ScalE2(SS,OS)=  1.000000  1.000000
 Range of M.O.s used for correlation:     1   246
 NBasis=   246 NAE=    38 NBE=    37 NFC=     0 NFV=     0
 NROrb=    246 NOA=    38 NOB=    37 NVA=   208 NVB=   209

 **** Warning!!: The largest alpha MO coefficient is  0.12949266D+02


 **** Warning!!: The largest beta MO coefficient is  0.12886963D+02

 Symmetrizing basis deriv contribution to polar:
 IMax=3 JMax=2 DiffMx= 0.00D+00
 Calling FoFJK, ICntrl=      2147 FMM=F ISym2X=0 I1Cent= 0 IOpClX= 1 NMat=1 NMatS=1 NMatT=0.
 -------------------------------------------------------------------
 Center     Atomic                   Forces (Hartrees/Bohr)
 Number     Number              X              Y              Z
 -------------------------------------------------------------------
      1        6           0.000014659   -0.000007022   -0.000004683
      2        6           0.000006996   -0.000024452   -0.000010372
      3        6          -0.000002367   -0.000054227    0.000031581
      4        6           0.000120553   -0.000057902    0.000180156
      5        6           0.000055626   -0.000025567    0.000088453
      6        6           0.000050262   -0.000017634    0.000016932
      7        8          -0.000310827    0.000267730   -0.000290638
      8        1           0.000004343   -0.000000384   -0.000002746
      9        8          -0.000000522   -0.000061652   -0.000009825
     10        1          -0.000010466    0.000013341   -0.000012158
     11        1           0.000000357   -0.000003540   -0.000002467
     12        1          -0.000007926   -0.000004562   -0.000015631
     13        6           0.000012614    0.000012095   -0.000019718
     14        1           0.000000053    0.000001651   -0.000002662
     15        1           0.000000719    0.000000282   -0.000001493
     16        1           0.000001799    0.000002141   -0.000001114
     17        1          -0.000001525   -0.000001372   -0.000004076
     18        6           0.000053969   -0.000027945    0.000050732
     19        1          -0.000004274   -0.000001785    0.000005534
     20        1           0.000009375   -0.000005722    0.000009087
     21        1           0.000006582   -0.000003474   -0.000004891
 -------------------------------------------------------------------
 Cartesian Forces:  Max     0.000310827 RMS     0.000072902
 IRC-IRC-IRC-IRC-IRC-IRC-IRC-IRC-IRC-IRC-IRC-IRC-IRC-IRC-IRC-IRC-IRC-IRC
 Error in corrector energy =           0.0000000172
 Magnitude of corrector gradient =     0.0005791703
 Magnitude of analytic gradient =      0.0005786450
 Magnitude of difference =             0.0000095926
 Angle between gradients (degrees)=    0.9480
 Pt  1 Step number   2 out of a maximum of  20
 Modified Bulirsch-Stoer Extrapolation Cycles:
    EPS =    0.000010000000000
      PEZero:  N= 2 I= 1 D=  3.88D-04 Err=  6.83D-03
      PEZero:  N= 3 I= 2 D=  3.88D-04 Err=  1.08D-02
      PEZero:  N= 3 I= 1 D=  7.75D-04 Err=  9.54D-03
      PEZero:  N= 4 I= 3 D=  1.94D-04 Err=  1.97D-02
      PEZero:  N= 4 I= 2 D=  5.81D-04 Err=  1.54D-02
      PEZero:  N= 4 I= 1 D=  9.69D-04 Err=  1.28D-02
      PEZero:  N= 5 I= 4 D=  1.94D-04 Err=  2.32D-02
      PEZero:  N= 5 I= 3 D=  3.88D-04 Err=  1.52D-02
      PEZero:  N= 5 I= 2 D=  7.75D-04 Err=  7.49D-03
      PEZero:  N= 5 I= 1 D=  1.16D-03 Err=  3.24D-03
      PEZero:  N= 6 I= 5 D=  9.69D-05 Err=  9.73D-03
      PEZero:  N= 6 I= 4 D=  2.91D-04 Err=  1.03D-02
      PEZero:  N= 7 I= 6 D=  9.69D-05 Err=  3.95D-04
      PEZero:  N= 7 I= 5 D=  1.94D-04 Err=  9.14D-03
      PEZero:  N= 8 I= 7 D=  4.84D-05 Err=  8.76D-05
      PEZero:  N= 8 I= 6 D=  1.45D-04 Err=  2.78D-04
      PEZero:  N= 9 I= 8 D=  4.84D-05 Err=  5.78D-05
      PEZero:  N= 9 I= 7 D=  9.69D-05 Err=  1.00D-06
      PEZero:  N= 9 I= 6 D=  1.94D-04 Err=  7.59D-03
 Maximum DWI energy   std dev =  0.000000165 at pt   128
 Maximum DWI gradient std dev =  0.313640690 at pt    37
 CORRECTOR INTEGRATION CONVERGENCE:
   Recorrection delta-x convergence threshold:    0.010000
   Delta-x Convergence Met
 Point Number:   1          Path Number:   1
   CHANGE IN THE REACTION COORDINATE =    0.14717
   NET REACTION COORDINATE UP TO THIS POINT =    0.14717
  # OF POINTS ALONG THE PATH =   1
  # OF STEPS =   2

 Calculating another point on the path.
 IRC-IRC-IRC-IRC-IRC-IRC-IRC-IRC-IRC-IRC-IRC-IRC-IRC-IRC-IRC-IRC-IRC-IRC
                          Input orientation:                          
 ---------------------------------------------------------------------
 Center     Atomic      Atomic             Coordinates (Angstroms)
 Number     Number       Type             X           Y           Z
 ---------------------------------------------------------------------
      1          6           0       -1.721842   -0.095096    0.069797
      2          6           0       -0.943239   -1.234186   -0.136028
      3          6           0        0.422269   -1.108442   -0.364095
      4          6           0        1.036572    0.174337   -0.428069
      5          6           0        0.243085    1.334708   -0.200438
      6          6           0       -1.105000    1.177410    0.062116
      7          8           0        2.375653   -0.238971    1.067114
      8          1           0       -1.717505    2.056091    0.239965
      9          8           0        1.204340   -2.203918   -0.459214
     10          1           0        1.761952   -0.276156    1.815986
     11          1           0        2.054502   -1.918532   -0.071066
     12          1           0        1.960387    0.276311   -0.981469
     13          6           0       -3.200013   -0.208652    0.337616
     14          1           0       -3.539542   -1.243911    0.281891
     15          1           0       -3.450537    0.177344    1.331161
     16          1           0       -3.774464    0.377184   -0.387064
     17          1           0       -1.374526   -2.226878   -0.084763
     18          6           0        0.901986    2.685696   -0.260948
     19          1           0        1.302748    2.883155   -1.261137
     20          1           0        0.203139    3.486137   -0.012243
     21          1           0        1.744215    2.724277    0.435652
 ---------------------------------------------------------------------
                    Distance matrix (angstroms):
                    1          2          3          4          5
     1  C    0.000000
     2  C    1.395031   0.000000
     3  C    2.410880   1.390121   0.000000
     4  C    2.815904   2.447218   1.423721   0.000000
     5  C    2.445057   2.830323   2.455173   1.424044   0.000000
     6  C    1.414152   2.425124   2.781965   2.415113   1.382393
     7  O    4.219575   3.667840   2.572946   2.049276   2.937856
     8  H    2.157911   3.400997   3.867530   3.401795   2.135008
     9  O    3.645480   2.378429   1.349352   2.384368   3.675984
    10  H    3.901126   3.470769   2.690762   2.401021   2.994630
    11  H    4.195895   3.075549   1.845616   2.354513   3.725794
    12  H    3.847326   3.380446   2.159745   1.081704   2.163179
    13  C    1.506523   2.523705   3.797756   4.322223   3.811350
    14  H    2.160739   2.629741   4.016416   4.843170   4.603280
    15  H    2.157232   3.229800   4.418797   4.819653   4.162707
    16  H    2.155232   3.267318   4.451986   4.815485   4.134293
    17  H    2.165412   1.083547   2.134806   3.420100   3.913431
    18  C    3.837535   4.334275   3.825736   2.520510   1.504321
    19  H    4.448540   4.823154   4.184826   2.846497   2.155378
    20  H    4.066634   4.859110   4.613239   3.440282   2.160013
    21  H    4.482886   4.818574   4.132417   2.783697   2.142172
                    6          7          8          9         10
     6  C    0.000000
     7  O    3.889872   0.000000
     8  H    1.085759   4.765021   0.000000
     9  O    4.127738   2.750031   5.212841   0.000000
    10  H    3.661738   0.968928   4.475471   3.033765   0.000000
    11  H    4.425500   2.054146   5.488388   0.977180   2.518719
    12  H    3.361197   2.152824   4.264553   2.644976   2.858382
    13  C    2.527084   5.623268   2.708584   4.900444   5.177957
    14  H    3.440653   6.051117   3.769826   4.896454   5.603199
    15  H    2.848184   5.847011   2.779172   5.526639   5.254595
    16  H    2.822793   6.349663   2.728181   5.608546   5.994346
    17  H    3.418098   4.398004   4.308933   2.606011   4.153993
    18  C    2.531262   3.533995   2.740265   4.902964   3.718302
    19  H    3.233854   4.039746   3.472646   5.150833   4.434050
    20  H    2.654613   4.445363   2.407802   5.794731   4.463985
    21  H    3.263487   3.094882   3.531044   5.037793   3.302762
                   11         12         13         14         15
    11  H    0.000000
    12  H    2.378030   0.000000
    13  C    5.540816   5.348356   0.000000
    14  H    5.645620   5.844345   1.090938   0.000000
    15  H    6.055114   5.885249   1.094937   1.768858   0.000000
    16  H    6.272720   5.766456   1.094696   1.769361   1.759876
    17  H    3.442892   4.265171   2.753914   2.405816   3.477779
    18  C    4.750081   2.728461   5.055881   5.955137   5.269829
    19  H    5.003759   2.703024   5.691233   6.546860   6.052697
    20  H    5.713270   3.785538   5.035406   6.038835   5.109030
    21  H    4.680675   2.836811   5.749528   6.609708   5.854422
                   16         17         18         19         20
    16  H    0.000000
    17  H    3.554184   0.000000
    18  C    5.216734   5.417281   0.000000
    19  H    5.729046   5.887621   1.095435   0.000000
    20  H    5.062351   5.927294   1.091305   1.769877   0.000000
    21  H    6.053224   5.874633   1.093659   1.760462   1.776501
                   21
    21  H    0.000000
 Symmetry turned off by external request.
 Stoichiometry    C8H11O2(2)
 Framework group  C1[X(C8H11O2)]
 Deg. of freedom    57
 Full point group                 C1      NOp   1
 Rotational constants (GHZ):           1.5979069           1.2044852           0.7623323
 Standard basis: 6-311G(d,p) (5D, 7F)
   246 basis functions,   408 primitive gaussians,   256 cartesian basis functions
    38 alpha electrons       37 beta electrons
       nuclear repulsion energy       521.9298350482 Hartrees.
 NAtoms=   21 NActive=   21 NUniq=   21 SFac= 1.00D+00 NAtFMM=   60 NAOKFM=F Big=F
 Integral buffers will be    131072 words long.
 Raffenetti 2 integral format.
 Two-electron integral symmetry is turned off.
 One-electron integrals computed using PRISM.
 NBasis=   246 RedAO= T EigKep=  2.03D-04  NBF=   246
 NBsUse=   246 1.00D-06 EigRej= -1.00D+00 NBFU=   246
 Initial guess from the checkpoint file:  "SR-11-ts-P2.chk"
 B after Tr=    -0.000001    0.000000   -0.000227
         Rot=    1.000000   -0.000012   -0.000007    0.000017 Ang=   0.00 deg.
 Initial guess <Sx>= 0.0000 <Sy>= 0.0000 <Sz>= 0.5000 <S**2>= 0.7693 S= 0.5096
 ExpMin= 1.03D-01 ExpMax= 8.59D+03 ExpMxC= 1.30D+03 IAcc=2 IRadAn=         4 AccDes= 0.00D+00
 Harris functional with IExCor=  402 and IRadAn=       4 diagonalized for initial guess.
 HarFok:  IExCor=  402 AccDes= 0.00D+00 IRadAn=         4 IDoV= 1 UseB2=F ITyADJ=14
 ICtDFT=  3500011 ScaDFX=  1.000000  1.000000  1.000000  1.000000
 FoFCou: FMM=F IPFlag=           0 FMFlag=      100000 FMFlg1=           0
         NFxFlg=           0 DoJE=T BraDBF=F KetDBF=T FulRan=T
         wScrn=  0.000000 ICntrl=       500 IOpCl=  0 I1Cent=   200000004 NGrid=           0
         NMat0=    1 NMatS0=      1 NMatT0=    0 NMatD0=    1 NMtDS0=    0 NMtDT0=    0
 Symmetry not used in FoFCou.
 Requested convergence on RMS density matrix=1.00D-08 within 128 cycles.
 Requested convergence on MAX density matrix=1.00D-06.
 Requested convergence on             energy=1.00D-06.
 No special actions if energy rises.
 Integral accuracy reduced to 1.0D-05 until final iterations.
 Initial convergence to 1.0D-05 achieved.  Increase integral accuracy.
 SCF Done:  E(UB3LYP) =  -461.978603316     A.U. after   15 cycles
            NFock= 15  Conv=0.62D-08     -V/T= 2.0038
 <Sx>= 0.0000 <Sy>= 0.0000 <Sz>= 0.5000 <S**2>= 0.7707 S= 0.5103
 <L.S>= 0.000000000000E+00
 Annihilation of the first spin contaminant:
 S**2 before annihilation     0.7707,   after     0.7503
 DoSCS=F DFT=T ScalE2(SS,OS)=  1.000000  1.000000
 Range of M.O.s used for correlation:     1   246
 NBasis=   246 NAE=    38 NBE=    37 NFC=     0 NFV=     0
 NROrb=    246 NOA=    38 NOB=    37 NVA=   208 NVB=   209

 **** Warning!!: The largest alpha MO coefficient is  0.12419401D+02


 **** Warning!!: The largest beta MO coefficient is  0.12326932D+02

 Symmetrizing basis deriv contribution to polar:
 IMax=3 JMax=2 DiffMx= 0.00D+00
 G2DrvN: will do    22 centers at a time, making    1 passes.
 Calling FoFCou, ICntrl=  3107 FMM=F I1Cent=   0 AccDes= 0.00D+00.
 End of G2Drv F.D. properties file   721 does not exist.
 End of G2Drv F.D. properties file   722 does not exist.
 End of G2Drv F.D. properties file   788 does not exist.
          IDoAtm=111111111111111111111
          Differentiating once with respect to nuclear coordinates.
 Keep R1 and R2 ints in memory in canonical form, NReq=955570748.
          There are    66 degrees of freedom in the 1st order CPHF.  IDoFFX=6 NUNeed=     0.
     60 vectors produced by pass  0 Test12= 2.37D-14 1.52D-09 XBig12= 3.39D-01 2.49D-01.
 AX will form    60 AO Fock derivatives at one time.
     60 vectors produced by pass  1 Test12= 2.37D-14 1.52D-09 XBig12= 5.52D-02 5.69D-02.
     60 vectors produced by pass  2 Test12= 2.37D-14 1.52D-09 XBig12= 1.39D-03 7.58D-03.
     60 vectors produced by pass  3 Test12= 2.37D-14 1.52D-09 XBig12= 1.41D-05 5.59D-04.
     60 vectors produced by pass  4 Test12= 2.37D-14 1.52D-09 XBig12= 8.75D-08 2.85D-05.
     60 vectors produced by pass  5 Test12= 2.37D-14 1.52D-09 XBig12= 5.00D-10 2.06D-06.
     42 vectors produced by pass  6 Test12= 2.37D-14 1.52D-09 XBig12= 2.55D-12 1.56D-07.
     11 vectors produced by pass  7 Test12= 2.37D-14 1.52D-09 XBig12= 1.07D-14 8.58D-09.
 InvSVY:  IOpt=1 It=  1 EMax= 7.49D-16
 Solved reduced A of dimension   413 with    66 vectors.
 End of Minotr F.D. properties file   721 does not exist.
 End of Minotr F.D. properties file   722 does not exist.
 End of Minotr F.D. properties file   788 does not exist.
 Calling FoFJK, ICntrl=    100147 FMM=F ISym2X=0 I1Cent= 0 IOpClX= 1 NMat=1 NMatS=1 NMatT=0.
 -------------------------------------------------------------------
 Center     Atomic                   Forces (Hartrees/Bohr)
 Number     Number              X              Y              Z
 -------------------------------------------------------------------
      1        6           0.000014730   -0.000011652    0.000003805
      2        6           0.000047342   -0.000063495   -0.000038071
      3        6          -0.000076057   -0.000159318    0.000071610
      4        6           0.000488215   -0.000161010    0.000468561
      5        6           0.000078685   -0.000011438    0.000220801
      6        6           0.000142810   -0.000035472    0.000044966
      7        8          -0.000800961    0.000632669   -0.000724245
      8        1           0.000012511   -0.000001599   -0.000006346
      9        8           0.000023330   -0.000138319   -0.000019137
     10        1          -0.000015750    0.000032825   -0.000047489
     11        1          -0.000003369   -0.000019747   -0.000012549
     12        1          -0.000096193   -0.000015869   -0.000014318
     13        6           0.000033577    0.000033596   -0.000045039
     14        1          -0.000000922    0.000003384   -0.000008463
     15        1          -0.000000415   -0.000000576   -0.000001197
     16        1           0.000003002    0.000007193   -0.000002658
     17        1          -0.000003129   -0.000002693   -0.000010778
     18        6           0.000125213   -0.000071811    0.000104025
     19        1           0.000003622   -0.000010156    0.000009209
     20        1           0.000013537   -0.000006665    0.000007888
     21        1           0.000010221    0.000000154   -0.000000575
 -------------------------------------------------------------------
 Cartesian Forces:  Max     0.000800961 RMS     0.000188739
 IRC-IRC-IRC-IRC-IRC-IRC-IRC-IRC-IRC-IRC-IRC-IRC-IRC-IRC-IRC-IRC-IRC-IRC
 Pt  2 Step number   1 out of a maximum of  20
 Modified Bulirsch-Stoer Extrapolation Cycles:
    EPS =    0.000010000000000
      PEZero:  N= 2 I= 1 D=  7.75D-04 Err=  1.59D-02
      PEZero:  N= 3 I= 2 D=  7.75D-04 Err=  2.69D-02
      PEZero:  N= 3 I= 1 D=  1.55D-03 Err=  2.44D-02
      PEZero:  N= 4 I= 3 D=  3.87D-04 Err=  4.93D-02
      PEZero:  N= 4 I= 2 D=  1.16D-03 Err=  3.88D-02
      PEZero:  N= 4 I= 1 D=  1.94D-03 Err=  3.19D-02
      PEZero:  N= 5 I= 4 D=  3.87D-04 Err=  3.27D-02
      PEZero:  N= 5 I= 3 D=  7.75D-04 Err=  1.32D-03
      PEZero:  N= 5 I= 2 D=  1.55D-03 Err=  1.96D-02
      PEZero:  N= 6 I= 5 D=  1.94D-04 Err=  3.37D-03
      PEZero:  N= 6 I= 4 D=  5.81D-04 Err=  2.82D-02
      PEZero:  N= 7 I= 6 D=  1.94D-04 Err=  7.53D-06
      PEZero:  N= 7 I= 5 D=  3.87D-04 Err=  3.37D-03
 Maximum DWI energy   std dev =  0.000000297 at pt   118
 Maximum DWI gradient std dev =  0.084277761 at pt    57
 CORRECTOR INTEGRATION CONVERGENCE:
   Recorrection delta-x convergence threshold:    0.010000
   Delta-x Convergence Met
 Point Number:   2          Path Number:   1
   CHANGE IN THE REACTION COORDINATE =    0.14864
   NET REACTION COORDINATE UP TO THIS POINT =    0.29582
  # OF POINTS ALONG THE PATH =   2
  # OF STEPS =   1

 Calculating another point on the path.
 IRC-IRC-IRC-IRC-IRC-IRC-IRC-IRC-IRC-IRC-IRC-IRC-IRC-IRC-IRC-IRC-IRC-IRC
                          Input orientation:                          
 ---------------------------------------------------------------------
 Center     Atomic      Atomic             Coordinates (Angstroms)
 Number     Number       Type             X           Y           Z
 ---------------------------------------------------------------------
      1          6           0       -1.721289   -0.095323    0.069724
      2          6           0       -0.942904   -1.235116   -0.136593
      3          6           0        0.422157   -1.110706   -0.362659
      4          6           0        1.042395    0.171909   -0.419381
      5          6           0        0.245414    1.333820   -0.196615
      6          6           0       -1.102871    1.176765    0.062792
      7          8           0        2.365686   -0.231224    1.057570
      8          1           0       -1.715368    2.056010    0.238134
      9          8           0        1.204328   -2.205790   -0.459597
     10          1           0        1.756576   -0.270213    1.809925
     11          1           0        2.054758   -1.920281   -0.072224
     12          1           0        1.956285    0.274144   -0.989782
     13          6           0       -3.199522   -0.208126    0.336917
     14          1           0       -3.539603   -1.243167    0.280340
     15          1           0       -3.450235    0.177198    1.330723
     16          1           0       -3.773660    0.378564   -0.387390
     17          1           0       -1.375254   -2.227459   -0.087227
     18          6           0        0.903848    2.684687   -0.259360
     19          1           0        1.303866    2.880925   -1.260193
     20          1           0        0.204961    3.485299   -0.011306
     21          1           0        1.746751    2.724424    0.436370
 ---------------------------------------------------------------------
                    Distance matrix (angstroms):
                    1          2          3          4          5
     1  C    0.000000
     2  C    1.395557   0.000000
     3  C    2.410875   1.389236   0.000000
     4  C    2.819324   2.449715   1.425838   0.000000
     5  C    2.445671   2.831102   2.456525   1.426478   0.000000
     6  C    1.414461   2.425390   2.781950   2.417517   1.381966
     7  O    4.206860   3.657949   2.562781   2.023610   2.918544
     8  H    2.157923   3.401269   3.867564   3.404029   2.134299
     9  O    3.646023   2.378475   1.349221   2.383546   3.676617
    10  H    3.892869   3.465135   2.684627   2.382295   2.980391
    11  H    4.196326   3.075642   1.845305   2.350033   3.725369
    12  H    3.844947   3.378032   2.159778   1.082130   2.163124
    13  C    1.506416   2.524133   3.797449   4.325537   3.811802
    14  H    2.160594   2.629970   4.015786   4.846313   4.603770
    15  H    2.157230   3.230226   4.418333   4.821474   4.162735
    16  H    2.155399   3.268033   4.452349   4.820592   4.135440
    17  H    2.165728   1.083562   2.133937   3.422327   3.914236
    18  C    3.837720   4.334792   3.827232   2.521677   1.504099
    19  H    4.447280   4.822059   4.185223   2.848526   2.155238
    20  H    4.066677   4.859590   4.614529   3.441856   2.159823
    21  H    4.484719   4.820839   4.135361   2.782761   2.142069
                    6          7          8          9         10
     6  C    0.000000
     7  O    3.873358   0.000000
     8  H    1.085803   4.749517   0.000000
     9  O    4.127679   2.747628   5.212906   0.000000
    10  H    3.650020   0.968799   4.465000   3.033507   0.000000
    11  H    4.424991   2.055730   5.488266   0.977141   2.520738
    12  H    3.358731   2.148176   4.261908   2.645111   2.859120
    13  C    2.527650   5.611721   2.709018   4.900917   5.170736
    14  H    3.441084   6.041568   3.770169   4.896838   5.597836
    15  H    2.849018   5.836639   2.780907   5.527100   5.247923
    16  H    2.823633   6.336506   2.727942   5.609319   5.986034
    17  H    3.418398   4.392055   4.309251   2.606409   4.151910
    18  C    2.530717   3.517643   2.739166   4.903789   3.706820
    19  H    3.232156   4.023053   3.470050   5.150294   4.422695
    20  H    2.654287   4.429872   2.406814   5.795532   4.452893
    21  H    3.264222   3.082989   3.531620   5.040237   3.294631
                   11         12         13         14         15
    11  H    0.000000
    12  H    2.380569   0.000000
    13  C    5.541330   5.345565   0.000000
    14  H    5.646208   5.841252   1.090947   0.000000
    15  H    6.055793   5.884268   1.094980   1.768820   0.000000
    16  H    6.273314   5.762469   1.094741   1.769366   1.759848
    17  H    3.443772   4.262837   2.754190   2.405897   3.478291
    18  C    4.750299   2.729809   5.055844   5.955129   5.270095
    19  H    5.002668   2.700755   5.689771   6.545270   6.051815
    20  H    5.713646   3.786300   5.035191   6.038643   5.109309
    21  H    4.682608   2.842830   5.751118   6.611479   5.856355
                   16         17         18         19         20
    16  H    0.000000
    17  H    3.554406   0.000000
    18  C    5.216672   5.417851   0.000000
    19  H    5.727553   5.886350   1.095532   0.000000
    20  H    5.061884   5.927769   1.091308   1.769909   0.000000
    21  H    6.054467   5.877262   1.093666   1.760388   1.776643
                   21
    21  H    0.000000
 Symmetry turned off by external request.
 Stoichiometry    C8H11O2(2)
 Framework group  C1[X(C8H11O2)]
 Deg. of freedom    57
 Full point group                 C1      NOp   1
 Rotational constants (GHZ):           1.5998548           1.2080380           0.7631262
 Standard basis: 6-311G(d,p) (5D, 7F)
   246 basis functions,   408 primitive gaussians,   256 cartesian basis functions
    38 alpha electrons       37 beta electrons
       nuclear repulsion energy       522.2747655458 Hartrees.
 NAtoms=   21 NActive=   21 NUniq=   21 SFac= 1.00D+00 NAtFMM=   60 NAOKFM=F Big=F
 Integral buffers will be    131072 words long.
 Raffenetti 2 integral format.
 Two-electron integral symmetry is turned off.
 One-electron integrals computed using PRISM.
 NBasis=   246 RedAO= T EigKep=  2.08D-04  NBF=   246
 NBsUse=   246 1.00D-06 EigRej= -1.00D+00 NBFU=   246
 Initial guess from the checkpoint file:  "SR-11-ts-P2.chk"
 B after Tr=    -0.000020    0.000004   -0.000245
         Rot=    1.000000   -0.000001   -0.000007    0.000016 Ang=   0.00 deg.
 Initial guess <Sx>= 0.0000 <Sy>= 0.0000 <Sz>= 0.5000 <S**2>= 0.7706 S= 0.5103
 ExpMin= 1.03D-01 ExpMax= 8.59D+03 ExpMxC= 1.30D+03 IAcc=2 IRadAn=         4 AccDes= 0.00D+00
 Harris functional with IExCor=  402 and IRadAn=       4 diagonalized for initial guess.
 HarFok:  IExCor=  402 AccDes= 0.00D+00 IRadAn=         4 IDoV= 1 UseB2=F ITyADJ=14
 ICtDFT=  3500011 ScaDFX=  1.000000  1.000000  1.000000  1.000000
 FoFCou: FMM=F IPFlag=           0 FMFlag=      100000 FMFlg1=           0
         NFxFlg=           0 DoJE=T BraDBF=F KetDBF=T FulRan=T
         wScrn=  0.000000 ICntrl=       500 IOpCl=  0 I1Cent=   200000004 NGrid=           0
         NMat0=    1 NMatS0=      1 NMatT0=    0 NMatD0=    1 NMtDS0=    0 NMtDT0=    0
 Symmetry not used in FoFCou.
 Requested convergence on RMS density matrix=1.00D-08 within 128 cycles.
 Requested convergence on MAX density matrix=1.00D-06.
 Requested convergence on             energy=1.00D-06.
 No special actions if energy rises.
 Integral accuracy reduced to 1.0D-05 until final iterations.
 Initial convergence to 1.0D-05 achieved.  Increase integral accuracy.
 SCF Done:  E(UB3LYP) =  -461.978686326     A.U. after   15 cycles
            NFock= 15  Conv=0.61D-08     -V/T= 2.0038
 <Sx>= 0.0000 <Sy>= 0.0000 <Sz>= 0.5000 <S**2>= 0.7721 S= 0.5110
 <L.S>= 0.000000000000E+00
 Annihilation of the first spin contaminant:
 S**2 before annihilation     0.7721,   after     0.7503
 DoSCS=F DFT=T ScalE2(SS,OS)=  1.000000  1.000000
 Range of M.O.s used for correlation:     1   246
 NBasis=   246 NAE=    38 NBE=    37 NFC=     0 NFV=     0
 NROrb=    246 NOA=    38 NOB=    37 NVA=   208 NVB=   209

 **** Warning!!: The largest alpha MO coefficient is  0.11830926D+02


 **** Warning!!: The largest beta MO coefficient is  0.11704926D+02

 Symmetrizing basis deriv contribution to polar:
 IMax=3 JMax=2 DiffMx= 0.00D+00
 G2DrvN: will do    22 centers at a time, making    1 passes.
 Calling FoFCou, ICntrl=  3107 FMM=F I1Cent=   0 AccDes= 0.00D+00.
 End of G2Drv F.D. properties file   721 does not exist.
 End of G2Drv F.D. properties file   722 does not exist.
 End of G2Drv F.D. properties file   788 does not exist.
          IDoAtm=111111111111111111111
          Differentiating once with respect to nuclear coordinates.
 Keep R1 and R2 ints in memory in canonical form, NReq=955570748.
          There are    66 degrees of freedom in the 1st order CPHF.  IDoFFX=6 NUNeed=     0.
     60 vectors produced by pass  0 Test12= 2.37D-14 1.52D-09 XBig12= 3.41D-01 2.52D-01.
 AX will form    60 AO Fock derivatives at one time.
     60 vectors produced by pass  1 Test12= 2.37D-14 1.52D-09 XBig12= 5.40D-02 5.83D-02.
     60 vectors produced by pass  2 Test12= 2.37D-14 1.52D-09 XBig12= 1.42D-03 8.00D-03.
     60 vectors produced by pass  3 Test12= 2.37D-14 1.52D-09 XBig12= 1.43D-05 5.63D-04.
     60 vectors produced by pass  4 Test12= 2.37D-14 1.52D-09 XBig12= 8.77D-08 2.81D-05.
     60 vectors produced by pass  5 Test12= 2.37D-14 1.52D-09 XBig12= 5.07D-10 1.99D-06.
     42 vectors produced by pass  6 Test12= 2.37D-14 1.52D-09 XBig12= 2.58D-12 1.50D-07.
     11 vectors produced by pass  7 Test12= 2.37D-14 1.52D-09 XBig12= 1.09D-14 8.55D-09.
 InvSVY:  IOpt=1 It=  1 EMax= 7.22D-16
 Solved reduced A of dimension   413 with    66 vectors.
 End of Minotr F.D. properties file   721 does not exist.
 End of Minotr F.D. properties file   722 does not exist.
 End of Minotr F.D. properties file   788 does not exist.
 Calling FoFJK, ICntrl=    100147 FMM=F ISym2X=0 I1Cent= 0 IOpClX= 1 NMat=1 NMatS=1 NMatT=0.
 -------------------------------------------------------------------
 Center     Atomic                   Forces (Hartrees/Bohr)
 Number     Number              X              Y              Z
 -------------------------------------------------------------------
      1        6           0.000035200   -0.000019437   -0.000002554
      2        6           0.000070317   -0.000106326   -0.000071054
      3        6          -0.000088745   -0.000271772    0.000154588
      4        6           0.000839961   -0.000284984    0.000957347
      5        6           0.000188323   -0.000040667    0.000422340
      6        6           0.000247537   -0.000062685    0.000060121
      7        8          -0.001473803    0.001110169   -0.001403456
      8        1           0.000020626   -0.000001134   -0.000018031
      9        8           0.000025803   -0.000259872   -0.000046271
     10        1          -0.000040034    0.000054869   -0.000069755
     11        1          -0.000003520   -0.000029964   -0.000018882
     12        1          -0.000125750   -0.000026036   -0.000037795
     13        6           0.000056518    0.000058031   -0.000073981
     14        1          -0.000000805    0.000006704   -0.000014054
     15        1           0.000000815   -0.000001452   -0.000002532
     16        1           0.000005353    0.000012135   -0.000002848
     17        1          -0.000005587   -0.000004329   -0.000022048
     18        6           0.000197194   -0.000111260    0.000167441
     19        1           0.000012171   -0.000020349    0.000007710
     20        1           0.000015627   -0.000008093    0.000006733
     21        1           0.000022800    0.000006453    0.000006979
 -------------------------------------------------------------------
 Cartesian Forces:  Max     0.001473803 RMS     0.000349240
 IRC-IRC-IRC-IRC-IRC-IRC-IRC-IRC-IRC-IRC-IRC-IRC-IRC-IRC-IRC-IRC-IRC-IRC
 Pt  3 Step number   1 out of a maximum of  20
 Modified Bulirsch-Stoer Extrapolation Cycles:
    EPS =    0.000010000000000
      PEZero:  N= 2 I= 1 D=  7.75D-04 Err=  4.58D-02
      PEZero:  N= 3 I= 2 D=  7.75D-04 Err=  8.63D-03
      PEZero:  N= 3 I= 1 D=  1.55D-03 Err=  3.28D-02
      PEZero:  N= 4 I= 3 D=  3.87D-04 Err=  1.38D-05
      PEZero:  N= 4 I= 2 D=  1.16D-03 Err=  8.63D-03
      PEZero:  N= 5 I= 4 D=  3.87D-04 Err=  9.21D-06
      PEZero:  N= 5 I= 3 D=  7.75D-04 Err=  1.49D-08
      PEZero:  N= 5 I= 2 D=  1.55D-03 Err=  4.32D-03
 Maximum DWI energy   std dev =  0.000000350 at pt    45
 Maximum DWI gradient std dev =  0.039276796 at pt    15
 CORRECTOR INTEGRATION CONVERGENCE:
   Recorrection delta-x convergence threshold:    0.010000
   Delta-x Convergence Met
 Point Number:   3          Path Number:   1
   CHANGE IN THE REACTION COORDINATE =    0.14873
   NET REACTION COORDINATE UP TO THIS POINT =    0.44454
  # OF POINTS ALONG THE PATH =   3
  # OF STEPS =   1

 Calculating another point on the path.
 IRC-IRC-IRC-IRC-IRC-IRC-IRC-IRC-IRC-IRC-IRC-IRC-IRC-IRC-IRC-IRC-IRC-IRC
                          Input orientation:                          
 ---------------------------------------------------------------------
 Center     Atomic      Atomic             Coordinates (Angstroms)
 Number     Number       Type             X           Y           Z
 ---------------------------------------------------------------------
      1          6           0       -1.720838   -0.095509    0.069628
      2          6           0       -0.942536   -1.235974   -0.137200
      3          6           0        0.422009   -1.112921   -0.361173
      4          6           0        1.048685    0.169511   -0.410106
      5          6           0        0.247636    1.333085   -0.192812
      6          6           0       -1.100828    1.176195    0.063233
      7          8           0        2.355866   -0.223962    1.047934
      8          1           0       -1.713374    2.056018    0.235810
      9          8           0        1.204312   -2.207608   -0.459994
     10          1           0        1.751513   -0.264727    1.803863
     11          1           0        2.055046   -1.922150   -0.073429
     12          1           0        1.951979    0.272075   -0.998001
     13          6           0       -3.199088   -0.207640    0.336310
     14          1           0       -3.539639   -1.242496    0.278974
     15          1           0       -3.449984    0.177044    1.330373
     16          1           0       -3.773044    0.379793   -0.387614
     17          1           0       -1.375897   -2.227989   -0.089735
     18          6           0        0.905481    2.683861   -0.257969
     19          1           0        1.305018    2.878690   -1.259395
     20          1           0        0.206399    3.484634   -0.010951
     21          1           0        1.748895    2.725114    0.437092
 ---------------------------------------------------------------------
                    Distance matrix (angstroms):
                    1          2          3          4          5
     1  C    0.000000
     2  C    1.396135   0.000000
     3  C    2.410914   1.388268   0.000000
     4  C    2.823231   2.452514   1.428198   0.000000
     5  C    2.446354   2.831902   2.457986   1.429265   0.000000
     6  C    1.414809   2.425653   2.781943   2.420303   1.381495
     7  O    4.194412   3.648036   2.552574   1.997354   2.899737
     8  H    2.157948   3.401549   3.867612   3.406623   2.133520
     9  O    3.646637   2.378492   1.349111   2.382730   3.677379
    10  H    3.885026   3.459617   2.678506   2.363089   2.966708
    11  H    4.196949   3.075777   1.845118   2.345455   3.725257
    12  H    3.842464   3.375412   2.159763   1.082627   2.163066
    13  C    1.506293   2.524621   3.797152   4.329313   3.812311
    14  H    2.160427   2.630245   4.015125   4.849877   4.604308
    15  H    2.157245   3.230741   4.417880   4.823623   4.162801
    16  H    2.155582   3.268821   4.452793   4.826365   4.136736
    17  H    2.166068   1.083580   2.132960   3.424797   3.915064
    18  C    3.837938   4.335304   3.828832   2.523016   1.503862
    19  H    4.446118   4.820922   4.185627   2.850728   2.155122
    20  H    4.066713   4.860055   4.615913   3.443662   2.159615
    21  H    4.486646   4.823260   4.138643   2.781932   2.142032
                    6          7          8          9         10
     6  C    0.000000
     7  O    3.857305   0.000000
     8  H    1.085856   4.734613   0.000000
     9  O    4.127657   2.744954   5.213015   0.000000
    10  H    3.638942   0.968676   4.455344   3.033028   0.000000
    11  H    4.424699   2.057131   5.488391   0.977071   2.522580
    12  H    3.356081   2.143602   4.259055   2.645238   2.859857
    13  C    2.528293   5.600374   2.709538   4.901418   5.163858
    14  H    3.441571   6.032055   3.770584   4.897202   5.592639
    15  H    2.849996   5.826531   2.782880   5.527607   5.241653
    16  H    2.824582   6.323674   2.727752   5.610165   5.978187
    17  H    3.418703   4.385939   4.309591   2.606719   4.149796
    18  C    2.530119   3.502062   2.737956   4.904751   3.696092
    19  H    3.230469   4.006806   3.467437   5.149719   4.411800
    20  H    2.653909   4.415329   2.405694   5.796471   4.442818
    21  H    3.264941   3.072229   3.532069   5.043121   3.287433
                   11         12         13         14         15
    11  H    0.000000
    12  H    2.383293   0.000000
    13  C    5.541963   5.342659   0.000000
    14  H    5.646824   5.838019   1.090958   0.000000
    15  H    6.056619   5.883158   1.095030   1.768777   0.000000
    16  H    6.274097   5.758477   1.094792   1.769361   1.759817
    17  H    3.444586   4.260284   2.754514   2.406018   3.478897
    18  C    4.750884   2.731211   5.055832   5.955139   5.270392
    19  H    5.001712   2.698393   5.688470   6.543811   6.051102
    20  H    5.714430   3.787063   5.034960   6.038428   5.109641
    21  H    4.685235   2.849233   5.752716   6.613284   5.858238
                   16         17         18         19         20
    16  H    0.000000
    17  H    3.554655   0.000000
    18  C    5.216717   5.418418   0.000000
    19  H    5.726361   5.885030   1.095647   0.000000
    20  H    5.061411   5.928231   1.091316   1.769956   0.000000
    21  H    6.055781   5.880059   1.093691   1.760307   1.776769
                   21
    21  H    0.000000
 Symmetry turned off by external request.
 Stoichiometry    C8H11O2(2)
 Framework group  C1[X(C8H11O2)]
 Deg. of freedom    57
 Full point group                 C1      NOp   1
 Rotational constants (GHZ):           1.6017342           1.2115072           0.7638566
 Standard basis: 6-311G(d,p) (5D, 7F)
   246 basis functions,   408 primitive gaussians,   256 cartesian basis functions
    38 alpha electrons       37 beta electrons
       nuclear repulsion energy       522.6130014009 Hartrees.
 NAtoms=   21 NActive=   21 NUniq=   21 SFac= 1.00D+00 NAtFMM=   60 NAOKFM=F Big=F
 Integral buffers will be    131072 words long.
 Raffenetti 2 integral format.
 Two-electron integral symmetry is turned off.
 One-electron integrals computed using PRISM.
 NBasis=   246 RedAO= T EigKep=  2.12D-04  NBF=   246
 NBsUse=   246 1.00D-06 EigRej= -1.00D+00 NBFU=   246
 Initial guess from the checkpoint file:  "SR-11-ts-P2.chk"
 B after Tr=    -0.000030    0.000005   -0.000256
         Rot=    1.000000    0.000004   -0.000008    0.000015 Ang=   0.00 deg.
 Initial guess <Sx>= 0.0000 <Sy>= 0.0000 <Sz>= 0.5000 <S**2>= 0.7720 S= 0.5110
 ExpMin= 1.03D-01 ExpMax= 8.59D+03 ExpMxC= 1.30D+03 IAcc=2 IRadAn=         4 AccDes= 0.00D+00
 Harris functional with IExCor=  402 and IRadAn=       4 diagonalized for initial guess.
 HarFok:  IExCor=  402 AccDes= 0.00D+00 IRadAn=         4 IDoV= 1 UseB2=F ITyADJ=14
 ICtDFT=  3500011 ScaDFX=  1.000000  1.000000  1.000000  1.000000
 FoFCou: FMM=F IPFlag=           0 FMFlag=      100000 FMFlg1=           0
         NFxFlg=           0 DoJE=T BraDBF=F KetDBF=T FulRan=T
         wScrn=  0.000000 ICntrl=       500 IOpCl=  0 I1Cent=   200000004 NGrid=           0
         NMat0=    1 NMatS0=      1 NMatT0=    0 NMatD0=    1 NMtDS0=    0 NMtDT0=    0
 Symmetry not used in FoFCou.
 Requested convergence on RMS density matrix=1.00D-08 within 128 cycles.
 Requested convergence on MAX density matrix=1.00D-06.
 Requested convergence on             energy=1.00D-06.
 No special actions if energy rises.
 Integral accuracy reduced to 1.0D-05 until final iterations.
 Initial convergence to 1.0D-05 achieved.  Increase integral accuracy.
 SCF Done:  E(UB3LYP) =  -461.978828203     A.U. after   15 cycles
            NFock= 15  Conv=0.69D-08     -V/T= 2.0039
 <Sx>= 0.0000 <Sy>= 0.0000 <Sz>= 0.5000 <S**2>= 0.7735 S= 0.5117
 <L.S>= 0.000000000000E+00
 Annihilation of the first spin contaminant:
 S**2 before annihilation     0.7735,   after     0.7503
 DoSCS=F DFT=T ScalE2(SS,OS)=  1.000000  1.000000
 Range of M.O.s used for correlation:     1   246
 NBasis=   246 NAE=    38 NBE=    37 NFC=     0 NFV=     0
 NROrb=    246 NOA=    38 NOB=    37 NVA=   208 NVB=   209

 **** Warning!!: The largest alpha MO coefficient is  0.11225460D+02


 **** Warning!!: The largest beta MO coefficient is  0.11166638D+02

 Symmetrizing basis deriv contribution to polar:
 IMax=3 JMax=2 DiffMx= 0.00D+00
 G2DrvN: will do    22 centers at a time, making    1 passes.
 Calling FoFCou, ICntrl=  3107 FMM=F I1Cent=   0 AccDes= 0.00D+00.
 End of G2Drv F.D. properties file   721 does not exist.
 End of G2Drv F.D. properties file   722 does not exist.
 End of G2Drv F.D. properties file   788 does not exist.
          IDoAtm=111111111111111111111
          Differentiating once with respect to nuclear coordinates.
 Keep R1 and R2 ints in memory in canonical form, NReq=955570748.
          There are    66 degrees of freedom in the 1st order CPHF.  IDoFFX=6 NUNeed=     0.
     60 vectors produced by pass  0 Test12= 2.37D-14 1.52D-09 XBig12= 3.43D-01 2.56D-01.
 AX will form    60 AO Fock derivatives at one time.
     60 vectors produced by pass  1 Test12= 2.37D-14 1.52D-09 XBig12= 5.27D-02 5.93D-02.
     60 vectors produced by pass  2 Test12= 2.37D-14 1.52D-09 XBig12= 1.45D-03 8.53D-03.
     60 vectors produced by pass  3 Test12= 2.37D-14 1.52D-09 XBig12= 1.44D-05 5.71D-04.
     60 vectors produced by pass  4 Test12= 2.37D-14 1.52D-09 XBig12= 8.81D-08 2.83D-05.
     60 vectors produced by pass  5 Test12= 2.37D-14 1.52D-09 XBig12= 5.32D-10 2.06D-06.
     42 vectors produced by pass  6 Test12= 2.37D-14 1.52D-09 XBig12= 2.62D-12 1.43D-07.
     11 vectors produced by pass  7 Test12= 2.37D-14 1.52D-09 XBig12= 1.10D-14 8.40D-09.
 InvSVY:  IOpt=1 It=  1 EMax= 7.77D-16
 Solved reduced A of dimension   413 with    66 vectors.
 End of Minotr F.D. properties file   721 does not exist.
 End of Minotr F.D. properties file   722 does not exist.
 End of Minotr F.D. properties file   788 does not exist.
 Calling FoFJK, ICntrl=    100147 FMM=F ISym2X=0 I1Cent= 0 IOpClX= 1 NMat=1 NMatS=1 NMatT=0.
 -------------------------------------------------------------------
 Center     Atomic                   Forces (Hartrees/Bohr)
 Number     Number              X              Y              Z
 -------------------------------------------------------------------
      1        6           0.000052865   -0.000026115   -0.000013391
      2        6           0.000102157   -0.000155799   -0.000118535
      3        6          -0.000104563   -0.000414913    0.000266387
      4        6           0.001334957   -0.000448114    0.001662838
      5        6           0.000327267   -0.000070951    0.000686306
      6        6           0.000378129   -0.000092771    0.000058100
      7        8          -0.002350688    0.001693405   -0.002305676
      8        1           0.000030915   -0.000000342   -0.000037365
      9        8           0.000026067   -0.000417297   -0.000084362
     10        1          -0.000065655    0.000081661   -0.000105323
     11        1          -0.000003041   -0.000043737   -0.000027414
     12        1          -0.000156241   -0.000037479   -0.000076513
     13        6           0.000079574    0.000085611   -0.000103689
     14        1          -0.000000763    0.000009539   -0.000019587
     15        1           0.000001726   -0.000002183   -0.000003515
     16        1           0.000006606    0.000017310   -0.000003268
     17        1          -0.000008454   -0.000006916   -0.000037283
     18        6           0.000279540   -0.000144431    0.000238098
     19        1           0.000018099   -0.000032733    0.000010394
     20        1           0.000019980   -0.000010512    0.000003552
     21        1           0.000031522    0.000016765    0.000010247
 -------------------------------------------------------------------
 Cartesian Forces:  Max     0.002350688 RMS     0.000562429
 IRC-IRC-IRC-IRC-IRC-IRC-IRC-IRC-IRC-IRC-IRC-IRC-IRC-IRC-IRC-IRC-IRC-IRC
 Pt  4 Step number   1 out of a maximum of  20
 Modified Bulirsch-Stoer Extrapolation Cycles:
    EPS =    0.000010000000000
      PEZero:  N= 2 I= 1 D=  7.75D-04 Err=  2.41D-05
      PEZero:  N= 3 I= 2 D=  7.75D-04 Err=  1.60D-05
      PEZero:  N= 3 I= 1 D=  1.55D-03 Err=  4.98D-08
 Maximum DWI energy   std dev =  0.000000392 at pt    45
 Maximum DWI gradient std dev =  0.023394040 at pt    23
 CORRECTOR INTEGRATION CONVERGENCE:
   Recorrection delta-x convergence threshold:    0.010000
   Delta-x Convergence Met
 Point Number:   4          Path Number:   1
   CHANGE IN THE REACTION COORDINATE =    0.14874
   NET REACTION COORDINATE UP TO THIS POINT =    0.59328
  # OF POINTS ALONG THE PATH =   4
  # OF STEPS =   1

 Calculating another point on the path.
 IRC-IRC-IRC-IRC-IRC-IRC-IRC-IRC-IRC-IRC-IRC-IRC-IRC-IRC-IRC-IRC-IRC-IRC
                          Input orientation:                          
 ---------------------------------------------------------------------
 Center     Atomic      Atomic             Coordinates (Angstroms)
 Number     Number       Type             X           Y           Z
 ---------------------------------------------------------------------
      1          6           0       -1.720485   -0.095659    0.069516
      2          6           0       -0.942135   -1.236770   -0.137842
      3          6           0        0.421816   -1.115093   -0.359660
      4          6           0        1.055393    0.167129   -0.400369
      5          6           0        0.249747    1.332490   -0.189039
      6          6           0       -1.098866    1.175689    0.063470
      7          8           0        2.346196   -0.217108    1.038250
      8          1           0       -1.711500    2.056101    0.233084
      9          8           0        1.204293   -2.209383   -0.460402
     10          1           0        1.746706   -0.259600    1.797789
     11          1           0        2.055376   -1.924169   -0.074712
     12          1           0        1.947485    0.270091   -1.006096
     13          6           0       -3.198711   -0.207195    0.335785
     14          1           0       -3.539654   -1.241900    0.277793
     15          1           0       -3.449800    0.176903    1.330088
     16          1           0       -3.772606    0.380858   -0.387772
     17          1           0       -1.376456   -2.228476   -0.092260
     18          6           0        0.906920    2.683190   -0.256733
     19          1           0        1.306075    2.876532   -1.258737
     20          1           0        0.207563    3.484107   -0.010925
     21          1           0        1.750785    2.726206    0.437725
 ---------------------------------------------------------------------
                    Distance matrix (angstroms):
                    1          2          3          4          5
     1  C    0.000000
     2  C    1.396767   0.000000
     3  C    2.410994   1.387218   0.000000
     4  C    2.827605   2.455600   1.430794   0.000000
     5  C    2.447095   2.832720   2.459550   1.432408   0.000000
     6  C    1.415194   2.425912   2.781941   2.423463   1.380979
     7  O    4.182235   3.638135   2.542394   1.970643   2.881422
     8  H    2.157986   3.401838   3.867668   3.409571   2.132672
     9  O    3.647324   2.378482   1.349033   2.381929   3.678269
    10  H    3.877527   3.454185   2.672412   2.343482   2.953493
    11  H    4.197782   3.075968   1.845079   2.340843   3.725479
    12  H    3.839885   3.372595   2.159694   1.083206   2.163005
    13  C    1.506151   2.525169   3.796859   4.333525   3.812864
    14  H    2.160237   2.630567   4.014433   4.853836   4.604886
    15  H    2.157281   3.231357   4.417456   4.826110   4.162905
    16  H    2.155779   3.269671   4.453295   4.832744   4.138167
    17  H    2.166434   1.083602   2.131879   3.427498   3.915914
    18  C    3.838189   4.335807   3.830519   2.524527   1.503611
    19  H    4.445024   4.819762   4.186087   2.853156   2.155028
    20  H    4.066764   4.860514   4.617377   3.445697   2.159389
    21  H    4.488677   4.825793   4.142169   2.781159   2.142053
                    6          7          8          9         10
     6  C    0.000000
     7  O    3.841683   0.000000
     8  H    1.085916   4.720240   0.000000
     9  O    4.127675   2.742090   5.213168   0.000000
    10  H    3.628387   0.968552   4.446342   3.032374   0.000000
    11  H    4.424642   2.058475   5.488774   0.976957   2.524347
    12  H    3.353257   2.139085   4.256004   2.645355   2.860534
    13  C    2.529006   5.589235   2.710138   4.901950   5.157262
    14  H    3.442110   6.022601   3.771068   4.897550   5.587566
    15  H    2.851102   5.816698   2.785047   5.528182   5.235738
    16  H    2.825644   6.311168   2.727647   5.611074   5.970734
    17  H    3.419013   4.379702   4.309954   2.606944   4.147638
    18  C    2.529479   3.487151   2.736656   4.905831   3.685961
    19  H    3.228752   3.991066   3.464736   5.149197   4.401344
    20  H    2.653504   4.401536   2.404484   5.797528   4.433480
    21  H    3.265682   3.062392   3.532469   5.046318   3.280980
                   11         12         13         14         15
    11  H    0.000000
    12  H    2.386188   0.000000
    13  C    5.542737   5.339642   0.000000
    14  H    5.647487   5.834653   1.090972   0.000000
    15  H    6.057634   5.881932   1.095088   1.768729   0.000000
    16  H    6.275072   5.754480   1.094849   1.769346   1.759785
    17  H    3.445342   4.257524   2.754889   2.406179   3.479609
    18  C    4.751825   2.732648   5.055848   5.955171   5.270719
    19  H    5.001009   2.696065   5.687263   6.542438   6.050484
    20  H    5.715587   3.787822   5.034741   6.038223   5.110011
    21  H    4.688428   2.855838   5.754367   6.615148   5.860149
                   16         17         18         19         20
    16  H    0.000000
    17  H    3.554924   0.000000
    18  C    5.216883   5.418977   0.000000
    19  H    5.725380   5.883684   1.095773   0.000000
    20  H    5.061019   5.928688   1.091326   1.770004   0.000000
    21  H    6.057223   5.882975   1.093723   1.760213   1.776861
                   21
    21  H    0.000000
 Symmetry turned off by external request.
 Stoichiometry    C8H11O2(2)
 Framework group  C1[X(C8H11O2)]
 Deg. of freedom    57
 Full point group                 C1      NOp   1
 Rotational constants (GHZ):           1.6035391           1.2148868           0.7645271
 Standard basis: 6-311G(d,p) (5D, 7F)
   246 basis functions,   408 primitive gaussians,   256 cartesian basis functions
    38 alpha electrons       37 beta electrons
       nuclear repulsion energy       522.9440024723 Hartrees.
 NAtoms=   21 NActive=   21 NUniq=   21 SFac= 1.00D+00 NAtFMM=   60 NAOKFM=F Big=F
 Integral buffers will be    131072 words long.
 Raffenetti 2 integral format.
 Two-electron integral symmetry is turned off.
 One-electron integrals computed using PRISM.
 NBasis=   246 RedAO= T EigKep=  2.17D-04  NBF=   246
 NBsUse=   246 1.00D-06 EigRej= -1.00D+00 NBFU=   246
 Initial guess from the checkpoint file:  "SR-11-ts-P2.chk"
 B after Tr=    -0.000040    0.000007   -0.000263
         Rot=    1.000000    0.000008   -0.000010    0.000013 Ang=   0.00 deg.
 Initial guess <Sx>= 0.0000 <Sy>= 0.0000 <Sz>= 0.5000 <S**2>= 0.7734 S= 0.5116
 ExpMin= 1.03D-01 ExpMax= 8.59D+03 ExpMxC= 1.30D+03 IAcc=2 IRadAn=         4 AccDes= 0.00D+00
 Harris functional with IExCor=  402 and IRadAn=       4 diagonalized for initial guess.
 HarFok:  IExCor=  402 AccDes= 0.00D+00 IRadAn=         4 IDoV= 1 UseB2=F ITyADJ=14
 ICtDFT=  3500011 ScaDFX=  1.000000  1.000000  1.000000  1.000000
 FoFCou: FMM=F IPFlag=           0 FMFlag=      100000 FMFlg1=           0
         NFxFlg=           0 DoJE=T BraDBF=F KetDBF=T FulRan=T
         wScrn=  0.000000 ICntrl=       500 IOpCl=  0 I1Cent=   200000004 NGrid=           0
         NMat0=    1 NMatS0=      1 NMatT0=    0 NMatD0=    1 NMtDS0=    0 NMtDT0=    0
 Symmetry not used in FoFCou.
 Requested convergence on RMS density matrix=1.00D-08 within 128 cycles.
 Requested convergence on MAX density matrix=1.00D-06.
 Requested convergence on             energy=1.00D-06.
 No special actions if energy rises.
 Integral accuracy reduced to 1.0D-05 until final iterations.
 Initial convergence to 1.0D-05 achieved.  Increase integral accuracy.
 SCF Done:  E(UB3LYP) =  -461.979046517     A.U. after   16 cycles
            NFock= 16  Conv=0.25D-08     -V/T= 2.0039
 <Sx>= 0.0000 <Sy>= 0.0000 <Sz>= 0.5000 <S**2>= 0.7747 S= 0.5123
 <L.S>= 0.000000000000E+00
 Annihilation of the first spin contaminant:
 S**2 before annihilation     0.7747,   after     0.7504
 DoSCS=F DFT=T ScalE2(SS,OS)=  1.000000  1.000000
 Range of M.O.s used for correlation:     1   246
 NBasis=   246 NAE=    38 NBE=    37 NFC=     0 NFV=     0
 NROrb=    246 NOA=    38 NOB=    37 NVA=   208 NVB=   209

 **** Warning!!: The largest alpha MO coefficient is  0.11254937D+02


 **** Warning!!: The largest beta MO coefficient is  0.11278816D+02

 Symmetrizing basis deriv contribution to polar:
 IMax=3 JMax=2 DiffMx= 0.00D+00
 G2DrvN: will do    22 centers at a time, making    1 passes.
 Calling FoFCou, ICntrl=  3107 FMM=F I1Cent=   0 AccDes= 0.00D+00.
 End of G2Drv F.D. properties file   721 does not exist.
 End of G2Drv F.D. properties file   722 does not exist.
 End of G2Drv F.D. properties file   788 does not exist.
          IDoAtm=111111111111111111111
          Differentiating once with respect to nuclear coordinates.
 Keep R1 and R2 ints in memory in canonical form, NReq=955570748.
          There are    66 degrees of freedom in the 1st order CPHF.  IDoFFX=6 NUNeed=     0.
     60 vectors produced by pass  0 Test12= 2.37D-14 1.52D-09 XBig12= 3.46D-01 2.59D-01.
 AX will form    60 AO Fock derivatives at one time.
     60 vectors produced by pass  1 Test12= 2.37D-14 1.52D-09 XBig12= 5.14D-02 5.99D-02.
     60 vectors produced by pass  2 Test12= 2.37D-14 1.52D-09 XBig12= 1.48D-03 9.12D-03.
     60 vectors produced by pass  3 Test12= 2.37D-14 1.52D-09 XBig12= 1.46D-05 5.74D-04.
     60 vectors produced by pass  4 Test12= 2.37D-14 1.52D-09 XBig12= 8.86D-08 3.01D-05.
     60 vectors produced by pass  5 Test12= 2.37D-14 1.52D-09 XBig12= 5.56D-10 2.10D-06.
     43 vectors produced by pass  6 Test12= 2.37D-14 1.52D-09 XBig12= 2.67D-12 1.36D-07.
     12 vectors produced by pass  7 Test12= 2.37D-14 1.52D-09 XBig12= 1.11D-14 7.82D-09.
 InvSVY:  IOpt=1 It=  1 EMax= 1.39D-15
 Solved reduced A of dimension   415 with    66 vectors.
 End of Minotr F.D. properties file   721 does not exist.
 End of Minotr F.D. properties file   722 does not exist.
 End of Minotr F.D. properties file   788 does not exist.
 Calling FoFJK, ICntrl=    100147 FMM=F ISym2X=0 I1Cent= 0 IOpClX= 1 NMat=1 NMatS=1 NMatT=0.
 -------------------------------------------------------------------
 Center     Atomic                   Forces (Hartrees/Bohr)
 Number     Number              X              Y              Z
 -------------------------------------------------------------------
      1        6           0.000064337   -0.000031150   -0.000026731
      2        6           0.000144258   -0.000212153   -0.000181711
      3        6          -0.000126730   -0.000591173    0.000406125
      4        6           0.002003684   -0.000654392    0.002600811
      5        6           0.000492910   -0.000097104    0.001012974
      6        6           0.000533647   -0.000125005    0.000036659
      7        8          -0.003440825    0.002386737   -0.003451224
      8        1           0.000042947    0.000001340   -0.000064613
      9        8           0.000024851   -0.000615247   -0.000135228
     10        1          -0.000096878    0.000113474   -0.000150111
     11        1          -0.000001498   -0.000062507   -0.000039293
     12        1          -0.000193795   -0.000051265   -0.000125852
     13        6           0.000100599    0.000116056   -0.000132902
     14        1          -0.000000610    0.000012476   -0.000024924
     15        1           0.000001848   -0.000002907   -0.000004417
     16        1           0.000006699    0.000022198   -0.000003416
     17        1          -0.000011262   -0.000009923   -0.000056472
     18        6           0.000366696   -0.000172043    0.000315781
     19        1           0.000023676   -0.000046851    0.000012745
     20        1           0.000024049   -0.000012319   -0.000001069
     21        1           0.000041397    0.000031756    0.000012867
 -------------------------------------------------------------------
 Cartesian Forces:  Max     0.003451224 RMS     0.000832813
 IRC-IRC-IRC-IRC-IRC-IRC-IRC-IRC-IRC-IRC-IRC-IRC-IRC-IRC-IRC-IRC-IRC-IRC
 Pt  5 Step number   1 out of a maximum of  20
 Modified Bulirsch-Stoer Extrapolation Cycles:
    EPS =    0.000010000000000
      PEZero:  N= 2 I= 1 D=  7.75D-04 Err=  2.00D-05
      PEZero:  N= 3 I= 2 D=  7.75D-04 Err=  1.33D-05
      PEZero:  N= 3 I= 1 D=  1.55D-03 Err=  3.42D-08
 Maximum DWI energy   std dev =  0.000000417 at pt    45
 Maximum DWI gradient std dev =  0.015482646 at pt    23
 CORRECTOR INTEGRATION CONVERGENCE:
   Recorrection delta-x convergence threshold:    0.010000
   Delta-x Convergence Met
 Point Number:   5          Path Number:   1
   CHANGE IN THE REACTION COORDINATE =    0.14875
   NET REACTION COORDINATE UP TO THIS POINT =    0.74203
  # OF POINTS ALONG THE PATH =   5
  # OF STEPS =   1

 Calculating another point on the path.
 IRC-IRC-IRC-IRC-IRC-IRC-IRC-IRC-IRC-IRC-IRC-IRC-IRC-IRC-IRC-IRC-IRC-IRC
                          Input orientation:                          
 ---------------------------------------------------------------------
 Center     Atomic      Atomic             Coordinates (Angstroms)
 Number     Number       Type             X           Y           Z
 ---------------------------------------------------------------------
      1          6           0       -1.720224   -0.095777    0.069397
      2          6           0       -0.941702   -1.237511   -0.138511
      3          6           0        0.421579   -1.117224   -0.358138
      4          6           0        1.062470    0.164754   -0.390276
      5          6           0        0.251749    1.332023   -0.185304
      6          6           0       -1.096976    1.175239    0.063536
      7          8           0        2.336665   -0.210588    1.028549
      8          1           0       -1.709725    2.056247    0.230044
      9          8           0        1.204274   -2.211130   -0.460821
     10          1           0        1.742100   -0.254747    1.791700
     11          1           0        2.055758   -1.926371   -0.076107
     12          1           0        1.942834    0.268173   -1.013997
     13          6           0       -3.198386   -0.206785    0.335329
     14          1           0       -3.539653   -1.241370    0.276776
     15          1           0       -3.449693    0.176776    1.329857
     16          1           0       -3.772326    0.381771   -0.387879
     17          1           0       -1.376933   -2.228929   -0.094788
     18          6           0        0.908200    2.682645   -0.255618
     19          1           0        1.307013    2.874473   -1.258199
     20          1           0        0.208522    3.483694   -0.011104
     21          1           0        1.752496    2.727611    0.438255
 ---------------------------------------------------------------------
                    Distance matrix (angstroms):
                    1          2          3          4          5
     1  C    0.000000
     2  C    1.397454   0.000000
     3  C    2.411112   1.386088   0.000000
     4  C    2.832412   2.458950   1.433611   0.000000
     5  C    2.447889   2.833552   2.461204   1.435897   0.000000
     6  C    1.415611   2.426168   2.781943   2.426980   1.380421
     7  O    4.170312   3.628263   2.532280   1.943585   2.863558
     8  H    2.158037   3.402136   3.867730   3.412859   2.131758
     9  O    3.648087   2.378452   1.348995   2.381157   3.679286
    10  H    3.870308   3.448816   2.666354   2.323554   2.940668
    11  H    4.198844   3.076230   1.845210   2.336263   3.726057
    12  H    3.837212   3.369586   2.159558   1.083866   2.162933
    13  C    1.505990   2.525776   3.796571   4.338138   3.813452
    14  H    2.160025   2.630936   4.013712   4.858155   4.605496
    15  H    2.157339   3.232079   4.417071   4.828935   4.163049
    16  H    2.155986   3.270579   4.453842   4.839664   4.139709
    17  H    2.166828   1.083628   2.130702   3.430411   3.916781
    18  C    3.838473   4.336297   3.832273   2.526204   1.503347
    19  H    4.443992   4.818592   4.186615   2.855813   2.154957
    20  H    4.066836   4.860969   4.618904   3.447951   2.159144
    21  H    4.490809   4.828411   4.145882   2.780439   2.142133
                    6          7          8          9         10
     6  C    0.000000
     7  O    3.826442   0.000000
     8  H    1.085984   4.706318   0.000000
     9  O    4.127736   2.739106   5.213367   0.000000
    10  H    3.618254   0.968431   4.437855   3.031591   0.000000
    11  H    4.424841   2.059875   5.489430   0.976790   2.526146
    12  H    3.350268   2.134551   4.252768   2.645453   2.861062
    13  C    2.529780   5.578294   2.710813   4.902517   5.150895
    14  H    3.442693   6.013218   3.771616   4.897890   5.582591
    15  H    2.852328   5.807132   2.787380   5.528837   5.230126
    16  H    2.826811   6.298962   2.727639   5.612041   5.963607
    17  H    3.419328   4.373375   4.310336   2.607092   4.145431
    18  C    2.528807   3.472808   2.735283   4.907016   3.676299
    19  H    3.227003   3.975802   3.461946   5.148760   4.391265
    20  H    2.653085   4.388347   2.403212   5.798689   4.424693
    21  H    3.266461   3.053312   3.532854   5.049758   3.275116
                   11         12         13         14         15
    11  H    0.000000
    12  H    2.389228   0.000000
    13  C    5.543671   5.336517   0.000000
    14  H    5.648219   5.831164   1.090989   0.000000
    15  H    6.058875   5.880592   1.095153   1.768675   0.000000
    16  H    6.276248   5.750477   1.094913   1.769319   1.759753
    17  H    3.446050   4.254565   2.755315   2.406385   3.480427
    18  C    4.753119   2.734096   5.055895   5.955227   5.271085
    19  H    5.000606   2.693827   5.686133   6.541137   6.049947
    20  H    5.717107   3.788563   5.034548   6.038039   5.110422
    21  H    4.692130   2.862534   5.756085   6.617078   5.862123
                   16         17         18         19         20
    16  H    0.000000
    17  H    3.555216   0.000000
    18  C    5.217167   5.419526   0.000000
    19  H    5.724570   5.882330   1.095909   0.000000
    20  H    5.060734   5.929143   1.091337   1.770050   0.000000
    21  H    6.058805   5.885980   1.093763   1.760107   1.776919
                   21
    21  H    0.000000
 Symmetry turned off by external request.
 Stoichiometry    C8H11O2(2)
 Framework group  C1[X(C8H11O2)]
 Deg. of freedom    57
 Full point group                 C1      NOp   1
 Rotational constants (GHZ):           1.6052671           1.2181774           0.7651428
 Standard basis: 6-311G(d,p) (5D, 7F)
   246 basis functions,   408 primitive gaussians,   256 cartesian basis functions
    38 alpha electrons       37 beta electrons
       nuclear repulsion energy       523.2679671370 Hartrees.
 NAtoms=   21 NActive=   21 NUniq=   21 SFac= 1.00D+00 NAtFMM=   60 NAOKFM=F Big=F
 Integral buffers will be    131072 words long.
 Raffenetti 2 integral format.
 Two-electron integral symmetry is turned off.
 One-electron integrals computed using PRISM.
 NBasis=   246 RedAO= T EigKep=  2.22D-04  NBF=   246
 NBsUse=   246 1.00D-06 EigRej= -1.00D+00 NBFU=   246
 Initial guess from the checkpoint file:  "SR-11-ts-P2.chk"
 B after Tr=    -0.000048    0.000007   -0.000268
         Rot=    1.000000    0.000010   -0.000011    0.000012 Ang=   0.00 deg.
 Initial guess <Sx>= 0.0000 <Sy>= 0.0000 <Sz>= 0.5000 <S**2>= 0.7746 S= 0.5122
 ExpMin= 1.03D-01 ExpMax= 8.59D+03 ExpMxC= 1.30D+03 IAcc=2 IRadAn=         4 AccDes= 0.00D+00
 Harris functional with IExCor=  402 and IRadAn=       4 diagonalized for initial guess.
 HarFok:  IExCor=  402 AccDes= 0.00D+00 IRadAn=         4 IDoV= 1 UseB2=F ITyADJ=14
 ICtDFT=  3500011 ScaDFX=  1.000000  1.000000  1.000000  1.000000
 FoFCou: FMM=F IPFlag=           0 FMFlag=      100000 FMFlg1=           0
         NFxFlg=           0 DoJE=T BraDBF=F KetDBF=T FulRan=T
         wScrn=  0.000000 ICntrl=       500 IOpCl=  0 I1Cent=   200000004 NGrid=           0
         NMat0=    1 NMatS0=      1 NMatT0=    0 NMatD0=    1 NMtDS0=    0 NMtDT0=    0
 Symmetry not used in FoFCou.
 Requested convergence on RMS density matrix=1.00D-08 within 128 cycles.
 Requested convergence on MAX density matrix=1.00D-06.
 Requested convergence on             energy=1.00D-06.
 No special actions if energy rises.
 Integral accuracy reduced to 1.0D-05 until final iterations.
 Initial convergence to 1.0D-05 achieved.  Increase integral accuracy.
 SCF Done:  E(UB3LYP) =  -461.979359765     A.U. after   16 cycles
            NFock= 16  Conv=0.26D-08     -V/T= 2.0039
 <Sx>= 0.0000 <Sy>= 0.0000 <Sz>= 0.5000 <S**2>= 0.7758 S= 0.5128
 <L.S>= 0.000000000000E+00
 Annihilation of the first spin contaminant:
 S**2 before annihilation     0.7758,   after     0.7504
 DoSCS=F DFT=T ScalE2(SS,OS)=  1.000000  1.000000
 Range of M.O.s used for correlation:     1   246
 NBasis=   246 NAE=    38 NBE=    37 NFC=     0 NFV=     0
 NROrb=    246 NOA=    38 NOB=    37 NVA=   208 NVB=   209

 **** Warning!!: The largest alpha MO coefficient is  0.11313922D+02


 **** Warning!!: The largest beta MO coefficient is  0.11364555D+02

 Symmetrizing basis deriv contribution to polar:
 IMax=3 JMax=2 DiffMx= 0.00D+00
 G2DrvN: will do    22 centers at a time, making    1 passes.
 Calling FoFCou, ICntrl=  3107 FMM=F I1Cent=   0 AccDes= 0.00D+00.
 End of G2Drv F.D. properties file   721 does not exist.
 End of G2Drv F.D. properties file   722 does not exist.
 End of G2Drv F.D. properties file   788 does not exist.
          IDoAtm=111111111111111111111
          Differentiating once with respect to nuclear coordinates.
 Keep R1 and R2 ints in memory in canonical form, NReq=955570748.
          There are    66 degrees of freedom in the 1st order CPHF.  IDoFFX=6 NUNeed=     0.
     60 vectors produced by pass  0 Test12= 2.37D-14 1.52D-09 XBig12= 3.48D-01 2.63D-01.
 AX will form    60 AO Fock derivatives at one time.
     60 vectors produced by pass  1 Test12= 2.37D-14 1.52D-09 XBig12= 5.04D-02 6.03D-02.
     60 vectors produced by pass  2 Test12= 2.37D-14 1.52D-09 XBig12= 1.51D-03 9.65D-03.
     60 vectors produced by pass  3 Test12= 2.37D-14 1.52D-09 XBig12= 1.48D-05 6.36D-04.
     60 vectors produced by pass  4 Test12= 2.37D-14 1.52D-09 XBig12= 8.95D-08 3.20D-05.
     60 vectors produced by pass  5 Test12= 2.37D-14 1.52D-09 XBig12= 5.79D-10 2.13D-06.
     43 vectors produced by pass  6 Test12= 2.37D-14 1.52D-09 XBig12= 2.73D-12 1.29D-07.
     12 vectors produced by pass  7 Test12= 2.37D-14 1.52D-09 XBig12= 1.13D-14 7.69D-09.
 InvSVY:  IOpt=1 It=  1 EMax= 1.55D-15
 Solved reduced A of dimension   415 with    66 vectors.
 End of Minotr F.D. properties file   721 does not exist.
 End of Minotr F.D. properties file   722 does not exist.
 End of Minotr F.D. properties file   788 does not exist.
 Calling FoFJK, ICntrl=    100147 FMM=F ISym2X=0 I1Cent= 0 IOpClX= 1 NMat=1 NMatS=1 NMatT=0.
 -------------------------------------------------------------------
 Center     Atomic                   Forces (Hartrees/Bohr)
 Number     Number              X              Y              Z
 -------------------------------------------------------------------
      1        6           0.000067205   -0.000033876   -0.000041474
      2        6           0.000198190   -0.000274765   -0.000260120
      3        6          -0.000157303   -0.000799895    0.000572396
      4        6           0.002856939   -0.000906714    0.003772121
      5        6           0.000681257   -0.000115470    0.001401494
      6        6           0.000712452   -0.000158190   -0.000005571
      7        8          -0.004743932    0.003188775   -0.004838386
      8        1           0.000056590    0.000004072   -0.000099723
      9        8           0.000022213   -0.000856985   -0.000200159
     10        1          -0.000133808    0.000150550   -0.000204691
     11        1           0.000001801   -0.000087621   -0.000055600
     12        1          -0.000238632   -0.000067415   -0.000184528
     13        6           0.000118328    0.000149198   -0.000160482
     14        1          -0.000000340    0.000015445   -0.000029961
     15        1           0.000000794   -0.000003686   -0.000005132
     16        1           0.000005324    0.000026605   -0.000003265
     17        1          -0.000013733   -0.000013267   -0.000079440
     18        6           0.000457486   -0.000192797    0.000400163
     19        1           0.000028897   -0.000062571    0.000014705
     20        1           0.000027835   -0.000013247   -0.000007174
     21        1           0.000052437    0.000051855    0.000014825
 -------------------------------------------------------------------
 Cartesian Forces:  Max     0.004838386 RMS     0.001160995
 IRC-IRC-IRC-IRC-IRC-IRC-IRC-IRC-IRC-IRC-IRC-IRC-IRC-IRC-IRC-IRC-IRC-IRC
 Pt  6 Step number   1 out of a maximum of  20
 Modified Bulirsch-Stoer Extrapolation Cycles:
    EPS =    0.000010000000000
      PEZero:  N= 2 I= 1 D=  7.75D-04 Err=  1.64D-05
      PEZero:  N= 3 I= 2 D=  7.75D-04 Err=  1.09D-05
      PEZero:  N= 3 I= 1 D=  1.55D-03 Err=  2.60D-08
 Maximum DWI energy   std dev =  0.000000413 at pt    68
 Maximum DWI gradient std dev =  0.010859830 at pt    23
 CORRECTOR INTEGRATION CONVERGENCE:
   Recorrection delta-x convergence threshold:    0.010000
   Delta-x Convergence Met
 Point Number:   6          Path Number:   1
   CHANGE IN THE REACTION COORDINATE =    0.14875
   NET REACTION COORDINATE UP TO THIS POINT =    0.89078
  # OF POINTS ALONG THE PATH =   6
  # OF STEPS =   1

 Calculating another point on the path.
 IRC-IRC-IRC-IRC-IRC-IRC-IRC-IRC-IRC-IRC-IRC-IRC-IRC-IRC-IRC-IRC-IRC-IRC
                          Input orientation:                          
 ---------------------------------------------------------------------
 Center     Atomic      Atomic             Coordinates (Angstroms)
 Number     Number       Type             X           Y           Z
 ---------------------------------------------------------------------
      1          6           0       -1.720044   -0.095867    0.069276
      2          6           0       -0.941237   -1.238206   -0.139199
      3          6           0        0.421302   -1.119315   -0.356614
      4          6           0        1.069860    0.162374   -0.379920
      5          6           0        0.253651    1.331665   -0.181604
      6          6           0       -1.095150    1.174834    0.063464
      7          8           0        2.327254   -0.204334    1.018849
      8          1           0       -1.708030    2.056444    0.226759
      9          8           0        1.204255   -2.212865   -0.461253
     10          1           0        1.737644   -0.250099    1.785595
     11          1           0        2.056203   -1.928786   -0.077642
     12          1           0        1.938059    0.266306   -1.021631
     13          6           0       -3.198110   -0.206405    0.334934
     14          1           0       -3.539640   -1.240896    0.275895
     15          1           0       -3.449667    0.176659    1.329671
     16          1           0       -3.772182    0.382552   -0.387948
     17          1           0       -1.377335   -2.229355   -0.097313
     18          6           0        0.909352    2.682203   -0.254599
     19          1           0        1.307841    2.872514   -1.257756
     20          1           0        0.209327    3.483375   -0.011421
     21          1           0        1.754074    2.729269    0.438690
 ---------------------------------------------------------------------
                    Distance matrix (angstroms):
                    1          2          3          4          5
     1  C    0.000000
     2  C    1.398192   0.000000
     3  C    2.411264   1.384889   0.000000
     4  C    2.837610   2.462535   1.436627   0.000000
     5  C    2.448726   2.834394   2.462933   1.439712   0.000000
     6  C    1.416053   2.426422   2.781944   2.430830   1.379825
     7  O    4.158615   3.618425   2.522249   1.916264   2.846087
     8  H    2.158098   3.402442   3.867793   3.416465   2.130787
     9  O    3.648927   2.378406   1.349005   2.380427   3.680428
    10  H    3.863307   3.443485   2.660329   2.303372   2.928154
    11  H    4.200145   3.076578   1.845526   2.331778   3.727002
    12  H    3.834445   3.366391   2.159339   1.084603   2.162838
    13  C    1.505813   2.526439   3.796287   4.343108   3.814069
    14  H    2.159795   2.631352   4.012969   4.862793   4.606130
    15  H    2.157420   3.232901   4.416731   4.832084   4.163238
    16  H    2.156203   3.271542   4.454425   4.847053   4.141343
    17  H    2.167250   1.083657   2.129442   3.433511   3.917663
    18  C    3.838787   4.336773   3.834076   2.528044   1.503071
    19  H    4.443015   4.817420   4.187207   2.858687   2.154909
    20  H    4.066934   4.861424   4.620481   3.450414   2.158884
    21  H    4.493034   4.831099   4.149746   2.779788   2.142273
                    6          7          8          9         10
     6  C    0.000000
     7  O    3.811524   0.000000
     8  H    1.086058   4.692764   0.000000
     9  O    4.127844   2.736060   5.213613   0.000000
    10  H    3.608447   0.968314   4.429760   3.030722   0.000000
    11  H    4.425313   2.061431   5.490370   0.976561   2.528067
    12  H    3.347120   2.129914   4.249357   2.645521   2.861355
    13  C    2.530604   5.567531   2.711554   4.903123   5.144706
    14  H    3.443315   6.003907   3.772223   4.898230   5.577688
    15  H    2.853661   5.797808   2.789857   5.529577   5.224766
    16  H    2.828071   6.287021   2.727729   5.613065   5.956737
    17  H    3.419646   4.366980   4.310737   2.607170   4.143174
    18  C    2.528112   3.458932   2.733855   4.908295   3.666994
    19  H    3.225229   3.960950   3.459080   5.148419   4.381486
    20  H    2.652664   4.375644   2.401898   5.799946   4.416315
    21  H    3.267283   3.044855   3.533238   5.053403   3.269718
                   11         12         13         14         15
    11  H    0.000000
    12  H    2.392384   0.000000
    13  C    5.544783   5.333288   0.000000
    14  H    5.649039   5.827557   1.091009   0.000000
    15  H    6.060366   5.879137   1.095226   1.768616   0.000000
    16  H    6.277630   5.746471   1.094983   1.769279   1.759722
    17  H    3.446725   4.251415   2.755791   2.406636   3.481342
    18  C    4.754765   2.735532   5.055971   5.955305   5.271499
    19  H    5.000519   2.691700   5.685068   6.539901   6.049487
    20  H    5.718987   3.789270   5.034388   6.037884   5.110883
    21  H    4.696313   2.869246   5.757871   6.619073   5.864178
                   16         17         18         19         20
    16  H    0.000000
    17  H    3.555534   0.000000
    18  C    5.217560   5.420062   0.000000
    19  H    5.723907   5.880975   1.096055   0.000000
    20  H    5.060562   5.929600   1.091351   1.770095   0.000000
    21  H    6.060521   5.889056   1.093810   1.759992   1.776941
                   21
    21  H    0.000000
 Symmetry turned off by external request.
 Stoichiometry    C8H11O2(2)
 Framework group  C1[X(C8H11O2)]
 Deg. of freedom    57
 Full point group                 C1      NOp   1
 Rotational constants (GHZ):           1.6069183           1.2213843           0.7657093
 Standard basis: 6-311G(d,p) (5D, 7F)
   246 basis functions,   408 primitive gaussians,   256 cartesian basis functions
    38 alpha electrons       37 beta electrons
       nuclear repulsion energy       523.5857280775 Hartrees.
 NAtoms=   21 NActive=   21 NUniq=   21 SFac= 1.00D+00 NAtFMM=   60 NAOKFM=F Big=F
 Integral buffers will be    131072 words long.
 Raffenetti 2 integral format.
 Two-electron integral symmetry is turned off.
 One-electron integrals computed using PRISM.
 NBasis=   246 RedAO= T EigKep=  2.27D-04  NBF=   246
 NBsUse=   246 1.00D-06 EigRej= -1.00D+00 NBFU=   246
 Initial guess from the checkpoint file:  "SR-11-ts-P2.chk"
 B after Tr=    -0.000054    0.000007   -0.000271
         Rot=    1.000000    0.000011   -0.000012    0.000011 Ang=   0.00 deg.
 Initial guess <Sx>= 0.0000 <Sy>= 0.0000 <Sz>= 0.5000 <S**2>= 0.7757 S= 0.5128
 ExpMin= 1.03D-01 ExpMax= 8.59D+03 ExpMxC= 1.30D+03 IAcc=2 IRadAn=         4 AccDes= 0.00D+00
 Harris functional with IExCor=  402 and IRadAn=       4 diagonalized for initial guess.
 HarFok:  IExCor=  402 AccDes= 0.00D+00 IRadAn=         4 IDoV= 1 UseB2=F ITyADJ=14
 ICtDFT=  3500011 ScaDFX=  1.000000  1.000000  1.000000  1.000000
 FoFCou: FMM=F IPFlag=           0 FMFlag=      100000 FMFlg1=           0
         NFxFlg=           0 DoJE=T BraDBF=F KetDBF=T FulRan=T
         wScrn=  0.000000 ICntrl=       500 IOpCl=  0 I1Cent=   200000004 NGrid=           0
         NMat0=    1 NMatS0=      1 NMatT0=    0 NMatD0=    1 NMtDS0=    0 NMtDT0=    0
 Symmetry not used in FoFCou.
 Requested convergence on RMS density matrix=1.00D-08 within 128 cycles.
 Requested convergence on MAX density matrix=1.00D-06.
 Requested convergence on             energy=1.00D-06.
 No special actions if energy rises.
 Integral accuracy reduced to 1.0D-05 until final iterations.
 Initial convergence to 1.0D-05 achieved.  Increase integral accuracy.
 SCF Done:  E(UB3LYP) =  -461.979785930     A.U. after   16 cycles
            NFock= 16  Conv=0.28D-08     -V/T= 2.0039
 <Sx>= 0.0000 <Sy>= 0.0000 <Sz>= 0.5000 <S**2>= 0.7766 S= 0.5132
 <L.S>= 0.000000000000E+00
 Annihilation of the first spin contaminant:
 S**2 before annihilation     0.7766,   after     0.7505
 DoSCS=F DFT=T ScalE2(SS,OS)=  1.000000  1.000000
 Range of M.O.s used for correlation:     1   246
 NBasis=   246 NAE=    38 NBE=    37 NFC=     0 NFV=     0
 NROrb=    246 NOA=    38 NOB=    37 NVA=   208 NVB=   209

 **** Warning!!: The largest alpha MO coefficient is  0.11350806D+02


 **** Warning!!: The largest beta MO coefficient is  0.11429015D+02

 Symmetrizing basis deriv contribution to polar:
 IMax=3 JMax=2 DiffMx= 0.00D+00
 G2DrvN: will do    22 centers at a time, making    1 passes.
 Calling FoFCou, ICntrl=  3107 FMM=F I1Cent=   0 AccDes= 0.00D+00.
 End of G2Drv F.D. properties file   721 does not exist.
 End of G2Drv F.D. properties file   722 does not exist.
 End of G2Drv F.D. properties file   788 does not exist.
          IDoAtm=111111111111111111111
          Differentiating once with respect to nuclear coordinates.
 Keep R1 and R2 ints in memory in canonical form, NReq=955570755.
          There are    66 degrees of freedom in the 1st order CPHF.  IDoFFX=6 NUNeed=     0.
     60 vectors produced by pass  0 Test12= 2.37D-14 1.52D-09 XBig12= 3.51D-01 2.67D-01.
 AX will form    60 AO Fock derivatives at one time.
     60 vectors produced by pass  1 Test12= 2.37D-14 1.52D-09 XBig12= 5.06D-02 6.07D-02.
     60 vectors produced by pass  2 Test12= 2.37D-14 1.52D-09 XBig12= 1.54D-03 1.00D-02.
     60 vectors produced by pass  3 Test12= 2.37D-14 1.52D-09 XBig12= 1.49D-05 6.96D-04.
     60 vectors produced by pass  4 Test12= 2.37D-14 1.52D-09 XBig12= 9.06D-08 3.38D-05.
     60 vectors produced by pass  5 Test12= 2.37D-14 1.52D-09 XBig12= 6.00D-10 2.14D-06.
     43 vectors produced by pass  6 Test12= 2.37D-14 1.52D-09 XBig12= 2.81D-12 1.40D-07.
     12 vectors produced by pass  7 Test12= 2.37D-14 1.52D-09 XBig12= 1.15D-14 7.72D-09.
 InvSVY:  IOpt=1 It=  1 EMax= 1.11D-15
 Solved reduced A of dimension   415 with    66 vectors.
 End of Minotr F.D. properties file   721 does not exist.
 End of Minotr F.D. properties file   722 does not exist.
 End of Minotr F.D. properties file   788 does not exist.
 Calling FoFJK, ICntrl=    100147 FMM=F ISym2X=0 I1Cent= 0 IOpClX= 1 NMat=1 NMatS=1 NMatT=0.
 -------------------------------------------------------------------
 Center     Atomic                   Forces (Hartrees/Bohr)
 Number     Number              X              Y              Z
 -------------------------------------------------------------------
      1        6           0.000060058   -0.000033003   -0.000056519
      2        6           0.000264800   -0.000342509   -0.000351867
      3        6          -0.000196120   -0.001036770    0.000763364
      4        6           0.003887021   -0.001204267    0.005154706
      5        6           0.000887576   -0.000123576    0.001848046
      6        6           0.000911300   -0.000191510   -0.000068229
      7        8          -0.006243279    0.004091416   -0.006446400
      8        1           0.000071778    0.000007736   -0.000142115
      9        8           0.000018071   -0.001144055   -0.000279728
     10        1          -0.000176175    0.000192735   -0.000268644
     11        1           0.000007611   -0.000120393   -0.000077354
     12        1          -0.000290133   -0.000085844   -0.000248949
     13        6           0.000131878    0.000184829   -0.000185715
     14        1           0.000000054    0.000018407   -0.000034654
     15        1          -0.000001674   -0.000004631   -0.000005666
     16        1           0.000002348    0.000030342   -0.000002763
     17        1          -0.000015622   -0.000016974   -0.000105893
     18        6           0.000550921   -0.000206231    0.000490699
     19        1           0.000033662   -0.000079696    0.000016335
     20        1           0.000031405   -0.000013284   -0.000014697
     21        1           0.000064522    0.000077277    0.000016042
 -------------------------------------------------------------------
 Cartesian Forces:  Max     0.006446400 RMS     0.001542744
 IRC-IRC-IRC-IRC-IRC-IRC-IRC-IRC-IRC-IRC-IRC-IRC-IRC-IRC-IRC-IRC-IRC-IRC
 Pt  7 Step number   1 out of a maximum of  20
 Modified Bulirsch-Stoer Extrapolation Cycles:
    EPS =    0.000010000000000
      PEZero:  N= 2 I= 1 D=  7.75D-04 Err=  1.30D-05
      PEZero:  N= 3 I= 2 D=  7.75D-04 Err=  8.63D-06
      PEZero:  N= 3 I= 1 D=  1.55D-03 Err=  2.04D-08
 Maximum DWI energy   std dev =  0.000000373 at pt    68
 Maximum DWI gradient std dev =  0.007943056 at pt    12
 CORRECTOR INTEGRATION CONVERGENCE:
   Recorrection delta-x convergence threshold:    0.010000
   Delta-x Convergence Met
 Point Number:   7          Path Number:   1
   CHANGE IN THE REACTION COORDINATE =    0.14876
   NET REACTION COORDINATE UP TO THIS POINT =    1.03954
  # OF POINTS ALONG THE PATH =   7
  # OF STEPS =   1

 Calculating another point on the path.
 IRC-IRC-IRC-IRC-IRC-IRC-IRC-IRC-IRC-IRC-IRC-IRC-IRC-IRC-IRC-IRC-IRC-IRC
                          Input orientation:                          
 ---------------------------------------------------------------------
 Center     Atomic      Atomic             Coordinates (Angstroms)
 Number     Number       Type             X           Y           Z
 ---------------------------------------------------------------------
      1          6           0       -1.719933   -0.095930    0.069159
      2          6           0       -0.940741   -1.238863   -0.139900
      3          6           0        0.420995   -1.121366   -0.355090
      4          6           0        1.077509    0.159982   -0.369378
      5          6           0        0.255467    1.331400   -0.177933
      6          6           0       -1.093378    1.174467    0.063281
      7          8           0        2.317939   -0.198284    1.009160
      8          1           0       -1.706395    2.056683    0.223289
      9          8           0        1.204236   -2.214601   -0.461697
     10          1           0        1.733296   -0.245597    1.779466
     11          1           0        2.056717   -1.931437   -0.079343
     12          1           0        1.933193    0.264475   -1.028927
     13          6           0       -3.197877   -0.206048    0.334588
     14          1           0       -3.539621   -1.240470    0.275124
     15          1           0       -3.449718    0.176548    1.329521
     16          1           0       -3.772156    0.383223   -0.387988
     17          1           0       -1.377671   -2.229758   -0.099833
     18          6           0        0.910402    2.681843   -0.253651
     19          1           0        1.308574    2.870641   -1.257389
     20          1           0        0.210016    3.483132   -0.011832
     21          1           0        1.755554    2.731137    0.439043
 ---------------------------------------------------------------------
                    Distance matrix (angstroms):
                    1          2          3          4          5
     1  C    0.000000
     2  C    1.398979   0.000000
     3  C    2.411447   1.383632   0.000000
     4  C    2.843148   2.466325   1.439815   0.000000
     5  C    2.449599   2.835245   2.464720   1.443823   0.000000
     6  C    1.416515   2.426673   2.781943   2.434980   1.379201
     7  O    4.147107   3.608620   2.512301   1.888753   2.828943
     8  H    2.158167   3.402757   3.867855   3.420359   2.129769
     9  O    3.649841   2.378349   1.349072   2.379753   3.681686
    10  H    3.856468   3.438171   2.654325   2.282999   2.915872
    11  H    4.201693   3.077025   1.846033   2.327445   3.728315
    12  H    3.831582   3.363018   2.159017   1.085411   2.162703
    13  C    1.505621   2.527154   3.796010   4.348387   3.814709
    14  H    2.159550   2.631810   4.012210   4.867704   4.606785
    15  H    2.157525   3.233814   4.416437   4.835527   4.163472
    16  H    2.156429   3.272555   4.455040   4.854836   4.143055
    17  H    2.167700   1.083691   2.128118   3.436775   3.918557
    18  C    3.839127   4.337235   3.835910   2.530040   1.502787
    19  H    4.442087   4.816246   4.187847   2.861753   2.154884
    20  H    4.067057   4.861880   4.622093   3.453073   2.158612
    21  H    4.495346   4.833847   4.153730   2.779232   2.142471
                    6          7          8          9         10
     6  C    0.000000
     7  O    3.796869   0.000000
     8  H    1.086139   4.679502   0.000000
     9  O    4.128004   2.733000   5.213909   0.000000
    10  H    3.598883   0.968204   4.421951   3.029802   0.000000
    11  H    4.426068   2.063224   5.491603   0.976268   2.530184
    12  H    3.343821   2.125082   4.245781   2.645552   2.861330
    13  C    2.531471   5.556918   2.712353   4.903769   5.138648
    14  H    3.443966   5.994662   3.772880   4.898573   5.572834
    15  H    2.855091   5.788696   2.792461   5.530402   5.219607
    16  H    2.829410   6.275303   2.727911   5.614142   5.950065
    17  H    3.419967   4.360537   4.311154   2.607186   4.140866
    18  C    2.527403   3.445430   2.732384   4.909662   3.657954
    19  H    3.223438   3.946437   3.456150   5.148174   4.371935
    20  H    2.652247   4.363324   2.400556   5.801294   4.408237
    21  H    3.268154   3.036910   3.533628   5.057233   3.264686
                   11         12         13         14         15
    11  H    0.000000
    12  H    2.395620   0.000000
    13  C    5.546085   5.329957   0.000000
    14  H    5.649963   5.823839   1.091034   0.000000
    15  H    6.062123   5.877563   1.095306   1.768552   0.000000
    16  H    6.279225   5.742465   1.095058   1.769228   1.759692
    17  H    3.447381   4.248086   2.756315   2.406930   3.482347
    18  C    4.756761   2.736937   5.056075   5.955405   5.271963
    19  H    5.000747   2.689693   5.684057   6.538718   6.049098
    20  H    5.721226   3.789931   5.034261   6.037759   5.111398
    21  H    4.700960   2.875920   5.759726   6.621134   5.866322
                   16         17         18         19         20
    16  H    0.000000
    17  H    3.555877   0.000000
    18  C    5.218051   5.420587   0.000000
    19  H    5.723367   5.879619   1.096209   0.000000
    20  H    5.060496   5.930060   1.091367   1.770137   0.000000
    21  H    6.062364   5.892195   1.093863   1.759868   1.776928
                   21
    21  H    0.000000
 Symmetry turned off by external request.
 Stoichiometry    C8H11O2(2)
 Framework group  C1[X(C8H11O2)]
 Deg. of freedom    57
 Full point group                 C1      NOp   1
 Rotational constants (GHZ):           1.6084948           1.2245157           0.7662328
 Standard basis: 6-311G(d,p) (5D, 7F)
   246 basis functions,   408 primitive gaussians,   256 cartesian basis functions
    38 alpha electrons       37 beta electrons
       nuclear repulsion energy       523.8985623040 Hartrees.
 NAtoms=   21 NActive=   21 NUniq=   21 SFac= 1.00D+00 NAtFMM=   60 NAOKFM=F Big=F
 Integral buffers will be    131072 words long.
 Raffenetti 2 integral format.
 Two-electron integral symmetry is turned off.
 One-electron integrals computed using PRISM.
 NBasis=   246 RedAO= T EigKep=  2.32D-04  NBF=   246
 NBsUse=   246 1.00D-06 EigRej= -1.00D+00 NBFU=   246
 Initial guess from the checkpoint file:  "SR-11-ts-P2.chk"
 B after Tr=    -0.000059    0.000006   -0.000272
         Rot=    1.000000    0.000012   -0.000012    0.000010 Ang=   0.00 deg.
 Initial guess <Sx>= 0.0000 <Sy>= 0.0000 <Sz>= 0.5000 <S**2>= 0.7765 S= 0.5131
 ExpMin= 1.03D-01 ExpMax= 8.59D+03 ExpMxC= 1.30D+03 IAcc=2 IRadAn=         4 AccDes= 0.00D+00
 Harris functional with IExCor=  402 and IRadAn=       4 diagonalized for initial guess.
 HarFok:  IExCor=  402 AccDes= 0.00D+00 IRadAn=         4 IDoV= 1 UseB2=F ITyADJ=14
 ICtDFT=  3500011 ScaDFX=  1.000000  1.000000  1.000000  1.000000
 FoFCou: FMM=F IPFlag=           0 FMFlag=      100000 FMFlg1=           0
         NFxFlg=           0 DoJE=T BraDBF=F KetDBF=T FulRan=T
         wScrn=  0.000000 ICntrl=       500 IOpCl=  0 I1Cent=   200000004 NGrid=           0
         NMat0=    1 NMatS0=      1 NMatT0=    0 NMatD0=    1 NMtDS0=    0 NMtDT0=    0
 Symmetry not used in FoFCou.
 Requested convergence on RMS density matrix=1.00D-08 within 128 cycles.
 Requested convergence on MAX density matrix=1.00D-06.
 Requested convergence on             energy=1.00D-06.
 No special actions if energy rises.
 Integral accuracy reduced to 1.0D-05 until final iterations.
 Initial convergence to 1.0D-05 achieved.  Increase integral accuracy.
 SCF Done:  E(UB3LYP) =  -461.980340768     A.U. after   16 cycles
            NFock= 16  Conv=0.29D-08     -V/T= 2.0039
 <Sx>= 0.0000 <Sy>= 0.0000 <Sz>= 0.5000 <S**2>= 0.7771 S= 0.5135
 <L.S>= 0.000000000000E+00
 Annihilation of the first spin contaminant:
 S**2 before annihilation     0.7771,   after     0.7505
 DoSCS=F DFT=T ScalE2(SS,OS)=  1.000000  1.000000
 Range of M.O.s used for correlation:     1   246
 NBasis=   246 NAE=    38 NBE=    37 NFC=     0 NFV=     0
 NROrb=    246 NOA=    38 NOB=    37 NVA=   208 NVB=   209

 **** Warning!!: The largest alpha MO coefficient is  0.11371609D+02


 **** Warning!!: The largest beta MO coefficient is  0.11477221D+02

 Symmetrizing basis deriv contribution to polar:
 IMax=3 JMax=2 DiffMx= 0.00D+00
 G2DrvN: will do    22 centers at a time, making    1 passes.
 Calling FoFCou, ICntrl=  3107 FMM=F I1Cent=   0 AccDes= 0.00D+00.
 End of G2Drv F.D. properties file   721 does not exist.
 End of G2Drv F.D. properties file   722 does not exist.
 End of G2Drv F.D. properties file   788 does not exist.
          IDoAtm=111111111111111111111
          Differentiating once with respect to nuclear coordinates.
 Keep R1 and R2 ints in memory in canonical form, NReq=955570755.
          There are    66 degrees of freedom in the 1st order CPHF.  IDoFFX=6 NUNeed=     0.
     60 vectors produced by pass  0 Test12= 2.37D-14 1.52D-09 XBig12= 3.54D-01 2.70D-01.
 AX will form    60 AO Fock derivatives at one time.
     60 vectors produced by pass  1 Test12= 2.37D-14 1.52D-09 XBig12= 5.10D-02 6.37D-02.
     60 vectors produced by pass  2 Test12= 2.37D-14 1.52D-09 XBig12= 1.56D-03 1.01D-02.
     60 vectors produced by pass  3 Test12= 2.37D-14 1.52D-09 XBig12= 1.51D-05 7.34D-04.
     60 vectors produced by pass  4 Test12= 2.37D-14 1.52D-09 XBig12= 9.19D-08 3.56D-05.
     60 vectors produced by pass  5 Test12= 2.37D-14 1.52D-09 XBig12= 6.19D-10 2.16D-06.
     43 vectors produced by pass  6 Test12= 2.37D-14 1.52D-09 XBig12= 2.89D-12 1.50D-07.
     11 vectors produced by pass  7 Test12= 2.37D-14 1.52D-09 XBig12= 1.17D-14 7.71D-09.
 InvSVY:  IOpt=1 It=  1 EMax= 9.99D-16
 Solved reduced A of dimension   414 with    66 vectors.
 End of Minotr F.D. properties file   721 does not exist.
 End of Minotr F.D. properties file   722 does not exist.
 End of Minotr F.D. properties file   788 does not exist.
 Calling FoFJK, ICntrl=    100147 FMM=F ISym2X=0 I1Cent= 0 IOpClX= 1 NMat=1 NMatS=1 NMatT=0.
 -------------------------------------------------------------------
 Center     Atomic                   Forces (Hartrees/Bohr)
 Number     Number              X              Y              Z
 -------------------------------------------------------------------
      1        6           0.000043762   -0.000027728   -0.000071341
      2        6           0.000343848   -0.000413460   -0.000453446
      3        6          -0.000240155   -0.001293189    0.000976558
      4        6           0.005063960   -0.001542044    0.006702606
      5        6           0.001107503   -0.000121751    0.002345314
      6        6           0.001125332   -0.000224672   -0.000148969
      7        8          -0.007904086    0.005079072   -0.008233398
      8        1           0.000088279    0.000012233   -0.000190570
      9        8           0.000011795   -0.001475388   -0.000373580
     10        1          -0.000223061    0.000239415   -0.000340642
     11        1           0.000016565   -0.000161773   -0.000105368
     12        1          -0.000346727   -0.000106236   -0.000313660
     13        6           0.000140821    0.000222626   -0.000208376
     14        1           0.000000561    0.000021330   -0.000039012
     15        1          -0.000005623   -0.000005821   -0.000006003
     16        1          -0.000002229    0.000033335   -0.000001942
     17        1          -0.000016774   -0.000020878   -0.000135401
     18        6           0.000646134   -0.000212542    0.000586478
     19        1           0.000037879   -0.000097951    0.000017666
     20        1           0.000034724   -0.000012472   -0.000023438
     21        1           0.000077493    0.000107896    0.000016523
 -------------------------------------------------------------------
 Cartesian Forces:  Max     0.008233398 RMS     0.001968394
 IRC-IRC-IRC-IRC-IRC-IRC-IRC-IRC-IRC-IRC-IRC-IRC-IRC-IRC-IRC-IRC-IRC-IRC
 Pt  8 Step number   1 out of a maximum of  20
 Modified Bulirsch-Stoer Extrapolation Cycles:
    EPS =    0.000010000000000
      PEZero:  N= 2 I= 1 D=  7.75D-04 Err=  9.83D-06
 Maximum DWI energy   std dev =  0.000000293 at pt    46
 Maximum DWI gradient std dev =  0.006013464 at pt    12
 CORRECTOR INTEGRATION CONVERGENCE:
   Recorrection delta-x convergence threshold:    0.010000
   Delta-x Convergence Met
 Point Number:   8          Path Number:   1
   CHANGE IN THE REACTION COORDINATE =    0.14876
   NET REACTION COORDINATE UP TO THIS POINT =    1.18830
  # OF POINTS ALONG THE PATH =   8
  # OF STEPS =   1

 Calculating another point on the path.
 IRC-IRC-IRC-IRC-IRC-IRC-IRC-IRC-IRC-IRC-IRC-IRC-IRC-IRC-IRC-IRC-IRC-IRC
                          Input orientation:                          
 ---------------------------------------------------------------------
 Center     Atomic      Atomic             Coordinates (Angstroms)
 Number     Number       Type             X           Y           Z
 ---------------------------------------------------------------------
      1          6           0       -1.719878   -0.095970    0.069046
      2          6           0       -0.940218   -1.239488   -0.140607
      3          6           0        0.420669   -1.123376   -0.353563
      4          6           0        1.085360    0.157573   -0.358716
      5          6           0        0.257216    1.331208   -0.174277
      6          6           0       -1.091651    1.174129    0.063011
      7          8           0        2.308697   -0.192385    0.999482
      8          1           0       -1.704805    2.056956    0.219674
      9          8           0        1.204215   -2.216353   -0.462157
     10          1           0        1.729023   -0.241194    1.773313
     11          1           0        2.057308   -1.934344   -0.081232
     12          1           0        1.928269    0.262665   -1.035820
     13          6           0       -3.197680   -0.205709    0.334281
     14          1           0       -3.539597   -1.240081    0.274438
     15          1           0       -3.449840    0.176437    1.329401
     16          1           0       -3.772227    0.383801   -0.388005
     17          1           0       -1.377948   -2.230143   -0.102354
     18          6           0        0.911375    2.681550   -0.252759
     19          1           0        1.309228    2.868838   -1.257080
     20          1           0        0.210618    3.482952   -0.012313
     21          1           0        1.756961    2.733187    0.439329
 ---------------------------------------------------------------------
                    Distance matrix (angstroms):
                    1          2          3          4          5
     1  C    0.000000
     2  C    1.399806   0.000000
     3  C    2.411660   1.382333   0.000000
     4  C    2.848969   2.470287   1.443146   0.000000
     5  C    2.450499   2.836099   2.466544   1.448191   0.000000
     6  C    1.416988   2.426919   2.781937   2.439389   1.378558
     7  O    4.135750   3.598844   2.502424   1.861109   2.812049
     8  H    2.158241   3.403078   3.867913   3.424502   2.128717
     9  O    3.650825   2.378288   1.349199   2.379150   3.683052
    10  H    3.849745   3.432861   2.648327   2.262492   2.903751
    11  H    4.203491   3.077583   1.846733   2.323316   3.729989
    12  H    3.828619   3.359477   2.158574   1.086282   2.162511
    13  C    1.505420   2.527914   3.795746   4.353923   3.815370
    14  H    2.159295   2.632306   4.011448   4.872838   4.607457
    15  H    2.157654   3.234806   4.416189   4.839229   4.163750
    16  H    2.156667   3.273614   4.455687   4.862940   4.144837
    17  H    2.168177   1.083729   2.126750   3.440174   3.919459
    18  C    3.839488   4.337685   3.837761   2.532184   1.502500
    19  H    4.441191   4.815066   4.188515   2.864984   2.154878
    20  H    4.067200   4.862337   4.623725   3.455910   2.158335
    21  H    4.497738   4.836657   4.157815   2.778797   2.142730
                    6          7          8          9         10
     6  C    0.000000
     7  O    3.782421   0.000000
     8  H    1.086225   4.666459   0.000000
     9  O    4.128217   2.729966   5.214256   0.000000
    10  H    3.589495   0.968101   4.414348   3.028861   0.000000
    11  H    4.427116   2.065322   5.493134   0.975910   2.532561
    12  H    3.340376   2.119964   4.242048   2.645539   2.860909
    13  C    2.532369   5.546427   2.713201   4.904456   5.132687
    14  H    3.444641   5.985474   3.773581   4.898922   5.568012
    15  H    2.856604   5.779760   2.795173   5.531307   5.214604
    16  H    2.830816   6.263765   2.728178   5.615272   5.943540
    17  H    3.420289   4.354062   4.311584   2.607147   4.138516
    18  C    2.526686   3.432218   2.730881   4.911116   3.649102
    19  H    3.221630   3.932188   3.453165   5.148020   4.362547
    20  H    2.651838   4.351296   2.399193   5.802730   4.400373
    21  H    3.269078   3.029383   3.534029   5.061240   3.259945
                   11         12         13         14         15
    11  H    0.000000
    12  H    2.398903   0.000000
    13  C    5.547588   5.326528   0.000000
    14  H    5.651005   5.820015   1.091062   0.000000
    15  H    6.064154   5.875862   1.095392   1.768482   0.000000
    16  H    6.281034   5.738466   1.095137   1.769164   1.759664
    17  H    3.448033   4.244587   2.756884   2.407264   3.483431
    18  C    4.759102   2.738295   5.056205   5.955525   5.272477
    19  H    5.001280   2.687807   5.683088   6.537574   6.048772
    20  H    5.723820   3.790533   5.034167   6.037664   5.111966
    21  H    4.706064   2.882514   5.761650   6.623260   5.868559
                   16         17         18         19         20
    16  H    0.000000
    17  H    3.556244   0.000000
    18  C    5.218627   5.421102   0.000000
    19  H    5.722926   5.878258   1.096369   0.000000
    20  H    5.060527   5.930523   1.091385   1.770176   0.000000
    21  H    6.064323   5.895398   1.093923   1.759735   1.776881
                   21
    21  H    0.000000
 Symmetry turned off by external request.
 Stoichiometry    C8H11O2(2)
 Framework group  C1[X(C8H11O2)]
 Deg. of freedom    57
 Full point group                 C1      NOp   1
 Rotational constants (GHZ):           1.6100001           1.2275821           0.7667192
 Standard basis: 6-311G(d,p) (5D, 7F)
   246 basis functions,   408 primitive gaussians,   256 cartesian basis functions
    38 alpha electrons       37 beta electrons
       nuclear repulsion energy       524.2080648206 Hartrees.
 NAtoms=   21 NActive=   21 NUniq=   21 SFac= 1.00D+00 NAtFMM=   60 NAOKFM=F Big=F
 Integral buffers will be    131072 words long.
 Raffenetti 2 integral format.
 Two-electron integral symmetry is turned off.
 One-electron integrals computed using PRISM.
 NBasis=   246 RedAO= T EigKep=  2.36D-04  NBF=   246
 NBsUse=   246 1.00D-06 EigRej= -1.00D+00 NBFU=   246
 Initial guess from the checkpoint file:  "SR-11-ts-P2.chk"
 B after Tr=    -0.000062    0.000005   -0.000272
         Rot=    1.000000    0.000013   -0.000013    0.000009 Ang=   0.00 deg.
 Initial guess <Sx>= 0.0000 <Sy>= 0.0000 <Sz>= 0.5000 <S**2>= 0.7770 S= 0.5134
 ExpMin= 1.03D-01 ExpMax= 8.59D+03 ExpMxC= 1.30D+03 IAcc=2 IRadAn=         4 AccDes= 0.00D+00
 Harris functional with IExCor=  402 and IRadAn=       4 diagonalized for initial guess.
 HarFok:  IExCor=  402 AccDes= 0.00D+00 IRadAn=         4 IDoV= 1 UseB2=F ITyADJ=14
 ICtDFT=  3500011 ScaDFX=  1.000000  1.000000  1.000000  1.000000
 FoFCou: FMM=F IPFlag=           0 FMFlag=      100000 FMFlg1=           0
         NFxFlg=           0 DoJE=T BraDBF=F KetDBF=T FulRan=T
         wScrn=  0.000000 ICntrl=       500 IOpCl=  0 I1Cent=   200000004 NGrid=           0
         NMat0=    1 NMatS0=      1 NMatT0=    0 NMatD0=    1 NMtDS0=    0 NMtDT0=    0
 Symmetry not used in FoFCou.
 Requested convergence on RMS density matrix=1.00D-08 within 128 cycles.
 Requested convergence on MAX density matrix=1.00D-06.
 Requested convergence on             energy=1.00D-06.
 No special actions if energy rises.
 Integral accuracy reduced to 1.0D-05 until final iterations.
 Initial convergence to 1.0D-05 achieved.  Increase integral accuracy.
 SCF Done:  E(UB3LYP) =  -461.981036054     A.U. after   15 cycles
            NFock= 15  Conv=0.10D-07     -V/T= 2.0039
 <Sx>= 0.0000 <Sy>= 0.0000 <Sz>= 0.5000 <S**2>= 0.7774 S= 0.5136
 <L.S>= 0.000000000000E+00
 Annihilation of the first spin contaminant:
 S**2 before annihilation     0.7774,   after     0.7505
 DoSCS=F DFT=T ScalE2(SS,OS)=  1.000000  1.000000
 Range of M.O.s used for correlation:     1   246
 NBasis=   246 NAE=    38 NBE=    37 NFC=     0 NFV=     0
 NROrb=    246 NOA=    38 NOB=    37 NVA=   208 NVB=   209

 **** Warning!!: The largest alpha MO coefficient is  0.11381598D+02


 **** Warning!!: The largest beta MO coefficient is  0.11513621D+02

 Symmetrizing basis deriv contribution to polar:
 IMax=3 JMax=2 DiffMx= 0.00D+00
 G2DrvN: will do    22 centers at a time, making    1 passes.
 Calling FoFCou, ICntrl=  3107 FMM=F I1Cent=   0 AccDes= 0.00D+00.
 End of G2Drv F.D. properties file   721 does not exist.
 End of G2Drv F.D. properties file   722 does not exist.
 End of G2Drv F.D. properties file   788 does not exist.
          IDoAtm=111111111111111111111
          Differentiating once with respect to nuclear coordinates.
 Keep R1 and R2 ints in memory in canonical form, NReq=955570755.
          There are    66 degrees of freedom in the 1st order CPHF.  IDoFFX=6 NUNeed=     0.
     60 vectors produced by pass  0 Test12= 2.37D-14 1.52D-09 XBig12= 3.57D-01 2.74D-01.
 AX will form    60 AO Fock derivatives at one time.
     60 vectors produced by pass  1 Test12= 2.37D-14 1.52D-09 XBig12= 5.13D-02 6.56D-02.
     60 vectors produced by pass  2 Test12= 2.37D-14 1.52D-09 XBig12= 1.58D-03 1.01D-02.
     60 vectors produced by pass  3 Test12= 2.37D-14 1.52D-09 XBig12= 1.52D-05 7.53D-04.
     60 vectors produced by pass  4 Test12= 2.37D-14 1.52D-09 XBig12= 9.35D-08 3.72D-05.
     60 vectors produced by pass  5 Test12= 2.37D-14 1.52D-09 XBig12= 6.37D-10 2.23D-06.
     43 vectors produced by pass  6 Test12= 2.37D-14 1.52D-09 XBig12= 2.97D-12 1.58D-07.
     11 vectors produced by pass  7 Test12= 2.37D-14 1.52D-09 XBig12= 1.19D-14 7.66D-09.
 InvSVY:  IOpt=1 It=  1 EMax= 9.99D-16
 Solved reduced A of dimension   414 with    66 vectors.
 End of Minotr F.D. properties file   721 does not exist.
 End of Minotr F.D. properties file   722 does not exist.
 End of Minotr F.D. properties file   788 does not exist.
 Calling FoFJK, ICntrl=    100147 FMM=F ISym2X=0 I1Cent= 0 IOpClX= 1 NMat=1 NMatS=1 NMatT=0.
 -------------------------------------------------------------------
 Center     Atomic                   Forces (Hartrees/Bohr)
 Number     Number              X              Y              Z
 -------------------------------------------------------------------
      1        6           0.000021318   -0.000017702   -0.000085987
      2        6           0.000433147   -0.000485253   -0.000560105
      3        6          -0.000282937   -0.001557290    0.001208819
      4        6           0.006336293   -0.001909871    0.008348667
      5        6           0.001337469   -0.000113291    0.002882583
      6        6           0.001348354   -0.000257608   -0.000243698
      7        8          -0.009674294    0.006128896   -0.010137670
      8        1           0.000105761    0.000017335   -0.000243316
      9        8           0.000001900   -0.001847193   -0.000480425
     10        1          -0.000272902    0.000289505   -0.000418430
     11        1           0.000029069   -0.000211864   -0.000140037
     12        1          -0.000405912   -0.000128087   -0.000372400
     13        6           0.000145293    0.000262087   -0.000228713
     14        1           0.000001171    0.000024167   -0.000043089
     15        1          -0.000010861   -0.000007290   -0.000006141
     16        1          -0.000008192    0.000035628   -0.000000889
     17        1          -0.000017211   -0.000024794   -0.000167383
     18        6           0.000742239   -0.000212467    0.000686277
     19        1           0.000041446   -0.000117051    0.000018752
     20        1           0.000037736   -0.000010994   -0.000033133
     21        1           0.000091114    0.000143139    0.000016317
 -------------------------------------------------------------------
 Cartesian Forces:  Max     0.010137670 RMS     0.002423143
 IRC-IRC-IRC-IRC-IRC-IRC-IRC-IRC-IRC-IRC-IRC-IRC-IRC-IRC-IRC-IRC-IRC-IRC
 Pt  9 Step number   1 out of a maximum of  20
 Modified Bulirsch-Stoer Extrapolation Cycles:
    EPS =    0.000010000000000
      PEZero:  N= 2 I= 1 D=  7.75D-04 Err=  6.99D-06
 Maximum DWI energy   std dev =  0.000000179 at pt    46
 Maximum DWI gradient std dev =  0.004705322 at pt    12
 CORRECTOR INTEGRATION CONVERGENCE:
   Recorrection delta-x convergence threshold:    0.010000
   Delta-x Convergence Met
 Point Number:   9          Path Number:   1
   CHANGE IN THE REACTION COORDINATE =    0.14876
   NET REACTION COORDINATE UP TO THIS POINT =    1.33706
  # OF POINTS ALONG THE PATH =   9
  # OF STEPS =   1

 Calculating another point on the path.
 IRC-IRC-IRC-IRC-IRC-IRC-IRC-IRC-IRC-IRC-IRC-IRC-IRC-IRC-IRC-IRC-IRC-IRC
                          Input orientation:                          
 ---------------------------------------------------------------------
 Center     Atomic      Atomic             Coordinates (Angstroms)
 Number     Number       Type             X           Y           Z
 ---------------------------------------------------------------------
      1          6           0       -1.719864   -0.095988    0.068937
      2          6           0       -0.939672   -1.240087   -0.141316
      3          6           0        0.420341   -1.125343   -0.352024
      4          6           0        1.093357    0.155145   -0.347989
      5          6           0        0.258920    1.331068   -0.170619
      6          6           0       -1.089961    1.173812    0.062671
      7          8           0        2.299505   -0.186587    0.989814
      8          1           0       -1.703246    2.057254    0.215947
      9          8           0        1.204191   -2.218136   -0.462632
     10          1           0        1.724801   -0.236854    1.767133
     11          1           0        2.057984   -1.937516   -0.083326
     12          1           0        1.923317    0.260866   -1.042250
     13          6           0       -3.197513   -0.205382    0.334005
     14          1           0       -3.539569   -1.239722    0.273816
     15          1           0       -3.450023    0.176324    1.329305
     16          1           0       -3.772379    0.384307   -0.388006
     17          1           0       -1.378178   -2.230513   -0.104889
     18          6           0        0.912290    2.681309   -0.251904
     19          1           0        1.309815    2.867086   -1.256816
     20          1           0        0.211153    3.482822   -0.012847
     21          1           0        1.758317    2.735399    0.439558
 ---------------------------------------------------------------------
                    Distance matrix (angstroms):
                    1          2          3          4          5
     1  C    0.000000
     2  C    1.400667   0.000000
     3  C    2.411899   1.381014   0.000000
     4  C    2.855014   2.474387   1.446587   0.000000
     5  C    2.451420   2.836956   2.468384   1.452770   0.000000
     6  C    1.417465   2.427160   2.781923   2.444013   1.377909
     7  O    4.124506   3.589092   2.492599   1.833383   2.795330
     8  H    2.158319   3.403402   3.867963   3.428853   2.127645
     9  O    3.651873   2.378228   1.349390   2.378632   3.684516
    10  H    3.843102   3.427546   2.642321   2.241902   2.891725
    11  H    4.205537   3.078264   1.847620   2.319435   3.732009
    12  H    3.825552   3.355778   2.157990   1.087203   2.162242
    13  C    1.505216   2.528713   3.795502   4.359662   3.816052
    14  H    2.159035   2.632832   4.010692   4.878145   4.608145
    15  H    2.157807   3.235863   4.415985   4.843145   4.164067
    16  H    2.156919   3.274713   4.456371   4.871294   4.146683
    17  H    2.168678   1.083771   2.125359   3.443682   3.920366
    18  C    3.839863   4.338126   3.839614   2.534467   1.502215
    19  H    4.440312   4.813875   4.189188   2.868352   2.154891
    20  H    4.067358   4.862795   4.625363   3.458908   2.158060
    21  H    4.500206   4.839529   4.161983   2.778509   2.143048
                    6          7          8          9         10
     6  C    0.000000
     7  O    3.768124   0.000000
     8  H    1.086316   4.653570   0.000000
     9  O    4.128485   2.726996   5.214655   0.000000
    10  H    3.580232   0.968006   4.406883   3.027932   0.000000
    11  H    4.428457   2.067780   5.494962   0.975492   2.535244
    12  H    3.336790   2.114478   4.238164   2.645477   2.860029
    13  C    2.533293   5.536031   2.714092   4.905181   5.126795
    14  H    3.445331   5.976331   3.774319   4.899276   5.563213
    15  H    2.858187   5.770964   2.797980   5.532285   5.209723
    16  H    2.832277   6.252366   2.728521   5.616451   5.937125
    17  H    3.420610   4.347570   4.312025   2.607061   4.136137
    18  C    2.525968   3.419219   2.729351   4.912654   3.640379
    19  H    3.219805   3.918131   3.450129   5.147948   4.353266
    20  H    2.651440   4.339483   2.397815   5.804254   4.392659
    21  H    3.270059   3.022196   3.534445   5.065423   3.255436
                   11         12         13         14         15
    11  H    0.000000
    12  H    2.402197   0.000000
    13  C    5.549297   5.323003   0.000000
    14  H    5.652174   5.816091   1.091093   0.000000
    15  H    6.066464   5.874027   1.095482   1.768406   0.000000
    16  H    6.283059   5.734477   1.095219   1.769089   1.759638
    17  H    3.448699   4.240930   2.757492   2.407633   3.484582
    18  C    4.761783   2.739592   5.056358   5.955662   5.273039
    19  H    5.002103   2.686039   5.682145   6.536454   6.048493
    20  H    5.726763   3.791066   5.034100   6.037592   5.112584
    21  H    4.711617   2.888995   5.763643   6.625455   5.870887
                   16         17         18         19         20
    16  H    0.000000
    17  H    3.556633   0.000000
    18  C    5.219278   5.421610   0.000000
    19  H    5.722562   5.876884   1.096534   0.000000
    20  H    5.060640   5.930991   1.091405   1.770211   0.000000
    21  H    6.066391   5.898670   1.093987   1.759596   1.776803
                   21
    21  H    0.000000
 Symmetry turned off by external request.
 Stoichiometry    C8H11O2(2)
 Framework group  C1[X(C8H11O2)]
 Deg. of freedom    57
 Full point group                 C1      NOp   1
 Rotational constants (GHZ):           1.6114386           1.2305946           0.7671742
 Standard basis: 6-311G(d,p) (5D, 7F)
   246 basis functions,   408 primitive gaussians,   256 cartesian basis functions
    38 alpha electrons       37 beta electrons
       nuclear repulsion energy       524.5159968005 Hartrees.
 NAtoms=   21 NActive=   21 NUniq=   21 SFac= 1.00D+00 NAtFMM=   60 NAOKFM=F Big=F
 Integral buffers will be    131072 words long.
 Raffenetti 2 integral format.
 Two-electron integral symmetry is turned off.
 One-electron integrals computed using PRISM.
 NBasis=   246 RedAO= T EigKep=  2.41D-04  NBF=   246
 NBsUse=   246 1.00D-06 EigRej= -1.00D+00 NBFU=   246
 Initial guess from the checkpoint file:  "SR-11-ts-P2.chk"
 B after Tr=    -0.000065    0.000004   -0.000272
         Rot=    1.000000    0.000013   -0.000013    0.000008 Ang=   0.00 deg.
 Initial guess <Sx>= 0.0000 <Sy>= 0.0000 <Sz>= 0.5000 <S**2>= 0.7773 S= 0.5136
 ExpMin= 1.03D-01 ExpMax= 8.59D+03 ExpMxC= 1.30D+03 IAcc=2 IRadAn=         4 AccDes= 0.00D+00
 Harris functional with IExCor=  402 and IRadAn=       4 diagonalized for initial guess.
 HarFok:  IExCor=  402 AccDes= 0.00D+00 IRadAn=         4 IDoV= 1 UseB2=F ITyADJ=14
 ICtDFT=  3500011 ScaDFX=  1.000000  1.000000  1.000000  1.000000
 FoFCou: FMM=F IPFlag=           0 FMFlag=      100000 FMFlg1=           0
         NFxFlg=           0 DoJE=T BraDBF=F KetDBF=T FulRan=T
         wScrn=  0.000000 ICntrl=       500 IOpCl=  0 I1Cent=   200000004 NGrid=           0
         NMat0=    1 NMatS0=      1 NMatT0=    0 NMatD0=    1 NMtDS0=    0 NMtDT0=    0
 Symmetry not used in FoFCou.
 Requested convergence on RMS density matrix=1.00D-08 within 128 cycles.
 Requested convergence on MAX density matrix=1.00D-06.
 Requested convergence on             energy=1.00D-06.
 No special actions if energy rises.
 Integral accuracy reduced to 1.0D-05 until final iterations.
 Initial convergence to 1.0D-05 achieved.  Increase integral accuracy.
 SCF Done:  E(UB3LYP) =  -461.981878060     A.U. after   16 cycles
            NFock= 16  Conv=0.27D-08     -V/T= 2.0040
 <Sx>= 0.0000 <Sy>= 0.0000 <Sz>= 0.5000 <S**2>= 0.7775 S= 0.5137
 <L.S>= 0.000000000000E+00
 Annihilation of the first spin contaminant:
 S**2 before annihilation     0.7775,   after     0.7505
 DoSCS=F DFT=T ScalE2(SS,OS)=  1.000000  1.000000
 Range of M.O.s used for correlation:     1   246
 NBasis=   246 NAE=    38 NBE=    37 NFC=     0 NFV=     0
 NROrb=    246 NOA=    38 NOB=    37 NVA=   208 NVB=   209

 **** Warning!!: The largest alpha MO coefficient is  0.11384873D+02


 **** Warning!!: The largest beta MO coefficient is  0.11541766D+02

 Symmetrizing basis deriv contribution to polar:
 IMax=3 JMax=2 DiffMx= 0.00D+00
 G2DrvN: will do    22 centers at a time, making    1 passes.
 Calling FoFCou, ICntrl=  3107 FMM=F I1Cent=   0 AccDes= 0.00D+00.
 End of G2Drv F.D. properties file   721 does not exist.
 End of G2Drv F.D. properties file   722 does not exist.
 End of G2Drv F.D. properties file   788 does not exist.
          IDoAtm=111111111111111111111
          Differentiating once with respect to nuclear coordinates.
 Keep R1 and R2 ints in memory in canonical form, NReq=955570755.
          There are    66 degrees of freedom in the 1st order CPHF.  IDoFFX=6 NUNeed=     0.
     60 vectors produced by pass  0 Test12= 2.37D-14 1.52D-09 XBig12= 3.59D-01 2.77D-01.
 AX will form    60 AO Fock derivatives at one time.
     60 vectors produced by pass  1 Test12= 2.37D-14 1.52D-09 XBig12= 5.16D-02 6.66D-02.
     60 vectors produced by pass  2 Test12= 2.37D-14 1.52D-09 XBig12= 1.60D-03 1.00D-02.
     60 vectors produced by pass  3 Test12= 2.37D-14 1.52D-09 XBig12= 1.54D-05 7.60D-04.
     60 vectors produced by pass  4 Test12= 2.37D-14 1.52D-09 XBig12= 9.51D-08 3.88D-05.
     60 vectors produced by pass  5 Test12= 2.37D-14 1.52D-09 XBig12= 6.52D-10 2.26D-06.
     43 vectors produced by pass  6 Test12= 2.37D-14 1.52D-09 XBig12= 3.05D-12 1.63D-07.
     11 vectors produced by pass  7 Test12= 2.37D-14 1.52D-09 XBig12= 1.20D-14 7.59D-09.
 InvSVY:  IOpt=1 It=  1 EMax= 9.44D-16
 Solved reduced A of dimension   414 with    66 vectors.
 End of Minotr F.D. properties file   721 does not exist.
 End of Minotr F.D. properties file   722 does not exist.
 End of Minotr F.D. properties file   788 does not exist.
 Calling FoFJK, ICntrl=    100147 FMM=F ISym2X=0 I1Cent= 0 IOpClX= 1 NMat=1 NMatS=1 NMatT=0.
 -------------------------------------------------------------------
 Center     Atomic                   Forces (Hartrees/Bohr)
 Number     Number              X              Y              Z
 -------------------------------------------------------------------
      1        6          -0.000002526   -0.000002653   -0.000100998
      2        6           0.000528421   -0.000555311   -0.000666365
      3        6          -0.000315407   -0.001815036    0.001456199
      4        6           0.007634780   -0.002292515    0.010009728
      5        6           0.001574968   -0.000104023    0.003446067
      6        6           0.001572961   -0.000290630   -0.000346978
      7        8          -0.011487139    0.007211909   -0.012081270
      8        1           0.000123844    0.000022607   -0.000298166
      9        8          -0.000013826   -0.002253266   -0.000598128
     10        1          -0.000323622    0.000341504   -0.000498868
     11        1           0.000045289   -0.000269696   -0.000181159
     12        1          -0.000464558   -0.000150736   -0.000419139
     13        6           0.000146081    0.000302532   -0.000247384
     14        1           0.000001902    0.000026934   -0.000046959
     15        1          -0.000016912   -0.000009069   -0.000006217
     16        1          -0.000015052    0.000037304    0.000000342
     17        1          -0.000017166   -0.000028685   -0.000201111
     18        6           0.000838301   -0.000207253    0.000788691
     19        1           0.000044244   -0.000136748    0.000019738
     20        1           0.000040410   -0.000009163   -0.000043487
     21        1           0.000105006    0.000181991    0.000015462
 -------------------------------------------------------------------
 Cartesian Forces:  Max     0.012081270 RMS     0.002888001
 IRC-IRC-IRC-IRC-IRC-IRC-IRC-IRC-IRC-IRC-IRC-IRC-IRC-IRC-IRC-IRC-IRC-IRC
 Pt 10 Step number   1 out of a maximum of  20
 Modified Bulirsch-Stoer Extrapolation Cycles:
    EPS =    0.000010000000000
      PEZero:  N= 2 I= 1 D=  7.75D-04 Err=  4.40D-06
 Maximum DWI energy   std dev =  0.000000065 at pt    17
 Maximum DWI gradient std dev =  0.003803949 at pt    16
 CORRECTOR INTEGRATION CONVERGENCE:
   Recorrection delta-x convergence threshold:    0.010000
   Delta-x Convergence Met
 Point Number:  10          Path Number:   1
   CHANGE IN THE REACTION COORDINATE =    0.14877
   NET REACTION COORDINATE UP TO THIS POINT =    1.48583
  # OF POINTS ALONG THE PATH =  10
  # OF STEPS =   1

 Calculating another point on the path.
 IRC-IRC-IRC-IRC-IRC-IRC-IRC-IRC-IRC-IRC-IRC-IRC-IRC-IRC-IRC-IRC-IRC-IRC
                          Input orientation:                          
 ---------------------------------------------------------------------
 Center     Atomic      Atomic             Coordinates (Angstroms)
 Number     Number       Type             X           Y           Z
 ---------------------------------------------------------------------
      1          6           0       -1.719876   -0.095986    0.068828
      2          6           0       -0.939105   -1.240665   -0.142024
      3          6           0        0.420029   -1.127266   -0.350465
      4          6           0        1.101445    0.152696   -0.337242
      5          6           0        0.260599    1.330961   -0.166941
      6          6           0       -1.088299    1.173510    0.062278
      7          8           0        2.290341   -0.180846    0.980153
      8          1           0       -1.701704    2.057572    0.212128
      9          8           0        1.204158   -2.219963   -0.463126
     10          1           0        1.720616   -0.232543    1.760926
     11          1           0        2.058750   -1.940958   -0.085643
     12          1           0        1.918366    0.259067   -1.048172
     13          6           0       -3.197370   -0.205064    0.333752
     14          1           0       -3.539537   -1.239385    0.273243
     15          1           0       -3.450253    0.176206    1.329226
     16          1           0       -3.772595    0.384755   -0.387993
     17          1           0       -1.378372   -2.230871   -0.107448
     18          6           0        0.913163    2.681109   -0.251075
     19          1           0        1.310346    2.865362   -1.256584
     20          1           0        0.211637    3.482731   -0.013424
     21          1           0        1.759638    2.737759    0.439742
 ---------------------------------------------------------------------
                    Distance matrix (angstroms):
                    1          2          3          4          5
     1  C    0.000000
     2  C    1.401553   0.000000
     3  C    2.412165   1.379693   0.000000
     4  C    2.861222   2.478590   1.450106   0.000000
     5  C    2.452355   2.837811   2.470219   1.457510   0.000000
     6  C    1.417939   2.427393   2.781902   2.448807   1.377265
     7  O    4.113338   3.579360   2.482806   1.805617   2.778711
     8  H    2.158396   3.403725   3.868004   3.433367   2.126568
     9  O    3.652976   2.378174   1.349644   2.378215   3.686068
    10  H    3.836512   3.422228   2.636291   2.221281   2.879734
    11  H    4.207826   3.079079   1.848685   2.315842   3.734356
    12  H    3.822376   3.351931   2.157250   1.088161   2.161878
    13  C    1.505015   2.529544   3.795284   4.365551   3.816755
    14  H    2.158775   2.633380   4.009955   4.883574   4.608847
    15  H    2.157984   3.236968   4.415822   4.847229   4.164421
    16  H    2.157186   3.275844   4.457097   4.879825   4.148593
    17  H    2.169201   1.083817   2.123969   3.447273   3.921278
    18  C    3.840246   4.338560   3.841456   2.536878   1.501938
    19  H    4.439430   4.812664   4.189844   2.871826   2.154919
    20  H    4.067520   4.863251   4.626996   3.462044   2.157794
    21  H    4.502745   4.842471   4.166222   2.778394   2.143423
                    6          7          8          9         10
     6  C    0.000000
     7  O    3.753929   0.000000
     8  H    1.086410   4.640775   0.000000
     9  O    4.128810   2.724123   5.215104   0.000000
    10  H    3.571049   0.967918   4.399508   3.027040   0.000000
    11  H    4.430092   2.070640   5.497084   0.975020   2.538274
    12  H    3.333067   2.108552   4.234133   2.645366   2.858639
    13  C    2.534235   5.525703   2.715019   4.905944   5.120954
    14  H    3.446031   5.967219   3.775087   4.899634   5.558429
    15  H    2.859825   5.762270   2.800869   5.533327   5.204933
    16  H    2.833782   6.241067   2.728928   5.617675   5.930790
    17  H    3.420929   4.341075   4.312472   2.606931   4.133747
    18  C    2.525252   3.406366   2.727799   4.914281   3.631735
    19  H    3.217959   3.904198   3.447041   5.147949   4.344042
    20  H    2.651050   4.327817   2.396420   5.805863   4.385042
    21  H    3.271102   3.015285   3.534877   5.069787   3.251114
                   11         12         13         14         15
    11  H    0.000000
    12  H    2.405469   0.000000
    13  C    5.551218   5.319388   0.000000
    14  H    5.653479   5.812073   1.091127   0.000000
    15  H    6.069050   5.872049   1.095575   1.768324   0.000000
    16  H    6.285296   5.730503   1.095302   1.769005   1.759613
    17  H    3.449396   4.237126   2.758135   2.408029   3.485792
    18  C    4.764793   2.740818   5.056531   5.955814   5.273641
    19  H    5.003191   2.684380   5.681214   6.535340   6.048246
    20  H    5.730048   3.791521   5.034054   6.037537   5.113243
    21  H    4.717615   2.895340   5.765707   6.627719   5.873305
                   16         17         18         19         20
    16  H    0.000000
    17  H    3.557037   0.000000
    18  C    5.219992   5.422114   0.000000
    19  H    5.722250   5.875484   1.096700   0.000000
    20  H    5.060816   5.931460   1.091427   1.770240   0.000000
    21  H    6.068557   5.902018   1.094056   1.759451   1.776696
                   21
    21  H    0.000000
 Symmetry turned off by external request.
 Stoichiometry    C8H11O2(2)
 Framework group  C1[X(C8H11O2)]
 Deg. of freedom    57
 Full point group                 C1      NOp   1
 Rotational constants (GHZ):           1.6128140           1.2335649           0.7676033
 Standard basis: 6-311G(d,p) (5D, 7F)
   246 basis functions,   408 primitive gaussians,   256 cartesian basis functions
    38 alpha electrons       37 beta electrons
       nuclear repulsion energy       524.8241626855 Hartrees.
 NAtoms=   21 NActive=   21 NUniq=   21 SFac= 1.00D+00 NAtFMM=   60 NAOKFM=F Big=F
 Integral buffers will be    131072 words long.
 Raffenetti 2 integral format.
 Two-electron integral symmetry is turned off.
 One-electron integrals computed using PRISM.
 NBasis=   246 RedAO= T EigKep=  2.45D-04  NBF=   246
 NBsUse=   246 1.00D-06 EigRej= -1.00D+00 NBFU=   246
 Initial guess from the checkpoint file:  "SR-11-ts-P2.chk"
 B after Tr=    -0.000066    0.000002   -0.000270
         Rot=    1.000000    0.000013   -0.000013    0.000008 Ang=   0.00 deg.
 Initial guess <Sx>= 0.0000 <Sy>= 0.0000 <Sz>= 0.5000 <S**2>= 0.7774 S= 0.5136
 ExpMin= 1.03D-01 ExpMax= 8.59D+03 ExpMxC= 1.30D+03 IAcc=2 IRadAn=         4 AccDes= 0.00D+00
 Harris functional with IExCor=  402 and IRadAn=       4 diagonalized for initial guess.
 HarFok:  IExCor=  402 AccDes= 0.00D+00 IRadAn=         4 IDoV= 1 UseB2=F ITyADJ=14
 ICtDFT=  3500011 ScaDFX=  1.000000  1.000000  1.000000  1.000000
 FoFCou: FMM=F IPFlag=           0 FMFlag=      100000 FMFlg1=           0
         NFxFlg=           0 DoJE=T BraDBF=F KetDBF=T FulRan=T
         wScrn=  0.000000 ICntrl=       500 IOpCl=  0 I1Cent=   200000004 NGrid=           0
         NMat0=    1 NMatS0=      1 NMatT0=    0 NMatD0=    1 NMtDS0=    0 NMtDT0=    0
 Symmetry not used in FoFCou.
 Requested convergence on RMS density matrix=1.00D-08 within 128 cycles.
 Requested convergence on MAX density matrix=1.00D-06.
 Requested convergence on             energy=1.00D-06.
 No special actions if energy rises.
 Integral accuracy reduced to 1.0D-05 until final iterations.
 Initial convergence to 1.0D-05 achieved.  Increase integral accuracy.
 SCF Done:  E(UB3LYP) =  -461.982866463     A.U. after   16 cycles
            NFock= 16  Conv=0.26D-08     -V/T= 2.0040
 <Sx>= 0.0000 <Sy>= 0.0000 <Sz>= 0.5000 <S**2>= 0.7775 S= 0.5137
 <L.S>= 0.000000000000E+00
 Annihilation of the first spin contaminant:
 S**2 before annihilation     0.7775,   after     0.7505
 DoSCS=F DFT=T ScalE2(SS,OS)=  1.000000  1.000000
 Range of M.O.s used for correlation:     1   246
 NBasis=   246 NAE=    38 NBE=    37 NFC=     0 NFV=     0
 NROrb=    246 NOA=    38 NOB=    37 NVA=   208 NVB=   209

 **** Warning!!: The largest alpha MO coefficient is  0.11384200D+02


 **** Warning!!: The largest beta MO coefficient is  0.11564163D+02

 Symmetrizing basis deriv contribution to polar:
 IMax=3 JMax=2 DiffMx= 0.00D+00
 G2DrvN: will do    22 centers at a time, making    1 passes.
 Calling FoFCou, ICntrl=  3107 FMM=F I1Cent=   0 AccDes= 0.00D+00.
 End of G2Drv F.D. properties file   721 does not exist.
 End of G2Drv F.D. properties file   722 does not exist.
 End of G2Drv F.D. properties file   788 does not exist.
          IDoAtm=111111111111111111111
          Differentiating once with respect to nuclear coordinates.
 Keep R1 and R2 ints in memory in canonical form, NReq=955570755.
          There are    66 degrees of freedom in the 1st order CPHF.  IDoFFX=6 NUNeed=     0.
     60 vectors produced by pass  0 Test12= 2.37D-14 1.52D-09 XBig12= 3.62D-01 2.80D-01.
 AX will form    60 AO Fock derivatives at one time.
     60 vectors produced by pass  1 Test12= 2.37D-14 1.52D-09 XBig12= 5.19D-02 6.72D-02.
     60 vectors produced by pass  2 Test12= 2.37D-14 1.52D-09 XBig12= 1.61D-03 9.81D-03.
     60 vectors produced by pass  3 Test12= 2.37D-14 1.52D-09 XBig12= 1.56D-05 7.60D-04.
     60 vectors produced by pass  4 Test12= 2.37D-14 1.52D-09 XBig12= 9.68D-08 4.01D-05.
     60 vectors produced by pass  5 Test12= 2.37D-14 1.52D-09 XBig12= 6.65D-10 2.24D-06.
     43 vectors produced by pass  6 Test12= 2.37D-14 1.52D-09 XBig12= 3.12D-12 1.68D-07.
     11 vectors produced by pass  7 Test12= 2.37D-14 1.52D-09 XBig12= 1.21D-14 7.48D-09.
 InvSVY:  IOpt=1 It=  1 EMax= 1.55D-15
 Solved reduced A of dimension   414 with    66 vectors.
 End of Minotr F.D. properties file   721 does not exist.
 End of Minotr F.D. properties file   722 does not exist.
 End of Minotr F.D. properties file   788 does not exist.
 Calling FoFJK, ICntrl=    100147 FMM=F ISym2X=0 I1Cent= 0 IOpClX= 1 NMat=1 NMatS=1 NMatT=0.
 -------------------------------------------------------------------
 Center     Atomic                   Forces (Hartrees/Bohr)
 Number     Number              X              Y              Z
 -------------------------------------------------------------------
      1        6          -0.000021437    0.000015793   -0.000117600
      2        6           0.000624389   -0.000621121   -0.000766643
      3        6          -0.000328036   -0.002053867    0.001713728
      4        6           0.008879915   -0.002671698    0.011594172
      5        6           0.001817388   -0.000100884    0.004019573
      6        6           0.001791623   -0.000323625   -0.000452610
      7        8          -0.013265766    0.008295005   -0.013975491
      8        1           0.000141928    0.000027825   -0.000352646
      9        8          -0.000038521   -0.002683419   -0.000723388
     10        1          -0.000372647    0.000393658   -0.000578273
     11        1           0.000064669   -0.000333294   -0.000228148
     12        1          -0.000519436   -0.000173250   -0.000449209
     13        6           0.000144432    0.000343149   -0.000265299
     14        1           0.000002765    0.000029571   -0.000050719
     15        1          -0.000023180   -0.000011040   -0.000006193
     16        1          -0.000022278    0.000038659    0.000001549
     17        1          -0.000016897   -0.000032096   -0.000235720
     18        6           0.000933365   -0.000198343    0.000892218
     19        1           0.000046215   -0.000156807    0.000020628
     20        1           0.000042591   -0.000007223   -0.000054138
     21        1           0.000118919    0.000223007    0.000014208
 -------------------------------------------------------------------
 Cartesian Forces:  Max     0.013975491 RMS     0.003341396
 IRC-IRC-IRC-IRC-IRC-IRC-IRC-IRC-IRC-IRC-IRC-IRC-IRC-IRC-IRC-IRC-IRC-IRC
 Pt 11 Step number   1 out of a maximum of  20
 Modified Bulirsch-Stoer Extrapolation Cycles:
    EPS =    0.000010000000000
      PEZero:  N= 2 I= 1 D=  7.75D-04 Err=  3.47D-06
 Maximum DWI energy   std dev =  0.000000224 at pt    18
 Maximum DWI gradient std dev =  0.003168955 at pt    16
 CORRECTOR INTEGRATION CONVERGENCE:
   Recorrection delta-x convergence threshold:    0.010000
   Delta-x Convergence Met
 Point Number:  11          Path Number:   1
   CHANGE IN THE REACTION COORDINATE =    0.14877
   NET REACTION COORDINATE UP TO THIS POINT =    1.63459
  # OF POINTS ALONG THE PATH =  11
  # OF STEPS =   1

 Calculating another point on the path.
 IRC-IRC-IRC-IRC-IRC-IRC-IRC-IRC-IRC-IRC-IRC-IRC-IRC-IRC-IRC-IRC-IRC-IRC
                          Input orientation:                          
 ---------------------------------------------------------------------
 Center     Atomic      Atomic             Coordinates (Angstroms)
 Number     Number       Type             X           Y           Z
 ---------------------------------------------------------------------
      1          6           0       -1.719901   -0.095967    0.068719
      2          6           0       -0.938524   -1.241226   -0.142726
      3          6           0        0.419748   -1.129148   -0.348873
      4          6           0        1.109572    0.150227   -0.326517
      5          6           0        0.262276    1.330870   -0.163222
      6          6           0       -1.086656    1.173216    0.061842
      7          8           0        2.281185   -0.175119    0.970495
      8          1           0       -1.700168    2.057902    0.208233
      9          8           0        1.204114   -2.221847   -0.463640
     10          1           0        1.716457   -0.228234    1.754692
     11          1           0        2.059613   -1.944670   -0.088197
     12          1           0        1.913434    0.257262   -1.053557
     13          6           0       -3.197246   -0.204751    0.333515
     14          1           0       -3.539500   -1.239063    0.272701
     15          1           0       -3.450520    0.176083    1.329160
     16          1           0       -3.772860    0.385161   -0.387971
     17          1           0       -1.378540   -2.231218   -0.110048
     18          6           0        0.914010    2.680942   -0.250258
     19          1           0        1.310829    2.863645   -1.256375
     20          1           0        0.212081    3.482667   -0.014039
     21          1           0        1.760941    2.740259    0.439889
 ---------------------------------------------------------------------
                    Distance matrix (angstroms):
                    1          2          3          4          5
     1  C    0.000000
     2  C    1.402455   0.000000
     3  C    2.412456   1.378390   0.000000
     4  C    2.867533   2.482865   1.453671   0.000000
     5  C    2.453301   2.838665   2.472033   1.462358   0.000000
     6  C    1.418405   2.427617   2.781873   2.453721   1.376636
     7  O    4.102214   3.569646   2.473025   1.777854   2.762120
     8  H    2.158472   3.404045   3.868035   3.437997   2.125498
     9  O    3.654126   2.378129   1.349960   2.377915   3.687696
    10  H    3.829956   3.416910   2.630226   2.200676   2.867724
    11  H    4.210351   3.080038   1.849916   2.312568   3.737005
    12  H    3.819083   3.347946   2.156342   1.089145   2.161400
    13  C    1.504825   2.530398   3.795103   4.371537   3.817483
    14  H    2.158522   2.633944   4.009249   4.889076   4.609564
    15  H    2.158186   3.238107   4.415699   4.851430   4.164804
    16  H    2.157473   3.277002   4.457872   4.888468   4.150566
    17  H    2.169743   1.083866   2.122601   3.450919   3.922190
    18  C    3.840633   4.338992   3.843281   2.539405   1.501675
    19  H    4.438525   4.811421   4.190463   2.875374   2.154959
    20  H    4.067680   4.863704   4.628614   3.465297   2.157546
    21  H    4.505353   4.845491   4.170523   2.778475   2.143856
                    6          7          8          9         10
     6  C    0.000000
     7  O    3.739788   0.000000
     8  H    1.086506   4.628023   0.000000
     9  O    4.129190   2.721382   5.215603   0.000000
    10  H    3.561917   0.967835   4.392184   3.026217   0.000000
    11  H    4.432013   2.073941   5.499492   0.974507   2.541682
    12  H    3.329208   2.102137   4.229957   2.645207   2.856706
    13  C    2.535190   5.515418   2.715977   4.906741   5.115152
    14  H    3.446737   5.958126   3.775880   4.899993   5.553661
    15  H    2.861507   5.753645   2.803828   5.534421   5.200212
    16  H    2.835322   6.229832   2.729390   5.618940   5.924514
    17  H    3.421245   4.334594   4.312922   2.606763   4.131369
    18  C    2.524542   3.393596   2.726229   4.915998   3.623128
    19  H    3.216082   3.890325   3.443894   5.148014   4.334833
    20  H    2.650668   4.316236   2.395007   5.807559   4.377481
    21  H    3.272209   3.008592   3.535330   5.074340   3.246943
                   11         12         13         14         15
    11  H    0.000000
    12  H    2.408691   0.000000
    13  C    5.553353   5.315682   0.000000
    14  H    5.654927   5.807963   1.091164   0.000000
    15  H    6.071908   5.869917   1.095669   1.768237   0.000000
    16  H    6.287744   5.726543   1.095386   1.768912   1.759590
    17  H    3.450143   4.233182   2.758806   2.408447   3.487050
    18  C    4.768119   2.741964   5.056723   5.955978   5.274278
    19  H    5.004519   2.682816   5.680277   6.534216   6.048011
    20  H    5.733660   3.791891   5.034020   6.037492   5.113935
    21  H    4.724050   2.901536   5.767844   6.630055   5.875809
                   16         17         18         19         20
    16  H    0.000000
    17  H    3.557450   0.000000
    18  C    5.220759   5.422616   0.000000
    19  H    5.721967   5.874045   1.096867   0.000000
    20  H    5.061039   5.931928   1.091451   1.770264   0.000000
    21  H    6.070815   5.905452   1.094127   1.759300   1.776566
                   21
    21  H    0.000000
 Symmetry turned off by external request.
 Stoichiometry    C8H11O2(2)
 Framework group  C1[X(C8H11O2)]
 Deg. of freedom    57
 Full point group                 C1      NOp   1
 Rotational constants (GHZ):           1.6141296           1.2365043           0.7680114
 Standard basis: 6-311G(d,p) (5D, 7F)
   246 basis functions,   408 primitive gaussians,   256 cartesian basis functions
    38 alpha electrons       37 beta electrons
       nuclear repulsion energy       525.1343184567 Hartrees.
 NAtoms=   21 NActive=   21 NUniq=   21 SFac= 1.00D+00 NAtFMM=   60 NAOKFM=F Big=F
 Integral buffers will be    131072 words long.
 Raffenetti 2 integral format.
 Two-electron integral symmetry is turned off.
 One-electron integrals computed using PRISM.
 NBasis=   246 RedAO= T EigKep=  2.49D-04  NBF=   246
 NBsUse=   246 1.00D-06 EigRej= -1.00D+00 NBFU=   246
 Initial guess from the checkpoint file:  "SR-11-ts-P2.chk"
 B after Tr=    -0.000066    0.000000   -0.000269
         Rot=    1.000000    0.000013   -0.000012    0.000008 Ang=   0.00 deg.
 Initial guess <Sx>= 0.0000 <Sy>= 0.0000 <Sz>= 0.5000 <S**2>= 0.7774 S= 0.5136
 ExpMin= 1.03D-01 ExpMax= 8.59D+03 ExpMxC= 1.30D+03 IAcc=2 IRadAn=         4 AccDes= 0.00D+00
 Harris functional with IExCor=  402 and IRadAn=       4 diagonalized for initial guess.
 HarFok:  IExCor=  402 AccDes= 0.00D+00 IRadAn=         4 IDoV= 1 UseB2=F ITyADJ=14
 ICtDFT=  3500011 ScaDFX=  1.000000  1.000000  1.000000  1.000000
 FoFCou: FMM=F IPFlag=           0 FMFlag=      100000 FMFlg1=           0
         NFxFlg=           0 DoJE=T BraDBF=F KetDBF=T FulRan=T
         wScrn=  0.000000 ICntrl=       500 IOpCl=  0 I1Cent=   200000004 NGrid=           0
         NMat0=    1 NMatS0=      1 NMatT0=    0 NMatD0=    1 NMtDS0=    0 NMtDT0=    0
 Symmetry not used in FoFCou.
 Requested convergence on RMS density matrix=1.00D-08 within 128 cycles.
 Requested convergence on MAX density matrix=1.00D-06.
 Requested convergence on             energy=1.00D-06.
 No special actions if energy rises.
 Integral accuracy reduced to 1.0D-05 until final iterations.
 Initial convergence to 1.0D-05 achieved.  Increase integral accuracy.
 SCF Done:  E(UB3LYP) =  -461.983993817     A.U. after   15 cycles
            NFock= 15  Conv=0.87D-08     -V/T= 2.0040
 <Sx>= 0.0000 <Sy>= 0.0000 <Sz>= 0.5000 <S**2>= 0.7774 S= 0.5136
 <L.S>= 0.000000000000E+00
 Annihilation of the first spin contaminant:
 S**2 before annihilation     0.7774,   after     0.7505
 DoSCS=F DFT=T ScalE2(SS,OS)=  1.000000  1.000000
 Range of M.O.s used for correlation:     1   246
 NBasis=   246 NAE=    38 NBE=    37 NFC=     0 NFV=     0
 NROrb=    246 NOA=    38 NOB=    37 NVA=   208 NVB=   209

 **** Warning!!: The largest alpha MO coefficient is  0.11381012D+02


 **** Warning!!: The largest beta MO coefficient is  0.11582302D+02

 Symmetrizing basis deriv contribution to polar:
 IMax=3 JMax=2 DiffMx= 0.00D+00
 G2DrvN: will do    22 centers at a time, making    1 passes.
 Calling FoFCou, ICntrl=  3107 FMM=F I1Cent=   0 AccDes= 0.00D+00.
 End of G2Drv F.D. properties file   721 does not exist.
 End of G2Drv F.D. properties file   722 does not exist.
 End of G2Drv F.D. properties file   788 does not exist.
          IDoAtm=111111111111111111111
          Differentiating once with respect to nuclear coordinates.
 Keep R1 and R2 ints in memory in canonical form, NReq=955570755.
          There are    66 degrees of freedom in the 1st order CPHF.  IDoFFX=6 NUNeed=     0.
     60 vectors produced by pass  0 Test12= 2.37D-14 1.52D-09 XBig12= 3.64D-01 2.83D-01.
 AX will form    60 AO Fock derivatives at one time.
     60 vectors produced by pass  1 Test12= 2.37D-14 1.52D-09 XBig12= 5.22D-02 6.76D-02.
     60 vectors produced by pass  2 Test12= 2.37D-14 1.52D-09 XBig12= 1.63D-03 9.56D-03.
     60 vectors produced by pass  3 Test12= 2.37D-14 1.52D-09 XBig12= 1.59D-05 7.63D-04.
     60 vectors produced by pass  4 Test12= 2.37D-14 1.52D-09 XBig12= 9.85D-08 4.11D-05.
     60 vectors produced by pass  5 Test12= 2.37D-14 1.52D-09 XBig12= 6.76D-10 2.17D-06.
     43 vectors produced by pass  6 Test12= 2.37D-14 1.52D-09 XBig12= 3.18D-12 1.72D-07.
     11 vectors produced by pass  7 Test12= 2.37D-14 1.52D-09 XBig12= 1.23D-14 7.46D-09.
 InvSVY:  IOpt=1 It=  1 EMax= 9.99D-16
 Solved reduced A of dimension   414 with    66 vectors.
 End of Minotr F.D. properties file   721 does not exist.
 End of Minotr F.D. properties file   722 does not exist.
 End of Minotr F.D. properties file   788 does not exist.
 Calling FoFJK, ICntrl=    100147 FMM=F ISym2X=0 I1Cent= 0 IOpClX= 1 NMat=1 NMatS=1 NMatT=0.
 -------------------------------------------------------------------
 Center     Atomic                   Forces (Hartrees/Bohr)
 Number     Number              X              Y              Z
 -------------------------------------------------------------------
      1        6          -0.000029377    0.000036289   -0.000137053
      2        6           0.000714904   -0.000680712   -0.000855931
      3        6          -0.000312794   -0.002262940    0.001975421
      4        6           0.009989366   -0.003026593    0.013009533
      5        6           0.002061309   -0.000110245    0.004585420
      6        6           0.001997119   -0.000356484   -0.000554286
      7        8          -0.014928016    0.009343239   -0.015727272
      8        1           0.000159517    0.000032493   -0.000404262
      9        8          -0.000075314   -0.003126014   -0.000852362
     10        1          -0.000417299    0.000444118   -0.000652595
     11        1           0.000086532   -0.000399781   -0.000279803
     12        1          -0.000567609   -0.000194639   -0.000460064
     13        6           0.000142189    0.000383047   -0.000283541
     14        1           0.000003789    0.000032117   -0.000054459
     15        1          -0.000028889   -0.000013117   -0.000006246
     16        1          -0.000029124    0.000039932    0.000002650
     17        1          -0.000016831   -0.000034980   -0.000270204
     18        6           0.001026534   -0.000187621    0.000995495
     19        1           0.000047300   -0.000177031    0.000021585
     20        1           0.000044262   -0.000005564   -0.000064733
     21        1           0.000132431    0.000264489    0.000012708
 -------------------------------------------------------------------
 Cartesian Forces:  Max     0.015727272 RMS     0.003760888
 IRC-IRC-IRC-IRC-IRC-IRC-IRC-IRC-IRC-IRC-IRC-IRC-IRC-IRC-IRC-IRC-IRC-IRC
 Pt 12 Step number   1 out of a maximum of  20
 Modified Bulirsch-Stoer Extrapolation Cycles:
    EPS =    0.000010000000000
      PEZero:  N= 2 I= 1 D=  7.75D-04 Err=  3.76D-06
 Maximum DWI energy   std dev =  0.000000383 at pt    14
 Maximum DWI gradient std dev =  0.002713920 at pt    16
 CORRECTOR INTEGRATION CONVERGENCE:
   Recorrection delta-x convergence threshold:    0.010000
   Delta-x Convergence Met
 Point Number:  12          Path Number:   1
   CHANGE IN THE REACTION COORDINATE =    0.14877
   NET REACTION COORDINATE UP TO THIS POINT =    1.78336
  # OF POINTS ALONG THE PATH =  12
  # OF STEPS =   1

 Calculating another point on the path.
 IRC-IRC-IRC-IRC-IRC-IRC-IRC-IRC-IRC-IRC-IRC-IRC-IRC-IRC-IRC-IRC-IRC-IRC
                          Input orientation:                          
 ---------------------------------------------------------------------
 Center     Atomic      Atomic             Coordinates (Angstroms)
 Number     Number       Type             X           Y           Z
 ---------------------------------------------------------------------
      1          6           0       -1.719925   -0.095933    0.068603
      2          6           0       -0.937931   -1.241775   -0.143424
      3          6           0        0.419514   -1.130991   -0.347236
      4          6           0        1.117687    0.147743   -0.315850
      5          6           0        0.263972    1.330776   -0.159442
      6          6           0       -1.085023    1.172927    0.061374
      7          8           0        2.272022   -0.169368    0.960835
      8          1           0       -1.698626    2.058239    0.204269
      9          8           0        1.204050   -2.223802   -0.464178
     10          1           0        1.712322   -0.223901    1.748434
     11          1           0        2.060578   -1.948648   -0.091005
     12          1           0        1.908534    0.255445   -1.058393
     13          6           0       -3.197136   -0.204437    0.333286
     14          1           0       -3.539457   -1.238751    0.272179
     15          1           0       -3.450809    0.175953    1.329102
     16          1           0       -3.773159    0.385540   -0.387944
     17          1           0       -1.378694   -2.231555   -0.112703
     18          6           0        0.914844    2.680800   -0.249443
     19          1           0        1.311273    2.861914   -1.256180
     20          1           0        0.212494    3.482620   -0.014688
     21          1           0        1.762238    2.742894    0.440009
 ---------------------------------------------------------------------
                    Distance matrix (angstroms):
                    1          2          3          4          5
     1  C    0.000000
     2  C    1.403362   0.000000
     3  C    2.412772   1.377123   0.000000
     4  C    2.873887   2.487178   1.457255   0.000000
     5  C    2.454251   2.839515   2.473814   1.467263   0.000000
     6  C    1.418858   2.427831   2.781839   2.458705   1.376031
     7  O    4.091102   3.559950   2.463241   1.750136   2.745491
     8  H    2.158545   3.404357   3.868057   3.442694   2.124448
     9  O    3.655313   2.378096   1.350336   2.377747   3.689395
    10  H    3.823419   3.411603   2.624119   2.180132   2.855649
    11  H    4.213103   3.081148   1.851299   2.309643   3.739933
    12  H    3.815666   3.343830   2.155256   1.090142   2.160795
    13  C    1.504653   2.531270   3.794966   4.377568   3.818236
    14  H    2.158280   2.634516   4.008583   4.894603   4.610297
    15  H    2.158411   3.239266   4.415610   4.855700   4.165210
    16  H    2.157781   3.278180   4.458703   4.897155   4.152603
    17  H    2.170298   1.083919   2.121272   3.454597   3.923103
    18  C    3.841016   4.339425   3.845083   2.542034   1.501433
    19  H    4.437574   4.810136   4.191026   2.878962   2.155007
    20  H    4.067828   4.864151   4.630211   3.468643   2.157322
    21  H    4.508031   4.848597   4.174883   2.778773   2.144346
                    6          7          8          9         10
     6  C    0.000000
     7  O    3.725659   0.000000
     8  H    1.086603   4.615266   0.000000
     9  O    4.129627   2.718809   5.216150   0.000000
    10  H    3.552807   0.967755   4.384880   3.025491   0.000000
    11  H    4.434213   2.077717   5.502177   0.973965   2.545499
    12  H    3.325212   2.095202   4.225635   2.645005   2.854216
    13  C    2.536156   5.505155   2.716962   4.907567   5.109383
    14  H    3.447445   5.949044   3.776694   4.900347   5.548913
    15  H    2.863221   5.745056   2.806848   5.535557   5.195541
    16  H    2.836889   6.218629   2.729895   5.620239   5.918280
    17  H    3.421555   4.328143   4.313370   2.606561   4.129029
    18  C    2.523838   3.380853   2.724640   4.917811   3.614522
    19  H    3.214165   3.876450   3.440683   5.148132   4.325598
    20  H    2.650287   4.304687   2.393571   5.809344   4.369941
    21  H    3.273386   3.002068   3.535803   5.079094   3.242891
                   11         12         13         14         15
    11  H    0.000000
    12  H    2.411842   0.000000
    13  C    5.555704   5.311885   0.000000
    14  H    5.656523   5.803762   1.091202   0.000000
    15  H    6.075033   5.867624   1.095763   1.768144   0.000000
    16  H    6.290397   5.722593   1.095468   1.768813   1.759569
    17  H    3.450956   4.229109   2.759501   2.408878   3.488346
    18  C    4.771749   2.743021   5.056930   5.956154   5.274940
    19  H    5.006055   2.681328   5.679318   6.533063   6.047767
    20  H    5.737588   3.792168   5.033990   6.037448   5.114647
    21  H    4.730914   2.907579   5.770055   6.632468   5.878395
                   16         17         18         19         20
    16  H    0.000000
    17  H    3.557866   0.000000
    18  C    5.221568   5.423121   0.000000
    19  H    5.721687   5.872553   1.097031   0.000000
    20  H    5.061290   5.932393   1.091477   1.770281   0.000000
    21  H    6.073157   5.908984   1.094201   1.759145   1.776415
                   21
    21  H    0.000000
 Symmetry turned off by external request.
 Stoichiometry    C8H11O2(2)
 Framework group  C1[X(C8H11O2)]
 Deg. of freedom    57
 Full point group                 C1      NOp   1
 Rotational constants (GHZ):           1.6153870           1.2394240           0.7684028
 Standard basis: 6-311G(d,p) (5D, 7F)
   246 basis functions,   408 primitive gaussians,   256 cartesian basis functions
    38 alpha electrons       37 beta electrons
       nuclear repulsion energy       525.4480848134 Hartrees.
 NAtoms=   21 NActive=   21 NUniq=   21 SFac= 1.00D+00 NAtFMM=   60 NAOKFM=F Big=F
 Integral buffers will be    131072 words long.
 Raffenetti 2 integral format.
 Two-electron integral symmetry is turned off.
 One-electron integrals computed using PRISM.
 NBasis=   246 RedAO= T EigKep=  2.52D-04  NBF=   246
 NBsUse=   246 1.00D-06 EigRej= -1.00D+00 NBFU=   246
 Initial guess from the checkpoint file:  "SR-11-ts-P2.chk"
 B after Tr=    -0.000066   -0.000002   -0.000268
         Rot=    1.000000    0.000013   -0.000012    0.000007 Ang=   0.00 deg.
 Initial guess <Sx>= 0.0000 <Sy>= 0.0000 <Sz>= 0.5000 <S**2>= 0.7773 S= 0.5136
 ExpMin= 1.03D-01 ExpMax= 8.59D+03 ExpMxC= 1.30D+03 IAcc=2 IRadAn=         4 AccDes= 0.00D+00
 Harris functional with IExCor=  402 and IRadAn=       4 diagonalized for initial guess.
 HarFok:  IExCor=  402 AccDes= 0.00D+00 IRadAn=         4 IDoV= 1 UseB2=F ITyADJ=14
 ICtDFT=  3500011 ScaDFX=  1.000000  1.000000  1.000000  1.000000
 FoFCou: FMM=F IPFlag=           0 FMFlag=      100000 FMFlg1=           0
         NFxFlg=           0 DoJE=T BraDBF=F KetDBF=T FulRan=T
         wScrn=  0.000000 ICntrl=       500 IOpCl=  0 I1Cent=   200000004 NGrid=           0
         NMat0=    1 NMatS0=      1 NMatT0=    0 NMatD0=    1 NMtDS0=    0 NMtDT0=    0
 Symmetry not used in FoFCou.
 Requested convergence on RMS density matrix=1.00D-08 within 128 cycles.
 Requested convergence on MAX density matrix=1.00D-06.
 Requested convergence on             energy=1.00D-06.
 No special actions if energy rises.
 Integral accuracy reduced to 1.0D-05 until final iterations.
 Initial convergence to 1.0D-05 achieved.  Increase integral accuracy.
 SCF Done:  E(UB3LYP) =  -461.985245562     A.U. after   15 cycles
            NFock= 15  Conv=0.71D-08     -V/T= 2.0040
 <Sx>= 0.0000 <Sy>= 0.0000 <Sz>= 0.5000 <S**2>= 0.7774 S= 0.5136
 <L.S>= 0.000000000000E+00
 Annihilation of the first spin contaminant:
 S**2 before annihilation     0.7774,   after     0.7505
 DoSCS=F DFT=T ScalE2(SS,OS)=  1.000000  1.000000
 Range of M.O.s used for correlation:     1   246
 NBasis=   246 NAE=    38 NBE=    37 NFC=     0 NFV=     0
 NROrb=    246 NOA=    38 NOB=    37 NVA=   208 NVB=   209

 **** Warning!!: The largest alpha MO coefficient is  0.11375577D+02


 **** Warning!!: The largest beta MO coefficient is  0.11596783D+02

 Symmetrizing basis deriv contribution to polar:
 IMax=3 JMax=2 DiffMx= 0.00D+00
 G2DrvN: will do    22 centers at a time, making    1 passes.
 Calling FoFCou, ICntrl=  3107 FMM=F I1Cent=   0 AccDes= 0.00D+00.
 End of G2Drv F.D. properties file   721 does not exist.
 End of G2Drv F.D. properties file   722 does not exist.
 End of G2Drv F.D. properties file   788 does not exist.
          IDoAtm=111111111111111111111
          Differentiating once with respect to nuclear coordinates.
 Keep R1 and R2 ints in memory in canonical form, NReq=955570755.
          There are    66 degrees of freedom in the 1st order CPHF.  IDoFFX=6 NUNeed=     0.
     60 vectors produced by pass  0 Test12= 2.37D-14 1.52D-09 XBig12= 3.67D-01 2.85D-01.
 AX will form    60 AO Fock derivatives at one time.
     60 vectors produced by pass  1 Test12= 2.37D-14 1.52D-09 XBig12= 5.24D-02 6.77D-02.
     60 vectors produced by pass  2 Test12= 2.37D-14 1.52D-09 XBig12= 1.63D-03 9.28D-03.
     60 vectors produced by pass  3 Test12= 2.37D-14 1.52D-09 XBig12= 1.61D-05 7.71D-04.
     60 vectors produced by pass  4 Test12= 2.37D-14 1.52D-09 XBig12= 1.00D-07 4.15D-05.
     60 vectors produced by pass  5 Test12= 2.37D-14 1.52D-09 XBig12= 6.85D-10 2.33D-06.
     43 vectors produced by pass  6 Test12= 2.37D-14 1.52D-09 XBig12= 3.22D-12 1.75D-07.
     11 vectors produced by pass  7 Test12= 2.37D-14 1.52D-09 XBig12= 1.24D-14 7.68D-09.
 InvSVY:  IOpt=1 It=  1 EMax= 1.11D-15
 Solved reduced A of dimension   414 with    66 vectors.
 End of Minotr F.D. properties file   721 does not exist.
 End of Minotr F.D. properties file   722 does not exist.
 End of Minotr F.D. properties file   788 does not exist.
 Calling FoFJK, ICntrl=    100147 FMM=F ISym2X=0 I1Cent= 0 IOpClX= 1 NMat=1 NMatS=1 NMatT=0.
 -------------------------------------------------------------------
 Center     Atomic                   Forces (Hartrees/Bohr)
 Number     Number              X              Y              Z
 -------------------------------------------------------------------
      1        6          -0.000021108    0.000056676   -0.000160662
      2        6           0.000794098   -0.000732805   -0.000930175
      3        6          -0.000265090   -0.002435300    0.002234256
      4        6           0.010884711   -0.003335976    0.014168242
      5        6           0.002301493   -0.000136629    0.005125173
      6        6           0.002183236   -0.000388670   -0.000646035
      7        8          -0.016390568    0.010321866   -0.017244098
      8        1           0.000176025    0.000036291   -0.000450588
      9        8          -0.000126948   -0.003567619   -0.000980630
     10        1          -0.000454927    0.000491124   -0.000717812
     11        1           0.000109767   -0.000465828   -0.000334637
     12        1          -0.000606833   -0.000213798   -0.000451534
     13        6           0.000141558    0.000421345   -0.000303244
     14        1           0.000005007    0.000034614   -0.000058267
     15        1          -0.000033275   -0.000015153   -0.000006500
     16        1          -0.000034865    0.000041418    0.000003534
     17        1          -0.000017381   -0.000037228   -0.000303443
     18        6           0.001117065   -0.000177206    0.001097350
     19        1           0.000047504   -0.000197233    0.000022757
     20        1           0.000045371   -0.000004489   -0.000074871
     21        1           0.000145160    0.000304598    0.000011185
 -------------------------------------------------------------------
 Cartesian Forces:  Max     0.017244098 RMS     0.004124589
 IRC-IRC-IRC-IRC-IRC-IRC-IRC-IRC-IRC-IRC-IRC-IRC-IRC-IRC-IRC-IRC-IRC-IRC
 Pt 13 Step number   1 out of a maximum of  20
 Modified Bulirsch-Stoer Extrapolation Cycles:
    EPS =    0.000010000000000
      PEZero:  N= 2 I= 1 D=  7.75D-04 Err=  4.27D-06
 Maximum DWI energy   std dev =  0.000000534 at pt    14
 Maximum DWI gradient std dev =  0.002383455 at pt    16
 CORRECTOR INTEGRATION CONVERGENCE:
   Recorrection delta-x convergence threshold:    0.010000
   Delta-x Convergence Met
 Point Number:  13          Path Number:   1
   CHANGE IN THE REACTION COORDINATE =    0.14877
   NET REACTION COORDINATE UP TO THIS POINT =    1.93213
  # OF POINTS ALONG THE PATH =  13
  # OF STEPS =   1

 Calculating another point on the path.
 IRC-IRC-IRC-IRC-IRC-IRC-IRC-IRC-IRC-IRC-IRC-IRC-IRC-IRC-IRC-IRC-IRC-IRC
                          Input orientation:                          
 ---------------------------------------------------------------------
 Center     Atomic      Atomic             Coordinates (Angstroms)
 Number     Number       Type             X           Y           Z
 ---------------------------------------------------------------------
      1          6           0       -1.719936   -0.095887    0.068478
      2          6           0       -0.937330   -1.242317   -0.144115
      3          6           0        0.419340   -1.132803   -0.345542
      4          6           0        1.125738    0.145245   -0.305279
      5          6           0        0.265705    1.330665   -0.155576
      6          6           0       -1.083388    1.172636    0.060881
      7          8           0        2.262839   -0.163554    0.951174
      8          1           0       -1.697066    2.058579    0.200242
      9          8           0        1.203961   -2.225841   -0.464742
     10          1           0        1.708211   -0.219516    1.742153
     11          1           0        2.061651   -1.952888   -0.094087
     12          1           0        1.903670    0.253613   -1.062685
     13          6           0       -3.197032   -0.204122    0.333060
     14          1           0       -3.539407   -1.238443    0.271663
     15          1           0       -3.451107    0.175817    1.329047
     16          1           0       -3.773479    0.385905   -0.387913
     17          1           0       -1.378845   -2.231883   -0.115431
     18          6           0        0.915679    2.680675   -0.248618
     19          1           0        1.311682    2.860143   -1.255991
     20          1           0        0.212882    3.482582   -0.015371
     21          1           0        1.763542    2.745662    0.440108
 ---------------------------------------------------------------------
                    Distance matrix (angstroms):
                    1          2          3          4          5
     1  C    0.000000
     2  C    1.404269   0.000000
     3  C    2.413112   1.375907   0.000000
     4  C    2.880225   2.491496   1.460831   0.000000
     5  C    2.455202   2.840363   2.475554   1.472172   0.000000
     6  C    1.419296   2.428036   2.781802   2.463705   1.375455
     7  O    4.079979   3.550278   2.453448   1.722507   2.728761
     8  H    2.158613   3.404659   3.868072   3.447408   2.123425
     9  O    3.656529   2.378077   1.350767   2.377730   3.691158
    10  H    3.816891   3.406320   2.617967   2.159699   2.843460
    11  H    4.216073   3.082418   1.852823   2.307097   3.743117
    12  H    3.812112   3.339589   2.153991   1.091140   2.160051
    13  C    1.504504   2.532154   3.794878   4.383592   3.819016
    14  H    2.158053   2.635089   4.007965   4.900106   4.611044
    15  H    2.158659   3.240430   4.415551   4.859986   4.165629
    16  H    2.158115   3.279374   4.459597   4.905821   4.154703
    17  H    2.170863   1.083974   2.119999   3.458283   3.924017
    18  C    3.841394   4.339865   3.846863   2.544747   1.501215
    19  H    4.436557   4.808794   4.191517   2.882551   2.155060
    20  H    4.067955   4.864590   4.631783   3.472056   2.157126
    21  H    4.510779   4.851804   4.179308   2.779310   2.144894
                    6          7          8          9         10
     6  C    0.000000
     7  O    3.711504   0.000000
     8  H    1.086701   4.602459   0.000000
     9  O    4.130120   2.716445   5.216745   0.000000
    10  H    3.543697   0.967674   4.377570   3.024896   0.000000
    11  H    4.436686   2.082009   5.505130   0.973407   2.549759
    12  H    3.321072   2.087740   4.221160   2.644772   2.851171
    13  C    2.537132   5.494898   2.717968   4.908419   5.103645
    14  H    3.448153   5.939965   3.777522   4.900693   5.544190
    15  H    2.864959   5.736475   2.809920   5.536723   5.190906
    16  H    2.838477   6.207431   2.730431   5.621569   5.912076
    17  H    3.421861   4.321747   4.313813   2.606327   4.126761
    18  C    2.523140   3.368082   2.723034   4.919727   3.605882
    19  H    3.212193   3.862515   3.437395   5.148293   4.316295
    20  H    2.649902   4.293115   2.392107   5.811219   4.362388
    21  H    3.274635   2.995667   3.536302   5.084066   3.238929
                   11         12         13         14         15
    11  H    0.000000
    12  H    2.414909   0.000000
    13  C    5.558272   5.307993   0.000000
    14  H    5.658273   5.799466   1.091242   0.000000
    15  H    6.078420   5.865157   1.095854   1.768046   0.000000
    16  H    6.293253   5.718640   1.095548   1.768710   1.759548
    17  H    3.451856   4.224912   2.760211   2.409314   3.489671
    18  C    4.775671   2.743987   5.057152   5.956338   5.275619
    19  H    5.007768   2.679891   5.678319   6.531860   6.047494
    20  H    5.741818   3.792344   5.033955   6.037395   5.115366
    21  H    4.738206   2.913475   5.772346   6.634963   5.881061
                   16         17         18         19         20
    16  H    0.000000
    17  H    3.558277   0.000000
    18  C    5.222410   5.423633   0.000000
    19  H    5.721387   5.870991   1.097191   0.000000
    20  H    5.061548   5.932851   1.091505   1.770291   0.000000
    21  H    6.075580   5.912628   1.094276   1.758987   1.776248
                   21
    21  H    0.000000
 Symmetry turned off by external request.
 Stoichiometry    C8H11O2(2)
 Framework group  C1[X(C8H11O2)]
 Deg. of freedom    57
 Full point group                 C1      NOp   1
 Rotational constants (GHZ):           1.6165859           1.2423348           0.7687817
 Standard basis: 6-311G(d,p) (5D, 7F)
   246 basis functions,   408 primitive gaussians,   256 cartesian basis functions
    38 alpha electrons       37 beta electrons
       nuclear repulsion energy       525.7668885131 Hartrees.
 NAtoms=   21 NActive=   21 NUniq=   21 SFac= 1.00D+00 NAtFMM=   60 NAOKFM=F Big=F
 Integral buffers will be    131072 words long.
 Raffenetti 2 integral format.
 Two-electron integral symmetry is turned off.
 One-electron integrals computed using PRISM.
 NBasis=   246 RedAO= T EigKep=  2.55D-04  NBF=   246
 NBsUse=   246 1.00D-06 EigRej= -1.00D+00 NBFU=   246
 Initial guess from the checkpoint file:  "SR-11-ts-P2.chk"
 B after Tr=    -0.000064   -0.000003   -0.000267
         Rot=    1.000000    0.000012   -0.000012    0.000007 Ang=   0.00 deg.
 Initial guess <Sx>= 0.0000 <Sy>= 0.0000 <Sz>= 0.5000 <S**2>= 0.7773 S= 0.5135
 ExpMin= 1.03D-01 ExpMax= 8.59D+03 ExpMxC= 1.30D+03 IAcc=2 IRadAn=         4 AccDes= 0.00D+00
 Harris functional with IExCor=  402 and IRadAn=       4 diagonalized for initial guess.
 HarFok:  IExCor=  402 AccDes= 0.00D+00 IRadAn=         4 IDoV= 1 UseB2=F ITyADJ=14
 ICtDFT=  3500011 ScaDFX=  1.000000  1.000000  1.000000  1.000000
 FoFCou: FMM=F IPFlag=           0 FMFlag=      100000 FMFlg1=           0
         NFxFlg=           0 DoJE=T BraDBF=F KetDBF=T FulRan=T
         wScrn=  0.000000 ICntrl=       500 IOpCl=  0 I1Cent=   200000004 NGrid=           0
         NMat0=    1 NMatS0=      1 NMatT0=    0 NMatD0=    1 NMtDS0=    0 NMtDT0=    0
 Symmetry not used in FoFCou.
 Requested convergence on RMS density matrix=1.00D-08 within 128 cycles.
 Requested convergence on MAX density matrix=1.00D-06.
 Requested convergence on             energy=1.00D-06.
 No special actions if energy rises.
 Integral accuracy reduced to 1.0D-05 until final iterations.
 Initial convergence to 1.0D-05 achieved.  Increase integral accuracy.
 SCF Done:  E(UB3LYP) =  -461.986600406     A.U. after   15 cycles
            NFock= 15  Conv=0.65D-08     -V/T= 2.0040
 <Sx>= 0.0000 <Sy>= 0.0000 <Sz>= 0.5000 <S**2>= 0.7773 S= 0.5136
 <L.S>= 0.000000000000E+00
 Annihilation of the first spin contaminant:
 S**2 before annihilation     0.7773,   after     0.7505
 DoSCS=F DFT=T ScalE2(SS,OS)=  1.000000  1.000000
 Range of M.O.s used for correlation:     1   246
 NBasis=   246 NAE=    38 NBE=    37 NFC=     0 NFV=     0
 NROrb=    246 NOA=    38 NOB=    37 NVA=   208 NVB=   209

 **** Warning!!: The largest alpha MO coefficient is  0.11367256D+02


 **** Warning!!: The largest beta MO coefficient is  0.11607510D+02

 Symmetrizing basis deriv contribution to polar:
 IMax=3 JMax=2 DiffMx= 0.00D+00
 G2DrvN: will do    22 centers at a time, making    1 passes.
 Calling FoFCou, ICntrl=  3107 FMM=F I1Cent=   0 AccDes= 0.00D+00.
 End of G2Drv F.D. properties file   721 does not exist.
 End of G2Drv F.D. properties file   722 does not exist.
 End of G2Drv F.D. properties file   788 does not exist.
          IDoAtm=111111111111111111111
          Differentiating once with respect to nuclear coordinates.
 Keep R1 and R2 ints in memory in canonical form, NReq=955570755.
          There are    66 degrees of freedom in the 1st order CPHF.  IDoFFX=6 NUNeed=     0.
     60 vectors produced by pass  0 Test12= 2.37D-14 1.52D-09 XBig12= 3.68D-01 2.87D-01.
 AX will form    60 AO Fock derivatives at one time.
     60 vectors produced by pass  1 Test12= 2.37D-14 1.52D-09 XBig12= 5.26D-02 6.78D-02.
     60 vectors produced by pass  2 Test12= 2.37D-14 1.52D-09 XBig12= 1.64D-03 8.96D-03.
     60 vectors produced by pass  3 Test12= 2.37D-14 1.52D-09 XBig12= 1.63D-05 7.76D-04.
     60 vectors produced by pass  4 Test12= 2.37D-14 1.52D-09 XBig12= 1.02D-07 4.06D-05.
     60 vectors produced by pass  5 Test12= 2.37D-14 1.52D-09 XBig12= 6.91D-10 2.36D-06.
     43 vectors produced by pass  6 Test12= 2.37D-14 1.52D-09 XBig12= 3.25D-12 1.78D-07.
     11 vectors produced by pass  7 Test12= 2.37D-14 1.52D-09 XBig12= 1.27D-14 7.95D-09.
 InvSVY:  IOpt=1 It=  1 EMax= 9.44D-16
 Solved reduced A of dimension   414 with    66 vectors.
 End of Minotr F.D. properties file   721 does not exist.
 End of Minotr F.D. properties file   722 does not exist.
 End of Minotr F.D. properties file   788 does not exist.
 Calling FoFJK, ICntrl=    100147 FMM=F ISym2X=0 I1Cent= 0 IOpClX= 1 NMat=1 NMatS=1 NMatT=0.
 -------------------------------------------------------------------
 Center     Atomic                   Forces (Hartrees/Bohr)
 Number     Number              X              Y              Z
 -------------------------------------------------------------------
      1        6           0.000007232    0.000074257   -0.000189662
      2        6           0.000857068   -0.000777100   -0.000986386
      3        6          -0.000185075   -0.002568017    0.002482220
      4        6           0.011495531   -0.003579543    0.014990998
      5        6           0.002530037   -0.000181862    0.005620144
      6        6           0.002344943   -0.000418894   -0.000722460
      7        8          -0.017571348    0.011197680   -0.018437312
      8        1           0.000190916    0.000038892   -0.000489379
      9        8          -0.000195493   -0.003993885   -0.001103551
     10        1          -0.000483181    0.000533146   -0.000770063
     11        1           0.000133154   -0.000527949   -0.000390933
     12        1          -0.000635662   -0.000229587   -0.000425661
     13        6           0.000144925    0.000457287   -0.000325492
     14        1           0.000006422    0.000037064   -0.000062227
     15        1          -0.000035661   -0.000016958   -0.000007023
     16        1          -0.000038864    0.000043441    0.000004071
     17        1          -0.000018895   -0.000038650   -0.000334212
     18        6           0.001204224   -0.000169302    0.001196863
     19        1           0.000046922   -0.000217185    0.000024268
     20        1           0.000045981   -0.000004322   -0.000084147
     21        1           0.000156822    0.000341486    0.000009944
 -------------------------------------------------------------------
 Cartesian Forces:  Max     0.018437312 RMS     0.004412067
 IRC-IRC-IRC-IRC-IRC-IRC-IRC-IRC-IRC-IRC-IRC-IRC-IRC-IRC-IRC-IRC-IRC-IRC
 Pt 14 Step number   1 out of a maximum of  20
 Modified Bulirsch-Stoer Extrapolation Cycles:
    EPS =    0.000010000000000
      PEZero:  N= 2 I= 1 D=  7.75D-04 Err=  5.12D-06
 Maximum DWI energy   std dev =  0.000000673 at pt    14
 Maximum DWI gradient std dev =  0.002145540 at pt    16
 CORRECTOR INTEGRATION CONVERGENCE:
   Recorrection delta-x convergence threshold:    0.010000
   Delta-x Convergence Met
 Point Number:  14          Path Number:   1
   CHANGE IN THE REACTION COORDINATE =    0.14877
   NET REACTION COORDINATE UP TO THIS POINT =    2.08090
  # OF POINTS ALONG THE PATH =  14
  # OF STEPS =   1

 Calculating another point on the path.
 IRC-IRC-IRC-IRC-IRC-IRC-IRC-IRC-IRC-IRC-IRC-IRC-IRC-IRC-IRC-IRC-IRC-IRC
                          Input orientation:                          
 ---------------------------------------------------------------------
 Center     Atomic      Atomic             Coordinates (Angstroms)
 Number     Number       Type             X           Y           Z
 ---------------------------------------------------------------------
      1          6           0       -1.719919   -0.095833    0.068338
      2          6           0       -0.936723   -1.242859   -0.144801
      3          6           0        0.419238   -1.134595   -0.343774
      4          6           0        1.133672    0.142740   -0.294840
      5          6           0        0.267493    1.330525   -0.151598
      6          6           0       -1.081738    1.172341    0.060368
      7          8           0        2.253627   -0.157633    0.941513
      8          1           0       -1.695477    2.058917    0.196152
      9          8           0        1.203839   -2.227984   -0.465336
     10          1           0        1.704125   -0.215048    1.735854
     11          1           0        2.062838   -1.957390   -0.097470
     12          1           0        1.898835    0.251764   -1.066456
     13          6           0       -3.196929   -0.203799    0.332830
     14          1           0       -3.539348   -1.238131    0.271142
     15          1           0       -3.451399    0.175674    1.328990
     16          1           0       -3.773807    0.386271   -0.387881
     17          1           0       -1.379007   -2.232203   -0.118249
     18          6           0        0.916527    2.680559   -0.247769
     19          1           0        1.312063    2.858307   -1.255800
     20          1           0        0.213253    3.482542   -0.016087
     21          1           0        1.764868    2.748565    0.440195
 ---------------------------------------------------------------------
                    Distance matrix (angstroms):
                    1          2          3          4          5
     1  C    0.000000
     2  C    1.405166   0.000000
     3  C    2.413474   1.374752   0.000000
     4  C    2.886485   2.495783   1.464376   0.000000
     5  C    2.456151   2.841212   2.477252   1.477030   0.000000
     6  C    1.419720   2.428233   2.781765   2.468663   1.374910
     7  O    4.068823   3.540640   2.443645   1.695020   2.711869
     8  H    2.158676   3.404949   3.868082   3.452085   2.122436
     9  O    3.657764   2.378071   1.351249   2.377882   3.692988
    10  H    3.810367   3.401078   2.611772   2.139427   2.831109
    11  H    4.219257   3.083855   1.854474   2.304962   3.746542
    12  H    3.808406   3.335226   2.152549   1.092131   2.159159
    13  C    1.504385   2.533044   3.794844   4.389552   3.819823
    14  H    2.157846   2.635657   4.007399   4.905534   4.611805
    15  H    2.158931   3.241588   4.415515   4.864235   4.166051
    16  H    2.158475   3.280578   4.460561   4.914398   4.156868
    17  H    2.171431   1.084031   2.118794   3.461950   3.924934
    18  C    3.841760   4.340316   3.848626   2.547527   1.501028
    19  H    4.435448   4.807381   4.191921   2.886099   2.155111
    20  H    4.068052   4.865020   4.633332   3.475507   2.156961
    21  H    4.513603   4.855128   4.183809   2.780109   2.145504
                    6          7          8          9         10
     6  C    0.000000
     7  O    3.697284   0.000000
     8  H    1.086797   4.589562   0.000000
     9  O    4.130671   2.714338   5.217386   0.000000
    10  H    3.534563   0.967588   4.370228   3.024472   0.000000
    11  H    4.439425   2.086867   5.508345   0.972843   2.554507
    12  H    3.316777   2.079765   4.216522   2.644525   2.847589
    13  C    2.538116   5.484633   2.718993   4.909293   5.097935
    14  H    3.448862   5.930889   3.778361   4.901024   5.539503
    15  H    2.866712   5.727875   2.813039   5.537907   5.186292
    16  H    2.840082   6.196215   2.730988   5.622925   5.905893
    17  H    3.422162   4.315434   4.314245   2.606066   4.124598
    18  C    2.522446   3.355229   2.721409   4.921756   3.597167
    19  H    3.210150   3.848457   3.434018   5.148485   4.306880
    20  H    2.649505   4.281471   2.390607   5.813191   4.354787
    21  H    3.275960   2.989346   3.536828   5.089280   3.235030
                   11         12         13         14         15
    11  H    0.000000
    12  H    2.417890   0.000000
    13  C    5.561060   5.303994   0.000000
    14  H    5.660185   5.795066   1.091283   0.000000
    15  H    6.082068   5.862504   1.095943   1.767944   0.000000
    16  H    6.296308   5.714667   1.095625   1.768605   1.759530
    17  H    3.452860   4.220596   2.760931   2.409747   3.491015
    18  C    4.779874   2.744854   5.057385   5.956528   5.276305
    19  H    5.009624   2.678474   5.677257   6.530585   6.047166
    20  H    5.746342   3.792412   5.033905   6.037323   5.116080
    21  H    4.745933   2.919239   5.774722   6.637547   5.883804
                   16         17         18         19         20
    16  H    0.000000
    17  H    3.558676   0.000000
    18  C    5.223277   5.424157   0.000000
    19  H    5.721042   5.869342   1.097346   0.000000
    20  H    5.061795   5.933299   1.091534   1.770293   0.000000
    21  H    6.078080   5.916405   1.094350   1.758828   1.776070
                   21
    21  H    0.000000
 Symmetry turned off by external request.
 Stoichiometry    C8H11O2(2)
 Framework group  C1[X(C8H11O2)]
 Deg. of freedom    57
 Full point group                 C1      NOp   1
 Rotational constants (GHZ):           1.6177232           1.2452475           0.7691512
 Standard basis: 6-311G(d,p) (5D, 7F)
   246 basis functions,   408 primitive gaussians,   256 cartesian basis functions
    38 alpha electrons       37 beta electrons
       nuclear repulsion energy       526.0919117298 Hartrees.
 NAtoms=   21 NActive=   21 NUniq=   21 SFac= 1.00D+00 NAtFMM=   60 NAOKFM=F Big=F
 Integral buffers will be    131072 words long.
 Raffenetti 2 integral format.
 Two-electron integral symmetry is turned off.
 One-electron integrals computed using PRISM.
 NBasis=   246 RedAO= T EigKep=  2.57D-04  NBF=   246
 NBsUse=   246 1.00D-06 EigRej= -1.00D+00 NBFU=   246
 Initial guess from the checkpoint file:  "SR-11-ts-P2.chk"
 B after Tr=    -0.000062   -0.000005   -0.000267
         Rot=    1.000000    0.000012   -0.000011    0.000007 Ang=   0.00 deg.
 Initial guess <Sx>= 0.0000 <Sy>= 0.0000 <Sz>= 0.5000 <S**2>= 0.7773 S= 0.5135
 ExpMin= 1.03D-01 ExpMax= 8.59D+03 ExpMxC= 1.30D+03 IAcc=2 IRadAn=         4 AccDes= 0.00D+00
 Harris functional with IExCor=  402 and IRadAn=       4 diagonalized for initial guess.
 HarFok:  IExCor=  402 AccDes= 0.00D+00 IRadAn=         4 IDoV= 1 UseB2=F ITyADJ=14
 ICtDFT=  3500011 ScaDFX=  1.000000  1.000000  1.000000  1.000000
 FoFCou: FMM=F IPFlag=           0 FMFlag=      100000 FMFlg1=           0
         NFxFlg=           0 DoJE=T BraDBF=F KetDBF=T FulRan=T
         wScrn=  0.000000 ICntrl=       500 IOpCl=  0 I1Cent=   200000004 NGrid=           0
         NMat0=    1 NMatS0=      1 NMatT0=    0 NMatD0=    1 NMtDS0=    0 NMtDT0=    0
 Symmetry not used in FoFCou.
 Requested convergence on RMS density matrix=1.00D-08 within 128 cycles.
 Requested convergence on MAX density matrix=1.00D-06.
 Requested convergence on             energy=1.00D-06.
 No special actions if energy rises.
 Integral accuracy reduced to 1.0D-05 until final iterations.
 Initial convergence to 1.0D-05 achieved.  Increase integral accuracy.
 SCF Done:  E(UB3LYP) =  -461.988030904     A.U. after   14 cycles
            NFock= 14  Conv=0.83D-08     -V/T= 2.0040
 <Sx>= 0.0000 <Sy>= 0.0000 <Sz>= 0.5000 <S**2>= 0.7774 S= 0.5136
 <L.S>= 0.000000000000E+00
 Annihilation of the first spin contaminant:
 S**2 before annihilation     0.7774,   after     0.7505
 DoSCS=F DFT=T ScalE2(SS,OS)=  1.000000  1.000000
 Range of M.O.s used for correlation:     1   246
 NBasis=   246 NAE=    38 NBE=    37 NFC=     0 NFV=     0
 NROrb=    246 NOA=    38 NOB=    37 NVA=   208 NVB=   209

 **** Warning!!: The largest alpha MO coefficient is  0.11354721D+02


 **** Warning!!: The largest beta MO coefficient is  0.11613865D+02

 Symmetrizing basis deriv contribution to polar:
 IMax=3 JMax=2 DiffMx= 0.00D+00
 G2DrvN: will do    22 centers at a time, making    1 passes.
 Calling FoFCou, ICntrl=  3107 FMM=F I1Cent=   0 AccDes= 0.00D+00.
 End of G2Drv F.D. properties file   721 does not exist.
 End of G2Drv F.D. properties file   722 does not exist.
 End of G2Drv F.D. properties file   788 does not exist.
          IDoAtm=111111111111111111111
          Differentiating once with respect to nuclear coordinates.
 Keep R1 and R2 ints in memory in canonical form, NReq=955570755.
          There are    66 degrees of freedom in the 1st order CPHF.  IDoFFX=6 NUNeed=     0.
     60 vectors produced by pass  0 Test12= 2.37D-14 1.52D-09 XBig12= 3.70D-01 2.89D-01.
 AX will form    60 AO Fock derivatives at one time.
     60 vectors produced by pass  1 Test12= 2.37D-14 1.52D-09 XBig12= 5.27D-02 6.78D-02.
     60 vectors produced by pass  2 Test12= 2.37D-14 1.52D-09 XBig12= 1.63D-03 8.84D-03.
     60 vectors produced by pass  3 Test12= 2.37D-14 1.52D-09 XBig12= 1.66D-05 7.77D-04.
     60 vectors produced by pass  4 Test12= 2.37D-14 1.52D-09 XBig12= 1.03D-07 3.73D-05.
     60 vectors produced by pass  5 Test12= 2.37D-14 1.52D-09 XBig12= 6.94D-10 2.15D-06.
     43 vectors produced by pass  6 Test12= 2.37D-14 1.52D-09 XBig12= 3.27D-12 1.80D-07.
     11 vectors produced by pass  7 Test12= 2.37D-14 1.52D-09 XBig12= 1.30D-14 8.20D-09.
 InvSVY:  IOpt=1 It=  1 EMax= 1.78D-15
 Solved reduced A of dimension   414 with    66 vectors.
 End of Minotr F.D. properties file   721 does not exist.
 End of Minotr F.D. properties file   722 does not exist.
 End of Minotr F.D. properties file   788 does not exist.
 Calling FoFJK, ICntrl=    100147 FMM=F ISym2X=0 I1Cent= 0 IOpClX= 1 NMat=1 NMatS=1 NMatT=0.
 -------------------------------------------------------------------
 Center     Atomic                   Forces (Hartrees/Bohr)
 Number     Number              X              Y              Z
 -------------------------------------------------------------------
      1        6           0.000057583    0.000086577   -0.000225020
      2        6           0.000899743   -0.000814140   -0.001022488
      3        6          -0.000077384   -0.002661313    0.002710343
      4        6           0.011761029   -0.003738639    0.015407897
      5        6           0.002736561   -0.000244889    0.006051341
      6        6           0.002477721   -0.000445621   -0.000778730
      7        8          -0.018390561    0.011939533   -0.019223544
      8        1           0.000203646    0.000040049   -0.000518545
      9        8          -0.000281860   -0.004390458   -0.001216520
     10        1          -0.000500153    0.000568955   -0.000805816
     11        1           0.000155391   -0.000582794   -0.000446856
     12        1          -0.000653342   -0.000240928   -0.000386234
     13        6           0.000154792    0.000490262   -0.000351324
     14        1           0.000008030    0.000039536   -0.000066411
     15        1          -0.000035464   -0.000018368   -0.000007930
     16        1          -0.000040542    0.000046251    0.000004195
     17        1          -0.000021700   -0.000039248   -0.000361180
     18        6           0.001287484   -0.000166200    0.001293351
     19        1           0.000045715   -0.000236618    0.000026298
     20        1           0.000046206   -0.000005307   -0.000092109
     21        1           0.000167106    0.000373359    0.000009281
 -------------------------------------------------------------------
 Cartesian Forces:  Max     0.019223544 RMS     0.004604746
 IRC-IRC-IRC-IRC-IRC-IRC-IRC-IRC-IRC-IRC-IRC-IRC-IRC-IRC-IRC-IRC-IRC-IRC
 Pt 15 Step number   1 out of a maximum of  20
 Modified Bulirsch-Stoer Extrapolation Cycles:
    EPS =    0.000010000000000
      PEZero:  N= 2 I= 1 D=  7.75D-04 Err=  7.42D-06
 Maximum DWI energy   std dev =  0.000000800 at pt    19
 Maximum DWI gradient std dev =  0.001981637 at pt    16
 CORRECTOR INTEGRATION CONVERGENCE:
   Recorrection delta-x convergence threshold:    0.010000
   Delta-x Convergence Met
 Point Number:  15          Path Number:   1
   CHANGE IN THE REACTION COORDINATE =    0.14877
   NET REACTION COORDINATE UP TO THIS POINT =    2.22966
  # OF POINTS ALONG THE PATH =  15
  # OF STEPS =   1

 Calculating another point on the path.
 IRC-IRC-IRC-IRC-IRC-IRC-IRC-IRC-IRC-IRC-IRC-IRC-IRC-IRC-IRC-IRC-IRC-IRC
                          Input orientation:                          
 ---------------------------------------------------------------------
 Center     Atomic      Atomic             Coordinates (Angstroms)
 Number     Number       Type             X           Y           Z
 ---------------------------------------------------------------------
      1          6           0       -1.719862   -0.095774    0.068176
      2          6           0       -0.936113   -1.243406   -0.145484
      3          6           0        0.419216   -1.136384   -0.341916
      4          6           0        1.141429    0.140234   -0.284581
      5          6           0        0.269355    1.330343   -0.147477
      6          6           0       -1.080061    1.172039    0.059841
      7          8           0        2.244381   -0.151555    0.931857
      8          1           0       -1.693843    2.059248    0.191995
      9          8           0        1.203675   -2.230249   -0.465965
     10          1           0        1.700066   -0.210456    1.729539
     11          1           0        2.064145   -1.962162   -0.101194
     12          1           0        1.894010    0.249897   -1.069742
     13          6           0       -3.196820   -0.203465    0.332587
     14          1           0       -3.539278   -1.237810    0.270601
     15          1           0       -3.451669    0.175527    1.328927
     16          1           0       -3.774128    0.386651   -0.387852
     17          1           0       -1.379193   -2.232517   -0.121178
     18          6           0        0.917404    2.680447   -0.246883
     19          1           0        1.312422    2.856376   -1.255597
     20          1           0        0.213614    3.482490   -0.016838
     21          1           0        1.766231    2.751609    0.440279
 ---------------------------------------------------------------------
                    Distance matrix (angstroms):
                    1          2          3          4          5
     1  C    0.000000
     2  C    1.406049   0.000000
     3  C    2.413856   1.373665   0.000000
     4  C    2.892598   2.499998   1.467867   0.000000
     5  C    2.457092   2.842066   2.478912   1.481780   0.000000
     6  C    1.420129   2.428427   2.781736   2.473513   1.374395
     7  O    4.057620   3.531054   2.433848   1.667743   2.694757
     8  H    2.158734   3.405228   3.868094   3.456662   2.121483
     9  O    3.659010   2.378078   1.351779   2.378228   3.694889
    10  H    3.803839   3.395900   2.605541   2.119372   2.818543
    11  H    4.222653   3.085469   1.856246   2.303281   3.750200
    12  H    3.804526   3.330736   2.150936   1.093107   2.158111
    13  C    1.504299   2.533936   3.794867   4.395388   3.820654
    14  H    2.157660   2.636215   4.006887   4.910830   4.612579
    15  H    2.159225   3.242728   4.415493   4.868388   4.166460
    16  H    2.158866   3.281792   4.461600   4.922813   4.159097
    17  H    2.171999   1.084089   2.117665   3.465571   3.925859
    18  C    3.842114   4.340787   3.850380   2.550351   1.500877
    19  H    4.434221   4.805879   4.192226   2.889557   2.155155
    20  H    4.068112   4.865441   4.634862   3.478966   2.156829
    21  H    4.516514   4.858593   4.188409   2.781201   2.146181
                    6          7          8          9         10
     6  C    0.000000
     7  O    3.682964   0.000000
     8  H    1.086892   4.576533   0.000000
     9  O    4.131281   2.712554   5.218076   0.000000
    10  H    3.525378   0.967494   4.362822   3.024270   0.000000
    11  H    4.442429   2.092362   5.511822   0.972285   2.559807
    12  H    3.312311   2.071310   4.211702   2.644284   2.843504
    13  C    2.539109   5.474349   2.720032   4.910183   5.092251
    14  H    3.449571   5.921818   3.779206   4.901333   5.534861
    15  H    2.868474   5.719234   2.816198   5.539100   5.181684
    16  H    2.841700   6.184961   2.731554   5.624303   5.899718
    17  H    3.422462   4.309243   4.314664   2.605779   4.122586
    18  C    2.521753   3.342235   2.719764   4.923910   3.588332
    19  H    3.208012   3.834208   3.430535   5.148699   4.297297
    20  H    2.649086   4.269698   2.389063   5.815267   4.347093
    21  H    3.277369   2.983059   3.537389   5.094768   3.231161
                   11         12         13         14         15
    11  H    0.000000
    12  H    2.420793   0.000000
    13  C    5.564076   5.299870   0.000000
    14  H    5.662267   5.790545   1.091325   0.000000
    15  H    6.085981   5.859645   1.096027   1.767838   0.000000
    16  H    6.299565   5.710645   1.095697   1.768499   1.759512
    17  H    3.453992   4.216161   2.761653   2.410166   3.492369
    18  C    4.784356   2.745621   5.057625   5.956722   5.276988
    19  H    5.011591   2.677035   5.676110   6.529214   6.046758
    20  H    5.751158   3.792360   5.033828   6.037222   5.116775
    21  H    4.754113   2.924903   5.777191   6.640232   5.886627
                   16         17         18         19         20
    16  H    0.000000
    17  H    3.559054   0.000000
    18  C    5.224159   5.424700   0.000000
    19  H    5.720622   5.867582   1.097494   0.000000
    20  H    5.062011   5.933736   1.091565   1.770289   0.000000
    21  H    6.080658   5.920341   1.094424   1.758668   1.775883
                   21
    21  H    0.000000
 Symmetry turned off by external request.
 Stoichiometry    C8H11O2(2)
 Framework group  C1[X(C8H11O2)]
 Deg. of freedom    57
 Full point group                 C1      NOp   1
 Rotational constants (GHZ):           1.6187924           1.2481730           0.7695143
 Standard basis: 6-311G(d,p) (5D, 7F)
   246 basis functions,   408 primitive gaussians,   256 cartesian basis functions
    38 alpha electrons       37 beta electrons
       nuclear repulsion energy       526.4240269784 Hartrees.
 NAtoms=   21 NActive=   21 NUniq=   21 SFac= 1.00D+00 NAtFMM=   60 NAOKFM=F Big=F
 Integral buffers will be    131072 words long.
 Raffenetti 2 integral format.
 Two-electron integral symmetry is turned off.
 One-electron integrals computed using PRISM.
 NBasis=   246 RedAO= T EigKep=  2.59D-04  NBF=   246
 NBsUse=   246 1.00D-06 EigRej= -1.00D+00 NBFU=   246
 Initial guess from the checkpoint file:  "SR-11-ts-P2.chk"
 B after Tr=    -0.000059   -0.000006   -0.000268
         Rot=    1.000000    0.000011   -0.000011    0.000007 Ang=   0.00 deg.
 Initial guess <Sx>= 0.0000 <Sy>= 0.0000 <Sz>= 0.5000 <S**2>= 0.7773 S= 0.5136
 ExpMin= 1.03D-01 ExpMax= 8.59D+03 ExpMxC= 1.30D+03 IAcc=2 IRadAn=         4 AccDes= 0.00D+00
 Harris functional with IExCor=  402 and IRadAn=       4 diagonalized for initial guess.
 HarFok:  IExCor=  402 AccDes= 0.00D+00 IRadAn=         4 IDoV= 1 UseB2=F ITyADJ=14
 ICtDFT=  3500011 ScaDFX=  1.000000  1.000000  1.000000  1.000000
 FoFCou: FMM=F IPFlag=           0 FMFlag=      100000 FMFlg1=           0
         NFxFlg=           0 DoJE=T BraDBF=F KetDBF=T FulRan=T
         wScrn=  0.000000 ICntrl=       500 IOpCl=  0 I1Cent=   200000004 NGrid=           0
         NMat0=    1 NMatS0=      1 NMatT0=    0 NMatD0=    1 NMtDS0=    0 NMtDT0=    0
 Symmetry not used in FoFCou.
 Requested convergence on RMS density matrix=1.00D-08 within 128 cycles.
 Requested convergence on MAX density matrix=1.00D-06.
 Requested convergence on             energy=1.00D-06.
 No special actions if energy rises.
 Integral accuracy reduced to 1.0D-05 until final iterations.
 Initial convergence to 1.0D-05 achieved.  Increase integral accuracy.
 SCF Done:  E(UB3LYP) =  -461.989504138     A.U. after   14 cycles
            NFock= 14  Conv=0.58D-08     -V/T= 2.0040
 <Sx>= 0.0000 <Sy>= 0.0000 <Sz>= 0.5000 <S**2>= 0.7775 S= 0.5137
 <L.S>= 0.000000000000E+00
 Annihilation of the first spin contaminant:
 S**2 before annihilation     0.7775,   after     0.7505
 DoSCS=F DFT=T ScalE2(SS,OS)=  1.000000  1.000000
 Range of M.O.s used for correlation:     1   246
 NBasis=   246 NAE=    38 NBE=    37 NFC=     0 NFV=     0
 NROrb=    246 NOA=    38 NOB=    37 NVA=   208 NVB=   209

 **** Warning!!: The largest alpha MO coefficient is  0.11336046D+02


 **** Warning!!: The largest beta MO coefficient is  0.11614811D+02

 Symmetrizing basis deriv contribution to polar:
 IMax=3 JMax=2 DiffMx= 0.00D+00
 G2DrvN: will do    22 centers at a time, making    1 passes.
 Calling FoFCou, ICntrl=  3107 FMM=F I1Cent=   0 AccDes= 0.00D+00.
 End of G2Drv F.D. properties file   721 does not exist.
 End of G2Drv F.D. properties file   722 does not exist.
 End of G2Drv F.D. properties file   788 does not exist.
          IDoAtm=111111111111111111111
          Differentiating once with respect to nuclear coordinates.
 Keep R1 and R2 ints in memory in canonical form, NReq=955570755.
          There are    66 degrees of freedom in the 1st order CPHF.  IDoFFX=6 NUNeed=     0.
     60 vectors produced by pass  0 Test12= 2.37D-14 1.52D-09 XBig12= 3.71D-01 2.90D-01.
 AX will form    60 AO Fock derivatives at one time.
     60 vectors produced by pass  1 Test12= 2.37D-14 1.52D-09 XBig12= 5.29D-02 6.84D-02.
     60 vectors produced by pass  2 Test12= 2.37D-14 1.52D-09 XBig12= 1.63D-03 8.92D-03.
     60 vectors produced by pass  3 Test12= 2.37D-14 1.52D-09 XBig12= 1.69D-05 7.69D-04.
     60 vectors produced by pass  4 Test12= 2.37D-14 1.52D-09 XBig12= 1.04D-07 3.49D-05.
     60 vectors produced by pass  5 Test12= 2.37D-14 1.52D-09 XBig12= 6.94D-10 1.91D-06.
     43 vectors produced by pass  6 Test12= 2.37D-14 1.52D-09 XBig12= 3.30D-12 1.80D-07.
     11 vectors produced by pass  7 Test12= 2.37D-14 1.52D-09 XBig12= 1.33D-14 8.60D-09.
 InvSVY:  IOpt=1 It=  1 EMax= 1.83D-15
 Solved reduced A of dimension   414 with    66 vectors.
 End of Minotr F.D. properties file   721 does not exist.
 End of Minotr F.D. properties file   722 does not exist.
 End of Minotr F.D. properties file   788 does not exist.
 Calling FoFJK, ICntrl=    100147 FMM=F ISym2X=0 I1Cent= 0 IOpClX= 1 NMat=1 NMatS=1 NMatT=0.
 -------------------------------------------------------------------
 Center     Atomic                   Forces (Hartrees/Bohr)
 Number     Number              X              Y              Z
 -------------------------------------------------------------------
      1        6           0.000129973    0.000091900   -0.000267430
      2        6           0.000919502   -0.000845374   -0.001037118
      3        6           0.000048970   -0.002718404    0.002908603
      4        6           0.011631287   -0.003797202    0.015359071
      5        6           0.002908188   -0.000321789    0.006398986
      6        6           0.002576689   -0.000467180   -0.000810371
      7        8          -0.018771300    0.012518374   -0.019525596
      8        1           0.000213609    0.000039624   -0.000536059
      9        8          -0.000385710   -0.004742556   -0.001314965
     10        1          -0.000504435    0.000597663   -0.000821963
     11        1           0.000174901   -0.000627386   -0.000500574
     12        1          -0.000659743   -0.000246839   -0.000338239
     13        6           0.000173610    0.000519851   -0.000381664
     14        1           0.000009790    0.000042069   -0.000070889
     15        1          -0.000032244   -0.000019246   -0.000009316
     16        1          -0.000039476    0.000050078    0.000003812
     17        1          -0.000026080   -0.000039114   -0.000382886
     18        6           0.001366379   -0.000170196    0.001386307
     19        1           0.000044146   -0.000255154    0.000029029
     20        1           0.000046233   -0.000007594   -0.000098259
     21        1           0.000175711    0.000398474    0.000009520
 -------------------------------------------------------------------
 Cartesian Forces:  Max     0.019525596 RMS     0.004686193
 IRC-IRC-IRC-IRC-IRC-IRC-IRC-IRC-IRC-IRC-IRC-IRC-IRC-IRC-IRC-IRC-IRC-IRC
 Pt 16 Step number   1 out of a maximum of  20
 Modified Bulirsch-Stoer Extrapolation Cycles:
    EPS =    0.000010000000000
      PEZero:  N= 2 I= 1 D=  7.75D-04 Err=  1.06D-05
      PEZero:  N= 3 I= 2 D=  7.75D-04 Err=  7.04D-06
      PEZero:  N= 3 I= 1 D=  1.55D-03 Err=  1.07D-08
 Maximum DWI energy   std dev =  0.000000917 at pt    19
 Maximum DWI gradient std dev =  0.001884545 at pt    25
 CORRECTOR INTEGRATION CONVERGENCE:
   Recorrection delta-x convergence threshold:    0.010000
   Delta-x Convergence Met
 Point Number:  16          Path Number:   1
   CHANGE IN THE REACTION COORDINATE =    0.14877
   NET REACTION COORDINATE UP TO THIS POINT =    2.37843
  # OF POINTS ALONG THE PATH =  16
  # OF STEPS =   1

 Calculating another point on the path.
 IRC-IRC-IRC-IRC-IRC-IRC-IRC-IRC-IRC-IRC-IRC-IRC-IRC-IRC-IRC-IRC-IRC-IRC
                          Input orientation:                          
 ---------------------------------------------------------------------
 Center     Atomic      Atomic             Coordinates (Angstroms)
 Number     Number       Type             X           Y           Z
 ---------------------------------------------------------------------
      1          6           0       -1.719751   -0.095715    0.067984
      2          6           0       -0.935500   -1.243972   -0.146167
      3          6           0        0.419279   -1.138192   -0.339948
      4          6           0        1.148938    0.137734   -0.274557
      5          6           0        0.271306    1.330108   -0.143176
      6          6           0       -1.078337    1.171726    0.059304
      7          8           0        2.235102   -0.145258    0.922218
      8          1           0       -1.692151    2.059569    0.187770
      9          8           0        1.203456   -2.232667   -0.466636
     10          1           0        1.696033   -0.205686    1.723214
     11          1           0        2.065581   -1.967221   -0.105312
     12          1           0        1.889165    0.248012   -1.072600
     13          6           0       -3.196696   -0.203113    0.332324
     14          1           0       -3.539195   -1.237469    0.270026
     15          1           0       -3.451901    0.175376    1.328852
     16          1           0       -3.774428    0.387065   -0.387828
     17          1           0       -1.379420   -2.232826   -0.124240
     18          6           0        0.918328    2.680330   -0.245940
     19          1           0        1.312769    2.854312   -1.255371
     20          1           0        0.213974    3.482415   -0.017625
     21          1           0        1.767650    2.754808    0.440370
 ---------------------------------------------------------------------
                    Distance matrix (angstroms):
                    1          2          3          4          5
     1  C    0.000000
     2  C    1.406913   0.000000
     3  C    2.414253   1.372650   0.000000
     4  C    2.898484   2.504091   1.471279   0.000000
     5  C    2.458021   2.842935   2.480548   1.486357   0.000000
     6  C    1.420526   2.428624   2.781721   2.478176   1.373906
     7  O    4.046361   3.521553   2.424086   1.640764   2.677362
     8  H    2.158786   3.405498   3.868113   3.461066   2.120566
     9  O    3.660263   2.378098   1.352353   2.378795   3.696877
    10  H    3.797297   3.390809   2.599289   2.099604   2.805695
    11  H    4.226264   3.087272   1.858132   2.302111   3.754096
    12  H    3.800442   3.326113   2.149164   1.094062   2.156903
    13  C    1.504252   2.534826   3.794943   4.401024   3.821506
    14  H    2.157498   2.636757   4.006425   4.915927   4.613362
    15  H    2.159542   3.243841   4.415471   4.872376   4.166838
    16  H    2.159291   3.283015   4.462721   4.930976   4.161388
    17  H    2.172561   1.084149   2.116618   3.469113   3.926800
    18  C    3.842451   4.341287   3.852141   2.553193   1.500765
    19  H    4.432843   4.804266   4.192422   2.892859   2.155184
    20  H    4.068124   4.865854   4.636383   3.482393   2.156727
    21  H    4.519527   4.862230   4.193143   2.782625   2.146938
                    6          7          8          9         10
     6  C    0.000000
     7  O    3.668507   0.000000
     8  H    1.086985   4.563331   0.000000
     9  O    4.131958   2.711178   5.218819   0.000000
    10  H    3.516104   0.967388   4.355314   3.024356   0.000000
    11  H    4.445706   2.098597   5.515567   0.971738   2.565752
    12  H    3.307646   2.062434   4.206673   2.644080   2.838964
    13  C    2.540112   5.464041   2.721081   4.911085   5.086588
    14  H    3.450282   5.912764   3.780053   4.901614   5.530275
    15  H    2.870239   5.710530   2.819391   5.540288   5.177060
    16  H    2.843330   6.173657   2.732117   5.625703   5.893538
    17  H    3.422764   4.303230   4.315067   2.605472   4.120776
    18  C    2.521057   3.329029   2.718096   4.926210   3.579313
    19  H    3.205753   3.819688   3.426925   5.148923   4.287475
    20  H    2.648635   4.257731   2.387465   5.817460   4.339252
    21  H    3.278872   2.976756   3.537992   5.100577   3.227281
                   11         12         13         14         15
    11  H    0.000000
    12  H    2.423639   0.000000
    13  C    5.567329   5.295593   0.000000
    14  H    5.664532   5.785879   1.091366   0.000000
    15  H    6.090169   5.856555   1.096108   1.767729   0.000000
    16  H    6.303029   5.706534   1.095766   1.768394   1.759496
    17  H    3.455276   4.211602   2.762368   2.410562   3.493722
    18  C    4.789123   2.746282   5.057870   5.956918   5.277656
    19  H    5.013636   2.675526   5.674847   6.527714   6.046236
    20  H    5.756272   3.792176   5.033711   6.037079   5.117435
    21  H    4.762782   2.930507   5.779767   6.643034   5.889531
                   16         17         18         19         20
    16  H    0.000000
    17  H    3.559406   0.000000
    18  C    5.225050   5.425270   0.000000
    19  H    5.720096   5.865689   1.097636   0.000000
    20  H    5.062172   5.934160   1.091596   1.770276   0.000000
    21  H    6.083317   5.924469   1.094494   1.758509   1.775692
                   21
    21  H    0.000000
 Symmetry turned off by external request.
 Stoichiometry    C8H11O2(2)
 Framework group  C1[X(C8H11O2)]
 Deg. of freedom    57
 Full point group                 C1      NOp   1
 Rotational constants (GHZ):           1.6197820           1.2511230           0.7698732
 Standard basis: 6-311G(d,p) (5D, 7F)
   246 basis functions,   408 primitive gaussians,   256 cartesian basis functions
    38 alpha electrons       37 beta electrons
       nuclear repulsion energy       526.7636927491 Hartrees.
 NAtoms=   21 NActive=   21 NUniq=   21 SFac= 1.00D+00 NAtFMM=   60 NAOKFM=F Big=F
 Integral buffers will be    131072 words long.
 Raffenetti 2 integral format.
 Two-electron integral symmetry is turned off.
 One-electron integrals computed using PRISM.
 NBasis=   246 RedAO= T EigKep=  2.61D-04  NBF=   246
 NBsUse=   246 1.00D-06 EigRej= -1.00D+00 NBFU=   246
 Initial guess from the checkpoint file:  "SR-11-ts-P2.chk"
 B after Tr=    -0.000056   -0.000007   -0.000271
         Rot=    1.000000    0.000011   -0.000010    0.000008 Ang=   0.00 deg.
 Initial guess <Sx>= 0.0000 <Sy>= 0.0000 <Sz>= 0.5000 <S**2>= 0.7775 S= 0.5136
 ExpMin= 1.03D-01 ExpMax= 8.59D+03 ExpMxC= 1.30D+03 IAcc=2 IRadAn=         4 AccDes= 0.00D+00
 Harris functional with IExCor=  402 and IRadAn=       4 diagonalized for initial guess.
 HarFok:  IExCor=  402 AccDes= 0.00D+00 IRadAn=         4 IDoV= 1 UseB2=F ITyADJ=14
 ICtDFT=  3500011 ScaDFX=  1.000000  1.000000  1.000000  1.000000
 FoFCou: FMM=F IPFlag=           0 FMFlag=      100000 FMFlg1=           0
         NFxFlg=           0 DoJE=T BraDBF=F KetDBF=T FulRan=T
         wScrn=  0.000000 ICntrl=       500 IOpCl=  0 I1Cent=   200000004 NGrid=           0
         NMat0=    1 NMatS0=      1 NMatT0=    0 NMatD0=    1 NMtDS0=    0 NMtDT0=    0
 Symmetry not used in FoFCou.
 Requested convergence on RMS density matrix=1.00D-08 within 128 cycles.
 Requested convergence on MAX density matrix=1.00D-06.
 Requested convergence on             energy=1.00D-06.
 No special actions if energy rises.
 Integral accuracy reduced to 1.0D-05 until final iterations.
 Initial convergence to 1.0D-05 achieved.  Increase integral accuracy.
 SCF Done:  E(UB3LYP) =  -461.990982488     A.U. after   14 cycles
            NFock= 14  Conv=0.58D-08     -V/T= 2.0040
 <Sx>= 0.0000 <Sy>= 0.0000 <Sz>= 0.5000 <S**2>= 0.7777 S= 0.5138
 <L.S>= 0.000000000000E+00
 Annihilation of the first spin contaminant:
 S**2 before annihilation     0.7777,   after     0.7505
 DoSCS=F DFT=T ScalE2(SS,OS)=  1.000000  1.000000
 Range of M.O.s used for correlation:     1   246
 NBasis=   246 NAE=    38 NBE=    37 NFC=     0 NFV=     0
 NROrb=    246 NOA=    38 NOB=    37 NVA=   208 NVB=   209

 **** Warning!!: The largest alpha MO coefficient is  0.11308556D+02


 **** Warning!!: The largest beta MO coefficient is  0.11608789D+02

 Symmetrizing basis deriv contribution to polar:
 IMax=3 JMax=2 DiffMx= 0.00D+00
 G2DrvN: will do    22 centers at a time, making    1 passes.
 Calling FoFCou, ICntrl=  3107 FMM=F I1Cent=   0 AccDes= 0.00D+00.
 End of G2Drv F.D. properties file   721 does not exist.
 End of G2Drv F.D. properties file   722 does not exist.
 End of G2Drv F.D. properties file   788 does not exist.
          IDoAtm=111111111111111111111
          Differentiating once with respect to nuclear coordinates.
 Keep R1 and R2 ints in memory in canonical form, NReq=955570755.
          There are    66 degrees of freedom in the 1st order CPHF.  IDoFFX=6 NUNeed=     0.
     60 vectors produced by pass  0 Test12= 2.37D-14 1.52D-09 XBig12= 3.72D-01 2.91D-01.
 AX will form    60 AO Fock derivatives at one time.
     60 vectors produced by pass  1 Test12= 2.37D-14 1.52D-09 XBig12= 5.29D-02 6.91D-02.
     60 vectors produced by pass  2 Test12= 2.37D-14 1.52D-09 XBig12= 1.62D-03 8.98D-03.
     60 vectors produced by pass  3 Test12= 2.37D-14 1.52D-09 XBig12= 1.72D-05 7.47D-04.
     60 vectors produced by pass  4 Test12= 2.37D-14 1.52D-09 XBig12= 1.05D-07 3.32D-05.
     60 vectors produced by pass  5 Test12= 2.37D-14 1.52D-09 XBig12= 6.92D-10 2.02D-06.
     44 vectors produced by pass  6 Test12= 2.37D-14 1.52D-09 XBig12= 3.31D-12 1.77D-07.
     11 vectors produced by pass  7 Test12= 2.37D-14 1.52D-09 XBig12= 1.35D-14 8.89D-09.
 InvSVY:  IOpt=1 It=  1 EMax= 1.67D-15
 Solved reduced A of dimension   415 with    66 vectors.
 End of Minotr F.D. properties file   721 does not exist.
 End of Minotr F.D. properties file   722 does not exist.
 End of Minotr F.D. properties file   788 does not exist.
 Calling FoFJK, ICntrl=    100147 FMM=F ISym2X=0 I1Cent= 0 IOpClX= 1 NMat=1 NMatS=1 NMatT=0.
 -------------------------------------------------------------------
 Center     Atomic                   Forces (Hartrees/Bohr)
 Number     Number              X              Y              Z
 -------------------------------------------------------------------
      1        6           0.000222782    0.000088215   -0.000317417
      2        6           0.000912945   -0.000872732   -0.001028948
      3        6           0.000181338   -0.002743251    0.003065722
      4        6           0.011068692   -0.003741676    0.014795869
      5        6           0.003028715   -0.000406120    0.006641617
      6        6           0.002636461   -0.000481266   -0.000813031
      7        8          -0.018639779    0.012906565   -0.019273733
      8        1           0.000220216    0.000037407   -0.000539859
      9        8          -0.000505467   -0.005036244   -0.001394799
     10        1          -0.000495316    0.000618720   -0.000815741
     11        1           0.000190505   -0.000658758   -0.000549843
     12        1          -0.000654995   -0.000246572   -0.000287503
     13        6           0.000203742    0.000545769   -0.000417500
     14        1           0.000011663    0.000044791   -0.000075731
     15        1          -0.000025697   -0.000019470   -0.000011262
     16        1          -0.000035302    0.000055054    0.000002923
     17        1          -0.000032143   -0.000038267   -0.000397715
     18        6           0.001440259   -0.000183605    0.001475202
     19        1           0.000042590   -0.000272268    0.000032710
     20        1           0.000046411   -0.000011328   -0.000102043
     21        1           0.000182379    0.000415037    0.000011082
 -------------------------------------------------------------------
 Cartesian Forces:  Max     0.019273733 RMS     0.004642463
 IRC-IRC-IRC-IRC-IRC-IRC-IRC-IRC-IRC-IRC-IRC-IRC-IRC-IRC-IRC-IRC-IRC-IRC
 Pt 17 Step number   1 out of a maximum of  20
 Modified Bulirsch-Stoer Extrapolation Cycles:
    EPS =    0.000010000000000
      PEZero:  N= 2 I= 1 D=  7.75D-04 Err=  1.46D-05
      PEZero:  N= 3 I= 2 D=  7.75D-04 Err=  9.72D-06
      PEZero:  N= 3 I= 1 D=  1.55D-03 Err=  1.25D-08
 Maximum DWI energy   std dev =  0.000001021 at pt    19
 Maximum DWI gradient std dev =  0.001859808 at pt    71
 CORRECTOR INTEGRATION CONVERGENCE:
   Recorrection delta-x convergence threshold:    0.010000
   Delta-x Convergence Met
 Point Number:  17          Path Number:   1
   CHANGE IN THE REACTION COORDINATE =    0.14876
   NET REACTION COORDINATE UP TO THIS POINT =    2.52719
  # OF POINTS ALONG THE PATH =  17
  # OF STEPS =   1

 Calculating another point on the path.
 IRC-IRC-IRC-IRC-IRC-IRC-IRC-IRC-IRC-IRC-IRC-IRC-IRC-IRC-IRC-IRC-IRC-IRC
                          Input orientation:                          
 ---------------------------------------------------------------------
 Center     Atomic      Atomic             Coordinates (Angstroms)
 Number     Number       Type             X           Y           Z
 ---------------------------------------------------------------------
      1          6           0       -1.719568   -0.095660    0.067751
      2          6           0       -0.934886   -1.244569   -0.146853
      3          6           0        0.419431   -1.140051   -0.337841
      4          6           0        1.156107    0.135248   -0.264846
      5          6           0        0.273365    1.329811   -0.138646
      6          6           0       -1.076545    1.171398    0.058764
      7          8           0        2.225801   -0.138661    0.912617
      8          1           0       -1.690379    2.059873    0.183473
      9          8           0        1.203168   -2.235276   -0.467358
     10          1           0        1.692023   -0.200659    1.716884
     11          1           0        2.067158   -1.972599   -0.109905
     12          1           0        1.884251    0.246106   -1.075105
     13          6           0       -3.196543   -0.202737    0.332028
     14          1           0       -3.539094   -1.237098    0.269397
     15          1           0       -3.452071    0.175223    1.328757
     16          1           0       -3.774688    0.387534   -0.387814
     17          1           0       -1.379710   -2.233137   -0.127463
     18          6           0        0.919323    2.680196   -0.244915
     19          1           0        1.313113    2.852067   -1.255106
     20          1           0        0.214346    3.482302   -0.018450
     21          1           0        1.769151    2.758179    0.440484
 ---------------------------------------------------------------------
                    Distance matrix (angstroms):
                    1          2          3          4          5
     1  C    0.000000
     2  C    1.407755   0.000000
     3  C    2.414659   1.371705   0.000000
     4  C    2.904040   2.508001   1.474587   0.000000
     5  C    2.458933   2.843830   2.482183   1.490685   0.000000
     6  C    1.420913   2.428835   2.781733   2.482552   1.373435
     7  O    4.035044   3.512185   2.414415   1.614215   2.659619
     8  H    2.158834   3.405763   3.868149   3.465206   2.119680
     9  O    3.661514   2.378129   1.352973   2.379624   3.698977
    10  H    3.790728   3.385840   2.593038   2.080215   2.792476
    11  H    4.230101   3.089281   1.860133   2.301530   3.758249
    12  H    3.796108   3.321339   2.147251   1.094990   2.155534
    13  C    1.504248   2.535711   3.795069   4.406365   3.822368
    14  H    2.157364   2.637275   4.006005   4.920738   4.614149
    15  H    2.159880   3.244912   4.415431   4.876113   4.167160
    16  H    2.159753   3.284250   4.463928   4.938777   4.163737
    17  H    2.173113   1.084210   2.115657   3.472534   3.927771
    18  C    3.842770   4.341830   3.853935   2.556017   1.500698
    19  H    4.431275   4.802515   4.192499   2.895923   2.155185
    20  H    4.068079   4.866264   4.637911   3.485742   2.156652
    21  H    4.522664   4.866084   4.198063   2.784435   2.147790
                    6          7          8          9         10
     6  C    0.000000
     7  O    3.653876   0.000000
     8  H    1.087075   4.549909   0.000000
     9  O    4.132713   2.710333   5.219626   0.000000
    10  H    3.506690   0.967268   4.347643   3.024824   0.000000
    11  H    4.449273   2.105718   5.519600   0.971210   2.572481
    12  H    3.302747   2.053227   4.201399   2.643953   2.834036
    13  C    2.541124   5.453714   2.722132   4.911994   5.080935
    14  H    3.450995   5.903754   3.780892   4.901858   5.525759
    15  H    2.871998   5.701748   2.822612   5.541460   5.172391
    16  H    2.844969   6.162294   2.732660   5.627122   5.887330
    17  H    3.423075   4.297476   4.315452   2.605147   4.119238
    18  C    2.520354   3.315528   2.716406   4.928683   3.570021
    19  H    3.203337   3.804797   3.423163   5.149145   4.277317
    20  H    2.648139   4.245493   2.385803   5.819793   4.331180
    21  H    3.280484   2.970374   3.538649   5.106771   3.223332
                   11         12         13         14         15
    11  H    0.000000
    12  H    2.426462   0.000000
    13  C    5.570840   5.291120   0.000000
    14  H    5.667000   5.781025   1.091406   0.000000
    15  H    6.094651   5.853197   1.096183   1.767617   0.000000
    16  H    6.306712   5.702277   1.095830   1.768293   1.759481
    17  H    3.456745   4.206912   2.763066   2.410919   3.495061
    18  C    4.794190   2.746835   5.058114   5.957113   5.278297
    19  H    5.015722   2.673880   5.673431   6.526047   6.045562
    20  H    5.761703   3.791843   5.033538   6.036879   5.118042
    21  H    4.772001   2.936115   5.782465   6.645975   5.892525
                   16         17         18         19         20
    16  H    0.000000
    17  H    3.559721   0.000000
    18  C    5.225941   5.425881   0.000000
    19  H    5.719427   5.863631   1.097769   0.000000
    20  H    5.062253   5.934571   1.091628   1.770256   0.000000
    21  H    6.086065   5.928838   1.094560   1.758355   1.775499
                   21
    21  H    0.000000
 Symmetry turned off by external request.
 Stoichiometry    C8H11O2(2)
 Framework group  C1[X(C8H11O2)]
 Deg. of freedom    57
 Full point group                 C1      NOp   1
 Rotational constants (GHZ):           1.6206740           1.2541100           0.7702296
 Standard basis: 6-311G(d,p) (5D, 7F)
   246 basis functions,   408 primitive gaussians,   256 cartesian basis functions
    38 alpha electrons       37 beta electrons
       nuclear repulsion energy       527.1107330210 Hartrees.
 NAtoms=   21 NActive=   21 NUniq=   21 SFac= 1.00D+00 NAtFMM=   60 NAOKFM=F Big=F
 Integral buffers will be    131072 words long.
 Raffenetti 2 integral format.
 Two-electron integral symmetry is turned off.
 One-electron integrals computed using PRISM.
 NBasis=   246 RedAO= T EigKep=  2.62D-04  NBF=   246
 NBsUse=   246 1.00D-06 EigRej= -1.00D+00 NBFU=   246
 Initial guess from the checkpoint file:  "SR-11-ts-P2.chk"
 B after Tr=    -0.000052   -0.000008   -0.000277
         Rot=    1.000000    0.000010   -0.000010    0.000008 Ang=   0.00 deg.
 Initial guess <Sx>= 0.0000 <Sy>= 0.0000 <Sz>= 0.5000 <S**2>= 0.7777 S= 0.5137
 ExpMin= 1.03D-01 ExpMax= 8.59D+03 ExpMxC= 1.30D+03 IAcc=2 IRadAn=         4 AccDes= 0.00D+00
 Harris functional with IExCor=  402 and IRadAn=       4 diagonalized for initial guess.
 HarFok:  IExCor=  402 AccDes= 0.00D+00 IRadAn=         4 IDoV= 1 UseB2=F ITyADJ=14
 ICtDFT=  3500011 ScaDFX=  1.000000  1.000000  1.000000  1.000000
 FoFCou: FMM=F IPFlag=           0 FMFlag=      100000 FMFlg1=           0
         NFxFlg=           0 DoJE=T BraDBF=F KetDBF=T FulRan=T
         wScrn=  0.000000 ICntrl=       500 IOpCl=  0 I1Cent=   200000004 NGrid=           0
         NMat0=    1 NMatS0=      1 NMatT0=    0 NMatD0=    1 NMtDS0=    0 NMtDT0=    0
 Symmetry not used in FoFCou.
 Requested convergence on RMS density matrix=1.00D-08 within 128 cycles.
 Requested convergence on MAX density matrix=1.00D-06.
 Requested convergence on             energy=1.00D-06.
 No special actions if energy rises.
 Integral accuracy reduced to 1.0D-05 until final iterations.
 Initial convergence to 1.0D-05 achieved.  Increase integral accuracy.
 SCF Done:  E(UB3LYP) =  -461.992424623     A.U. after   14 cycles
            NFock= 14  Conv=0.46D-08     -V/T= 2.0040
 <Sx>= 0.0000 <Sy>= 0.0000 <Sz>= 0.5000 <S**2>= 0.7780 S= 0.5139
 <L.S>= 0.000000000000E+00
 Annihilation of the first spin contaminant:
 S**2 before annihilation     0.7780,   after     0.7505
 DoSCS=F DFT=T ScalE2(SS,OS)=  1.000000  1.000000
 Range of M.O.s used for correlation:     1   246
 NBasis=   246 NAE=    38 NBE=    37 NFC=     0 NFV=     0
 NROrb=    246 NOA=    38 NOB=    37 NVA=   208 NVB=   209

 **** Warning!!: The largest alpha MO coefficient is  0.11268318D+02


 **** Warning!!: The largest beta MO coefficient is  0.11593360D+02

 Symmetrizing basis deriv contribution to polar:
 IMax=3 JMax=2 DiffMx= 0.00D+00
 G2DrvN: will do    22 centers at a time, making    1 passes.
 Calling FoFCou, ICntrl=  3107 FMM=F I1Cent=   0 AccDes= 0.00D+00.
 End of G2Drv F.D. properties file   721 does not exist.
 End of G2Drv F.D. properties file   722 does not exist.
 End of G2Drv F.D. properties file   788 does not exist.
          IDoAtm=111111111111111111111
          Differentiating once with respect to nuclear coordinates.
 Keep R1 and R2 ints in memory in canonical form, NReq=955570755.
          There are    66 degrees of freedom in the 1st order CPHF.  IDoFFX=6 NUNeed=     0.
     60 vectors produced by pass  0 Test12= 2.37D-14 1.52D-09 XBig12= 3.73D-01 2.91D-01.
 AX will form    60 AO Fock derivatives at one time.
     60 vectors produced by pass  1 Test12= 2.37D-14 1.52D-09 XBig12= 5.30D-02 6.96D-02.
     60 vectors produced by pass  2 Test12= 2.37D-14 1.52D-09 XBig12= 1.61D-03 9.01D-03.
     60 vectors produced by pass  3 Test12= 2.37D-14 1.52D-09 XBig12= 1.75D-05 7.12D-04.
     60 vectors produced by pass  4 Test12= 2.37D-14 1.52D-09 XBig12= 1.06D-07 3.32D-05.
     60 vectors produced by pass  5 Test12= 2.37D-14 1.52D-09 XBig12= 6.88D-10 2.17D-06.
     44 vectors produced by pass  6 Test12= 2.37D-14 1.52D-09 XBig12= 3.32D-12 1.72D-07.
     10 vectors produced by pass  7 Test12= 2.37D-14 1.52D-09 XBig12= 1.37D-14 9.06D-09.
 InvSVY:  IOpt=1 It=  1 EMax= 8.88D-16
 Solved reduced A of dimension   414 with    66 vectors.
 End of Minotr F.D. properties file   721 does not exist.
 End of Minotr F.D. properties file   722 does not exist.
 End of Minotr F.D. properties file   788 does not exist.
 Calling FoFJK, ICntrl=    100147 FMM=F ISym2X=0 I1Cent= 0 IOpClX= 1 NMat=1 NMatS=1 NMatT=0.
 -------------------------------------------------------------------
 Center     Atomic                   Forces (Hartrees/Bohr)
 Number     Number              X              Y              Z
 -------------------------------------------------------------------
      1        6           0.000332204    0.000074622   -0.000375087
      2        6           0.000877891   -0.000898873   -0.000996755
      3        6           0.000304239   -0.002741344    0.003168565
      4        6           0.010052339   -0.003563125    0.013685015
      5        6           0.003079261   -0.000488915    0.006754326
      6        6           0.002649377   -0.000485515   -0.000782038
      7        8          -0.017928526    0.013077529   -0.018409307
      8        1           0.000222549    0.000033419   -0.000527597
      9        8          -0.000638275   -0.005255327   -0.001451561
     10        1          -0.000472543    0.000631929   -0.000785112
     11        1           0.000200313   -0.000674348   -0.000592319
     12        1          -0.000639644   -0.000239604   -0.000239940
     13        6           0.000247218    0.000567871   -0.000459677
     14        1           0.000013531    0.000047698   -0.000081025
     15        1          -0.000015649   -0.000018940   -0.000013787
     16        1          -0.000027850    0.000061363    0.000001394
     17        1          -0.000040100   -0.000036994   -0.000403782
     18        6           0.001508213   -0.000208795    0.001559393
     19        1           0.000041579   -0.000287208    0.000037647
     20        1           0.000047161   -0.000016449   -0.000102774
     21        1           0.000186712    0.000421006    0.000014421
 -------------------------------------------------------------------
 Cartesian Forces:  Max     0.018409307 RMS     0.004463206
 IRC-IRC-IRC-IRC-IRC-IRC-IRC-IRC-IRC-IRC-IRC-IRC-IRC-IRC-IRC-IRC-IRC-IRC
 Pt 18 Step number   1 out of a maximum of  20
 Modified Bulirsch-Stoer Extrapolation Cycles:
    EPS =    0.000010000000000
      PEZero:  N= 2 I= 1 D=  7.75D-04 Err=  2.00D-05
      PEZero:  N= 3 I= 2 D=  7.75D-04 Err=  1.33D-05
      PEZero:  N= 3 I= 1 D=  1.55D-03 Err=  1.63D-08
 Maximum DWI energy   std dev =  0.000001109 at pt    19
 Maximum DWI gradient std dev =  0.001935805 at pt    36
 CORRECTOR INTEGRATION CONVERGENCE:
   Recorrection delta-x convergence threshold:    0.010000
   Delta-x Convergence Met
 Point Number:  18          Path Number:   1
   CHANGE IN THE REACTION COORDINATE =    0.14876
   NET REACTION COORDINATE UP TO THIS POINT =    2.67595
  # OF POINTS ALONG THE PATH =  18
  # OF STEPS =   1

 Calculating another point on the path.
 IRC-IRC-IRC-IRC-IRC-IRC-IRC-IRC-IRC-IRC-IRC-IRC-IRC-IRC-IRC-IRC-IRC-IRC
                          Input orientation:                          
 ---------------------------------------------------------------------
 Center     Atomic      Atomic             Coordinates (Angstroms)
 Number     Number       Type             X           Y           Z
 ---------------------------------------------------------------------
      1          6           0       -1.719292   -0.095615    0.067460
      2          6           0       -0.934272   -1.245220   -0.147546
      3          6           0        0.419671   -1.142008   -0.335563
      4          6           0        1.162812    0.132789   -0.255561
      5          6           0        0.275549    1.329442   -0.133827
      6          6           0       -1.074661    1.171052    0.058228
      7          8           0        2.216505   -0.131651    0.903091
      8          1           0       -1.688506    2.060153    0.179108
      9          8           0        1.202788   -2.238130   -0.468146
     10          1           0        1.688024   -0.195261    1.710561
     11          1           0        2.068888   -1.978346   -0.115085
     12          1           0        1.879196    0.244175   -1.077361
     13          6           0       -3.196344   -0.202325    0.331681
     14          1           0       -3.538972   -1.236680    0.268683
     15          1           0       -3.452151    0.175068    1.328632
     16          1           0       -3.774886    0.388090   -0.387814
     17          1           0       -1.380095   -2.233455   -0.130880
     18          6           0        0.920422    2.680032   -0.243772
     19          1           0        1.313475    2.849577   -1.254779
     20          1           0        0.214750    3.482135   -0.019314
     21          1           0        1.770768    2.761743    0.440646
 ---------------------------------------------------------------------
                    Distance matrix (angstroms):
                    1          2          3          4          5
     1  C    0.000000
     2  C    1.408572   0.000000
     3  C    2.415063   1.370827   0.000000
     4  C    2.909130   2.511641   1.477758   0.000000
     5  C    2.459815   2.844774   2.483855   1.494669   0.000000
     6  C    1.421295   2.429078   2.781788   2.486511   1.372967
     7  O    4.023689   3.503037   2.404931   1.588291   2.641458
     8  H    2.158876   3.406033   3.868221   3.468960   2.118815
     9  O    3.662759   2.378168   1.353638   2.380767   3.701232
    10  H    3.784112   3.381037   2.586826   2.061334   2.778771
    11  H    4.234183   3.091521   1.862254   2.301651   3.762696
    12  H    3.791463   3.316392   2.145223   1.095887   2.154008
    13  C    1.504289   2.536584   3.795232   4.411281   3.823225
    14  H    2.157257   2.637761   4.005613   4.925145   4.614929
    15  H    2.160237   3.245926   4.415341   4.879481   4.167386
    16  H    2.160257   3.285501   4.465225   4.946062   4.166134
    17  H    2.173650   1.084271   2.114783   3.475778   3.928791
    18  C    3.843067   4.342436   3.855797   2.558777   1.500680
    19  H    4.429463   4.800593   4.192445   2.898633   2.155142
    20  H    4.067965   4.866680   4.639472   3.488947   2.156593
    21  H    4.525956   4.870212   4.203241   2.786702   2.148763
                    6          7          8          9         10
     6  C    0.000000
     7  O    3.639038   0.000000
     8  H    1.087161   4.536217   0.000000
     9  O    4.133566   2.710196   5.220513   0.000000
    10  H    3.497062   0.967133   4.339722   3.025811   0.000000
    11  H    4.453161   2.113943   5.523951   0.970705   2.580200
    12  H    3.297565   2.043822   4.195830   2.643957   2.828808
    13  C    2.542141   5.443385   2.723171   4.912901   5.075274
    14  H    3.451709   5.894835   3.781713   4.902052   5.521327
    15  H    2.873738   5.692874   2.825843   5.542598   5.167631
    16  H    2.846612   6.150880   2.733162   5.628564   5.881059
    17  H    3.423408   4.292109   4.315817   2.604814   4.118069
    18  C    2.519639   3.301619   2.714698   4.931368   3.560328
    19  H    3.200723   3.789404   3.419227   5.149350   4.266681
    20  H    2.647583   4.232883   2.384069   5.822294   4.322758
    21  H    3.282226   2.963826   3.539380   5.113436   3.219223
                   11         12         13         14         15
    11  H    0.000000
    12  H    2.429312   0.000000
    13  C    5.574632   5.286386   0.000000
    14  H    5.669695   5.775925   1.091446   0.000000
    15  H    6.099457   5.849516   1.096254   1.767502   0.000000
    16  H    6.310633   5.697792   1.095889   1.768197   1.759467
    17  H    3.458441   4.202077   2.763732   2.411216   3.496366
    18  C    4.799585   2.747275   5.058348   5.957301   5.278891
    19  H    5.017808   2.672011   5.671810   6.524161   6.044683
    20  H    5.767482   3.791336   5.033289   6.036603   5.118574
    21  H    4.781857   2.941811   5.785307   6.649082   5.895615
                   16         17         18         19         20
    16  H    0.000000
    17  H    3.559991   0.000000
    18  C    5.226821   5.426553   0.000000
    19  H    5.718563   5.861372   1.097895   0.000000
    20  H    5.062222   5.934976   1.091661   1.770226   0.000000
    21  H    6.088912   5.933513   1.094620   1.758209   1.775309
                   21
    21  H    0.000000
 Symmetry turned off by external request.
 Stoichiometry    C8H11O2(2)
 Framework group  C1[X(C8H11O2)]
 Deg. of freedom    57
 Full point group                 C1      NOp   1
 Rotational constants (GHZ):           1.6214401           1.2571477           0.7705842
 Standard basis: 6-311G(d,p) (5D, 7F)
   246 basis functions,   408 primitive gaussians,   256 cartesian basis functions
    38 alpha electrons       37 beta electrons
       nuclear repulsion energy       527.4639232584 Hartrees.
 NAtoms=   21 NActive=   21 NUniq=   21 SFac= 1.00D+00 NAtFMM=   60 NAOKFM=F Big=F
 Integral buffers will be    131072 words long.
 Raffenetti 2 integral format.
 Two-electron integral symmetry is turned off.
 One-electron integrals computed using PRISM.
 NBasis=   246 RedAO= T EigKep=  2.63D-04  NBF=   246
 NBsUse=   246 1.00D-06 EigRej= -1.00D+00 NBFU=   246
 Initial guess from the checkpoint file:  "SR-11-ts-P2.chk"
 B after Tr=    -0.000047   -0.000008   -0.000285
         Rot=    1.000000    0.000009   -0.000010    0.000009 Ang=   0.00 deg.
 Initial guess <Sx>= 0.0000 <Sy>= 0.0000 <Sz>= 0.5000 <S**2>= 0.7779 S= 0.5139
 ExpMin= 1.03D-01 ExpMax= 8.59D+03 ExpMxC= 1.30D+03 IAcc=2 IRadAn=         4 AccDes= 0.00D+00
 Harris functional with IExCor=  402 and IRadAn=       4 diagonalized for initial guess.
 HarFok:  IExCor=  402 AccDes= 0.00D+00 IRadAn=         4 IDoV= 1 UseB2=F ITyADJ=14
 ICtDFT=  3500011 ScaDFX=  1.000000  1.000000  1.000000  1.000000
 FoFCou: FMM=F IPFlag=           0 FMFlag=      100000 FMFlg1=           0
         NFxFlg=           0 DoJE=T BraDBF=F KetDBF=T FulRan=T
         wScrn=  0.000000 ICntrl=       500 IOpCl=  0 I1Cent=   200000004 NGrid=           0
         NMat0=    1 NMatS0=      1 NMatT0=    0 NMatD0=    1 NMtDS0=    0 NMtDT0=    0
 Symmetry not used in FoFCou.
 Requested convergence on RMS density matrix=1.00D-08 within 128 cycles.
 Requested convergence on MAX density matrix=1.00D-06.
 Requested convergence on             energy=1.00D-06.
 No special actions if energy rises.
 Integral accuracy reduced to 1.0D-05 until final iterations.
 Initial convergence to 1.0D-05 achieved.  Increase integral accuracy.
 SCF Done:  E(UB3LYP) =  -461.993787016     A.U. after   14 cycles
            NFock= 14  Conv=0.38D-08     -V/T= 2.0040
 <Sx>= 0.0000 <Sy>= 0.0000 <Sz>= 0.5000 <S**2>= 0.7782 S= 0.5140
 <L.S>= 0.000000000000E+00
 Annihilation of the first spin contaminant:
 S**2 before annihilation     0.7782,   after     0.7505
 DoSCS=F DFT=T ScalE2(SS,OS)=  1.000000  1.000000
 Range of M.O.s used for correlation:     1   246
 NBasis=   246 NAE=    38 NBE=    37 NFC=     0 NFV=     0
 NROrb=    246 NOA=    38 NOB=    37 NVA=   208 NVB=   209

 **** Warning!!: The largest alpha MO coefficient is  0.11209023D+02


 **** Warning!!: The largest beta MO coefficient is  0.11564320D+02

 Symmetrizing basis deriv contribution to polar:
 IMax=3 JMax=2 DiffMx= 0.00D+00
 G2DrvN: will do    22 centers at a time, making    1 passes.
 Calling FoFCou, ICntrl=  3107 FMM=F I1Cent=   0 AccDes= 0.00D+00.
 End of G2Drv F.D. properties file   721 does not exist.
 End of G2Drv F.D. properties file   722 does not exist.
 End of G2Drv F.D. properties file   788 does not exist.
          IDoAtm=111111111111111111111
          Differentiating once with respect to nuclear coordinates.
 Keep R1 and R2 ints in memory in canonical form, NReq=955570755.
          There are    66 degrees of freedom in the 1st order CPHF.  IDoFFX=6 NUNeed=     0.
     60 vectors produced by pass  0 Test12= 2.37D-14 1.52D-09 XBig12= 3.73D-01 2.92D-01.
 AX will form    60 AO Fock derivatives at one time.
     60 vectors produced by pass  1 Test12= 2.37D-14 1.52D-09 XBig12= 5.30D-02 6.99D-02.
     60 vectors produced by pass  2 Test12= 2.37D-14 1.52D-09 XBig12= 1.60D-03 9.04D-03.
     60 vectors produced by pass  3 Test12= 2.37D-14 1.52D-09 XBig12= 1.78D-05 6.93D-04.
     60 vectors produced by pass  4 Test12= 2.37D-14 1.52D-09 XBig12= 1.07D-07 3.35D-05.
     60 vectors produced by pass  5 Test12= 2.37D-14 1.52D-09 XBig12= 6.83D-10 2.24D-06.
     43 vectors produced by pass  6 Test12= 2.37D-14 1.52D-09 XBig12= 3.34D-12 1.62D-07.
     10 vectors produced by pass  7 Test12= 2.37D-14 1.52D-09 XBig12= 1.40D-14 9.12D-09.
 InvSVY:  IOpt=1 It=  1 EMax= 9.99D-16
 Solved reduced A of dimension   413 with    66 vectors.
 End of Minotr F.D. properties file   721 does not exist.
 End of Minotr F.D. properties file   722 does not exist.
 End of Minotr F.D. properties file   788 does not exist.
 Calling FoFJK, ICntrl=    100147 FMM=F ISym2X=0 I1Cent= 0 IOpClX= 1 NMat=1 NMatS=1 NMatT=0.
 -------------------------------------------------------------------
 Center     Atomic                   Forces (Hartrees/Bohr)
 Number     Number              X              Y              Z
 -------------------------------------------------------------------
      1        6           0.000452466    0.000050367   -0.000440118
      2        6           0.000810601   -0.000926520   -0.000938630
      3        6           0.000399689   -0.002716890    0.003201616
      4        6           0.008587261   -0.003258556    0.012018666
      5        6           0.003037027   -0.000559037    0.006706735
      6        6           0.002604441   -0.000477161   -0.000712024
      7        8          -0.016582933    0.013005382   -0.016894135
      8        1           0.000219588    0.000027520   -0.000496550
      9        8          -0.000779783   -0.005382125   -0.001480748
     10        1          -0.000436560    0.000637417   -0.000728618
     11        1           0.000202682   -0.000671471   -0.000624821
     12        1          -0.000614112   -0.000225845   -0.000201309
     13        6           0.000305610    0.000586022   -0.000509114
     14        1           0.000015240    0.000050947   -0.000086865
     15        1          -0.000002085   -0.000017627   -0.000016989
     16        1          -0.000016968    0.000069033   -0.000000753
     17        1          -0.000049941   -0.000035468   -0.000398886
     18        6           0.001568424   -0.000248196    0.001637683
     19        1           0.000041895   -0.000298828    0.000044263
     20        1           0.000049174   -0.000022806   -0.000099608
     21        1           0.000188285    0.000413842    0.000020205
 -------------------------------------------------------------------
 Cartesian Forces:  Max     0.016894135 RMS     0.004144053
 IRC-IRC-IRC-IRC-IRC-IRC-IRC-IRC-IRC-IRC-IRC-IRC-IRC-IRC-IRC-IRC-IRC-IRC
 Pt 19 Step number   1 out of a maximum of  20
 Modified Bulirsch-Stoer Extrapolation Cycles:
    EPS =    0.000010000000000
      PEZero:  N= 2 I= 1 D=  7.75D-04 Err=  2.75D-05
      PEZero:  N= 3 I= 2 D=  7.75D-04 Err=  1.83D-05
      PEZero:  N= 3 I= 1 D=  1.55D-03 Err=  2.27D-08
 Maximum DWI energy   std dev =  0.000001169 at pt    19
 Maximum DWI gradient std dev =  0.002123102 at pt    36
 CORRECTOR INTEGRATION CONVERGENCE:
   Recorrection delta-x convergence threshold:    0.010000
   Delta-x Convergence Met
 Point Number:  19          Path Number:   1
   CHANGE IN THE REACTION COORDINATE =    0.14875
   NET REACTION COORDINATE UP TO THIS POINT =    2.82470
  # OF POINTS ALONG THE PATH =  19
  # OF STEPS =   1

 Calculating another point on the path.
 IRC-IRC-IRC-IRC-IRC-IRC-IRC-IRC-IRC-IRC-IRC-IRC-IRC-IRC-IRC-IRC-IRC-IRC
                          Input orientation:                          
 ---------------------------------------------------------------------
 Center     Atomic      Atomic             Coordinates (Angstroms)
 Number     Number       Type             X           Y           Z
 ---------------------------------------------------------------------
      1          6           0       -1.718892   -0.095588    0.067087
      2          6           0       -0.933666   -1.245959   -0.148251
      3          6           0        0.419993   -1.144131   -0.333067
      4          6           0        1.168872    0.130372   -0.246876
      5          6           0        0.277870    1.328991   -0.128644
      6          6           0       -1.072654    1.170684    0.057712
      7          8           0        2.207275   -0.124067    0.893706
      8          1           0       -1.686507    2.060397    0.174706
      9          8           0        1.202286   -2.241310   -0.469020
     10          1           0        1.684023   -0.189311    1.704263
     11          1           0        2.070787   -1.984535   -0.121013
     12          1           0        1.873897    0.242209   -1.079511
     13          6           0       -3.196074   -0.201858    0.331258
     14          1           0       -3.538825   -1.236188    0.267840
     15          1           0       -3.452095    0.174914    1.328462
     16          1           0       -3.774985    0.388780   -0.387838
     17          1           0       -1.380621   -2.233794   -0.134527
     18          6           0        0.921673    2.679813   -0.242457
     19          1           0        1.313887    2.846754   -1.254350
     20          1           0        0.215221    3.481889   -0.020210
     21          1           0        1.772547    2.765516    0.440896
 ---------------------------------------------------------------------
                    Distance matrix (angstroms):
                    1          2          3          4          5
     1  C    0.000000
     2  C    1.409363   0.000000
     3  C    2.415448   1.370006   0.000000
     4  C    2.913557   2.514892   1.480746   0.000000
     5  C    2.460649   2.845799   2.485622   1.498182   0.000000
     6  C    1.421674   2.429383   2.781918   2.489872   1.372481
     7  O    4.012343   3.494257   2.395805   1.563312   2.622819
     8  H    2.158913   3.406327   3.868355   3.472164   2.117960
     9  O    3.663988   2.378215   1.354352   2.382297   3.703707
    10  H    3.777427   3.376479   2.580730   2.043164   2.764426
    11  H    4.238534   3.094023   1.864502   2.302634   3.767501
    12  H    3.786413   3.311239   2.143118   1.096745   2.152335
    13  C    1.504376   2.537433   3.795411   4.415583   3.824042
    14  H    2.157180   2.638196   4.005221   4.928979   4.615680
    15  H    2.160609   3.246852   4.415157   4.882316   4.167456
    16  H    2.160807   3.286771   4.466615   4.952612   4.168550
    17  H    2.174166   1.084332   2.114000   3.478767   3.929894
    18  C    3.843339   4.343138   3.857777   2.561402   1.500719
    19  H    4.427338   4.798463   4.192251   2.900821   2.155029
    20  H    4.067770   4.867122   4.641106   3.491918   2.156537
    21  H    4.529436   4.874691   4.208771   2.789522   2.149893
                    6          7          8          9         10
     6  C    0.000000
     7  O    3.623976   0.000000
     8  H    1.087241   4.522210   0.000000
     9  O    4.134549   2.711041   5.221512   0.000000
    10  H    3.487117   0.966982   4.331420   3.027528   0.000000
    11  H    4.457417   2.123587   5.528669   0.970225   2.589218
    12  H    3.292037   2.034424   4.189910   2.644169   2.823413
    13  C    2.543150   5.433101   2.724170   4.913795   5.069580
    14  H    3.452417   5.886101   3.782489   4.902179   5.517010
    15  H    2.875430   5.683913   2.829045   5.543675   5.162711
    16  H    2.848241   6.139446   2.733587   5.630025   5.874677
    17  H    3.423780   4.287332   4.316164   2.604487   4.117415
    18  C    2.518911   3.287154   2.712988   4.934321   3.550038
    19  H    3.197858   3.773336   3.415102   5.149524   4.255359
    20  H    2.646953   4.219767   2.382268   5.825009   4.313803
    21  H    3.284127   2.956977   3.540213   5.120688   3.214799
                   11         12         13         14         15
    11  H    0.000000
    12  H    2.432256   0.000000
    13  C    5.578738   5.281295   0.000000
    14  H    5.672652   5.770491   1.091484   0.000000
    15  H    6.104623   5.845430   1.096320   1.767385   0.000000
    16  H    6.314813   5.692957   1.095942   1.768107   1.759455
    17  H    3.460424   4.197080   2.764342   2.411423   3.497601
    18  C    4.805347   2.747600   5.058559   5.957475   5.279408
    19  H    5.019831   2.669801   5.669915   6.521985   6.043527
    20  H    5.773653   3.790626   5.032937   6.036230   5.119003
    21  H    4.792459   2.947708   5.788309   6.652387   5.898802
                   16         17         18         19         20
    16  H    0.000000
    17  H    3.560202   0.000000
    18  C    5.227673   5.427315   0.000000
    19  H    5.717437   5.858869   1.098011   0.000000
    20  H    5.062036   5.935386   1.091692   1.770188   0.000000
    21  H    6.091862   5.938576   1.094670   1.758075   1.775126
                   21
    21  H    0.000000
 Symmetry turned off by external request.
 Stoichiometry    C8H11O2(2)
 Framework group  C1[X(C8H11O2)]
 Deg. of freedom    57
 Full point group                 C1      NOp   1
 Rotational constants (GHZ):           1.6220364           1.2602491           0.7709359
 Standard basis: 6-311G(d,p) (5D, 7F)
   246 basis functions,   408 primitive gaussians,   256 cartesian basis functions
    38 alpha electrons       37 beta electrons
       nuclear repulsion energy       527.8200979489 Hartrees.
 NAtoms=   21 NActive=   21 NUniq=   21 SFac= 1.00D+00 NAtFMM=   60 NAOKFM=F Big=F
 Integral buffers will be    131072 words long.
 Raffenetti 2 integral format.
 Two-electron integral symmetry is turned off.
 One-electron integrals computed using PRISM.
 NBasis=   246 RedAO= T EigKep=  2.63D-04  NBF=   246
 NBsUse=   246 1.00D-06 EigRej= -1.00D+00 NBFU=   246
 Initial guess from the checkpoint file:  "SR-11-ts-P2.chk"
 B after Tr=    -0.000042   -0.000008   -0.000297
         Rot=    1.000000    0.000007   -0.000011    0.000010 Ang=   0.00 deg.
 Initial guess <Sx>= 0.0000 <Sy>= 0.0000 <Sz>= 0.5000 <S**2>= 0.7782 S= 0.5140
 ExpMin= 1.03D-01 ExpMax= 8.59D+03 ExpMxC= 1.30D+03 IAcc=2 IRadAn=         4 AccDes= 0.00D+00
 Harris functional with IExCor=  402 and IRadAn=       4 diagonalized for initial guess.
 HarFok:  IExCor=  402 AccDes= 0.00D+00 IRadAn=         4 IDoV= 1 UseB2=F ITyADJ=14
 ICtDFT=  3500011 ScaDFX=  1.000000  1.000000  1.000000  1.000000
 FoFCou: FMM=F IPFlag=           0 FMFlag=      100000 FMFlg1=           0
         NFxFlg=           0 DoJE=T BraDBF=F KetDBF=T FulRan=T
         wScrn=  0.000000 ICntrl=       500 IOpCl=  0 I1Cent=   200000004 NGrid=           0
         NMat0=    1 NMatS0=      1 NMatT0=    0 NMatD0=    1 NMtDS0=    0 NMtDT0=    0
 Symmetry not used in FoFCou.
 Requested convergence on RMS density matrix=1.00D-08 within 128 cycles.
 Requested convergence on MAX density matrix=1.00D-06.
 Requested convergence on             energy=1.00D-06.
 No special actions if energy rises.
 Integral accuracy reduced to 1.0D-05 until final iterations.
 Initial convergence to 1.0D-05 achieved.  Increase integral accuracy.
 SCF Done:  E(UB3LYP) =  -461.995026591     A.U. after   14 cycles
            NFock= 14  Conv=0.32D-08     -V/T= 2.0040
 <Sx>= 0.0000 <Sy>= 0.0000 <Sz>= 0.5000 <S**2>= 0.7785 S= 0.5141
 <L.S>= 0.000000000000E+00
 Annihilation of the first spin contaminant:
 S**2 before annihilation     0.7785,   after     0.7505
 DoSCS=F DFT=T ScalE2(SS,OS)=  1.000000  1.000000
 Range of M.O.s used for correlation:     1   246
 NBasis=   246 NAE=    38 NBE=    37 NFC=     0 NFV=     0
 NROrb=    246 NOA=    38 NOB=    37 NVA=   208 NVB=   209

 **** Warning!!: The largest alpha MO coefficient is  0.11119869D+02


 **** Warning!!: The largest beta MO coefficient is  0.11513883D+02

 Symmetrizing basis deriv contribution to polar:
 IMax=3 JMax=2 DiffMx= 0.00D+00
 G2DrvN: will do    22 centers at a time, making    1 passes.
 Calling FoFCou, ICntrl=  3107 FMM=F I1Cent=   0 AccDes= 0.00D+00.
 End of G2Drv F.D. properties file   721 does not exist.
 End of G2Drv F.D. properties file   722 does not exist.
 End of G2Drv F.D. properties file   788 does not exist.
          IDoAtm=111111111111111111111
          Differentiating once with respect to nuclear coordinates.
 Keep R1 and R2 ints in memory in canonical form, NReq=955570755.
          There are    66 degrees of freedom in the 1st order CPHF.  IDoFFX=6 NUNeed=     0.
     60 vectors produced by pass  0 Test12= 2.37D-14 1.52D-09 XBig12= 3.73D-01 2.92D-01.
 AX will form    60 AO Fock derivatives at one time.
     60 vectors produced by pass  1 Test12= 2.37D-14 1.52D-09 XBig12= 5.33D-02 7.02D-02.
     60 vectors produced by pass  2 Test12= 2.37D-14 1.52D-09 XBig12= 1.59D-03 9.06D-03.
     60 vectors produced by pass  3 Test12= 2.37D-14 1.52D-09 XBig12= 1.81D-05 7.12D-04.
     60 vectors produced by pass  4 Test12= 2.37D-14 1.52D-09 XBig12= 1.08D-07 3.37D-05.
     60 vectors produced by pass  5 Test12= 2.37D-14 1.52D-09 XBig12= 6.76D-10 2.35D-06.
     43 vectors produced by pass  6 Test12= 2.37D-14 1.52D-09 XBig12= 3.37D-12 1.50D-07.
     10 vectors produced by pass  7 Test12= 2.37D-14 1.52D-09 XBig12= 1.41D-14 9.07D-09.
 InvSVY:  IOpt=1 It=  1 EMax= 1.55D-15
 Solved reduced A of dimension   413 with    66 vectors.
 End of Minotr F.D. properties file   721 does not exist.
 End of Minotr F.D. properties file   722 does not exist.
 End of Minotr F.D. properties file   788 does not exist.
 Calling FoFJK, ICntrl=    100147 FMM=F ISym2X=0 I1Cent= 0 IOpClX= 1 NMat=1 NMatS=1 NMatT=0.
 -------------------------------------------------------------------
 Center     Atomic                   Forces (Hartrees/Bohr)
 Number     Number              X              Y              Z
 -------------------------------------------------------------------
      1        6           0.000574209    0.000015357   -0.000510983
      2        6           0.000706943   -0.000958172   -0.000852070
      3        6           0.000448929   -0.002672274    0.003146282
      4        6           0.006723337   -0.002835607    0.009835015
      5        6           0.002876064   -0.000603601    0.006460236
      6        6           0.002485857   -0.000453224   -0.000596713
      7        8          -0.014578040    0.012665827   -0.014729960
      8        1           0.000209740    0.000019775   -0.000443463
      9        8          -0.000923600   -0.005393850   -0.001476694
     10        1          -0.000388208    0.000635646   -0.000646201
     11        1           0.000195254   -0.000647667   -0.000643357
     12        1          -0.000578716   -0.000205796   -0.000176168
     13        6           0.000379270    0.000599929   -0.000566488
     14        1           0.000016491    0.000054578   -0.000093378
     15        1           0.000014770   -0.000015535   -0.000020902
     16        1          -0.000002689    0.000078123   -0.000003611
     17        1          -0.000061650   -0.000034088   -0.000380418
     18        6           0.001617563   -0.000304276    0.001707809
     19        1           0.000044693   -0.000305365    0.000053161
     20        1           0.000053379   -0.000029882   -0.000091399
     21        1           0.000186404    0.000390103    0.000029300
 -------------------------------------------------------------------
 Cartesian Forces:  Max     0.014729960 RMS     0.003691499
 IRC-IRC-IRC-IRC-IRC-IRC-IRC-IRC-IRC-IRC-IRC-IRC-IRC-IRC-IRC-IRC-IRC-IRC
 Pt 20 Step number   1 out of a maximum of  20
 Modified Bulirsch-Stoer Extrapolation Cycles:
    EPS =    0.000010000000000
      PEZero:  N= 2 I= 1 D=  7.75D-04 Err=  3.80D-05
      PEZero:  N= 3 I= 2 D=  7.75D-04 Err=  2.53D-05
      PEZero:  N= 3 I= 1 D=  1.55D-03 Err=  3.49D-08
 Maximum DWI energy   std dev =  0.000001176 at pt    19
 Maximum DWI gradient std dev =  0.002471056 at pt    36
 CORRECTOR INTEGRATION CONVERGENCE:
   Recorrection delta-x convergence threshold:    0.010000
   Delta-x Convergence Met
 Point Number:  20          Path Number:   1
   CHANGE IN THE REACTION COORDINATE =    0.14872
   NET REACTION COORDINATE UP TO THIS POINT =    2.97342
  # OF POINTS ALONG THE PATH =  20
  # OF STEPS =   1

 Calculating another point on the path.
 IRC-IRC-IRC-IRC-IRC-IRC-IRC-IRC-IRC-IRC-IRC-IRC-IRC-IRC-IRC-IRC-IRC-IRC
                          Input orientation:                          
 ---------------------------------------------------------------------
 Center     Atomic      Atomic             Coordinates (Angstroms)
 Number     Number       Type             X           Y           Z
 ---------------------------------------------------------------------
      1          6           0       -1.718326   -0.095595    0.066592
      2          6           0       -0.933083   -1.246840   -0.148969
      3          6           0        0.420378   -1.146518   -0.330297
      4          6           0        1.174020    0.128021   -0.239064
      5          6           0        0.280329    1.328449   -0.123020
      6          6           0       -1.070498    1.170291    0.057247
      7          8           0        2.198245   -0.115677    0.884590
      8          1           0       -1.684363    2.060585    0.170355
      9          8           0        1.201610   -2.244925   -0.470009
     10          1           0        1.680010   -0.182528    1.698039
     11          1           0        2.072866   -1.991258   -0.127911
     12          1           0        1.868210    0.240193   -1.081762
     13          6           0       -3.195691   -0.201312    0.330716
     14          1           0       -3.538647   -1.235581    0.266796
     15          1           0       -3.451833    0.174763    1.328219
     16          1           0       -3.774926    0.389679   -0.387900
     17          1           0       -1.381366   -2.234177   -0.138432
     18          6           0        0.923147    2.679503   -0.240887
     19          1           0        1.314413    2.843480   -1.253748
     20          1           0        0.215824    3.481533   -0.021116
     21          1           0        1.774553    2.769483    0.441311
 ---------------------------------------------------------------------
                    Distance matrix (angstroms):
                    1          2          3          4          5
     1  C    0.000000
     2  C    1.410120   0.000000
     3  C    2.415785   1.369234   0.000000
     4  C    2.917035   2.517586   1.483492   0.000000
     5  C    2.461396   2.846955   2.487577   1.501059   0.000000
     6  C    1.422052   2.429800   2.782176   2.492386   1.371949
     7  O    4.001131   3.486113   2.387340   1.539813   2.603685
     8  H    2.158942   3.406678   3.868604   3.474591   2.117099
     9  O    3.665186   2.378267   1.355116   2.384317   3.706502
    10  H    3.770658   3.372307   2.574897   2.026038   2.749257
    11  H    4.243172   3.096826   1.866886   2.304696   3.772753
    12  H    3.780834   3.305845   2.141000   1.097553   2.150548
    13  C    1.504508   2.538232   3.795564   4.418991   3.824755
    14  H    2.157132   2.638551   4.004788   4.931990   4.616359
    15  H    2.160982   3.247637   4.414802   4.884370   4.167267
    16  H    2.161402   3.288063   4.468087   4.958093   4.170917
    17  H    2.174652   1.084390   2.113314   3.481393   3.931128
    18  C    3.843577   4.343985   3.859949   2.563786   1.500818
    19  H    4.424812   4.796091   4.191914   2.902243   2.154807
    20  H    4.067489   4.867632   4.642875   3.494522   2.156459
    21  H    4.533132   4.879608   4.214764   2.793004   2.151222
                    6          7          8          9         10
     6  C    0.000000
     7  O    3.608724   0.000000
     8  H    1.087312   4.507870   0.000000
     9  O    4.135719   2.713285   5.222674   0.000000
    10  H    3.476724   0.966816   4.322543   3.030310   0.000000
    11  H    4.462109   2.135107   5.533820   0.969776   2.599987
    12  H    3.286097   2.025366   4.183587   2.644694   2.818050
    13  C    2.544115   5.422974   2.725070   4.914648   5.063831
    14  H    3.453098   5.877735   3.783170   4.902213   5.512872
    15  H    2.877012   5.674904   2.832123   5.544641   5.157542
    16  H    2.849814   6.128082   2.733868   5.631500   5.868125
    17  H    3.424226   4.283483   4.316496   2.604193   4.117512
    18  C    2.518179   3.271941   2.711326   4.937613   3.538854
    19  H    3.194694   3.756362   3.410814   5.149644   4.243045
    20  H    2.646244   4.205973   2.380434   5.828001   4.304030
    21  H    3.286220   2.949603   3.541194   5.128650   3.209777
                   11         12         13         14         15
    11  H    0.000000
    12  H    2.435383   0.000000
    13  C    5.583183   5.275710   0.000000
    14  H    5.675907   5.764600   1.091520   0.000000
    15  H    6.110177   5.840817   1.096382   1.767265   0.000000
    16  H    6.319267   5.687599   1.095990   1.768028   1.759444
    17  H    3.462779   4.191911   2.764853   2.411486   3.498698
    18  C    4.811509   2.747808   5.058720   5.957619   5.279798
    19  H    5.021698   2.667091   5.667655   6.519430   6.041994
    20  H    5.780264   3.789675   5.032451   6.035735   5.119291
    21  H    4.803921   2.953952   5.791474   6.655906   5.902058
                   16         17         18         19         20
    16  H    0.000000
    17  H    3.560335   0.000000
    18  C    5.228461   5.428215   0.000000
    19  H    5.715960   5.856086   1.098119   0.000000
    20  H    5.061638   5.935833   1.091722   1.770138   0.000000
    21  H    6.094898   5.944118   1.094706   1.757962   1.774962
                   21
    21  H    0.000000
 Symmetry turned off by external request.
 Stoichiometry    C8H11O2(2)
 Framework group  C1[X(C8H11O2)]
 Deg. of freedom    57
 Full point group                 C1      NOp   1
 Rotational constants (GHZ):           1.6223957           1.2634204           0.7712800
 Standard basis: 6-311G(d,p) (5D, 7F)
   246 basis functions,   408 primitive gaussians,   256 cartesian basis functions
    38 alpha electrons       37 beta electrons
       nuclear repulsion energy       528.1723272829 Hartrees.
 NAtoms=   21 NActive=   21 NUniq=   21 SFac= 1.00D+00 NAtFMM=   60 NAOKFM=F Big=F
 Integral buffers will be    131072 words long.
 Raffenetti 2 integral format.
 Two-electron integral symmetry is turned off.
 One-electron integrals computed using PRISM.
 NBasis=   246 RedAO= T EigKep=  2.62D-04  NBF=   246
 NBsUse=   246 1.00D-06 EigRej= -1.00D+00 NBFU=   246
 Initial guess from the checkpoint file:  "SR-11-ts-P2.chk"
 B after Tr=    -0.000035   -0.000007   -0.000312
         Rot=    1.000000    0.000005   -0.000012    0.000012 Ang=   0.00 deg.
 Initial guess <Sx>= 0.0000 <Sy>= 0.0000 <Sz>= 0.5000 <S**2>= 0.7784 S= 0.5141
 ExpMin= 1.03D-01 ExpMax= 8.59D+03 ExpMxC= 1.30D+03 IAcc=2 IRadAn=         4 AccDes= 0.00D+00
 Harris functional with IExCor=  402 and IRadAn=       4 diagonalized for initial guess.
 HarFok:  IExCor=  402 AccDes= 0.00D+00 IRadAn=         4 IDoV= 1 UseB2=F ITyADJ=14
 ICtDFT=  3500011 ScaDFX=  1.000000  1.000000  1.000000  1.000000
 FoFCou: FMM=F IPFlag=           0 FMFlag=      100000 FMFlg1=           0
         NFxFlg=           0 DoJE=T BraDBF=F KetDBF=T FulRan=T
         wScrn=  0.000000 ICntrl=       500 IOpCl=  0 I1Cent=   200000004 NGrid=           0
         NMat0=    1 NMatS0=      1 NMatT0=    0 NMatD0=    1 NMtDS0=    0 NMtDT0=    0
 Symmetry not used in FoFCou.
 Requested convergence on RMS density matrix=1.00D-08 within 128 cycles.
 Requested convergence on MAX density matrix=1.00D-06.
 Requested convergence on             energy=1.00D-06.
 No special actions if energy rises.
 Integral accuracy reduced to 1.0D-05 until final iterations.
 Initial convergence to 1.0D-05 achieved.  Increase integral accuracy.
 SCF Done:  E(UB3LYP) =  -461.996105502     A.U. after   14 cycles
            NFock= 14  Conv=0.29D-08     -V/T= 2.0040
 <Sx>= 0.0000 <Sy>= 0.0000 <Sz>= 0.5000 <S**2>= 0.7787 S= 0.5142
 <L.S>= 0.000000000000E+00
 Annihilation of the first spin contaminant:
 S**2 before annihilation     0.7787,   after     0.7505
 DoSCS=F DFT=T ScalE2(SS,OS)=  1.000000  1.000000
 Range of M.O.s used for correlation:     1   246
 NBasis=   246 NAE=    38 NBE=    37 NFC=     0 NFV=     0
 NROrb=    246 NOA=    38 NOB=    37 NVA=   208 NVB=   209

 **** Warning!!: The largest alpha MO coefficient is  0.11004522D+02


 **** Warning!!: The largest beta MO coefficient is  0.11427126D+02

 Symmetrizing basis deriv contribution to polar:
 IMax=3 JMax=2 DiffMx= 0.00D+00
 G2DrvN: will do    22 centers at a time, making    1 passes.
 Calling FoFCou, ICntrl=  3107 FMM=F I1Cent=   0 AccDes= 0.00D+00.
 End of G2Drv F.D. properties file   721 does not exist.
 End of G2Drv F.D. properties file   722 does not exist.
 End of G2Drv F.D. properties file   788 does not exist.
          IDoAtm=111111111111111111111
          Differentiating once with respect to nuclear coordinates.
 Keep R1 and R2 ints in memory in canonical form, NReq=955570755.
          There are    66 degrees of freedom in the 1st order CPHF.  IDoFFX=6 NUNeed=     0.
     60 vectors produced by pass  0 Test12= 2.37D-14 1.52D-09 XBig12= 3.73D-01 2.92D-01.
 AX will form    60 AO Fock derivatives at one time.
     60 vectors produced by pass  1 Test12= 2.37D-14 1.52D-09 XBig12= 5.40D-02 7.03D-02.
     60 vectors produced by pass  2 Test12= 2.37D-14 1.52D-09 XBig12= 1.57D-03 9.07D-03.
     60 vectors produced by pass  3 Test12= 2.37D-14 1.52D-09 XBig12= 1.84D-05 7.31D-04.
     60 vectors produced by pass  4 Test12= 2.37D-14 1.52D-09 XBig12= 1.08D-07 3.53D-05.
     60 vectors produced by pass  5 Test12= 2.37D-14 1.52D-09 XBig12= 6.66D-10 2.58D-06.
     43 vectors produced by pass  6 Test12= 2.37D-14 1.52D-09 XBig12= 3.40D-12 1.46D-07.
     10 vectors produced by pass  7 Test12= 2.37D-14 1.52D-09 XBig12= 1.43D-14 8.87D-09.
 InvSVY:  IOpt=1 It=  1 EMax= 9.44D-16
 Solved reduced A of dimension   413 with    66 vectors.
 End of Minotr F.D. properties file   721 does not exist.
 End of Minotr F.D. properties file   722 does not exist.
 End of Minotr F.D. properties file   788 does not exist.
 Calling FoFJK, ICntrl=    100147 FMM=F ISym2X=0 I1Cent= 0 IOpClX= 1 NMat=1 NMatS=1 NMatT=0.
 -------------------------------------------------------------------
 Center     Atomic                   Forces (Hartrees/Bohr)
 Number     Number              X              Y              Z
 -------------------------------------------------------------------
      1        6           0.000682679   -0.000030219   -0.000583557
      2        6           0.000562262   -0.000994503   -0.000733962
      3        6           0.000434365   -0.002603619    0.002981544
      4        6           0.004589045   -0.002319574    0.007257489
      5        6           0.002569457   -0.000609617    0.005966924
      6        6           0.002272521   -0.000410910   -0.000429595
      7        8          -0.011953549    0.012039525   -0.011998242
      8        1           0.000190927    0.000010327   -0.000365005
      9        8          -0.001059950   -0.005262017   -0.001432273
     10        1          -0.000328648    0.000627348   -0.000540221
     11        1           0.000175664   -0.000600964   -0.000642479
     12        1          -0.000533113   -0.000180941   -0.000166616
     13        6           0.000465460    0.000608743   -0.000631811
     14        1           0.000016728    0.000058627   -0.000100704
     15        1           0.000034147   -0.000012775   -0.000025538
     16        1           0.000014695    0.000088558   -0.000007228
     17        1          -0.000074864   -0.000033245   -0.000345587
     18        6           0.001649242   -0.000379225    0.001765372
     19        1           0.000051693   -0.000304008    0.000065193
     20        1           0.000061153   -0.000036686   -0.000076628
     21        1           0.000180085    0.000345175    0.000042925
 -------------------------------------------------------------------
 Cartesian Forces:  Max     0.012039525 RMS     0.003131680
 IRC-IRC-IRC-IRC-IRC-IRC-IRC-IRC-IRC-IRC-IRC-IRC-IRC-IRC-IRC-IRC-IRC-IRC
 Pt 21 Step number   1 out of a maximum of  20
 Modified Bulirsch-Stoer Extrapolation Cycles:
    EPS =    0.000010000000000
      PEZero:  N= 2 I= 1 D=  7.75D-04 Err=  5.23D-05
      PEZero:  N= 3 I= 2 D=  7.75D-04 Err=  3.49D-05
      PEZero:  N= 3 I= 1 D=  1.55D-03 Err=  6.13D-08
 Maximum DWI energy   std dev =  0.000001093 at pt    19
 Maximum DWI gradient std dev =  0.003032991 at pt    36
 CORRECTOR INTEGRATION CONVERGENCE:
   Recorrection delta-x convergence threshold:    0.010000
   Delta-x Convergence Met
 Point Number:  21          Path Number:   1
   CHANGE IN THE REACTION COORDINATE =    0.14867
   NET REACTION COORDINATE UP TO THIS POINT =    3.12208
  # OF POINTS ALONG THE PATH =  21
  # OF STEPS =   1

 Calculating another point on the path.
 IRC-IRC-IRC-IRC-IRC-IRC-IRC-IRC-IRC-IRC-IRC-IRC-IRC-IRC-IRC-IRC-IRC-IRC
                          Input orientation:                          
 ---------------------------------------------------------------------
 Center     Atomic      Atomic             Coordinates (Angstroms)
 Number     Number       Type             X           Y           Z
 ---------------------------------------------------------------------
      1          6           0       -1.717540   -0.095658    0.065918
      2          6           0       -0.932561   -1.247946   -0.149687
      3          6           0        0.420787   -1.149306   -0.327200
      4          6           0        1.177870    0.125771   -0.232551
      5          6           0        0.282876    1.327813   -0.116924
      6          6           0       -1.068193    1.169872    0.056900
      7          8           0        2.189691   -0.106173    0.875982
      8          1           0       -1.682089    2.060679    0.166301
      9          8           0        1.200685   -2.249115   -0.471149
     10          1           0        1.676020   -0.174475    1.691996
     11          1           0        2.075106   -1.998605   -0.136043
     12          1           0        1.861961    0.238093   -1.084401
     13          6           0       -3.195130   -0.200645    0.329986
     14          1           0       -3.538441   -1.234792    0.265433
     15          1           0       -3.451256    0.174619    1.327860
     16          1           0       -3.774613    0.390909   -0.388028
     17          1           0       -1.382448   -2.234642   -0.142574
     18          6           0        0.924949    2.679033   -0.238937
     19          1           0        1.315182    2.839616   -1.252844
     20          1           0        0.216686    3.481031   -0.021964
     21          1           0        1.776866    2.773518    0.442036
 ---------------------------------------------------------------------
                    Distance matrix (angstroms):
                    1          2          3          4          5
     1  C    0.000000
     2  C    1.410832   0.000000
     3  C    2.416022   1.368500   0.000000
     4  C    2.919164   2.519500   1.485918   0.000000
     5  C    2.461984   2.848314   2.489851   1.503094   0.000000
     6  C    1.422427   2.430415   2.782658   2.493738   1.371331
     7  O    3.990334   3.479094   2.380082   1.518692   2.584206
     8  H    2.158963   3.407145   3.869062   3.475964   2.116223
     9  O    3.666314   2.378322   1.355928   2.386950   3.709753
    10  H    3.763853   3.368802   2.569641   2.010518   2.733114
    11  H    4.248078   3.099957   1.869390   2.308098   3.778560
    12  H    3.774580   3.300205   2.138974   1.098292   2.148724
    13  C    1.504668   2.538925   3.795617   4.421100   3.825237
    14  H    2.157107   2.638770   4.004249   4.933833   4.616883
    15  H    2.161323   3.248179   4.414150   4.885292   4.166654
    16  H    2.162027   3.289364   4.469603   4.962012   4.173069
    17  H    2.175088   1.084444   2.112747   3.483515   3.932563
    18  C    3.843774   4.345051   3.862402   2.565767   1.500980
    19  H    4.421806   4.793481   4.191450   2.902552   2.154418
    20  H    4.067143   4.868295   4.644873   3.496569   2.156326
    21  H    4.537015   4.885008   4.221282   2.797219   2.152790
                    6          7          8          9         10
     6  C    0.000000
     7  O    3.593465   0.000000
     8  H    1.087370   4.493281   0.000000
     9  O    4.137163   2.717553   5.224084   0.000000
    10  H    3.465763   0.966644   4.312836   3.034678   0.000000
    11  H    4.467304   2.149099   5.539469   0.969362   2.613130
    12  H    3.279723   2.017183   4.176885   2.645670   2.813035
    13  C    2.544947   5.413255   2.725743   4.915408   5.058049
    14  H    3.453696   5.870097   3.783649   4.902113   5.509079
    15  H    2.878343   5.665979   2.834853   5.545402   5.152031
    16  H    2.851220   6.117003   2.733874   5.632959   5.861362
    17  H    3.424801   4.281123   4.316824   2.603987   4.118757
    18  C    2.517479   3.255762   2.709839   4.941315   3.526346
    19  H    3.191230   3.738226   3.406516   5.149693   4.229306
    20  H    2.645484   4.191310   2.378695   5.831346   4.293022
    21  H    3.288521   2.941319   3.542392   5.137386   3.203628
                   11         12         13         14         15
    11  H    0.000000
    12  H    2.438777   0.000000
    13  C    5.587954   5.269455   0.000000
    14  H    5.679481   5.758106   1.091553   0.000000
    15  H    6.116093   5.835522   1.096439   1.767143   0.000000
    16  H    6.323962   5.681484   1.096030   1.767963   1.759436
    17  H    3.465608   4.186604   2.765189   2.411322   3.499526
    18  C    4.818065   2.747907   5.058782   5.957706   5.279973
    19  H    5.023257   2.663693   5.664932   6.516412   6.039965
    20  H    5.787327   3.788450   5.031808   6.035110   5.119392
    21  H    4.816252   2.960682   5.794734   6.659596   5.905270
                   16         17         18         19         20
    16  H    0.000000
    17  H    3.560368   0.000000
    18  C    5.229113   5.429325   0.000000
    19  H    5.714025   5.853034   1.098215   0.000000
    20  H    5.060960   5.936387   1.091748   1.770077   0.000000
    21  H    6.097930   5.950185   1.094720   1.757879   1.774832
                   21
    21  H    0.000000
 Symmetry turned off by external request.
 Stoichiometry    C8H11O2(2)
 Framework group  C1[X(C8H11O2)]
 Deg. of freedom    57
 Full point group                 C1      NOp   1
 Rotational constants (GHZ):           1.6224227           1.2666411           0.7716038
 Standard basis: 6-311G(d,p) (5D, 7F)
   246 basis functions,   408 primitive gaussians,   256 cartesian basis functions
    38 alpha electrons       37 beta electrons
       nuclear repulsion energy       528.5064453675 Hartrees.
 NAtoms=   21 NActive=   21 NUniq=   21 SFac= 1.00D+00 NAtFMM=   60 NAOKFM=F Big=F
 Integral buffers will be    131072 words long.
 Raffenetti 2 integral format.
 Two-electron integral symmetry is turned off.
 One-electron integrals computed using PRISM.
 NBasis=   246 RedAO= T EigKep=  2.60D-04  NBF=   246
 NBsUse=   246 1.00D-06 EigRej= -1.00D+00 NBFU=   246
 Initial guess from the checkpoint file:  "SR-11-ts-P2.chk"
 B after Tr=    -0.000025   -0.000004   -0.000328
         Rot=    1.000000    0.000001   -0.000013    0.000015 Ang=   0.00 deg.
 Initial guess <Sx>= 0.0000 <Sy>= 0.0000 <Sz>= 0.5000 <S**2>= 0.7786 S= 0.5142
 ExpMin= 1.03D-01 ExpMax= 8.59D+03 ExpMxC= 1.30D+03 IAcc=2 IRadAn=         4 AccDes= 0.00D+00
 Harris functional with IExCor=  402 and IRadAn=       4 diagonalized for initial guess.
 HarFok:  IExCor=  402 AccDes= 0.00D+00 IRadAn=         4 IDoV= 1 UseB2=F ITyADJ=14
 ICtDFT=  3500011 ScaDFX=  1.000000  1.000000  1.000000  1.000000
 FoFCou: FMM=F IPFlag=           0 FMFlag=      100000 FMFlg1=           0
         NFxFlg=           0 DoJE=T BraDBF=F KetDBF=T FulRan=T
         wScrn=  0.000000 ICntrl=       500 IOpCl=  0 I1Cent=   200000004 NGrid=           0
         NMat0=    1 NMatS0=      1 NMatT0=    0 NMatD0=    1 NMtDS0=    0 NMtDT0=    0
 Symmetry not used in FoFCou.
 Requested convergence on RMS density matrix=1.00D-08 within 128 cycles.
 Requested convergence on MAX density matrix=1.00D-06.
 Requested convergence on             energy=1.00D-06.
 No special actions if energy rises.
 Integral accuracy reduced to 1.0D-05 until final iterations.
 Initial convergence to 1.0D-05 achieved.  Increase integral accuracy.
 SCF Done:  E(UB3LYP) =  -461.996999151     A.U. after   13 cycles
            NFock= 13  Conv=0.70D-08     -V/T= 2.0039
 <Sx>= 0.0000 <Sy>= 0.0000 <Sz>= 0.5000 <S**2>= 0.7789 S= 0.5143
 <L.S>= 0.000000000000E+00
 Annihilation of the first spin contaminant:
 S**2 before annihilation     0.7789,   after     0.7505
 DoSCS=F DFT=T ScalE2(SS,OS)=  1.000000  1.000000
 Range of M.O.s used for correlation:     1   246
 NBasis=   246 NAE=    38 NBE=    37 NFC=     0 NFV=     0
 NROrb=    246 NOA=    38 NOB=    37 NVA=   208 NVB=   209

 **** Warning!!: The largest alpha MO coefficient is  0.11143243D+02


 **** Warning!!: The largest beta MO coefficient is  0.11276808D+02

 Symmetrizing basis deriv contribution to polar:
 IMax=3 JMax=2 DiffMx= 0.00D+00
 G2DrvN: will do    22 centers at a time, making    1 passes.
 Calling FoFCou, ICntrl=  3107 FMM=F I1Cent=   0 AccDes= 0.00D+00.
 End of G2Drv F.D. properties file   721 does not exist.
 End of G2Drv F.D. properties file   722 does not exist.
 End of G2Drv F.D. properties file   788 does not exist.
          IDoAtm=111111111111111111111
          Differentiating once with respect to nuclear coordinates.
 Keep R1 and R2 ints in memory in canonical form, NReq=955570755.
          There are    66 degrees of freedom in the 1st order CPHF.  IDoFFX=6 NUNeed=     0.
     60 vectors produced by pass  0 Test12= 2.37D-14 1.52D-09 XBig12= 3.73D-01 2.92D-01.
 AX will form    60 AO Fock derivatives at one time.
     60 vectors produced by pass  1 Test12= 2.37D-14 1.52D-09 XBig12= 5.47D-02 7.04D-02.
     60 vectors produced by pass  2 Test12= 2.37D-14 1.52D-09 XBig12= 1.56D-03 9.09D-03.
     60 vectors produced by pass  3 Test12= 2.37D-14 1.52D-09 XBig12= 1.87D-05 7.50D-04.
     60 vectors produced by pass  4 Test12= 2.37D-14 1.52D-09 XBig12= 1.09D-07 3.67D-05.
     60 vectors produced by pass  5 Test12= 2.37D-14 1.52D-09 XBig12= 6.53D-10 2.74D-06.
     43 vectors produced by pass  6 Test12= 2.37D-14 1.52D-09 XBig12= 3.45D-12 1.35D-07.
     10 vectors produced by pass  7 Test12= 2.37D-14 1.52D-09 XBig12= 1.44D-14 9.18D-09.
 InvSVY:  IOpt=1 It=  1 EMax= 1.33D-15
 Solved reduced A of dimension   413 with    66 vectors.
 End of Minotr F.D. properties file   721 does not exist.
 End of Minotr F.D. properties file   722 does not exist.
 End of Minotr F.D. properties file   788 does not exist.
 Calling FoFJK, ICntrl=    100147 FMM=F ISym2X=0 I1Cent= 0 IOpClX= 1 NMat=1 NMatS=1 NMatT=0.
 -------------------------------------------------------------------
 Center     Atomic                   Forces (Hartrees/Bohr)
 Number     Number              X              Y              Z
 -------------------------------------------------------------------
      1        6           0.000754232   -0.000085063   -0.000647648
      2        6           0.000375882   -0.001030562   -0.000582413
      3        6           0.000347082   -0.002495711    0.002689683
      4        6           0.002439973   -0.001764128    0.004555814
      5        6           0.002100686   -0.000568994    0.005178170
      6        6           0.001942052   -0.000349938   -0.000207933
      7        8          -0.008881798    0.011122249   -0.008930542
      8        1           0.000160916   -0.000000365   -0.000259855
      9        8          -0.001173427   -0.004953394   -0.001338418
     10        1          -0.000259187    0.000613222   -0.000417443
     11        1           0.000141747   -0.000531640   -0.000615658
     12        1          -0.000475906   -0.000154236   -0.000169758
     13        6           0.000553465    0.000610268   -0.000702782
     14        1           0.000014892    0.000062963   -0.000108939
     15        1           0.000054019   -0.000009720   -0.000030817
     16        1           0.000034213    0.000099955   -0.000011592
     17        1          -0.000088412   -0.000033316   -0.000292577
     18        6           0.001652101   -0.000473479    0.001802177
     19        1           0.000065235   -0.000290484    0.000081347
     20        1           0.000074181   -0.000041456   -0.000053439
     21        1           0.000168053    0.000273829    0.000062624
 -------------------------------------------------------------------
 Cartesian Forces:  Max     0.011122249 RMS     0.002522483
 IRC-IRC-IRC-IRC-IRC-IRC-IRC-IRC-IRC-IRC-IRC-IRC-IRC-IRC-IRC-IRC-IRC-IRC
 Pt 22 Step number   1 out of a maximum of  20
 Modified Bulirsch-Stoer Extrapolation Cycles:
    EPS =    0.000010000000000
      PEZero:  N= 2 I= 1 D=  7.74D-04 Err=  6.86D-05
      PEZero:  N= 3 I= 2 D=  7.74D-04 Err=  4.57D-05
      PEZero:  N= 3 I= 1 D=  1.55D-03 Err=  1.18D-07
 Maximum DWI energy   std dev =  0.000000890 at pt    33
 Maximum DWI gradient std dev =  0.003787176 at pt    36
 CORRECTOR INTEGRATION CONVERGENCE:
   Recorrection delta-x convergence threshold:    0.010000
   Delta-x Convergence Met
 Point Number:  22          Path Number:   1
   CHANGE IN THE REACTION COORDINATE =    0.14855
   NET REACTION COORDINATE UP TO THIS POINT =    3.27063
  # OF POINTS ALONG THE PATH =  22
  # OF STEPS =   1

 Calculating another point on the path.
 IRC-IRC-IRC-IRC-IRC-IRC-IRC-IRC-IRC-IRC-IRC-IRC-IRC-IRC-IRC-IRC-IRC-IRC
                          Input orientation:                          
 ---------------------------------------------------------------------
 Center     Atomic      Atomic             Coordinates (Angstroms)
 Number     Number       Type             X           Y           Z
 ---------------------------------------------------------------------
      1          6           0       -1.716492   -0.095818    0.064994
      2          6           0       -0.932183   -1.249385   -0.150364
      3          6           0        0.421138   -1.152635   -0.323777
      4          6           0        1.179981    0.123673   -0.227900
      5          6           0        0.285350    1.327094   -0.110526
      6          6           0       -1.065825    1.169436    0.056802
      7          8           0        2.182140   -0.095245    0.868277
      8          1           0       -1.679802    2.060611    0.163094
      9          8           0        1.199410   -2.253993   -0.472467
     10          1           0        1.672234   -0.164565    1.686366
     11          1           0        2.077407   -2.006571   -0.145579
     12          1           0        1.855044    0.235854   -1.087750
     13          6           0       -3.194312   -0.199808    0.328963
     14          1           0       -3.538241   -1.233725    0.263564
     15          1           0       -3.450223    0.174484    1.327316
     16          1           0       -3.773893    0.392657   -0.388268
     17          1           0       -1.384035   -2.235252   -0.146798
     18          6           0        0.927202    2.678296   -0.236440
     19          1           0        1.316455    2.835091   -1.251404
     20          1           0        0.218040    3.480360   -0.022569
     21          1           0        1.779543    2.777197    0.443348
 ---------------------------------------------------------------------
                    Distance matrix (angstroms):
                    1          2          3          4          5
     1  C    0.000000
     2  C    1.411466   0.000000
     3  C    2.416085   1.367812   0.000000
     4  C    2.919507   2.520424   1.487951   0.000000
     5  C    2.462287   2.849951   2.492583   1.504116   0.000000
     6  C    1.422780   2.431352   2.783508   2.493656   1.370594
     7  O    3.980527   3.474000   2.374909   1.501283   2.564940
     8  H    2.158971   3.407824   3.869876   3.476056   2.115358
     9  O    3.667297   2.378377   1.356763   2.390291   3.713583
    10  H    3.757265   3.366511   2.565579   1.997451   2.716121
    11  H    4.253115   3.103383   1.871947   2.313026   3.784973
    12  H    3.767585   3.294429   2.137204   1.098925   2.147025
    13  C    1.504807   2.539408   3.795448   4.421445   3.825262
    14  H    2.157089   2.638773   4.003527   4.934135   4.617097
    15  H    2.161561   3.248303   4.413026   4.884677   4.165382
    16  H    2.162626   3.290625   4.471059   4.963763   4.174658
    17  H    2.175445   1.084490   2.112352   3.485009   3.934269
    18  C    3.843916   4.346424   3.865199   2.567113   1.501191
    19  H    4.418359   4.790783   4.190947   2.901374   2.153795
    20  H    4.066833   4.869274   4.647216   3.497833   2.156112
    21  H    4.540884   4.890738   4.228159   2.802006   2.154573
                    6          7          8          9         10
     6  C    0.000000
     7  O    3.578713   0.000000
     8  H    1.087409   4.478794   0.000000
     9  O    4.138996   2.724619   5.225860   0.000000
    10  H    3.454274   0.966478   4.302082   3.041354   0.000000
    11  H    4.473018   2.166112   5.545617   0.968995   2.629292
    12  H    3.273080   2.010637   4.170071   2.647219   2.808821
    13  C    2.545458   5.404445   2.725939   4.915970   5.052430
    14  H    3.454095   5.863836   3.783720   4.901839   5.506043
    15  H    2.879148   5.657472   2.836772   5.545792   5.146206
    16  H    2.852211   6.106659   2.733365   5.634322   5.854477
    17  H    3.425582   4.281076   4.317169   2.603959   4.121773
    18  C    2.516904   3.238487   2.708807   4.945431   3.511996
    19  H    3.187643   3.718780   3.402673   5.149681   4.213669
    20  H    2.644802   4.175673   2.377386   5.835092   4.280259
    21  H    3.290962   2.931480   3.543883   5.146664   3.195399
                   11         12         13         14         15
    11  H    0.000000
    12  H    2.442458   0.000000
    13  C    5.592906   5.262402   0.000000
    14  H    5.683326   5.750934   1.091581   0.000000
    15  H    6.122183   5.829423   1.096492   1.767023   0.000000
    16  H    6.328736   5.674398   1.096061   1.767918   1.759429
    17  H    3.468988   4.181315   2.765228   2.410821   3.499854
    18  C    4.824853   2.747935   5.058660   5.957692   5.279798
    19  H    5.024299   2.659491   5.661730   6.512946   6.037371
    20  H    5.794721   3.786980   5.031039   6.034411   5.119293
    21  H    4.829078   2.967893   5.797833   6.663231   5.908127
                   16         17         18         19         20
    16  H    0.000000
    17  H    3.560286   0.000000
    18  C    5.229483   5.430728   0.000000
    19  H    5.711579   5.849887   1.098297   0.000000
    20  H    5.059958   5.937197   1.091768   1.770007   0.000000
    21  H    6.100678   5.956605   1.094704   1.757836   1.774769
                   21
    21  H    0.000000
 Symmetry turned off by external request.
 Stoichiometry    C8H11O2(2)
 Framework group  C1[X(C8H11O2)]
 Deg. of freedom    57
 Full point group                 C1      NOp   1
 Rotational constants (GHZ):           1.6220172           1.2698180           0.7718795
 Standard basis: 6-311G(d,p) (5D, 7F)
   246 basis functions,   408 primitive gaussians,   256 cartesian basis functions
    38 alpha electrons       37 beta electrons
       nuclear repulsion energy       528.7971164139 Hartrees.
 NAtoms=   21 NActive=   21 NUniq=   21 SFac= 1.00D+00 NAtFMM=   60 NAOKFM=F Big=F
 Integral buffers will be    131072 words long.
 Raffenetti 2 integral format.
 Two-electron integral symmetry is turned off.
 One-electron integrals computed using PRISM.
 NBasis=   246 RedAO= T EigKep=  2.57D-04  NBF=   246
 NBsUse=   246 1.00D-06 EigRej= -1.00D+00 NBFU=   246
 Initial guess from the checkpoint file:  "SR-11-ts-P2.chk"
 B after Tr=    -0.000010    0.000000   -0.000334
         Rot=    1.000000   -0.000006   -0.000015    0.000020 Ang=   0.00 deg.
 Initial guess <Sx>= 0.0000 <Sy>= 0.0000 <Sz>= 0.5000 <S**2>= 0.7788 S= 0.5143
 ExpMin= 1.03D-01 ExpMax= 8.59D+03 ExpMxC= 1.30D+03 IAcc=2 IRadAn=         4 AccDes= 0.00D+00
 Harris functional with IExCor=  402 and IRadAn=       4 diagonalized for initial guess.
 HarFok:  IExCor=  402 AccDes= 0.00D+00 IRadAn=         4 IDoV= 1 UseB2=F ITyADJ=14
 ICtDFT=  3500011 ScaDFX=  1.000000  1.000000  1.000000  1.000000
 FoFCou: FMM=F IPFlag=           0 FMFlag=      100000 FMFlg1=           0
         NFxFlg=           0 DoJE=T BraDBF=F KetDBF=T FulRan=T
         wScrn=  0.000000 ICntrl=       500 IOpCl=  0 I1Cent=   200000004 NGrid=           0
         NMat0=    1 NMatS0=      1 NMatT0=    0 NMatD0=    1 NMtDS0=    0 NMtDT0=    0
 Symmetry not used in FoFCou.
 Requested convergence on RMS density matrix=1.00D-08 within 128 cycles.
 Requested convergence on MAX density matrix=1.00D-06.
 Requested convergence on             energy=1.00D-06.
 No special actions if energy rises.
 Integral accuracy reduced to 1.0D-05 until final iterations.
 Initial convergence to 1.0D-05 achieved.  Increase integral accuracy.
 SCF Done:  E(UB3LYP) =  -461.997706709     A.U. after   12 cycles
            NFock= 12  Conv=0.75D-08     -V/T= 2.0039
 <Sx>= 0.0000 <Sy>= 0.0000 <Sz>= 0.5000 <S**2>= 0.7790 S= 0.5144
 <L.S>= 0.000000000000E+00
 Annihilation of the first spin contaminant:
 S**2 before annihilation     0.7790,   after     0.7505
 DoSCS=F DFT=T ScalE2(SS,OS)=  1.000000  1.000000
 Range of M.O.s used for correlation:     1   246
 NBasis=   246 NAE=    38 NBE=    37 NFC=     0 NFV=     0
 NROrb=    246 NOA=    38 NOB=    37 NVA=   208 NVB=   209

 **** Warning!!: The largest alpha MO coefficient is  0.11234908D+02


 **** Warning!!: The largest beta MO coefficient is  0.11231993D+02

 Symmetrizing basis deriv contribution to polar:
 IMax=3 JMax=2 DiffMx= 0.00D+00
 G2DrvN: will do    22 centers at a time, making    1 passes.
 Calling FoFCou, ICntrl=  3107 FMM=F I1Cent=   0 AccDes= 0.00D+00.
 End of G2Drv F.D. properties file   721 does not exist.
 End of G2Drv F.D. properties file   722 does not exist.
 End of G2Drv F.D. properties file   788 does not exist.
          IDoAtm=111111111111111111111
          Differentiating once with respect to nuclear coordinates.
 Keep R1 and R2 ints in memory in canonical form, NReq=955570755.
          There are    66 degrees of freedom in the 1st order CPHF.  IDoFFX=6 NUNeed=     0.
     60 vectors produced by pass  0 Test12= 2.37D-14 1.52D-09 XBig12= 3.73D-01 2.92D-01.
 AX will form    60 AO Fock derivatives at one time.
     60 vectors produced by pass  1 Test12= 2.37D-14 1.52D-09 XBig12= 5.55D-02 7.04D-02.
     60 vectors produced by pass  2 Test12= 2.37D-14 1.52D-09 XBig12= 1.55D-03 9.11D-03.
     60 vectors produced by pass  3 Test12= 2.37D-14 1.52D-09 XBig12= 1.90D-05 7.70D-04.
     60 vectors produced by pass  4 Test12= 2.37D-14 1.52D-09 XBig12= 1.11D-07 3.74D-05.
     60 vectors produced by pass  5 Test12= 2.37D-14 1.52D-09 XBig12= 6.40D-10 2.84D-06.
     43 vectors produced by pass  6 Test12= 2.37D-14 1.52D-09 XBig12= 3.49D-12 1.39D-07.
     10 vectors produced by pass  7 Test12= 2.37D-14 1.52D-09 XBig12= 1.44D-14 9.66D-09.
 InvSVY:  IOpt=1 It=  1 EMax= 1.22D-15
 Solved reduced A of dimension   413 with    66 vectors.
 End of Minotr F.D. properties file   721 does not exist.
 End of Minotr F.D. properties file   722 does not exist.
 End of Minotr F.D. properties file   788 does not exist.
 Calling FoFJK, ICntrl=    100147 FMM=F ISym2X=0 I1Cent= 0 IOpClX= 1 NMat=1 NMatS=1 NMatT=0.
 -------------------------------------------------------------------
 Center     Atomic                   Forces (Hartrees/Bohr)
 Number     Number              X              Y              Z
 -------------------------------------------------------------------
      1        6           0.000755840   -0.000145332   -0.000681653
      2        6           0.000162876   -0.001048041   -0.000402493
      3        6           0.000202131   -0.002317040    0.002276400
      4        6           0.000675484   -0.001255155    0.002184918
      5        6           0.001494809   -0.000490132    0.004085986
      6        6           0.001491387   -0.000278453    0.000054361
      7        8          -0.005755542    0.009948031   -0.005980507
      8        1           0.000119415   -0.000011103   -0.000134867
      9        8          -0.001241929   -0.004446895   -0.001187234
     10        1          -0.000181584    0.000593150   -0.000292196
     11        1           0.000094377   -0.000445648   -0.000557641
     12        1          -0.000405376   -0.000130150   -0.000175352
     13        6           0.000615559    0.000599561   -0.000771226
     14        1           0.000009196    0.000067014   -0.000117938
     15        1           0.000069781   -0.000007325   -0.000036354
     16        1           0.000053279    0.000111195   -0.000016530
     17        1          -0.000099178   -0.000034282   -0.000224098
     18        6           0.001609471   -0.000581945    0.001805560
     19        1           0.000087372   -0.000259696    0.000101841
     20        1           0.000093254   -0.000041849   -0.000020555
     21        1           0.000149377    0.000174096    0.000089577
 -------------------------------------------------------------------
 Cartesian Forces:  Max     0.009948031 RMS     0.001955101
 IRC-IRC-IRC-IRC-IRC-IRC-IRC-IRC-IRC-IRC-IRC-IRC-IRC-IRC-IRC-IRC-IRC-IRC
 Pt 23 Step number   1 out of a maximum of  20
 Modified Bulirsch-Stoer Extrapolation Cycles:
    EPS =    0.000010000000000
      PEZero:  N= 2 I= 1 D=  7.74D-04 Err=  8.09D-05
      PEZero:  N= 3 I= 2 D=  7.74D-04 Err=  5.38D-05
      PEZero:  N= 3 I= 1 D=  1.55D-03 Err=  2.06D-07
 Maximum DWI energy   std dev =  0.000000578 at pt    33
 Maximum DWI gradient std dev =  0.004372421 at pt    36
 CORRECTOR INTEGRATION CONVERGENCE:
   Recorrection delta-x convergence threshold:    0.010000
   Delta-x Convergence Met
 Point Number:  23          Path Number:   1
   CHANGE IN THE REACTION COORDINATE =    0.14836
   NET REACTION COORDINATE UP TO THIS POINT =    3.41899
  # OF POINTS ALONG THE PATH =  23
  # OF STEPS =   1

 Calculating another point on the path.
 IRC-IRC-IRC-IRC-IRC-IRC-IRC-IRC-IRC-IRC-IRC-IRC-IRC-IRC-IRC-IRC-IRC-IRC
                          Input orientation:                          
 ---------------------------------------------------------------------
 Center     Atomic      Atomic             Coordinates (Angstroms)
 Number     Number       Type             X           Y           Z
 ---------------------------------------------------------------------
      1          6           0       -1.715222   -0.096131    0.063792
      2          6           0       -0.932067   -1.251231   -0.150906
      3          6           0        0.421318   -1.156516   -0.320162
      4          6           0        1.180184    0.121773   -0.225489
      5          6           0        0.287420    1.326313   -0.104414
      6          6           0       -1.063646    1.168996    0.057144
      7          8           0        2.176308   -0.082839    0.861896
      8          1           0       -1.677791    2.060289    0.161619
      9          8           0        1.197704   -2.259494   -0.473931
     10          1           0        1.669134   -0.152276    1.681507
     11          1           0        2.079527   -2.014923   -0.156256
     12          1           0        1.847645    0.233392   -1.091950
     13          6           0       -3.193206   -0.198763    0.327536
     14          1           0       -3.538166   -1.232282    0.260956
     15          1           0       -3.448669    0.174338    1.326503
     16          1           0       -3.772607    0.395132   -0.388687
     17          1           0       -1.386242   -2.236073   -0.150733
     18          6           0        0.929982    2.677149   -0.233249
     19          1           0        1.318657    2.830112   -1.249085
     20          1           0        0.220236    3.479554   -0.022555
     21          1           0        1.782525    2.779593    0.445678
 ---------------------------------------------------------------------
                    Distance matrix (angstroms):
                    1          2          3          4          5
     1  C    0.000000
     2  C    1.411978   0.000000
     3  C    2.415914   1.367212   0.000000
     4  C    2.917969   2.520378   1.489585   0.000000
     5  C    2.462157   2.851849   2.495780   1.504196   0.000000
     6  C    1.423075   2.432714   2.784867   2.492254   1.369755
     7  O    3.972550   3.471729   2.372769   1.488803   2.547030
     8  H    2.158963   3.408804   3.871202   3.475014   2.114604
     9  O    3.668027   2.378416   1.357565   2.394257   3.717953
    10  H    3.751535   3.366256   2.563634   1.987664   2.699050
    11  H    4.257970   3.106920   1.874403   2.319284   3.791859
    12  H    3.760099   3.288839   2.135862   1.099417   2.145695
    13  C    1.504836   2.539556   3.794942   4.419855   3.824551
    14  H    2.157044   2.638512   4.002619   4.932842   4.616819
    15  H    2.161580   3.247810   4.411290   4.882389   4.163283
    16  H    2.163079   3.291766   4.472283   4.963014   4.175133
    17  H    2.175684   1.084523   2.112209   3.485911   3.936228
    18  C    3.844011   4.348123   3.868240   2.567608   1.501413
    19  H    4.414857   4.788435   4.190622   2.898624   2.152935
    20  H    4.066814   4.870790   4.649962   3.498196   2.155843
    21  H    4.544212   4.896168   4.234660   2.806651   2.156377
                    6          7          8          9         10
     6  C    0.000000
     7  O    3.565392   0.000000
     8  H    1.087425   4.465139   0.000000
     9  O    4.141291   2.734946   5.228090   0.000000
    10  H    3.442732   0.966338   4.290386   3.050988   0.000000
    11  H    4.479109   2.186081   5.552102   0.968682   2.648632
    12  H    3.266708   2.006374   4.163855   2.649312   2.805828
    13  C    2.545369   5.397282   2.725312   4.916203   5.047548
    14  H    3.454117   5.859826   3.783105   4.901397   5.504575
    15  H    2.879054   5.649988   2.837212   5.545618   5.140487
    16  H    2.852386   6.097705   2.732003   5.635450   5.847898
    17  H    3.426627   4.284110   4.317556   2.604186   4.127304
    18  C    2.516626   3.220280   2.708675   4.949753   3.495466
    19  H    3.184478   3.698254   3.400208   5.149717   4.195931
    20  H    2.644501   4.159220   2.377129   5.839166   4.265363
    21  H    3.293277   2.919216   3.545684   5.155589   3.183707
                   11         12         13         14         15
    11  H    0.000000
    12  H    2.446265   0.000000
    13  C    5.597696   5.254700   0.000000
    14  H    5.687273   5.743302   1.091600   0.000000
    15  H    6.128000   5.822657   1.096541   1.766912   0.000000
    16  H    6.333235   5.666390   1.096080   1.767901   1.759421
    17  H    3.472823   4.176383   2.764867   2.409950   3.499416
    18  C    4.831451   2.747985   5.058263   5.957536   5.279154
    19  H    5.024695   2.654708   5.658332   6.509377   6.034416
    20  H    5.802078   3.785450   5.030325   6.033851   5.119108
    21  H    4.841273   2.975178   5.800212   6.666260   5.910042
                   16         17         18         19         20
    16  H    0.000000
    17  H    3.560140   0.000000
    18  C    5.229351   5.432445   0.000000
    19  H    5.708799   5.847143   1.098357   0.000000
    20  H    5.058707   5.938484   1.091780   1.769937   0.000000
    21  H    6.102567   5.962692   1.094653   1.757824   1.774805
                   21
    21  H    0.000000
 Symmetry turned off by external request.
 Stoichiometry    C8H11O2(2)
 Framework group  C1[X(C8H11O2)]
 Deg. of freedom    57
 Full point group                 C1      NOp   1
 Rotational constants (GHZ):           1.6211821           1.2727413           0.7720628
 Standard basis: 6-311G(d,p) (5D, 7F)
   246 basis functions,   408 primitive gaussians,   256 cartesian basis functions
    38 alpha electrons       37 beta electrons
       nuclear repulsion energy       529.0132258512 Hartrees.
 NAtoms=   21 NActive=   21 NUniq=   21 SFac= 1.00D+00 NAtFMM=   60 NAOKFM=F Big=F
 Integral buffers will be    131072 words long.
 Raffenetti 2 integral format.
 Two-electron integral symmetry is turned off.
 One-electron integrals computed using PRISM.
 NBasis=   246 RedAO= T EigKep=  2.54D-04  NBF=   246
 NBsUse=   246 1.00D-06 EigRej= -1.00D+00 NBFU=   246
 Initial guess from the checkpoint file:  "SR-11-ts-P2.chk"
 B after Tr=     0.000016    0.000006   -0.000309
         Rot=    1.000000   -0.000019   -0.000014    0.000028 Ang=   0.00 deg.
 Initial guess <Sx>= 0.0000 <Sy>= 0.0000 <Sz>= 0.5000 <S**2>= 0.7790 S= 0.5144
 ExpMin= 1.03D-01 ExpMax= 8.59D+03 ExpMxC= 1.30D+03 IAcc=2 IRadAn=         4 AccDes= 0.00D+00
 Harris functional with IExCor=  402 and IRadAn=       4 diagonalized for initial guess.
 HarFok:  IExCor=  402 AccDes= 0.00D+00 IRadAn=         4 IDoV= 1 UseB2=F ITyADJ=14
 ICtDFT=  3500011 ScaDFX=  1.000000  1.000000  1.000000  1.000000
 FoFCou: FMM=F IPFlag=           0 FMFlag=      100000 FMFlg1=           0
         NFxFlg=           0 DoJE=T BraDBF=F KetDBF=T FulRan=T
         wScrn=  0.000000 ICntrl=       500 IOpCl=  0 I1Cent=   200000004 NGrid=           0
         NMat0=    1 NMatS0=      1 NMatT0=    0 NMatD0=    1 NMtDS0=    0 NMtDT0=    0
 Symmetry not used in FoFCou.
 Requested convergence on RMS density matrix=1.00D-08 within 128 cycles.
 Requested convergence on MAX density matrix=1.00D-06.
 Requested convergence on             energy=1.00D-06.
 No special actions if energy rises.
 Integral accuracy reduced to 1.0D-05 until final iterations.
 Initial convergence to 1.0D-05 achieved.  Increase integral accuracy.
 SCF Done:  E(UB3LYP) =  -461.998255253     A.U. after   11 cycles
            NFock= 11  Conv=0.61D-08     -V/T= 2.0039
 <Sx>= 0.0000 <Sy>= 0.0000 <Sz>= 0.5000 <S**2>= 0.7790 S= 0.5144
 <L.S>= 0.000000000000E+00
 Annihilation of the first spin contaminant:
 S**2 before annihilation     0.7790,   after     0.7505
 DoSCS=F DFT=T ScalE2(SS,OS)=  1.000000  1.000000
 Range of M.O.s used for correlation:     1   246
 NBasis=   246 NAE=    38 NBE=    37 NFC=     0 NFV=     0
 NROrb=    246 NOA=    38 NOB=    37 NVA=   208 NVB=   209

 **** Warning!!: The largest alpha MO coefficient is  0.11264106D+02


 **** Warning!!: The largest beta MO coefficient is  0.11276890D+02

 Symmetrizing basis deriv contribution to polar:
 IMax=3 JMax=2 DiffMx= 0.00D+00
 G2DrvN: will do    22 centers at a time, making    1 passes.
 Calling FoFCou, ICntrl=  3107 FMM=F I1Cent=   0 AccDes= 0.00D+00.
 End of G2Drv F.D. properties file   721 does not exist.
 End of G2Drv F.D. properties file   722 does not exist.
 End of G2Drv F.D. properties file   788 does not exist.
          IDoAtm=111111111111111111111
          Differentiating once with respect to nuclear coordinates.
 Keep R1 and R2 ints in memory in canonical form, NReq=955570755.
          There are    66 degrees of freedom in the 1st order CPHF.  IDoFFX=6 NUNeed=     0.
     60 vectors produced by pass  0 Test12= 2.37D-14 1.52D-09 XBig12= 3.72D-01 2.91D-01.
 AX will form    60 AO Fock derivatives at one time.
     60 vectors produced by pass  1 Test12= 2.37D-14 1.52D-09 XBig12= 5.62D-02 7.04D-02.
     60 vectors produced by pass  2 Test12= 2.37D-14 1.52D-09 XBig12= 1.54D-03 9.14D-03.
     60 vectors produced by pass  3 Test12= 2.37D-14 1.52D-09 XBig12= 1.94D-05 7.91D-04.
     60 vectors produced by pass  4 Test12= 2.37D-14 1.52D-09 XBig12= 1.12D-07 3.78D-05.
     60 vectors produced by pass  5 Test12= 2.37D-14 1.52D-09 XBig12= 6.28D-10 2.88D-06.
     43 vectors produced by pass  6 Test12= 2.37D-14 1.52D-09 XBig12= 3.53D-12 1.43D-07.
     11 vectors produced by pass  7 Test12= 2.37D-14 1.52D-09 XBig12= 1.46D-14 1.01D-08.
 InvSVY:  IOpt=1 It=  1 EMax= 1.44D-15
 Solved reduced A of dimension   414 with    66 vectors.
 End of Minotr F.D. properties file   721 does not exist.
 End of Minotr F.D. properties file   722 does not exist.
 End of Minotr F.D. properties file   788 does not exist.
 Calling FoFJK, ICntrl=    100147 FMM=F ISym2X=0 I1Cent= 0 IOpClX= 1 NMat=1 NMatS=1 NMatT=0.
 -------------------------------------------------------------------
 Center     Atomic                   Forces (Hartrees/Bohr)
 Number     Number              X              Y              Z
 -------------------------------------------------------------------
      1        6           0.000661890   -0.000202554   -0.000653762
      2        6          -0.000030338   -0.001011830   -0.000215190
      3        6           0.000052298   -0.002034093    0.001804904
      4        6          -0.000340402   -0.000875327    0.000612140
      5        6           0.000859605   -0.000408564    0.002810802
      6        6           0.000979479   -0.000218290    0.000306244
      7        8          -0.003135100    0.008614479   -0.003712047
      8        1           0.000072963   -0.000020180   -0.000013649
      9        8          -0.001245399   -0.003775387   -0.000981989
     10        1          -0.000100274    0.000564992   -0.000185589
     11        1           0.000042986   -0.000357227   -0.000471197
     12        1          -0.000323853   -0.000112450   -0.000169065
     13        6           0.000603906    0.000568594   -0.000820422
     14        1          -0.000002203    0.000069419   -0.000126984
     15        1           0.000073916   -0.000007341   -0.000041101
     16        1           0.000067142    0.000119849   -0.000021413
     17        1          -0.000101537   -0.000034964   -0.000152333
     18        6           0.001508127   -0.000688575    0.001764568
     19        1           0.000116454   -0.000210210    0.000123983
     20        1           0.000115215   -0.000037105    0.000019968
     21        1           0.000125125    0.000056763    0.000122131
 -------------------------------------------------------------------
 Cartesian Forces:  Max     0.008614479 RMS     0.001508813
 IRC-IRC-IRC-IRC-IRC-IRC-IRC-IRC-IRC-IRC-IRC-IRC-IRC-IRC-IRC-IRC-IRC-IRC
 Pt 24 Step number   1 out of a maximum of  20
 Modified Bulirsch-Stoer Extrapolation Cycles:
    EPS =    0.000010000000000
      PEZero:  N= 2 I= 1 D=  7.74D-04 Err=  9.17D-05
      PEZero:  N= 3 I= 2 D=  7.74D-04 Err=  6.10D-05
      PEZero:  N= 3 I= 1 D=  1.55D-03 Err=  2.44D-07
 Maximum DWI energy   std dev =  0.000000245 at pt    33
 Maximum DWI gradient std dev =  0.004149764 at pt    35
 CORRECTOR INTEGRATION CONVERGENCE:
   Recorrection delta-x convergence threshold:    0.010000
   Delta-x Convergence Met
 Point Number:  24          Path Number:   1
   CHANGE IN THE REACTION COORDINATE =    0.14822
   NET REACTION COORDINATE UP TO THIS POINT =    3.56721
  # OF POINTS ALONG THE PATH =  24
  # OF STEPS =   1

 Calculating another point on the path.
 IRC-IRC-IRC-IRC-IRC-IRC-IRC-IRC-IRC-IRC-IRC-IRC-IRC-IRC-IRC-IRC-IRC-IRC
                          Input orientation:                          
 ---------------------------------------------------------------------
 Center     Atomic      Atomic             Coordinates (Angstroms)
 Number     Number       Type             X           Y           Z
 ---------------------------------------------------------------------
      1          6           0       -1.713918   -0.096644    0.062418
      2          6           0       -0.932276   -1.253408   -0.151196
      3          6           0        0.421270   -1.160700   -0.316582
      4          6           0        1.178993    0.120062   -0.225003
      5          6           0        0.288741    1.325460   -0.099476
      6          6           0       -1.061981    1.168536    0.058058
      7          8           0        2.172627   -0.069345    0.856846
      8          1           0       -1.676379    2.059652    0.162558
      9          8           0        1.195571   -2.265297   -0.475417
     10          1           0        1.667422   -0.137527    1.677659
     11          1           0        2.081175   -2.023287   -0.167252
     12          1           0        1.840312    0.230617   -1.096734
     13          6           0       -3.191949   -0.197533    0.325646
     14          1           0       -3.538460   -1.230434    0.257400
     15          1           0       -3.446810    0.174098    1.325366
     16          1           0       -3.770730    0.398456   -0.389350
     17          1           0       -1.388949   -2.237115   -0.153977
     18          6           0        0.933235    2.675473   -0.229323
     19          1           0        1.322246    2.825267   -1.245542
     20          1           0        0.223577    3.478688   -0.021414
     21          1           0        1.785585    2.779535    0.449484
 ---------------------------------------------------------------------
                    Distance matrix (angstroms):
                    1          2          3          4          5
     1  C    0.000000
     2  C    1.412338   0.000000
     3  C    2.415550   1.366760   0.000000
     4  C    2.915219   2.519786   1.490933   0.000000
     5  C    2.461551   2.853790   2.499138   1.503759   0.000000
     6  C    1.423277   2.434424   2.786705   2.490258   1.368903
     7  O    3.967000   3.472546   2.373866   1.481074   2.531612
     8  H    2.158946   3.410059   3.873031   3.473523   2.114095
     9  O    3.668439   2.378397   1.358273   2.398524   3.722527
    10  H    3.747550   3.368728   2.564522   1.981171   2.683151
    11  H    4.262328   3.110283   1.876604   2.326202   3.798884
    12  H    3.752770   3.283842   2.134966   1.099764   2.144896
    13  C    1.504674   2.539364   3.794139   4.416923   3.823014
    14  H    2.156955   2.638120   4.001722   4.930610   4.615997
    15  H    2.161308   3.246674   4.409050   4.878997   4.160547
    16  H    2.163260   3.292749   4.473156   4.960269   4.174047
    17  H    2.175787   1.084545   2.112345   3.486496   3.938217
    18  C    3.844107   4.349982   3.871168   2.567206   1.501588
    19  H    4.412098   4.787071   4.190782   2.894850   2.151980
    20  H    4.067420   4.872942   4.652969   3.497804   2.155627
    21  H    4.546288   4.900225   4.239535   2.809926   2.157830
                    6          7          8          9         10
     6  C    0.000000
     7  O    3.554307   0.000000
     8  H    1.087425   4.453034   0.000000
     9  O    4.143953   2.748047   5.230707   0.000000
    10  H    3.431989   0.966238   4.278333   3.063623   0.000000
    11  H    4.485302   2.207947   5.558632   0.968415   2.670390
    12  H    3.261372   2.004217   4.159123   2.651662   2.804047
    13  C    2.544505   5.392335   2.723680   4.916063   5.044306
    14  H    3.453656   5.858667   3.781668   4.900920   5.505705
    15  H    2.877913   5.644187   2.835818   5.544832   5.135814
    16  H    2.851406   6.090594   2.729557   5.636234   5.842371
    17  H    3.427875   4.290199   4.317988   2.604585   4.135766
    18  C    2.516811   3.201544   2.709777   4.953846   3.476864
    19  H    3.182557   3.677222   3.400097   5.150046   4.176410
    20  H    2.644953   4.142303   2.378516   5.843308   4.248358
    21  H    3.295021   2.903767   3.547640   5.162740   3.167274
                   11         12         13         14         15
    11  H    0.000000
    12  H    2.449905   0.000000
    13  C    5.601979   5.246916   0.000000
    14  H    5.691155   5.735813   1.091610   0.000000
    15  H    6.133110   5.815791   1.096588   1.766823   0.000000
    16  H    6.337110   5.657946   1.096088   1.767914   1.759407
    17  H    3.476731   4.172124   2.764189   2.408949   3.498171
    18  C    4.837352   2.748184   5.057597   5.957270   5.278137
    19  H    5.024655   2.650046   5.655431   6.506459   6.031762
    20  H    5.808930   3.784192   5.029996   6.033779   5.119167
    21  H    4.851272   2.981739   5.801216   6.667998   5.910450
                   16         17         18         19         20
    16  H    0.000000
    17  H    3.560129   0.000000
    18  C    5.228546   5.434311   0.000000
    19  H    5.706214   5.845494   1.098394   0.000000
    20  H    5.057439   5.940388   1.091784   1.769893   0.000000
    21  H    6.102934   5.967294   1.094582   1.757808   1.774945
                   21
    21  H    0.000000
 Symmetry turned off by external request.
 Stoichiometry    C8H11O2(2)
 Framework group  C1[X(C8H11O2)]
 Deg. of freedom    57
 Full point group                 C1      NOp   1
 Rotational constants (GHZ):           1.6201539           1.2751616           0.7721157
 Standard basis: 6-311G(d,p) (5D, 7F)
   246 basis functions,   408 primitive gaussians,   256 cartesian basis functions
    38 alpha electrons       37 beta electrons
       nuclear repulsion energy       529.1424013535 Hartrees.
 NAtoms=   21 NActive=   21 NUniq=   21 SFac= 1.00D+00 NAtFMM=   60 NAOKFM=F Big=F
 Integral buffers will be    131072 words long.
 Raffenetti 2 integral format.
 Two-electron integral symmetry is turned off.
 One-electron integrals computed using PRISM.
 NBasis=   246 RedAO= T EigKep=  2.51D-04  NBF=   246
 NBsUse=   246 1.00D-06 EigRej= -1.00D+00 NBFU=   246
 Initial guess from the checkpoint file:  "SR-11-ts-P2.chk"
 B after Tr=     0.000053    0.000010   -0.000242
         Rot=    1.000000   -0.000037   -0.000010    0.000037 Ang=  -0.01 deg.
 Initial guess <Sx>= 0.0000 <Sy>= 0.0000 <Sz>= 0.5000 <S**2>= 0.7790 S= 0.5144
 ExpMin= 1.03D-01 ExpMax= 8.59D+03 ExpMxC= 1.30D+03 IAcc=2 IRadAn=         4 AccDes= 0.00D+00
 Harris functional with IExCor=  402 and IRadAn=       4 diagonalized for initial guess.
 HarFok:  IExCor=  402 AccDes= 0.00D+00 IRadAn=         4 IDoV= 1 UseB2=F ITyADJ=14
 ICtDFT=  3500011 ScaDFX=  1.000000  1.000000  1.000000  1.000000
 FoFCou: FMM=F IPFlag=           0 FMFlag=      100000 FMFlg1=           0
         NFxFlg=           0 DoJE=T BraDBF=F KetDBF=T FulRan=T
         wScrn=  0.000000 ICntrl=       500 IOpCl=  0 I1Cent=   200000004 NGrid=           0
         NMat0=    1 NMatS0=      1 NMatT0=    0 NMatD0=    1 NMtDS0=    0 NMtDT0=    0
 Symmetry not used in FoFCou.
 Requested convergence on RMS density matrix=1.00D-08 within 128 cycles.
 Requested convergence on MAX density matrix=1.00D-06.
 Requested convergence on             energy=1.00D-06.
 No special actions if energy rises.
 Integral accuracy reduced to 1.0D-05 until final iterations.
 Initial convergence to 1.0D-05 achieved.  Increase integral accuracy.
 SCF Done:  E(UB3LYP) =  -461.998685161     A.U. after   11 cycles
            NFock= 11  Conv=0.58D-08     -V/T= 2.0039
 <Sx>= 0.0000 <Sy>= 0.0000 <Sz>= 0.5000 <S**2>= 0.7791 S= 0.5144
 <L.S>= 0.000000000000E+00
 Annihilation of the first spin contaminant:
 S**2 before annihilation     0.7791,   after     0.7505
 DoSCS=F DFT=T ScalE2(SS,OS)=  1.000000  1.000000
 Range of M.O.s used for correlation:     1   246
 NBasis=   246 NAE=    38 NBE=    37 NFC=     0 NFV=     0
 NROrb=    246 NOA=    38 NOB=    37 NVA=   208 NVB=   209

 **** Warning!!: The largest alpha MO coefficient is  0.11220112D+02


 **** Warning!!: The largest beta MO coefficient is  0.11267637D+02

 Symmetrizing basis deriv contribution to polar:
 IMax=3 JMax=2 DiffMx= 0.00D+00
 G2DrvN: will do    22 centers at a time, making    1 passes.
 Calling FoFCou, ICntrl=  3107 FMM=F I1Cent=   0 AccDes= 0.00D+00.
 End of G2Drv F.D. properties file   721 does not exist.
 End of G2Drv F.D. properties file   722 does not exist.
 End of G2Drv F.D. properties file   788 does not exist.
          IDoAtm=111111111111111111111
          Differentiating once with respect to nuclear coordinates.
 Keep R1 and R2 ints in memory in canonical form, NReq=955570755.
          There are    66 degrees of freedom in the 1st order CPHF.  IDoFFX=6 NUNeed=     0.
     60 vectors produced by pass  0 Test12= 2.37D-14 1.52D-09 XBig12= 3.72D-01 2.91D-01.
 AX will form    60 AO Fock derivatives at one time.
     60 vectors produced by pass  1 Test12= 2.37D-14 1.52D-09 XBig12= 5.67D-02 7.04D-02.
     60 vectors produced by pass  2 Test12= 2.37D-14 1.52D-09 XBig12= 1.53D-03 9.19D-03.
     60 vectors produced by pass  3 Test12= 2.37D-14 1.52D-09 XBig12= 1.97D-05 8.11D-04.
     60 vectors produced by pass  4 Test12= 2.37D-14 1.52D-09 XBig12= 1.13D-07 3.79D-05.
     60 vectors produced by pass  5 Test12= 2.37D-14 1.52D-09 XBig12= 6.35D-10 2.91D-06.
     42 vectors produced by pass  6 Test12= 2.37D-14 1.52D-09 XBig12= 3.56D-12 1.45D-07.
     11 vectors produced by pass  7 Test12= 2.37D-14 1.52D-09 XBig12= 1.47D-14 1.06D-08.
 InvSVY:  IOpt=1 It=  1 EMax= 8.88D-16
 Solved reduced A of dimension   413 with    66 vectors.
 End of Minotr F.D. properties file   721 does not exist.
 End of Minotr F.D. properties file   722 does not exist.
 End of Minotr F.D. properties file   788 does not exist.
 Calling FoFJK, ICntrl=    100147 FMM=F ISym2X=0 I1Cent= 0 IOpClX= 1 NMat=1 NMatS=1 NMatT=0.
 -------------------------------------------------------------------
 Center     Atomic                   Forces (Hartrees/Bohr)
 Number     Number              X              Y              Z
 -------------------------------------------------------------------
      1        6           0.000487726   -0.000244516   -0.000546599
      2        6          -0.000148043   -0.000894984   -0.000051445
      3        6          -0.000040345   -0.001658393    0.001383307
      4        6          -0.000633610   -0.000631743   -0.000105610
      5        6           0.000348359   -0.000362112    0.001615092
      6        6           0.000527852   -0.000191583    0.000469514
      7        8          -0.001365162    0.007253853   -0.002366575
      8        1           0.000034901   -0.000026315    0.000071213
      9        8          -0.001182781   -0.003043133   -0.000743728
     10        1          -0.000025349    0.000525049   -0.000113988
     11        1           0.000002678   -0.000280996   -0.000371996
     12        1          -0.000242765   -0.000100450   -0.000146703
     13        6           0.000483989    0.000510545   -0.000833432
     14        1          -0.000018582    0.000068583   -0.000134859
     15        1           0.000061020   -0.000011605   -0.000043924
     16        1           0.000071392    0.000122920   -0.000025304
     17        1          -0.000091232   -0.000033712   -0.000094285
     18        6           0.001356605   -0.000768566    0.001683830
     19        1           0.000143754   -0.000150794    0.000142352
     20        1           0.000131596   -0.000030746    0.000060662
     21        1           0.000097998   -0.000051304    0.000152475
 -------------------------------------------------------------------
 Cartesian Forces:  Max     0.007253853 RMS     0.001187506
 IRC-IRC-IRC-IRC-IRC-IRC-IRC-IRC-IRC-IRC-IRC-IRC-IRC-IRC-IRC-IRC-IRC-IRC
 Pt 25 Step number   1 out of a maximum of  20
 Modified Bulirsch-Stoer Extrapolation Cycles:
    EPS =    0.000010000000000
      PEZero:  N= 2 I= 1 D=  7.74D-04 Err=  9.10D-05
      PEZero:  N= 3 I= 2 D=  7.74D-04 Err=  6.05D-05
      PEZero:  N= 3 I= 1 D=  1.55D-03 Err=  2.14D-07
 Maximum DWI energy   std dev =  0.000000058 at pt    33
 Maximum DWI gradient std dev =  0.003613676 at pt    36
 CORRECTOR INTEGRATION CONVERGENCE:
   Recorrection delta-x convergence threshold:    0.010000
   Delta-x Convergence Met
 Point Number:  25          Path Number:   1
   CHANGE IN THE REACTION COORDINATE =    0.14829
   NET REACTION COORDINATE UP TO THIS POINT =    3.71550
  # OF POINTS ALONG THE PATH =  25
  # OF STEPS =   1

 Calculating another point on the path.
 IRC-IRC-IRC-IRC-IRC-IRC-IRC-IRC-IRC-IRC-IRC-IRC-IRC-IRC-IRC-IRC-IRC-IRC
                          Input orientation:                          
 ---------------------------------------------------------------------
 Center     Atomic      Atomic             Coordinates (Angstroms)
 Number     Number       Type             X           Y           Z
 ---------------------------------------------------------------------
      1          6           0       -1.712833   -0.097364    0.061099
      2          6           0       -0.932740   -1.255693   -0.151150
      3          6           0        0.421059   -1.164800   -0.313144
      4          6           0        1.177276    0.118498   -0.225654
      5          6           0        0.289229    1.324466   -0.096290
      6          6           0       -1.060975    1.167991    0.059467
      7          8           0        2.170946   -0.055350    0.852606
      8          1           0       -1.675623    2.058721    0.165707
      9          8           0        1.193100   -2.271015   -0.476751
     10          1           0        1.667571   -0.120729    1.674695
     11          1           0        2.082224   -2.031425   -0.177698
     12          1           0        1.833561    0.227495   -1.101685
     13          6           0       -3.190854   -0.196202    0.323311
     14          1           0       -3.539411   -1.228262    0.252734
     15          1           0       -3.445187    0.173578    1.323902
     16          1           0       -3.768434    0.402601   -0.390301
     17          1           0       -1.391775   -2.238308   -0.156424
     18          6           0        0.936822    2.673229   -0.224695
     19          1           0        1.327441    2.821175   -1.240586
     20          1           0        0.228092    3.477766   -0.018756
     21          1           0        1.788456    2.776374    0.455038
 ---------------------------------------------------------------------
                    Distance matrix (angstroms):
                    1          2          3          4          5
     1  C    0.000000
     2  C    1.412558   0.000000
     3  C    2.415155   1.366483   0.000000
     4  C    2.912311   2.519150   1.492103   0.000000
     5  C    2.460615   2.855422   2.502169   1.503236   0.000000
     6  C    1.423393   2.436195   2.788759   2.488472   1.368135
     7  O    3.963836   3.475805   2.377385   1.476567   2.518959
     8  H    2.158942   3.411394   3.875108   3.472270   2.113863
     9  O    3.668581   2.378254   1.358869   2.402722   3.726823
    10  H    3.745847   3.373940   2.568147   1.977106   2.669233
    11  H    4.266154   3.113273   1.878524   2.333109   3.805714
    12  H    3.746267   3.279602   2.134349   1.100010   2.144558
    13  C    1.504350   2.539037   3.793306   4.413723   3.820926
    14  H    2.156859   2.637917   4.001196   4.928464   4.614837
    15  H    2.160817   3.245148   4.406704   4.875584   4.157806
    16  H    2.163151   3.293675   4.473763   4.956599   4.171440
    17  H    2.175784   1.084562   2.112664   3.487026   3.939892
    18  C    3.844286   4.351677   3.873538   2.566022   1.501674
    19  H    4.410841   4.787080   4.191619   2.890864   2.151148
    20  H    4.068799   4.875520   4.655891   3.496918   2.155563
    21  H    4.546712   4.902034   4.241784   2.810905   2.158629
                    6          7          8          9         10
     6  C    0.000000
     7  O    3.545553   0.000000
     8  H    1.087418   4.442659   0.000000
     9  O    4.146703   2.762706   5.233444   0.000000
    10  H    3.422678   0.966174   4.266614   3.078567   0.000000
    11  H    4.491348   2.230308   5.564946   0.968182   2.693336
    12  H    3.257476   2.003268   4.156206   2.653918   2.803052
    13  C    2.543034   5.389702   2.721294   4.915689   5.043434
    14  H    3.452829   5.860354   3.779621   4.900627   5.510106
    15  H    2.876130   5.640522   2.833114   5.543653   5.133222
    16  H    2.849290   6.085292   2.726121   5.636711   5.838513
    17  H    3.429127   4.298422   4.318425   2.604852   4.146895
    18  C    2.517475   3.182575   2.711992   4.957293   3.456570
    19  H    3.182402   3.656138   3.402556   5.150911   4.155641
    20  H    2.646294   4.125150   2.381564   5.847177   4.229545
    21  H    3.295850   2.884964   3.549448   5.167089   3.145693
                   11         12         13         14         15
    11  H    0.000000
    12  H    2.453223   0.000000
    13  C    5.605747   5.239741   0.000000
    14  H    5.695008   5.729094   1.091614   0.000000
    15  H    6.137517   5.809610   1.096634   1.766758   0.000000
    16  H    6.340338   5.649698   1.096087   1.767953   1.759385
    17  H    3.480218   4.168512   2.763517   2.408308   3.496436
    18  C    4.842305   2.748612   5.056842   5.957032   5.277159
    19  H    5.024654   2.646248   5.653788   6.504936   6.030286
    20  H    5.815003   3.783455   5.030332   6.034442   5.119900
    21  H    4.858146   2.987006   5.800611   6.668148   5.909356
                   16         17         18         19         20
    16  H    0.000000
    17  H    3.560563   0.000000
    18  C    5.227103   5.436011   0.000000
    19  H    5.704422   5.845332   1.098411   0.000000
    20  H    5.056373   5.942763   1.091783   1.769901   0.000000
    21  H    6.101510   5.969488   1.094512   1.757749   1.775153
                   21
    21  H    0.000000
 Symmetry turned off by external request.
 Stoichiometry    C8H11O2(2)
 Framework group  C1[X(C8H11O2)]
 Deg. of freedom    57
 Full point group                 C1      NOp   1
 Rotational constants (GHZ):           1.6193124           1.2769400           0.7720294
 Standard basis: 6-311G(d,p) (5D, 7F)
   246 basis functions,   408 primitive gaussians,   256 cartesian basis functions
    38 alpha electrons       37 beta electrons
       nuclear repulsion energy       529.2025630116 Hartrees.
 NAtoms=   21 NActive=   21 NUniq=   21 SFac= 1.00D+00 NAtFMM=   60 NAOKFM=F Big=F
 Integral buffers will be    131072 words long.
 Raffenetti 2 integral format.
 Two-electron integral symmetry is turned off.
 One-electron integrals computed using PRISM.
 NBasis=   246 RedAO= T EigKep=  2.49D-04  NBF=   246
 NBsUse=   246 1.00D-06 EigRej= -1.00D+00 NBFU=   246
 Initial guess from the checkpoint file:  "SR-11-ts-P2.chk"
 B after Tr=     0.000092    0.000009   -0.000154
         Rot=    1.000000   -0.000059    0.000000    0.000046 Ang=  -0.01 deg.
 Initial guess <Sx>= 0.0000 <Sy>= 0.0000 <Sz>= 0.5000 <S**2>= 0.7791 S= 0.5144
 ExpMin= 1.03D-01 ExpMax= 8.59D+03 ExpMxC= 1.30D+03 IAcc=2 IRadAn=         4 AccDes= 0.00D+00
 Harris functional with IExCor=  402 and IRadAn=       4 diagonalized for initial guess.
 HarFok:  IExCor=  402 AccDes= 0.00D+00 IRadAn=         4 IDoV= 1 UseB2=F ITyADJ=14
 ICtDFT=  3500011 ScaDFX=  1.000000  1.000000  1.000000  1.000000
 FoFCou: FMM=F IPFlag=           0 FMFlag=      100000 FMFlg1=           0
         NFxFlg=           0 DoJE=T BraDBF=F KetDBF=T FulRan=T
         wScrn=  0.000000 ICntrl=       500 IOpCl=  0 I1Cent=   200000004 NGrid=           0
         NMat0=    1 NMatS0=      1 NMatT0=    0 NMatD0=    1 NMtDS0=    0 NMtDT0=    0
 Symmetry not used in FoFCou.
 Requested convergence on RMS density matrix=1.00D-08 within 128 cycles.
 Requested convergence on MAX density matrix=1.00D-06.
 Requested convergence on             energy=1.00D-06.
 No special actions if energy rises.
 Integral accuracy reduced to 1.0D-05 until final iterations.
 Initial convergence to 1.0D-05 achieved.  Increase integral accuracy.
 SCF Done:  E(UB3LYP) =  -461.999029671     A.U. after   11 cycles
            NFock= 11  Conv=0.55D-08     -V/T= 2.0038
 <Sx>= 0.0000 <Sy>= 0.0000 <Sz>= 0.5000 <S**2>= 0.7791 S= 0.5144
 <L.S>= 0.000000000000E+00
 Annihilation of the first spin contaminant:
 S**2 before annihilation     0.7791,   after     0.7505
 DoSCS=F DFT=T ScalE2(SS,OS)=  1.000000  1.000000
 Range of M.O.s used for correlation:     1   246
 NBasis=   246 NAE=    38 NBE=    37 NFC=     0 NFV=     0
 NROrb=    246 NOA=    38 NOB=    37 NVA=   208 NVB=   209

 **** Warning!!: The largest alpha MO coefficient is  0.11444660D+02


 **** Warning!!: The largest beta MO coefficient is  0.11203894D+02

 Symmetrizing basis deriv contribution to polar:
 IMax=3 JMax=2 DiffMx= 0.00D+00
 G2DrvN: will do    22 centers at a time, making    1 passes.
 Calling FoFCou, ICntrl=  3107 FMM=F I1Cent=   0 AccDes= 0.00D+00.
 End of G2Drv F.D. properties file   721 does not exist.
 End of G2Drv F.D. properties file   722 does not exist.
 End of G2Drv F.D. properties file   788 does not exist.
          IDoAtm=111111111111111111111
          Differentiating once with respect to nuclear coordinates.
 Keep R1 and R2 ints in memory in canonical form, NReq=955570755.
          There are    66 degrees of freedom in the 1st order CPHF.  IDoFFX=6 NUNeed=     0.
     60 vectors produced by pass  0 Test12= 2.37D-14 1.52D-09 XBig12= 3.72D-01 2.91D-01.
 AX will form    60 AO Fock derivatives at one time.
     60 vectors produced by pass  1 Test12= 2.37D-14 1.52D-09 XBig12= 5.70D-02 7.05D-02.
     60 vectors produced by pass  2 Test12= 2.37D-14 1.52D-09 XBig12= 1.53D-03 9.25D-03.
     60 vectors produced by pass  3 Test12= 2.37D-14 1.52D-09 XBig12= 2.00D-05 8.29D-04.
     60 vectors produced by pass  4 Test12= 2.37D-14 1.52D-09 XBig12= 1.14D-07 3.80D-05.
     60 vectors produced by pass  5 Test12= 2.37D-14 1.52D-09 XBig12= 6.42D-10 2.94D-06.
     42 vectors produced by pass  6 Test12= 2.37D-14 1.52D-09 XBig12= 3.59D-12 1.46D-07.
     11 vectors produced by pass  7 Test12= 2.37D-14 1.52D-09 XBig12= 1.48D-14 1.11D-08.
 InvSVY:  IOpt=1 It=  1 EMax= 8.88D-16
 Solved reduced A of dimension   413 with    66 vectors.
 End of Minotr F.D. properties file   721 does not exist.
 End of Minotr F.D. properties file   722 does not exist.
 End of Minotr F.D. properties file   788 does not exist.
 Calling FoFJK, ICntrl=    100147 FMM=F ISym2X=0 I1Cent= 0 IOpClX= 1 NMat=1 NMatS=1 NMatT=0.
 -------------------------------------------------------------------
 Center     Atomic                   Forces (Hartrees/Bohr)
 Number     Number              X              Y              Z
 -------------------------------------------------------------------
      1        6           0.000288697   -0.000260979   -0.000385854
      2        6          -0.000181226   -0.000716818    0.000074692
      3        6          -0.000064354   -0.001259276    0.001075766
      4        6          -0.000557818   -0.000469971   -0.000327622
      5        6           0.000035305   -0.000348253    0.000723761
      6        6           0.000221238   -0.000193125    0.000500747
      7        8          -0.000342852    0.005961388   -0.001714318
      8        1           0.000013476   -0.000029043    0.000106049
      9        8          -0.001070331   -0.002356164   -0.000497697
     10        1           0.000031329    0.000471110   -0.000076982
     11        1          -0.000020086   -0.000220242   -0.000278997
     12        1          -0.000175290   -0.000090096   -0.000119154
     13        6           0.000282204    0.000427156   -0.000809422
     14        1          -0.000035203    0.000063890   -0.000140494
     15        1           0.000034498   -0.000020313   -0.000044492
     16        1           0.000066171    0.000118873   -0.000027416
     17        1          -0.000071129   -0.000029897   -0.000055810
     18        6           0.001180614   -0.000799378    0.001580963
     19        1           0.000158822   -0.000096242    0.000153145
     20        1           0.000135349   -0.000027428    0.000092472
     21        1           0.000070585   -0.000125193    0.000170666
 -------------------------------------------------------------------
 Cartesian Forces:  Max     0.005961388 RMS     0.000949726
 IRC-IRC-IRC-IRC-IRC-IRC-IRC-IRC-IRC-IRC-IRC-IRC-IRC-IRC-IRC-IRC-IRC-IRC
 Pt 26 Step number   1 out of a maximum of  20
 Modified Bulirsch-Stoer Extrapolation Cycles:
    EPS =    0.000010000000000
      PEZero:  N= 2 I= 1 D=  7.74D-04 Err=  7.56D-05
      PEZero:  N= 3 I= 2 D=  7.74D-04 Err=  5.03D-05
      PEZero:  N= 3 I= 1 D=  1.55D-03 Err=  1.91D-07
 Maximum DWI energy   std dev =  0.000000003 at pt    31
 Maximum DWI gradient std dev =  0.003633863 at pt    36
 CORRECTOR INTEGRATION CONVERGENCE:
   Recorrection delta-x convergence threshold:    0.010000
   Delta-x Convergence Met
 Point Number:  26          Path Number:   1
   CHANGE IN THE REACTION COORDINATE =    0.14842
   NET REACTION COORDINATE UP TO THIS POINT =    3.86391
  # OF POINTS ALONG THE PATH =  26
  # OF STEPS =   1

 Calculating another point on the path.
 IRC-IRC-IRC-IRC-IRC-IRC-IRC-IRC-IRC-IRC-IRC-IRC-IRC-IRC-IRC-IRC-IRC-IRC
                          Input orientation:                          
 ---------------------------------------------------------------------
 Center     Atomic      Atomic             Coordinates (Angstroms)
 Number     Number       Type             X           Y           Z
 ---------------------------------------------------------------------
      1          6           0       -1.712153   -0.098254    0.060051
      2          6           0       -0.933330   -1.257851   -0.150709
      3          6           0        0.420797   -1.168524   -0.309790
      4          6           0        1.175622    0.117067   -0.226887
      5          6           0        0.289057    1.323267   -0.094823
      6          6           0       -1.060540    1.167301    0.061096
      7          8           0        2.170867   -0.041365    0.848546
      8          1           0       -1.675310    2.057594    0.170148
      9          8           0        1.190408   -2.276381   -0.477756
     10          1           0        1.669608   -0.102590    1.672201
     11          1           0        2.082731   -2.039206   -0.187097
     12          1           0        1.827540    0.224088   -1.106649
     13          6           0       -3.190247   -0.194884    0.320571
     14          1           0       -3.541191   -1.225913    0.246816
     15          1           0       -3.444401    0.172518    1.322134
     16          1           0       -3.765989    0.407430   -0.391559
     17          1           0       -1.394332   -2.239549   -0.158143
     18          6           0        0.940606    2.670471   -0.219383
     19          1           0        1.334110    2.818129   -1.234209
     20          1           0        0.233514    3.476700   -0.014465
     21          1           0        1.790968    2.770313    0.462340
 ---------------------------------------------------------------------
                    Distance matrix (angstroms):
                    1          2          3          4          5
     1  C    0.000000
     2  C    1.412675   0.000000
     3  C    2.414898   1.366362   0.000000
     4  C    2.909973   2.518707   1.493110   0.000000
     5  C    2.459584   2.856488   2.504513   1.502783   0.000000
     6  C    1.423458   2.437705   2.790697   2.487236   1.367497
     7  O    3.962677   3.480573   2.382220   1.473828   2.508659
     8  H    2.158972   3.412574   3.877091   3.471469   2.113808
     9  O    3.668560   2.377946   1.359361   2.406605   3.730488
    10  H    3.746379   3.381259   2.573719   1.974539   2.657322
    11  H    4.269604   3.115841   1.880204   2.339646   3.812086
    12  H    3.740926   3.276030   2.133841   1.100196   2.144508
    13  C    1.503984   2.538834   3.792752   4.411104   3.818756
    14  H    2.156820   2.638178   4.001306   4.927100   4.613658
    15  H    2.160290   3.243563   4.404693   4.873105   4.155803
    16  H    2.162847   3.294712   4.474314   4.952872   4.167758
    17  H    2.175721   1.084577   2.113003   3.487553   3.940998
    18  C    3.844614   4.352938   3.875081   2.564207   1.501662
    19  H    4.411362   4.788409   4.193100   2.887135   2.150569
    20  H    4.070807   4.878121   4.658368   3.495686   2.155647
    21  H    4.545588   4.901401   4.241224   2.809519   2.158728
                    6          7          8          9         10
     6  C    0.000000
     7  O    3.538776   0.000000
     8  H    1.087408   4.433839   0.000000
     9  O    4.149226   2.777710   5.235977   0.000000
    10  H    3.414965   0.966135   4.255706   3.094723   0.000000
    11  H    4.497047   2.252042   5.570840   0.967975   2.716273
    12  H    3.254886   2.002779   4.154746   2.655897   2.802439
    13  C    2.541364   5.389236   2.718698   4.915292   5.045157
    14  H    3.451898   5.864541   3.777407   4.900665   5.517789
    15  H    2.874475   5.639261   2.830241   5.542397   5.133354
    16  H    2.846358   6.081573   2.722038   5.637033   5.836517
    17  H    3.430176   4.307676   4.318815   2.604685   4.159865
    18  C    2.518486   3.163553   2.714842   4.959890   3.435026
    19  H    3.183927   3.635207   3.406940   5.152369   4.134051
    20  H    2.648322   4.107907   2.385698   5.850489   4.209338
    21  H    3.295715   2.863391   3.550835   5.168517   3.119625
                   11         12         13         14         15
    11  H    0.000000
    12  H    2.456257   0.000000
    13  C    5.609238   5.233611   0.000000
    14  H    5.698967   5.723430   1.091614   0.000000
    15  H    6.141554   5.804740   1.096680   1.766716   0.000000
    16  H    6.343134   5.642033   1.096079   1.768012   1.759359
    17  H    3.482950   4.165288   2.763175   2.408414   3.494577
    18  C    4.846292   2.749306   5.056259   5.956983   5.276772
    19  H    5.024995   2.643632   5.653794   6.505095   6.030614
    20  H    5.820191   3.783288   5.031393   6.035829   5.121638
    21  H    4.861930   2.991040   5.798706   6.666947   5.907357
                   16         17         18         19         20
    16  H    0.000000
    17  H    3.561704   0.000000
    18  C    5.225230   5.437276   0.000000
    19  H    5.703729   5.846572   1.098417   0.000000
    20  H    5.055555   5.945252   1.091776   1.769972   0.000000
    21  H    6.098534   5.969074   1.094455   1.757636   1.775384
                   21
    21  H    0.000000
 Symmetry turned off by external request.
 Stoichiometry    C8H11O2(2)
 Framework group  C1[X(C8H11O2)]
 Deg. of freedom    57
 Full point group                 C1      NOp   1
 Rotational constants (GHZ):           1.6189566           1.2780631           0.7718127
 Standard basis: 6-311G(d,p) (5D, 7F)
   246 basis functions,   408 primitive gaussians,   256 cartesian basis functions
    38 alpha electrons       37 beta electrons
       nuclear repulsion energy       529.2209834748 Hartrees.
 NAtoms=   21 NActive=   21 NUniq=   21 SFac= 1.00D+00 NAtFMM=   60 NAOKFM=F Big=F
 Integral buffers will be    131072 words long.
 Raffenetti 2 integral format.
 Two-electron integral symmetry is turned off.
 One-electron integrals computed using PRISM.
 NBasis=   246 RedAO= T EigKep=  2.47D-04  NBF=   246
 NBsUse=   246 1.00D-06 EigRej= -1.00D+00 NBFU=   246
 Initial guess from the checkpoint file:  "SR-11-ts-P2.chk"
 B after Tr=     0.000121    0.000002   -0.000075
         Rot=    1.000000   -0.000080    0.000014    0.000052 Ang=  -0.01 deg.
 Initial guess <Sx>= 0.0000 <Sy>= 0.0000 <Sz>= 0.5000 <S**2>= 0.7791 S= 0.5144
 ExpMin= 1.03D-01 ExpMax= 8.59D+03 ExpMxC= 1.30D+03 IAcc=2 IRadAn=         4 AccDes= 0.00D+00
 Harris functional with IExCor=  402 and IRadAn=       4 diagonalized for initial guess.
 HarFok:  IExCor=  402 AccDes= 0.00D+00 IRadAn=         4 IDoV= 1 UseB2=F ITyADJ=14
 ICtDFT=  3500011 ScaDFX=  1.000000  1.000000  1.000000  1.000000
 FoFCou: FMM=F IPFlag=           0 FMFlag=      100000 FMFlg1=           0
         NFxFlg=           0 DoJE=T BraDBF=F KetDBF=T FulRan=T
         wScrn=  0.000000 ICntrl=       500 IOpCl=  0 I1Cent=   200000004 NGrid=           0
         NMat0=    1 NMatS0=      1 NMatT0=    0 NMatD0=    1 NMtDS0=    0 NMtDT0=    0
 Symmetry not used in FoFCou.
 Requested convergence on RMS density matrix=1.00D-08 within 128 cycles.
 Requested convergence on MAX density matrix=1.00D-06.
 Requested convergence on             energy=1.00D-06.
 No special actions if energy rises.
 Integral accuracy reduced to 1.0D-05 until final iterations.
 Initial convergence to 1.0D-05 achieved.  Increase integral accuracy.
 SCF Done:  E(UB3LYP) =  -461.999309714     A.U. after   11 cycles
            NFock= 11  Conv=0.64D-08     -V/T= 2.0038
 <Sx>= 0.0000 <Sy>= 0.0000 <Sz>= 0.5000 <S**2>= 0.7791 S= 0.5144
 <L.S>= 0.000000000000E+00
 Annihilation of the first spin contaminant:
 S**2 before annihilation     0.7791,   after     0.7505
 DoSCS=F DFT=T ScalE2(SS,OS)=  1.000000  1.000000
 Range of M.O.s used for correlation:     1   246
 NBasis=   246 NAE=    38 NBE=    37 NFC=     0 NFV=     0
 NROrb=    246 NOA=    38 NOB=    37 NVA=   208 NVB=   209

 **** Warning!!: The largest alpha MO coefficient is  0.11637376D+02


 **** Warning!!: The largest beta MO coefficient is  0.11061401D+02

 Symmetrizing basis deriv contribution to polar:
 IMax=3 JMax=2 DiffMx= 0.00D+00
 G2DrvN: will do    22 centers at a time, making    1 passes.
 Calling FoFCou, ICntrl=  3107 FMM=F I1Cent=   0 AccDes= 0.00D+00.
 End of G2Drv F.D. properties file   721 does not exist.
 End of G2Drv F.D. properties file   722 does not exist.
 End of G2Drv F.D. properties file   788 does not exist.
          IDoAtm=111111111111111111111
          Differentiating once with respect to nuclear coordinates.
 Keep R1 and R2 ints in memory in canonical form, NReq=955570755.
          There are    66 degrees of freedom in the 1st order CPHF.  IDoFFX=6 NUNeed=     0.
     60 vectors produced by pass  0 Test12= 2.37D-14 1.52D-09 XBig12= 3.72D-01 2.91D-01.
 AX will form    60 AO Fock derivatives at one time.
     60 vectors produced by pass  1 Test12= 2.37D-14 1.52D-09 XBig12= 5.71D-02 7.06D-02.
     60 vectors produced by pass  2 Test12= 2.37D-14 1.52D-09 XBig12= 1.53D-03 9.32D-03.
     60 vectors produced by pass  3 Test12= 2.37D-14 1.52D-09 XBig12= 2.02D-05 8.45D-04.
     60 vectors produced by pass  4 Test12= 2.37D-14 1.52D-09 XBig12= 1.15D-07 3.79D-05.
     60 vectors produced by pass  5 Test12= 2.37D-14 1.52D-09 XBig12= 6.48D-10 2.97D-06.
     42 vectors produced by pass  6 Test12= 2.37D-14 1.52D-09 XBig12= 3.61D-12 1.47D-07.
     11 vectors produced by pass  7 Test12= 2.37D-14 1.52D-09 XBig12= 1.48D-14 1.16D-08.
 InvSVY:  IOpt=1 It=  1 EMax= 7.77D-16
 Solved reduced A of dimension   413 with    66 vectors.
 End of Minotr F.D. properties file   721 does not exist.
 End of Minotr F.D. properties file   722 does not exist.
 End of Minotr F.D. properties file   788 does not exist.
 Calling FoFJK, ICntrl=    100147 FMM=F ISym2X=0 I1Cent= 0 IOpClX= 1 NMat=1 NMatS=1 NMatT=0.
 -------------------------------------------------------------------
 Center     Atomic                   Forces (Hartrees/Bohr)
 Number     Number              X              Y              Z
 -------------------------------------------------------------------
      1        6           0.000116202   -0.000248735   -0.000226375
      2        6          -0.000166542   -0.000528608    0.000172474
      3        6          -0.000054529   -0.000905972    0.000868339
      4        6          -0.000395681   -0.000349582   -0.000376635
      5        6          -0.000108862   -0.000336689    0.000189558
      6        6           0.000052118   -0.000197040    0.000422942
      7        8           0.000204123    0.004779732   -0.001429881
      8        1           0.000005194   -0.000027829    0.000102822
      9        8          -0.000925076   -0.001768262   -0.000260385
     10        1           0.000066423    0.000404733   -0.000064494
     11        1          -0.000029684   -0.000170372   -0.000202114
     12        1          -0.000127041   -0.000078669   -0.000096683
     13        6           0.000070575    0.000329699   -0.000762914
     14        1          -0.000046337    0.000056315   -0.000143175
     15        1           0.000004614   -0.000031653   -0.000043523
     16        1           0.000055545    0.000108601   -0.000027366
     17        1          -0.000049246   -0.000024702   -0.000029734
     18        6           0.000999380   -0.000769836    0.001467725
     19        1           0.000157850   -0.000055575    0.000156221
     20        1           0.000126115   -0.000027069    0.000110519
     21        1           0.000044858   -0.000158490    0.000172679
 -------------------------------------------------------------------
 Cartesian Forces:  Max     0.004779732 RMS     0.000763658
 IRC-IRC-IRC-IRC-IRC-IRC-IRC-IRC-IRC-IRC-IRC-IRC-IRC-IRC-IRC-IRC-IRC-IRC
 Pt 27 Step number   1 out of a maximum of  20
 Modified Bulirsch-Stoer Extrapolation Cycles:
    EPS =    0.000010000000000
      PEZero:  N= 2 I= 1 D=  7.74D-04 Err=  6.12D-05
      PEZero:  N= 3 I= 2 D=  7.74D-04 Err=  4.07D-05
      PEZero:  N= 3 I= 1 D=  1.55D-03 Err=  1.90D-07
 Maximum DWI energy   std dev =  0.000000006 at pt    71
 Maximum DWI gradient std dev =  0.003984707 at pt    36
 CORRECTOR INTEGRATION CONVERGENCE:
   Recorrection delta-x convergence threshold:    0.010000
   Delta-x Convergence Met
 Point Number:  27          Path Number:   1
   CHANGE IN THE REACTION COORDINATE =    0.14851
   NET REACTION COORDINATE UP TO THIS POINT =    4.01242
  # OF POINTS ALONG THE PATH =  27
  # OF STEPS =   1

 Calculating another point on the path.
 IRC-IRC-IRC-IRC-IRC-IRC-IRC-IRC-IRC-IRC-IRC-IRC-IRC-IRC-IRC-IRC-IRC-IRC
                          Input orientation:                          
 ---------------------------------------------------------------------
 Center     Atomic      Atomic             Coordinates (Angstroms)
 Number     Number       Type             X           Y           Z
 ---------------------------------------------------------------------
      1          6           0       -1.711946   -0.099239    0.059356
      2          6           0       -0.933960   -1.259751   -0.149789
      3          6           0        0.420535   -1.171750   -0.306415
      4          6           0        1.174237    0.115774   -0.228513
      5          6           0        0.288475    1.321871   -0.094641
      6          6           0       -1.060516    1.166469    0.062625
      7          8           0        2.172057   -0.027794    0.844156
      8          1           0       -1.675202    2.056406    0.174875
      9          8           0        1.187616   -2.281261   -0.478248
     10          1           0        1.673336   -0.083957    1.669682
     11          1           0        2.082831   -2.046462   -0.195264
     12          1           0        1.822070    0.220528   -1.111753
     13          6           0       -3.190308   -0.193685    0.317428
     14          1           0       -3.543768   -1.223548    0.239498
     15          1           0       -3.444831    0.170638    1.320074
     16          1           0       -3.763618    0.412781   -0.393113
     17          1           0       -1.396424   -2.240763   -0.159067
     18          6           0        0.944461    2.667344   -0.213375
     19          1           0        1.341901    2.816114   -1.226501
     20          1           0        0.239434    3.475415   -0.008659
     21          1           0        1.793033    2.762105    0.471223
 ---------------------------------------------------------------------
                    Distance matrix (angstroms):
                    1          2          3          4          5
     1  C    0.000000
     2  C    1.412725   0.000000
     3  C    2.414859   1.366357   0.000000
     4  C    2.908462   2.518484   1.493939   0.000000
     5  C    2.458648   2.856949   2.506079   1.502387   0.000000
     6  C    1.423513   2.438786   2.792305   2.486532   1.366989
     7  O    3.963141   3.486113   2.387526   1.472030   2.500163
     8  H    2.159051   3.413465   3.878756   3.471034   2.113814
     9  O    3.668473   2.377489   1.359763   2.410047   3.733386
    10  H    3.748802   3.389832   2.580265   1.972849   2.647079
    11  H    4.272802   3.118014   1.881675   2.345615   3.817787
    12  H    3.736712   3.272965   2.133380   1.100352   2.144618
    13  C    1.503687   2.538877   3.792622   4.409430   3.816889
    14  H    2.156871   2.638930   4.002049   4.926701   4.612688
    15  H    2.159892   3.242064   4.403240   4.872055   4.155036
    16  H    2.162464   3.295987   4.474973   4.949517   4.163531
    17  H    2.175635   1.084594   2.113253   3.488035   3.941497
    18  C    3.845109   4.353686   3.875796   2.561940   1.501570
    19  H    4.413467   4.790775   4.195061   2.883735   2.150250
    20  H    4.073164   4.880427   4.660215   3.494192   2.155818
    21  H    4.543325   4.898721   4.238359   2.806351   2.158280
                    6          7          8          9         10
     6  C    0.000000
     7  O    3.533635   0.000000
     8  H    1.087395   4.426424   0.000000
     9  O    4.151323   2.792130   5.238096   0.000000
    10  H    3.408833   0.966110   4.245976   3.110896   0.000000
    11  H    4.502227   2.272306   5.576140   0.967791   2.738089
    12  H    3.253193   2.002432   4.154127   2.657595   2.802002
    13  C    2.539873   5.390725   2.716390   4.915007   5.049323
    14  H    3.451088   5.870782   3.775422   4.901011   5.528315
    15  H    2.873642   5.640505   2.828283   5.541240   5.136407
    16  H    2.842975   6.079241   2.717645   5.637360   5.836295
    17  H    3.430920   4.317145   4.319131   2.603993   4.173675
    18  C    2.519669   3.144699   2.717834   4.961650   3.412743
    19  H    3.186657   3.614497   3.412319   5.154311   4.111950
    20  H    2.650695   4.090819   2.390210   5.853109   4.188320
    21  H    3.294806   2.840119   3.551688   5.167549   3.090420
                   11         12         13         14         15
    11  H    0.000000
    12  H    2.459104   0.000000
    13  C    5.612631   5.228581   0.000000
    14  H    5.703053   5.718693   1.091616   0.000000
    15  H    6.145472   5.801423   1.096727   1.766688   0.000000
    16  H    6.345705   5.635008   1.096062   1.768079   1.759337
    17  H    3.484864   4.162243   2.763259   2.409287   3.492661
    18  C    4.849348   2.750307   5.056041   5.957208   5.277394
    19  H    5.025641   2.642119   5.655398   6.506749   6.032942
    20  H    5.824436   3.783628   5.033066   6.037752   5.124538
    21  H    4.863178   2.994373   5.796036   6.664876   5.905206
                   16         17         18         19         20
    16  H    0.000000
    17  H    3.563661   0.000000
    18  C    5.223157   5.438033   0.000000
    19  H    5.704110   5.848919   1.098415   0.000000
    20  H    5.054895   5.947550   1.091765   1.770099   0.000000
    21  H    6.094487   5.966455   1.094408   1.757471   1.775603
                   21
    21  H    0.000000
 Symmetry turned off by external request.
 Stoichiometry    C8H11O2(2)
 Framework group  C1[X(C8H11O2)]
 Deg. of freedom    57
 Full point group                 C1      NOp   1
 Rotational constants (GHZ):           1.6192168           1.2785976           0.7714745
 Standard basis: 6-311G(d,p) (5D, 7F)
   246 basis functions,   408 primitive gaussians,   256 cartesian basis functions
    38 alpha electrons       37 beta electrons
       nuclear repulsion energy       529.2178216876 Hartrees.
 NAtoms=   21 NActive=   21 NUniq=   21 SFac= 1.00D+00 NAtFMM=   60 NAOKFM=F Big=F
 Integral buffers will be    131072 words long.
 Raffenetti 2 integral format.
 Two-electron integral symmetry is turned off.
 One-electron integrals computed using PRISM.
 NBasis=   246 RedAO= T EigKep=  2.46D-04  NBF=   246
 NBsUse=   246 1.00D-06 EigRej= -1.00D+00 NBFU=   246
 Initial guess from the checkpoint file:  "SR-11-ts-P2.chk"
 B after Tr=     0.000136   -0.000007   -0.000019
         Rot=    1.000000   -0.000098    0.000028    0.000055 Ang=  -0.01 deg.
 Initial guess <Sx>= 0.0000 <Sy>= 0.0000 <Sz>= 0.5000 <S**2>= 0.7791 S= 0.5144
 ExpMin= 1.03D-01 ExpMax= 8.59D+03 ExpMxC= 1.30D+03 IAcc=2 IRadAn=         4 AccDes= 0.00D+00
 Harris functional with IExCor=  402 and IRadAn=       4 diagonalized for initial guess.
 HarFok:  IExCor=  402 AccDes= 0.00D+00 IRadAn=         4 IDoV= 1 UseB2=F ITyADJ=14
 ICtDFT=  3500011 ScaDFX=  1.000000  1.000000  1.000000  1.000000
 FoFCou: FMM=F IPFlag=           0 FMFlag=      100000 FMFlg1=           0
         NFxFlg=           0 DoJE=T BraDBF=F KetDBF=T FulRan=T
         wScrn=  0.000000 ICntrl=       500 IOpCl=  0 I1Cent=   200000004 NGrid=           0
         NMat0=    1 NMatS0=      1 NMatT0=    0 NMatD0=    1 NMtDS0=    0 NMtDT0=    0
 Symmetry not used in FoFCou.
 Requested convergence on RMS density matrix=1.00D-08 within 128 cycles.
 Requested convergence on MAX density matrix=1.00D-06.
 Requested convergence on             energy=1.00D-06.
 No special actions if energy rises.
 Integral accuracy reduced to 1.0D-05 until final iterations.
 Initial convergence to 1.0D-05 achieved.  Increase integral accuracy.
 SCF Done:  E(UB3LYP) =  -461.999537969     A.U. after   11 cycles
            NFock= 11  Conv=0.71D-08     -V/T= 2.0038
 <Sx>= 0.0000 <Sy>= 0.0000 <Sz>= 0.5000 <S**2>= 0.7791 S= 0.5145
 <L.S>= 0.000000000000E+00
 Annihilation of the first spin contaminant:
 S**2 before annihilation     0.7791,   after     0.7505
 DoSCS=F DFT=T ScalE2(SS,OS)=  1.000000  1.000000
 Range of M.O.s used for correlation:     1   246
 NBasis=   246 NAE=    38 NBE=    37 NFC=     0 NFV=     0
 NROrb=    246 NOA=    38 NOB=    37 NVA=   208 NVB=   209

 **** Warning!!: The largest alpha MO coefficient is  0.11745630D+02


 **** Warning!!: The largest beta MO coefficient is  0.11018014D+02

 Symmetrizing basis deriv contribution to polar:
 IMax=3 JMax=2 DiffMx= 0.00D+00
 G2DrvN: will do    22 centers at a time, making    1 passes.
 Calling FoFCou, ICntrl=  3107 FMM=F I1Cent=   0 AccDes= 0.00D+00.
 End of G2Drv F.D. properties file   721 does not exist.
 End of G2Drv F.D. properties file   722 does not exist.
 End of G2Drv F.D. properties file   788 does not exist.
          IDoAtm=111111111111111111111
          Differentiating once with respect to nuclear coordinates.
 Keep R1 and R2 ints in memory in canonical form, NReq=955570755.
          There are    66 degrees of freedom in the 1st order CPHF.  IDoFFX=6 NUNeed=     0.
     60 vectors produced by pass  0 Test12= 2.37D-14 1.52D-09 XBig12= 3.72D-01 2.91D-01.
 AX will form    60 AO Fock derivatives at one time.
     60 vectors produced by pass  1 Test12= 2.37D-14 1.52D-09 XBig12= 5.71D-02 7.07D-02.
     60 vectors produced by pass  2 Test12= 2.37D-14 1.52D-09 XBig12= 1.53D-03 9.37D-03.
     60 vectors produced by pass  3 Test12= 2.37D-14 1.52D-09 XBig12= 2.04D-05 8.58D-04.
     60 vectors produced by pass  4 Test12= 2.37D-14 1.52D-09 XBig12= 1.15D-07 3.77D-05.
     60 vectors produced by pass  5 Test12= 2.37D-14 1.52D-09 XBig12= 6.53D-10 2.99D-06.
     41 vectors produced by pass  6 Test12= 2.37D-14 1.52D-09 XBig12= 3.62D-12 1.49D-07.
     11 vectors produced by pass  7 Test12= 2.37D-14 1.52D-09 XBig12= 1.48D-14 1.21D-08.
 InvSVY:  IOpt=1 It=  1 EMax= 1.17D-15
 Solved reduced A of dimension   412 with    66 vectors.
 End of Minotr F.D. properties file   721 does not exist.
 End of Minotr F.D. properties file   722 does not exist.
 End of Minotr F.D. properties file   788 does not exist.
 Calling FoFJK, ICntrl=    100147 FMM=F ISym2X=0 I1Cent= 0 IOpClX= 1 NMat=1 NMatS=1 NMatT=0.
 -------------------------------------------------------------------
 Center     Atomic                   Forces (Hartrees/Bohr)
 Number     Number              X              Y              Z
 -------------------------------------------------------------------
      1        6          -0.000006070   -0.000213123   -0.000112693
      2        6          -0.000139838   -0.000369170    0.000253413
      3        6          -0.000042846   -0.000629135    0.000720130
      4        6          -0.000260352   -0.000255059   -0.000381260
      5        6          -0.000150587   -0.000305342   -0.000059038
      6        6          -0.000029876   -0.000184204    0.000293031
      7        8           0.000485974    0.003718935   -0.001314539
      8        1           0.000002749   -0.000023422    0.000081024
      9        8          -0.000762279   -0.001290936   -0.000040534
     10        1           0.000085067    0.000330486   -0.000064433
     11        1          -0.000032019   -0.000127498   -0.000141955
     12        1          -0.000096171   -0.000065773   -0.000081044
     13        6          -0.000090817    0.000233090   -0.000709361
     14        1          -0.000049284    0.000047873   -0.000142437
     15        1          -0.000019234   -0.000043072   -0.000042166
     16        1           0.000043814    0.000094546   -0.000025026
     17        1          -0.000031557   -0.000019597   -0.000008180
     18        6           0.000818907   -0.000683721    0.001345324
     19        1           0.000143959   -0.000028915    0.000152783
     20        1           0.000107889   -0.000026748    0.000115118
     21        1           0.000022569   -0.000159212    0.000161844
 -------------------------------------------------------------------
 Cartesian Forces:  Max     0.003718935 RMS     0.000612310
 IRC-IRC-IRC-IRC-IRC-IRC-IRC-IRC-IRC-IRC-IRC-IRC-IRC-IRC-IRC-IRC-IRC-IRC
 Pt 28 Step number   1 out of a maximum of  20
 Modified Bulirsch-Stoer Extrapolation Cycles:
    EPS =    0.000010000000000
      PEZero:  N= 2 I= 1 D=  7.74D-04 Err=  5.31D-05
      PEZero:  N= 3 I= 2 D=  7.74D-04 Err=  3.54D-05
      PEZero:  N= 3 I= 1 D=  1.55D-03 Err=  1.45D-07
 Maximum DWI energy   std dev =  0.000000003 at pt    36
 Maximum DWI gradient std dev =  0.004740022 at pt    36
 CORRECTOR INTEGRATION CONVERGENCE:
   Recorrection delta-x convergence threshold:    0.010000
   Delta-x Convergence Met
 Point Number:  28          Path Number:   1
   CHANGE IN THE REACTION COORDINATE =    0.14855
   NET REACTION COORDINATE UP TO THIS POINT =    4.16098
  # OF POINTS ALONG THE PATH =  28
  # OF STEPS =   1

 Calculating another point on the path.
 IRC-IRC-IRC-IRC-IRC-IRC-IRC-IRC-IRC-IRC-IRC-IRC-IRC-IRC-IRC-IRC-IRC-IRC
                          Input orientation:                          
 ---------------------------------------------------------------------
 Center     Atomic      Atomic             Coordinates (Angstroms)
 Number     Number       Type             X           Y           Z
 ---------------------------------------------------------------------
      1          6           0       -1.712190   -0.100225    0.058937
      2          6           0       -0.934606   -1.261366   -0.148271
      3          6           0        0.420255   -1.174485   -0.302937
      4          6           0        1.173100    0.114630   -0.230507
      5          6           0        0.287677    1.320362   -0.095189
      6          6           0       -1.060783    1.165563    0.063803
      7          8           0        2.174337   -0.015005    0.839015
      8          1           0       -1.675186    2.055283    0.179142
      9          8           0        1.184842   -2.285601   -0.478024
     10          1           0        1.678652   -0.065731    1.666701
     11          1           0        2.082656   -2.052960   -0.202118
     12          1           0        1.816789    0.216980   -1.117228
     13          6           0       -3.191038   -0.192681    0.313834
     14          1           0       -3.546950   -1.221291    0.230614
     15          1           0       -3.446548    0.167683    1.317713
     16          1           0       -3.761453    0.418536   -0.394926
     17          1           0       -1.398053   -2.241919   -0.158927
     18          6           0        0.948252    2.664060   -0.206637
     19          1           0        1.350412    2.815006   -1.217569
     20          1           0        0.245418    3.473932   -0.001576
     21          1           0        1.794575    2.752681    0.481487
 ---------------------------------------------------------------------
                    Distance matrix (angstroms):
                    1          2          3          4          5
     1  C    0.000000
     2  C    1.412734   0.000000
     3  C    2.415017   1.366426   0.000000
     4  C    2.907720   2.518442   1.494603   0.000000
     5  C    2.457904   2.856941   2.506989   1.502023   0.000000
     6  C    1.423578   2.439442   2.793527   2.486224   1.366597
     7  O    3.964956   3.491945   2.392750   1.470768   2.493075
     8  H    2.159174   3.414061   3.880035   3.470833   2.113812
     9  O    3.668377   2.376942   1.360084   2.412988   3.735564
    10  H    3.752853   3.398939   2.586962   1.971677   2.638242
    11  H    4.275766   3.119838   1.882939   2.350860   3.822654
    12  H    3.733320   3.270254   2.132968   1.100494   2.144808
    13  C    1.503500   2.539117   3.792860   4.408679   3.815503
    14  H    2.156990   2.639981   4.003197   4.927087   4.611997
    15  H    2.159696   3.240546   4.402282   4.872468   4.155647
    16  H    2.162079   3.297570   4.475808   4.946636   4.159158
    17  H    2.175546   1.084611   2.113386   3.488449   3.941522
    18  C    3.845745   4.354025   3.875885   2.559438   1.501434
    19  H    4.416738   4.793904   4.197354   2.880584   2.150140
    20  H    4.075597   4.882317   4.661455   3.492551   2.156018
    21  H    4.540377   4.894650   4.233994   2.802228   2.157506
                    6          7          8          9         10
     6  C    0.000000
     7  O    3.529971   0.000000
     8  H    1.087380   4.420447   0.000000
     9  O    4.152943   2.805227   5.239742   0.000000
    10  H    3.404390   0.966096   4.237896   3.125943   0.000000
    11  H    4.506752   2.290333   5.580716   0.967634   2.757677
    12  H    3.251933   2.002135   4.153773   2.659108   2.801655
    13  C    2.538765   5.393944   2.714643   4.914843   5.055715
    14  H    3.450496   5.878640   3.773869   4.901507   5.541172
    15  H    2.874009   5.644190   2.827914   5.540130   5.142369
    16  H    2.839384   6.078172   2.713117   5.637827   5.837771
    17  H    3.431369   4.326316   4.319379   2.602898   4.187461
    18  C    2.520883   3.126350   2.720637   4.962739   3.390375
    19  H    3.190053   3.594072   3.417927   5.156601   4.089670
    20  H    2.653112   4.074310   2.394566   5.855061   4.167316
    21  H    3.293398   2.816404   3.552044   5.164952   3.059676
                   11         12         13         14         15
    11  H    0.000000
    12  H    2.461857   0.000000
    13  C    5.615932   5.224375   0.000000
    14  H    5.707135   5.714456   1.091622   0.000000
    15  H    6.149247   5.799490   1.096777   1.766667   0.000000
    16  H    6.348155   5.628422   1.096038   1.768147   1.759325
    17  H    3.486102   4.159295   2.763635   2.410639   3.490413
    18  C    4.851512   2.751679   5.056242   5.957683   5.279186
    19  H    5.026372   2.641461   5.658281   6.509461   6.037118
    20  H    5.827709   3.784392   5.035153   6.039957   5.128588
    21  H    4.862560   2.997693   5.793065   6.662378   5.903462
                   16         17         18         19         20
    16  H    0.000000
    17  H    3.566423   0.000000
    18  C    5.221030   5.438387   0.000000
    19  H    5.705346   5.852117   1.098408   0.000000
    20  H    5.054225   5.949513   1.091750   1.770263   0.000000
    21  H    6.089810   5.962301   1.094363   1.757258   1.775793
                   21
    21  H    0.000000
 Symmetry turned off by external request.
 Stoichiometry    C8H11O2(2)
 Framework group  C1[X(C8H11O2)]
 Deg. of freedom    57
 Full point group                 C1      NOp   1
 Rotational constants (GHZ):           1.6200936           1.2786546           0.7710173
 Standard basis: 6-311G(d,p) (5D, 7F)
   246 basis functions,   408 primitive gaussians,   256 cartesian basis functions
    38 alpha electrons       37 beta electrons
       nuclear repulsion energy       529.2048199142 Hartrees.
 NAtoms=   21 NActive=   21 NUniq=   21 SFac= 1.00D+00 NAtFMM=   60 NAOKFM=F Big=F
 Integral buffers will be    131072 words long.
 Raffenetti 2 integral format.
 Two-electron integral symmetry is turned off.
 One-electron integrals computed using PRISM.
 NBasis=   246 RedAO= T EigKep=  2.46D-04  NBF=   246
 NBsUse=   246 1.00D-06 EigRej= -1.00D+00 NBFU=   246
 Initial guess from the checkpoint file:  "SR-11-ts-P2.chk"
 B after Tr=     0.000137   -0.000017    0.000016
         Rot=    1.000000   -0.000113    0.000042    0.000054 Ang=  -0.02 deg.
 Initial guess <Sx>= 0.0000 <Sy>= 0.0000 <Sz>= 0.5000 <S**2>= 0.7791 S= 0.5145
 ExpMin= 1.03D-01 ExpMax= 8.59D+03 ExpMxC= 1.30D+03 IAcc=2 IRadAn=         4 AccDes= 0.00D+00
 Harris functional with IExCor=  402 and IRadAn=       4 diagonalized for initial guess.
 HarFok:  IExCor=  402 AccDes= 0.00D+00 IRadAn=         4 IDoV= 1 UseB2=F ITyADJ=14
 ICtDFT=  3500011 ScaDFX=  1.000000  1.000000  1.000000  1.000000
 FoFCou: FMM=F IPFlag=           0 FMFlag=      100000 FMFlg1=           0
         NFxFlg=           0 DoJE=T BraDBF=F KetDBF=T FulRan=T
         wScrn=  0.000000 ICntrl=       500 IOpCl=  0 I1Cent=   200000004 NGrid=           0
         NMat0=    1 NMatS0=      1 NMatT0=    0 NMatD0=    1 NMtDS0=    0 NMtDT0=    0
 Symmetry not used in FoFCou.
 Requested convergence on RMS density matrix=1.00D-08 within 128 cycles.
 Requested convergence on MAX density matrix=1.00D-06.
 Requested convergence on             energy=1.00D-06.
 No special actions if energy rises.
 Integral accuracy reduced to 1.0D-05 until final iterations.
 Initial convergence to 1.0D-05 achieved.  Increase integral accuracy.
 SCF Done:  E(UB3LYP) =  -461.999722943     A.U. after   11 cycles
            NFock= 11  Conv=0.80D-08     -V/T= 2.0038
 <Sx>= 0.0000 <Sy>= 0.0000 <Sz>= 0.5000 <S**2>= 0.7792 S= 0.5145
 <L.S>= 0.000000000000E+00
 Annihilation of the first spin contaminant:
 S**2 before annihilation     0.7792,   after     0.7505
 DoSCS=F DFT=T ScalE2(SS,OS)=  1.000000  1.000000
 Range of M.O.s used for correlation:     1   246
 NBasis=   246 NAE=    38 NBE=    37 NFC=     0 NFV=     0
 NROrb=    246 NOA=    38 NOB=    37 NVA=   208 NVB=   209

 **** Warning!!: The largest alpha MO coefficient is  0.11811621D+02


 **** Warning!!: The largest beta MO coefficient is  0.11091814D+02

 Symmetrizing basis deriv contribution to polar:
 IMax=3 JMax=2 DiffMx= 0.00D+00
 G2DrvN: will do    22 centers at a time, making    1 passes.
 Calling FoFCou, ICntrl=  3107 FMM=F I1Cent=   0 AccDes= 0.00D+00.
 End of G2Drv F.D. properties file   721 does not exist.
 End of G2Drv F.D. properties file   722 does not exist.
 End of G2Drv F.D. properties file   788 does not exist.
          IDoAtm=111111111111111111111
          Differentiating once with respect to nuclear coordinates.
 Keep R1 and R2 ints in memory in canonical form, NReq=955570755.
          There are    66 degrees of freedom in the 1st order CPHF.  IDoFFX=6 NUNeed=     0.
     60 vectors produced by pass  0 Test12= 2.37D-14 1.52D-09 XBig12= 3.73D-01 2.91D-01.
 AX will form    60 AO Fock derivatives at one time.
     60 vectors produced by pass  1 Test12= 2.37D-14 1.52D-09 XBig12= 5.72D-02 7.08D-02.
     60 vectors produced by pass  2 Test12= 2.37D-14 1.52D-09 XBig12= 1.53D-03 9.41D-03.
     60 vectors produced by pass  3 Test12= 2.37D-14 1.52D-09 XBig12= 2.06D-05 8.69D-04.
     60 vectors produced by pass  4 Test12= 2.37D-14 1.52D-09 XBig12= 1.15D-07 3.75D-05.
     60 vectors produced by pass  5 Test12= 2.37D-14 1.52D-09 XBig12= 6.58D-10 3.02D-06.
     41 vectors produced by pass  6 Test12= 2.37D-14 1.52D-09 XBig12= 3.63D-12 1.52D-07.
     11 vectors produced by pass  7 Test12= 2.37D-14 1.52D-09 XBig12= 1.48D-14 1.26D-08.
 InvSVY:  IOpt=1 It=  1 EMax= 1.11D-15
 Solved reduced A of dimension   412 with    66 vectors.
 End of Minotr F.D. properties file   721 does not exist.
 End of Minotr F.D. properties file   722 does not exist.
 End of Minotr F.D. properties file   788 does not exist.
 Calling FoFJK, ICntrl=    100147 FMM=F ISym2X=0 I1Cent= 0 IOpClX= 1 NMat=1 NMatS=1 NMatT=0.
 -------------------------------------------------------------------
 Center     Atomic                   Forces (Hartrees/Bohr)
 Number     Number              X              Y              Z
 -------------------------------------------------------------------
      1        6          -0.000077889   -0.000164627   -0.000057751
      2        6          -0.000115949   -0.000250429    0.000316160
      3        6          -0.000040043   -0.000426810    0.000604054
      4        6          -0.000174719   -0.000179560   -0.000369181
      5        6          -0.000144590   -0.000251147   -0.000125218
      6        6          -0.000067894   -0.000152382    0.000161422
      7        8           0.000625476    0.002778136   -0.001272789
      8        1           0.000001232   -0.000017468    0.000054931
      9        8          -0.000596052   -0.000915566    0.000156960
     10        1           0.000094271    0.000254446   -0.000068134
     11        1          -0.000030749   -0.000090507   -0.000095213
     12        1          -0.000078497   -0.000052193   -0.000069762
     13        6          -0.000182670    0.000149848   -0.000656417
     14        1          -0.000045167    0.000040565   -0.000138246
     15        1          -0.000033058   -0.000052484   -0.000041169
     16        1           0.000033485    0.000079497   -0.000020703
     17        1          -0.000019679   -0.000015345    0.000010938
     18        6           0.000640657   -0.000557619    0.001212599
     19        1           0.000122475   -0.000012391    0.000144261
     20        1           0.000084992   -0.000024486    0.000109418
     21        1           0.000004368   -0.000139478    0.000143841
 -------------------------------------------------------------------
 Cartesian Forces:  Max     0.002778136 RMS     0.000487726
 IRC-IRC-IRC-IRC-IRC-IRC-IRC-IRC-IRC-IRC-IRC-IRC-IRC-IRC-IRC-IRC-IRC-IRC
 Pt 29 Step number   1 out of a maximum of  20
 Modified Bulirsch-Stoer Extrapolation Cycles:
    EPS =    0.000010000000000
      PEZero:  N= 2 I= 1 D=  7.74D-04 Err=  5.67D-05
      PEZero:  N= 3 I= 2 D=  7.74D-04 Err=  3.78D-05
      PEZero:  N= 3 I= 1 D=  1.55D-03 Err=  9.37D-08
 Maximum DWI energy   std dev =  0.000000006 at pt    18
 Maximum DWI gradient std dev =  0.006090645 at pt    72
 CORRECTOR INTEGRATION CONVERGENCE:
   Recorrection delta-x convergence threshold:    0.010000
   Delta-x Convergence Met
 Point Number:  29          Path Number:   1
   CHANGE IN THE REACTION COORDINATE =    0.14854
   NET REACTION COORDINATE UP TO THIS POINT =    4.30951
  # OF POINTS ALONG THE PATH =  29
  # OF STEPS =   1

 Calculating another point on the path.
 IRC-IRC-IRC-IRC-IRC-IRC-IRC-IRC-IRC-IRC-IRC-IRC-IRC-IRC-IRC-IRC-IRC-IRC
                          Input orientation:                          
 ---------------------------------------------------------------------
 Center     Atomic      Atomic             Coordinates (Angstroms)
 Number     Number       Type             X           Y           Z
 ---------------------------------------------------------------------
      1          6           0       -1.712821   -0.101118    0.058610
      2          6           0       -0.935277   -1.262719   -0.146064
      3          6           0        0.419905   -1.176773   -0.299302
      4          6           0        1.172095    0.113657   -0.232867
      5          6           0        0.286778    1.318879   -0.095935
      6          6           0       -1.061287    1.164688    0.064487
      7          8           0        2.177661   -0.003435    0.832750
      8          1           0       -1.675280    2.054323    0.182499
      9          8           0        1.182211   -2.289368   -0.476831
     10          1           0        1.685651   -0.048885    1.662923
     11          1           0        2.082318   -2.058417   -0.207499
     12          1           0        1.811278    0.213636   -1.123282
     13          6           0       -3.192329   -0.191908    0.309708
     14          1           0       -3.550493   -1.219202    0.220010
     15          1           0       -3.449392    0.163454    1.315033
     16          1           0       -3.759554    0.424653   -0.396927
     17          1           0       -1.399315   -2.243004   -0.157420
     18          6           0        0.951790    2.660885   -0.199167
     19          1           0        1.359223    2.814703   -1.207541
     20          1           0        0.251001    3.472357    0.006471
     21          1           0        1.795461    2.742997    0.492936
 ---------------------------------------------------------------------
                    Distance matrix (angstroms):
                    1          2          3          4          5
     1  C    0.000000
     2  C    1.412722   0.000000
     3  C    2.415296   1.366523   0.000000
     4  C    2.907547   2.518524   1.495130   0.000000
     5  C    2.457371   2.856673   2.507461   1.501698   0.000000
     6  C    1.423656   2.439778   2.794408   2.486178   1.366305
     7  O    3.967958   3.497750   2.397493   1.469834   2.487249
     8  H    2.159325   3.414429   3.880968   3.470772   2.113783
     9  O    3.668289   2.376377   1.360329   2.415399   3.737155
    10  H    3.758479   3.408092   2.593178   1.970832   2.630818
    11  H    4.278425   3.121344   1.883970   2.355219   3.826557
    12  H    3.730310   3.267743   2.132627   1.100632   2.145018
    13  C    1.503408   2.539419   3.793295   4.408623   3.814605
    14  H    2.157127   2.641072   4.004441   4.927925   4.611542
    15  H    2.159694   3.238758   4.401562   4.874076   4.157500
    16  H    2.161727   3.299500   4.476826   4.944168   4.154881
    17  H    2.175461   1.084629   2.113419   3.488795   3.941281
    18  C    3.846461   4.354137   3.875636   2.556960   1.501292
    19  H    4.420702   4.797586   4.199893   2.877613   2.150185
    20  H    4.077873   4.883797   4.662235   3.490926   2.156209
    21  H    4.537144   4.889889   4.228995   2.798000   2.156619
                    6          7          8          9         10
     6  C    0.000000
     7  O    3.527822   0.000000
     8  H    1.087366   4.416147   0.000000
     9  O    4.154132   2.816277   5.240956   0.000000
    10  H    3.401974   0.966089   4.232139   3.138753   0.000000
    11  H    4.510503   2.305246   5.584468   0.967508   2.773814
    12  H    3.250681   2.001854   4.153225   2.660574   2.801364
    13  C    2.538075   5.398694   2.713516   4.914731   5.064221
    14  H    3.450111   5.887724   3.772770   4.901972   5.555974
    15  H    2.875653   5.650149   2.829398   5.538850   5.151193
    16  H    2.835701   6.078313   2.708460   5.638558   5.841017
    17  H    3.431599   4.334843   4.319574   2.601624   4.200574
    18  C    2.522023   3.109054   2.723065   4.963386   3.368796
    19  H    3.193662   3.574148   3.423244   5.159149   4.067709
    20  H    2.655335   4.059050   2.398409   5.856468   4.147433
    21  H    3.291753   2.793643   3.551998   5.161514   3.029115
                   11         12         13         14         15
    11  H    0.000000
    12  H    2.464619   0.000000
    13  C    5.619010   5.220538   0.000000
    14  H    5.711008   5.710170   1.091632   0.000000
    15  H    6.152612   5.798496   1.096832   1.766645   0.000000
    16  H    6.350511   5.621947   1.096004   1.768213   1.759327
    17  H    3.486883   4.156426   2.764074   2.412093   3.487402
    18  C    4.852832   2.753496   5.056788   5.958300   5.282080
    19  H    5.026953   2.641402   5.662012   6.512726   6.042788
    20  H    5.830006   3.785508   5.037392   6.042159   5.133623
    21  H    4.860708   3.001680   5.790103   6.659785   5.902404
                   16         17         18         19         20
    16  H    0.000000
    17  H    3.569942   0.000000
    18  C    5.218870   5.438526   0.000000
    19  H    5.707128   5.855996   1.098399   0.000000
    20  H    5.053294   5.951114   1.091732   1.770449   0.000000
    21  H    6.084798   5.957329   1.094317   1.757005   1.775942
                   21
    21  H    0.000000
 Symmetry turned off by external request.
 Stoichiometry    C8H11O2(2)
 Framework group  C1[X(C8H11O2)]
 Deg. of freedom    57
 Full point group                 C1      NOp   1
 Rotational constants (GHZ):           1.6215199           1.2783594           0.7704386
 Standard basis: 6-311G(d,p) (5D, 7F)
   246 basis functions,   408 primitive gaussians,   256 cartesian basis functions
    38 alpha electrons       37 beta electrons
       nuclear repulsion energy       529.1884251772 Hartrees.
 NAtoms=   21 NActive=   21 NUniq=   21 SFac= 1.00D+00 NAtFMM=   60 NAOKFM=F Big=F
 Integral buffers will be    131072 words long.
 Raffenetti 2 integral format.
 Two-electron integral symmetry is turned off.
 One-electron integrals computed using PRISM.
 NBasis=   246 RedAO= T EigKep=  2.45D-04  NBF=   246
 NBsUse=   246 1.00D-06 EigRej= -1.00D+00 NBFU=   246
 Initial guess from the checkpoint file:  "SR-11-ts-P2.chk"
 B after Tr=     0.000126   -0.000023    0.000035
         Rot=    1.000000   -0.000125    0.000053    0.000049 Ang=  -0.02 deg.
 Initial guess <Sx>= 0.0000 <Sy>= 0.0000 <Sz>= 0.5000 <S**2>= 0.7791 S= 0.5145
 ExpMin= 1.03D-01 ExpMax= 8.59D+03 ExpMxC= 1.30D+03 IAcc=2 IRadAn=         4 AccDes= 0.00D+00
 Harris functional with IExCor=  402 and IRadAn=       4 diagonalized for initial guess.
 HarFok:  IExCor=  402 AccDes= 0.00D+00 IRadAn=         4 IDoV= 1 UseB2=F ITyADJ=14
 ICtDFT=  3500011 ScaDFX=  1.000000  1.000000  1.000000  1.000000
 FoFCou: FMM=F IPFlag=           0 FMFlag=      100000 FMFlg1=           0
         NFxFlg=           0 DoJE=T BraDBF=F KetDBF=T FulRan=T
         wScrn=  0.000000 ICntrl=       500 IOpCl=  0 I1Cent=   200000004 NGrid=           0
         NMat0=    1 NMatS0=      1 NMatT0=    0 NMatD0=    1 NMtDS0=    0 NMtDT0=    0
 Symmetry not used in FoFCou.
 Requested convergence on RMS density matrix=1.00D-08 within 128 cycles.
 Requested convergence on MAX density matrix=1.00D-06.
 Requested convergence on             energy=1.00D-06.
 No special actions if energy rises.
 Integral accuracy reduced to 1.0D-05 until final iterations.
 Initial convergence to 1.0D-05 achieved.  Increase integral accuracy.
 SCF Done:  E(UB3LYP) =  -461.999871833     A.U. after   11 cycles
            NFock= 11  Conv=0.76D-08     -V/T= 2.0038
 <Sx>= 0.0000 <Sy>= 0.0000 <Sz>= 0.5000 <S**2>= 0.7792 S= 0.5145
 <L.S>= 0.000000000000E+00
 Annihilation of the first spin contaminant:
 S**2 before annihilation     0.7792,   after     0.7505
 DoSCS=F DFT=T ScalE2(SS,OS)=  1.000000  1.000000
 Range of M.O.s used for correlation:     1   246
 NBasis=   246 NAE=    38 NBE=    37 NFC=     0 NFV=     0
 NROrb=    246 NOA=    38 NOB=    37 NVA=   208 NVB=   209

 **** Warning!!: The largest alpha MO coefficient is  0.11860080D+02


 **** Warning!!: The largest beta MO coefficient is  0.11143082D+02

 Symmetrizing basis deriv contribution to polar:
 IMax=3 JMax=2 DiffMx= 0.00D+00
 G2DrvN: will do    22 centers at a time, making    1 passes.
 Calling FoFCou, ICntrl=  3107 FMM=F I1Cent=   0 AccDes= 0.00D+00.
 End of G2Drv F.D. properties file   721 does not exist.
 End of G2Drv F.D. properties file   722 does not exist.
 End of G2Drv F.D. properties file   788 does not exist.
          IDoAtm=111111111111111111111
          Differentiating once with respect to nuclear coordinates.
 Keep R1 and R2 ints in memory in canonical form, NReq=955570755.
          There are    66 degrees of freedom in the 1st order CPHF.  IDoFFX=6 NUNeed=     0.
     60 vectors produced by pass  0 Test12= 2.37D-14 1.52D-09 XBig12= 3.73D-01 2.92D-01.
 AX will form    60 AO Fock derivatives at one time.
     60 vectors produced by pass  1 Test12= 2.37D-14 1.52D-09 XBig12= 5.73D-02 7.09D-02.
     60 vectors produced by pass  2 Test12= 2.37D-14 1.52D-09 XBig12= 1.53D-03 9.43D-03.
     60 vectors produced by pass  3 Test12= 2.37D-14 1.52D-09 XBig12= 2.07D-05 8.78D-04.
     60 vectors produced by pass  4 Test12= 2.37D-14 1.52D-09 XBig12= 1.15D-07 3.71D-05.
     60 vectors produced by pass  5 Test12= 2.37D-14 1.52D-09 XBig12= 6.63D-10 3.04D-06.
     41 vectors produced by pass  6 Test12= 2.37D-14 1.52D-09 XBig12= 3.64D-12 1.56D-07.
     10 vectors produced by pass  7 Test12= 2.37D-14 1.52D-09 XBig12= 1.48D-14 1.30D-08.
 InvSVY:  IOpt=1 It=  1 EMax= 1.67D-15
 Solved reduced A of dimension   411 with    66 vectors.
 End of Minotr F.D. properties file   721 does not exist.
 End of Minotr F.D. properties file   722 does not exist.
 End of Minotr F.D. properties file   788 does not exist.
 Calling FoFJK, ICntrl=    100147 FMM=F ISym2X=0 I1Cent= 0 IOpClX= 1 NMat=1 NMatS=1 NMatT=0.
 -------------------------------------------------------------------
 Center     Atomic                   Forces (Hartrees/Bohr)
 Number     Number              X              Y              Z
 -------------------------------------------------------------------
      1        6          -0.000111027   -0.000114445   -0.000048820
      2        6          -0.000098163   -0.000167155    0.000349976
      3        6          -0.000044232   -0.000283407    0.000509156
      4        6          -0.000129257   -0.000119495   -0.000345250
      5        6          -0.000122700   -0.000184808   -0.000094859
      6        6          -0.000085933   -0.000111228    0.000057881
      7        8           0.000689801    0.001964736   -0.001256666
      8        1          -0.000000813   -0.000011673    0.000032157
      9        8          -0.000438747   -0.000627861    0.000328142
     10        1           0.000098860    0.000183160   -0.000071267
     11        1          -0.000027272   -0.000059588   -0.000058295
     12        1          -0.000069597   -0.000039108   -0.000060683
     13        6          -0.000217206    0.000087561   -0.000605073
     14        1          -0.000037128    0.000036058   -0.000131110
     15        1          -0.000037713   -0.000058870   -0.000041049
     16        1           0.000025553    0.000065541   -0.000014860
     17        1          -0.000012553   -0.000011857    0.000025694
     18        6           0.000468799   -0.000415040    0.001071940
     19        1           0.000098104   -0.000002317    0.000132132
     20        1           0.000060821   -0.000020218    0.000097233
     21        1          -0.000009595   -0.000109987    0.000123620
 -------------------------------------------------------------------
 Cartesian Forces:  Max     0.001964736 RMS     0.000388333
 IRC-IRC-IRC-IRC-IRC-IRC-IRC-IRC-IRC-IRC-IRC-IRC-IRC-IRC-IRC-IRC-IRC-IRC
 Pt 30 Step number   1 out of a maximum of  20
 Modified Bulirsch-Stoer Extrapolation Cycles:
    EPS =    0.000010000000000
      PEZero:  N= 2 I= 1 D=  7.74D-04 Err=  7.70D-05
      PEZero:  N= 3 I= 2 D=  7.74D-04 Err=  5.13D-05
      PEZero:  N= 3 I= 1 D=  1.55D-03 Err=  7.24D-08
 Maximum DWI energy   std dev =  0.000000009 at pt    18
 Maximum DWI gradient std dev =  0.007977525 at pt    72
 CORRECTOR INTEGRATION CONVERGENCE:
   Recorrection delta-x convergence threshold:    0.010000
   Delta-x Convergence Met
 Point Number:  30          Path Number:   1
   CHANGE IN THE REACTION COORDINATE =    0.14845
   NET REACTION COORDINATE UP TO THIS POINT =    4.45796
  # OF POINTS ALONG THE PATH =  30
  # OF STEPS =   1

 Maximum number of steps reached.
 Calculation of FORWARD path complete.
 Beginning calculation of the REVERSE path.
 
 Calculating another point on the path.
 IRC-IRC-IRC-IRC-IRC-IRC-IRC-IRC-IRC-IRC-IRC-IRC-IRC-IRC-IRC-IRC-IRC-IRC
                          Input orientation:                          
 ---------------------------------------------------------------------
 Center     Atomic      Atomic             Coordinates (Angstroms)
 Number     Number       Type             X           Y           Z
 ---------------------------------------------------------------------
      1          6           0       -1.724027   -0.094169    0.069966
      2          6           0       -0.944048   -1.230923   -0.134902
      3          6           0        0.422500   -1.101429   -0.367761
      4          6           0        1.022315    0.181850   -0.449194
      5          6           0        0.235650    1.338314   -0.211439
      6          6           0       -1.111815    1.179846    0.058979
      7          8           0        2.406185   -0.265723    1.094224
      8          1           0       -1.724833    2.056920    0.242402
      9          8           0        1.204469   -2.197809   -0.457991
     10          1           0        1.780074   -0.296962    1.833486
     11          1           0        2.053796   -1.913115   -0.067339
     12          1           0        1.970953    0.283537   -0.957250
     13          6           0       -3.201880   -0.210518    0.340036
     14          1           0       -3.539227   -1.246635    0.287387
     15          1           0       -3.451949    0.177924    1.332634
     16          1           0       -3.777710    0.372031   -0.386051
     17          1           0       -1.372004   -2.224763   -0.078904
     18          6           0        0.894578    2.690162   -0.267437
     19          1           0        1.300425    2.888742   -1.265067
     20          1           0        0.194213    3.490110   -0.021422
     21          1           0        1.732713    2.729161    0.434068
 ---------------------------------------------------------------------
                    Distance matrix (angstroms):
                    1          2          3          4          5
     1  C    0.000000
     2  C    1.393753   0.000000
     3  C    2.411173   1.392281   0.000000
     4  C    2.808577   2.441576   1.418878   0.000000
     5  C    2.443672   2.828167   2.451876   1.418724   0.000000
     6  C    1.413520   2.424365   2.782166   2.410134   1.383439
     7  O    4.258777   3.696812   2.602078   2.120745   2.998151
     8  H    2.157990   3.400279   3.867623   3.397207   2.136788
     9  O    3.644191   2.378105   1.349692   2.386637   3.674720
    10  H    3.928084   3.488219   2.708443   2.452364   3.039916
    11  H    4.195159   3.075227   1.846676   2.366146   3.728030
    12  H    3.853661   3.386307   2.159475   1.080914   2.163345
    13  C    1.506827   2.522816   3.798794   4.315167   3.810462
    14  H    2.161112   2.629359   4.018157   4.836402   4.602227
    15  H    2.157331   3.229253   4.420344   4.816011   4.162818
    16  H    2.154741   3.265299   4.451200   4.804206   4.131738
    17  H    2.164604   1.083512   2.136718   3.414918   3.911219
    18  C    3.837112   4.332785   3.822183   2.518130   1.504930
    19  H    4.452795   4.825617   4.182987   2.840820   2.155854
    20  H    4.066331   4.857641   4.610238   3.437052   2.160567
    21  H    4.478037   4.813631   4.127106   2.788119   2.142972
                    6          7          8          9         10
     6  C    0.000000
     7  O    3.941792   0.000000
     8  H    1.085677   4.815141   0.000000
     9  O    4.128073   2.754351   5.212877   0.000000
    10  H    3.700386   0.969278   4.511838   3.032394   0.000000
    11  H    4.427580   2.046291   5.489550   0.977249   2.509982
    12  H    3.367425   2.167869   4.271169   2.644586   2.856855
    13  C    2.525961   5.658820   2.707854   4.899193   5.201705
    14  H    3.439812   6.079564   3.769287   4.895200   5.620254
    15  H    2.846448   5.879744   2.775277   5.525638   5.277350
    16  H    2.820924   6.390501   2.729122   5.606368   6.021865
    17  H    3.417319   4.414609   4.308194   2.604352   4.160438
    18  C    2.532433   3.588361   2.742672   4.901490   3.757777
    19  H    3.239186   4.091407   3.480888   5.151076   4.469878
    20  H    2.655088   4.499308   2.409642   5.793413   4.505280
    21  H    3.260738   3.139857   3.527502   5.034863   3.334371
                   11         12         13         14         15
    11  H    0.000000
    12  H    2.371515   0.000000
    13  C    5.539578   5.355861   0.000000
    14  H    5.643752   5.852575   1.090923   0.000000
    15  H    6.053560   5.887494   1.094838   1.769046   0.000000
    16  H    6.271358   5.777649   1.094598   1.769314   1.760022
    17  H    3.439965   4.270646   2.753387   2.405776   3.477285
    18  C    4.751209   2.725118   5.056080   5.955236   5.269143
    19  H    5.005992   2.707666   5.696712   6.552381   6.056537
    20  H    5.714456   3.783476   5.035747   6.039097   5.108673
    21  H    4.680303   2.823756   5.744629   6.604682   5.847816
                   16         17         18         19         20
    16  H    0.000000
    17  H    3.553181   0.000000
    18  C    5.217095   5.415665   0.000000
    19  H    5.735326   5.890398   1.095176   0.000000
    20  H    5.062761   5.925885   1.091308   1.769747   0.000000
    21  H    6.049250   5.868881   1.093664   1.760511   1.775809
                   21
    21  H    0.000000
 Symmetry turned off by external request.
 Stoichiometry    C8H11O2(2)
 Framework group  C1[X(C8H11O2)]
 Deg. of freedom    57
 Full point group                 C1      NOp   1
 Rotational constants (GHZ):           1.5918643           1.1935335           0.7595632
 Standard basis: 6-311G(d,p) (5D, 7F)
   246 basis functions,   408 primitive gaussians,   256 cartesian basis functions
    38 alpha electrons       37 beta electrons
       nuclear repulsion energy       520.8804645664 Hartrees.
 NAtoms=   21 NActive=   21 NUniq=   21 SFac= 1.00D+00 NAtFMM=   60 NAOKFM=F Big=F
 Integral buffers will be    131072 words long.
 Raffenetti 2 integral format.
 Two-electron integral symmetry is turned off.
 One-electron integrals computed using PRISM.
 NBasis=   246 RedAO= T EigKep=  1.94D-04  NBF=   246
 NBsUse=   246 1.00D-06 EigRej= -1.00D+00 NBFU=   246
 Initial guess from the checkpoint file:  "SR-11-ts-P2.chk"
 B after Tr=     0.000264    0.000031    0.007140
         Rot=    1.000000   -0.000010    0.000312   -0.000308 Ang=  -0.05 deg.
 Initial guess <Sx>= 0.0000 <Sy>= 0.0000 <Sz>= 0.5000 <S**2>= 0.7799 S= 0.5148
 ExpMin= 1.03D-01 ExpMax= 8.59D+03 ExpMxC= 1.30D+03 IAcc=2 IRadAn=         4 AccDes= 0.00D+00
 Harris functional with IExCor=  402 and IRadAn=       4 diagonalized for initial guess.
 HarFok:  IExCor=  402 AccDes= 0.00D+00 IRadAn=         4 IDoV= 1 UseB2=F ITyADJ=14
 ICtDFT=  3500011 ScaDFX=  1.000000  1.000000  1.000000  1.000000
 FoFCou: FMM=F IPFlag=           0 FMFlag=      100000 FMFlg1=           0
         NFxFlg=           0 DoJE=T BraDBF=F KetDBF=T FulRan=T
         wScrn=  0.000000 ICntrl=       500 IOpCl=  0 I1Cent=   200000004 NGrid=           0
         NMat0=    1 NMatS0=      1 NMatT0=    0 NMatD0=    1 NMtDS0=    0 NMtDT0=    0
 Symmetry not used in FoFCou.
 Requested convergence on RMS density matrix=1.00D-08 within 128 cycles.
 Requested convergence on MAX density matrix=1.00D-06.
 Requested convergence on             energy=1.00D-06.
 No special actions if energy rises.
 Integral accuracy reduced to 1.0D-05 until final iterations.
 Initial convergence to 1.0D-05 achieved.  Increase integral accuracy.
 SCF Done:  E(UB3LYP) =  -461.978563709     A.U. after   23 cycles
            NFock= 23  Conv=0.36D-08     -V/T= 2.0038
 <Sx>= 0.0000 <Sy>= 0.0000 <Sz>= 0.5000 <S**2>= 0.7667 S= 0.5083
 <L.S>= 0.000000000000E+00
 Annihilation of the first spin contaminant:
 S**2 before annihilation     0.7667,   after     0.7502
 DoSCS=F DFT=T ScalE2(SS,OS)=  1.000000  1.000000
 Range of M.O.s used for correlation:     1   246
 NBasis=   246 NAE=    38 NBE=    37 NFC=     0 NFV=     0
 NROrb=    246 NOA=    38 NOB=    37 NVA=   208 NVB=   209

 **** Warning!!: The largest alpha MO coefficient is  0.13855176D+02


 **** Warning!!: The largest beta MO coefficient is  0.13847235D+02

 Symmetrizing basis deriv contribution to polar:
 IMax=3 JMax=2 DiffMx= 0.00D+00
 G2DrvN: will do    22 centers at a time, making    1 passes.
 Calling FoFCou, ICntrl=  3107 FMM=F I1Cent=   0 AccDes= 0.00D+00.
 End of G2Drv F.D. properties file   721 does not exist.
 End of G2Drv F.D. properties file   722 does not exist.
 End of G2Drv F.D. properties file   788 does not exist.
          IDoAtm=111111111111111111111
          Differentiating once with respect to nuclear coordinates.
 Keep R1 and R2 ints in memory in canonical form, NReq=955570748.
          There are    66 degrees of freedom in the 1st order CPHF.  IDoFFX=6 NUNeed=     0.
     60 vectors produced by pass  0 Test12= 2.37D-14 1.52D-09 XBig12= 3.36D-01 2.41D-01.
 AX will form    60 AO Fock derivatives at one time.
     60 vectors produced by pass  1 Test12= 2.37D-14 1.52D-09 XBig12= 5.83D-02 5.55D-02.
     60 vectors produced by pass  2 Test12= 2.37D-14 1.52D-09 XBig12= 1.41D-03 6.92D-03.
     60 vectors produced by pass  3 Test12= 2.37D-14 1.52D-09 XBig12= 1.34D-05 5.37D-04.
     60 vectors produced by pass  4 Test12= 2.37D-14 1.52D-09 XBig12= 8.73D-08 2.93D-05.
     60 vectors produced by pass  5 Test12= 2.37D-14 1.52D-09 XBig12= 4.85D-10 1.97D-06.
     41 vectors produced by pass  6 Test12= 2.37D-14 1.52D-09 XBig12= 2.46D-12 1.57D-07.
     10 vectors produced by pass  7 Test12= 2.37D-14 1.52D-09 XBig12= 1.04D-14 7.76D-09.
 InvSVY:  IOpt=1 It=  1 EMax= 1.89D-15
 Solved reduced A of dimension   411 with    66 vectors.
 End of Minotr F.D. properties file   721 does not exist.
 End of Minotr F.D. properties file   722 does not exist.
 End of Minotr F.D. properties file   788 does not exist.
 Calling FoFJK, ICntrl=    100147 FMM=F ISym2X=0 I1Cent= 0 IOpClX= 1 NMat=1 NMatS=1 NMatT=0.
 -------------------------------------------------------------------
 Center     Atomic                   Forces (Hartrees/Bohr)
 Number     Number              X              Y              Z
 -------------------------------------------------------------------
      1        6          -0.000046330    0.000025658   -0.000032070
      2        6          -0.000008779    0.000017192    0.000006196
      3        6          -0.000052372    0.000094531   -0.000004744
      4        6           0.000035415    0.000052483   -0.000113390
      5        6          -0.000090904    0.000067553   -0.000043923
      6        6          -0.000031444   -0.000028141   -0.000058599
      7        8           0.000222349   -0.000233210    0.000191184
      8        1           0.000006320   -0.000004206   -0.000013960
      9        8           0.000028957    0.000053398    0.000008307
     10        1           0.000049688   -0.000023243   -0.000004670
     11        1           0.000014714   -0.000035484    0.000008495
     12        1          -0.000040631    0.000000663    0.000054309
     13        6           0.000023502   -0.000007509   -0.000002913
     14        1           0.000000748   -0.000001836    0.000017410
     15        1          -0.000012592   -0.000002464    0.000001229
     16        1          -0.000019766   -0.000005990    0.000010683
     17        1          -0.000002456   -0.000002971    0.000019333
     18        6          -0.000050846    0.000057269   -0.000030004
     19        1          -0.000017645    0.000008409   -0.000000526
     20        1          -0.000003628   -0.000012603    0.000005527
     21        1          -0.000004300   -0.000019500   -0.000017875
 -------------------------------------------------------------------
 Cartesian Forces:  Max     0.000233210 RMS     0.000058613
 IRC-IRC-IRC-IRC-IRC-IRC-IRC-IRC-IRC-IRC-IRC-IRC-IRC-IRC-IRC-IRC-IRC-IRC
 Pt 31 Step number   1 out of a maximum of  20
 Modified Bulirsch-Stoer Extrapolation Cycles:
    EPS =    0.000010000000000
      PEZero:  N= 2 I= 1 D=  3.88D-04 Err=  8.42D-03
      PEZero:  N= 3 I= 2 D=  3.88D-04 Err=  1.28D-02
      PEZero:  N= 3 I= 1 D=  7.75D-04 Err=  1.08D-02
      PEZero:  N= 4 I= 3 D=  1.94D-04 Err=  2.07D-02
      PEZero:  N= 4 I= 2 D=  5.81D-04 Err=  1.47D-02
      PEZero:  N= 4 I= 1 D=  9.69D-04 Err=  1.11D-02
      PEZero:  N= 5 I= 4 D=  1.94D-04 Err=  2.33D-02
      PEZero:  N= 5 I= 3 D=  3.88D-04 Err=  1.44D-02
      PEZero:  N= 5 I= 2 D=  7.75D-04 Err=  7.00D-03
      PEZero:  N= 5 I= 1 D=  1.16D-03 Err=  3.29D-03
      PEZero:  N= 6 I= 5 D=  9.69D-05 Err=  1.03D-03
      PEZero:  N= 6 I= 4 D=  2.91D-04 Err=  2.20D-02
      PEZero:  N= 7 I= 6 D=  9.69D-05 Err=  1.07D-04
      PEZero:  N= 7 I= 5 D=  1.94D-04 Err=  8.73D-04
      PEZero:  N= 8 I= 7 D=  4.84D-05 Err=  8.00D-05
      PEZero:  N= 8 I= 6 D=  1.45D-04 Err=  3.23D-08
      PEZero:  N= 8 I= 5 D=  2.42D-04 Err=  8.61D-03
 Maximum DWI energy   std dev =  0.000000791 at pt    45
 Maximum DWI gradient std dev =  0.914164787 at pt     1
 CORRECTOR INTEGRATION CONVERGENCE:
   Recorrection delta-x convergence threshold:    0.010000
   Delta-x Convergence NOT Met
 IRC-IRC-IRC-IRC-IRC-IRC-IRC-IRC-IRC-IRC-IRC-IRC-IRC-IRC-IRC-IRC-IRC-IRC
                          Input orientation:                          
 ---------------------------------------------------------------------
 Center     Atomic      Atomic             Coordinates (Angstroms)
 Number     Number       Type             X           Y           Z
 ---------------------------------------------------------------------
      1          6           0       -1.724144   -0.094165    0.069659
      2          6           0       -0.944030   -1.230906   -0.134815
      3          6           0        0.422524   -1.101340   -0.367577
      4          6           0        1.022554    0.181912   -0.448703
      5          6           0        0.235621    1.338375   -0.211312
      6          6           0       -1.111913    1.179810    0.058491
      7          8           0        2.406258   -0.265775    1.093899
      8          1           0       -1.724978    2.056938    0.241436
      9          8           0        1.204431   -2.197818   -0.457985
     10          1           0        1.780909   -0.297650    1.833736
     11          1           0        2.053840   -1.913536   -0.067223
     12          1           0        1.971062    0.283657   -0.956791
     13          6           0       -3.201892   -0.210600    0.340042
     14          1           0       -3.539054   -1.246813    0.288035
     15          1           0       -3.451854    0.178165    1.332551
     16          1           0       -3.778190    0.371495   -0.386043
     17          1           0       -1.371874   -2.224778   -0.078408
     18          6           0        0.894481    2.690245   -0.267238
     19          1           0        1.298153    2.889949   -1.265532
     20          1           0        0.194636    3.489891   -0.018829
     21          1           0        1.734095    2.728255    0.432512
 ---------------------------------------------------------------------
                    Distance matrix (angstroms):
                    1          2          3          4          5
     1  C    0.000000
     2  C    1.393760   0.000000
     3  C    2.411174   1.392277   0.000000
     4  C    2.808784   2.441727   1.418926   0.000000
     5  C    2.443725   2.828185   2.451848   1.418811   0.000000
     6  C    1.413494   2.424274   2.782028   2.410186   1.383396
     7  O    4.258959   3.696707   2.601784   2.120066   2.998088
     8  H    2.157951   3.400201   3.867478   3.397197   2.136648
     9  O    3.644216   2.378074   1.349746   2.386687   3.674792
    10  H    3.929220   3.488761   2.708672   2.452470   3.040841
    11  H    4.195474   3.075349   1.846907   2.366427   3.728485
    12  H    3.853685   3.386341   2.159481   1.080820   2.163312
    13  C    1.506786   2.522788   3.798755   4.315337   3.810487
    14  H    2.161061   2.629297   4.018095   4.836559   4.602251
    15  H    2.157323   3.229215   4.420224   4.815933   4.162581
    16  H    2.154904   3.265466   4.451470   4.804894   4.132320
    17  H    2.164609   1.083519   2.136726   3.415049   3.911236
    18  C    3.837139   4.332792   3.822163   2.518148   1.504918
    19  H    4.452185   4.825697   4.183711   2.841941   2.155861
    20  H    4.066326   4.857565   4.610093   3.436999   2.160498
    21  H    4.478519   4.813436   4.126276   2.786879   2.142825
                    6          7          8          9         10
     6  C    0.000000
     7  O    3.941993   0.000000
     8  H    1.085666   4.815474   0.000000
     9  O    4.128022   2.754182   5.212827   0.000000
    10  H    3.701730   0.969245   4.513396   3.032317   0.000000
    11  H    4.427932   2.046342   5.489936   0.977244   2.509825
    12  H    3.367286   2.167164   4.270946   2.644664   2.856766
    13  C    2.525970   5.658859   2.707901   4.899139   5.202596
    14  H    3.439797   6.079357   3.769325   4.895059   5.620686
    15  H    2.846375   5.879754   2.775324   5.525604   5.278200
    16  H    2.821350   6.390910   2.729492   5.606519   6.023185
    17  H    3.417242   4.414327   4.308141   2.604257   4.160548
    18  C    2.532416   3.588345   2.742516   4.901593   3.758638
    19  H    3.238214   4.093092   3.479106   5.152308   4.472057
    20  H    2.655093   4.498273   2.409567   5.793321   4.504855
    21  H    3.261492   3.139021   3.528790   5.033857   3.334924
                   11         12         13         14         15
    11  H    0.000000
    12  H    2.371885   0.000000
    13  C    5.539727   5.355886   0.000000
    14  H    5.643685   5.852632   1.090926   0.000000
    15  H    6.053697   5.887294   1.094848   1.768949   0.000000
    16  H    6.271808   5.778180   1.094602   1.769318   1.759954
    17  H    3.439842   4.270717   2.753358   2.405694   3.477248
    18  C    4.751728   2.725101   5.056082   5.955249   5.268824
    19  H    5.008040   2.709406   5.695760   6.551713   6.055277
    20  H    5.714542   3.783569   5.035755   6.039120   5.107901
    21  H    4.679550   2.821768   5.745380   6.605160   5.848683
                   16         17         18         19         20
    16  H    0.000000
    17  H    3.553256   0.000000
    18  C    5.217717   5.415670   0.000000
    19  H    5.734577   5.890564   1.095182   0.000000
    20  H    5.063851   5.925787   1.091294   1.769731   0.000000
    21  H    6.050589   5.868613   1.093639   1.760552   1.775875
                   21
    21  H    0.000000
 Symmetry turned off by external request.
 Stoichiometry    C8H11O2(2)
 Framework group  C1[X(C8H11O2)]
 Deg. of freedom    57
 Full point group                 C1      NOp   1
 Rotational constants (GHZ):           1.5919399           1.1935375           0.7595304
 Standard basis: 6-311G(d,p) (5D, 7F)
   246 basis functions,   408 primitive gaussians,   256 cartesian basis functions
    38 alpha electrons       37 beta electrons
       nuclear repulsion energy       520.8830606257 Hartrees.
 NAtoms=   21 NActive=   21 NUniq=   21 SFac= 1.00D+00 NAtFMM=   60 NAOKFM=F Big=F
 Integral buffers will be    131072 words long.
 Raffenetti 2 integral format.
 Two-electron integral symmetry is turned off.
 One-electron integrals computed using PRISM.
 NBasis=   246 RedAO= T EigKep=  1.94D-04  NBF=   246
 NBsUse=   246 1.00D-06 EigRej= -1.00D+00 NBFU=   246
 Initial guess from the checkpoint file:  "SR-11-ts-P2.chk"
 B after Tr=     0.000005   -0.000016    0.000016
         Rot=    1.000000   -0.000009   -0.000007   -0.000008 Ang=   0.00 deg.
 Initial guess <Sx>= 0.0000 <Sy>= 0.0000 <Sz>= 0.5000 <S**2>= 0.7667 S= 0.5083
 ExpMin= 1.03D-01 ExpMax= 8.59D+03 ExpMxC= 1.30D+03 IAcc=2 IRadAn=         4 AccDes= 0.00D+00
 Harris functional with IExCor=  402 and IRadAn=       4 diagonalized for initial guess.
 HarFok:  IExCor=  402 AccDes= 0.00D+00 IRadAn=         4 IDoV= 1 UseB2=F ITyADJ=14
 ICtDFT=  3500011 ScaDFX=  1.000000  1.000000  1.000000  1.000000
 FoFCou: FMM=F IPFlag=           0 FMFlag=      100000 FMFlg1=           0
         NFxFlg=           0 DoJE=T BraDBF=F KetDBF=T FulRan=T
         wScrn=  0.000000 ICntrl=       500 IOpCl=  0 I1Cent=   200000004 NGrid=           0
         NMat0=    1 NMatS0=      1 NMatT0=    0 NMatD0=    1 NMtDS0=    0 NMtDT0=    0
 Symmetry not used in FoFCou.
 Requested convergence on RMS density matrix=1.00D-08 within 128 cycles.
 Requested convergence on MAX density matrix=1.00D-06.
 Requested convergence on             energy=1.00D-06.
 No special actions if energy rises.
 Integral accuracy reduced to 1.0D-05 until final iterations.
 Initial convergence to 1.0D-05 achieved.  Increase integral accuracy.
 SCF Done:  E(UB3LYP) =  -461.978563993     A.U. after   10 cycles
            NFock= 10  Conv=0.83D-08     -V/T= 2.0038
 <Sx>= 0.0000 <Sy>= 0.0000 <Sz>= 0.5000 <S**2>= 0.7667 S= 0.5083
 <L.S>= 0.000000000000E+00
 Annihilation of the first spin contaminant:
 S**2 before annihilation     0.7667,   after     0.7502
 DoSCS=F DFT=T ScalE2(SS,OS)=  1.000000  1.000000
 Range of M.O.s used for correlation:     1   246
 NBasis=   246 NAE=    38 NBE=    37 NFC=     0 NFV=     0
 NROrb=    246 NOA=    38 NOB=    37 NVA=   208 NVB=   209

 **** Warning!!: The largest alpha MO coefficient is  0.13845716D+02


 **** Warning!!: The largest beta MO coefficient is  0.13837713D+02

 Symmetrizing basis deriv contribution to polar:
 IMax=3 JMax=2 DiffMx= 0.00D+00
 Calling FoFJK, ICntrl=      2147 FMM=F ISym2X=0 I1Cent= 0 IOpClX= 1 NMat=1 NMatS=1 NMatT=0.
 -------------------------------------------------------------------
 Center     Atomic                   Forces (Hartrees/Bohr)
 Number     Number              X              Y              Z
 -------------------------------------------------------------------
      1        6          -0.000019978    0.000006408   -0.000014591
      2        6          -0.000003612    0.000021773    0.000008727
      3        6           0.000002098    0.000045772   -0.000010193
      4        6          -0.000067333    0.000048263   -0.000087977
      5        6          -0.000047920    0.000027023   -0.000057235
      6        6          -0.000048994    0.000016064   -0.000047250
      7        8           0.000258426   -0.000234558    0.000188769
      8        1          -0.000004781    0.000000772   -0.000003373
      9        8          -0.000000210    0.000051495    0.000015254
     10        1           0.000013400   -0.000013079    0.000008447
     11        1          -0.000000133    0.000001875    0.000002319
     12        1           0.000004994    0.000004269    0.000013549
     13        6          -0.000013927   -0.000016564    0.000013096
     14        1           0.000000864   -0.000002189    0.000005949
     15        1          -0.000000707    0.000002097   -0.000000152
     16        1          -0.000003483   -0.000005598   -0.000000299
     17        1           0.000001699    0.000001011    0.000004052
     18        6          -0.000054413    0.000036941   -0.000032638
     19        1          -0.000014347    0.000009080   -0.000003295
     20        1          -0.000001443   -0.000000150    0.000007764
     21        1          -0.000000201   -0.000000705   -0.000010923
 -------------------------------------------------------------------
 Cartesian Forces:  Max     0.000258426 RMS     0.000055898
 IRC-IRC-IRC-IRC-IRC-IRC-IRC-IRC-IRC-IRC-IRC-IRC-IRC-IRC-IRC-IRC-IRC-IRC
 Error in corrector energy =           0.0000000151
 Magnitude of corrector gradient =     0.0004453631
 Magnitude of analytic gradient =      0.0004436775
 Magnitude of difference =             0.0000078620
 Angle between gradients (degrees)=    0.9898
 Pt 31 Step number   2 out of a maximum of  20
 Modified Bulirsch-Stoer Extrapolation Cycles:
    EPS =    0.000010000000000
      PEZero:  N= 2 I= 1 D=  3.88D-04 Err=  8.87D-03
      PEZero:  N= 3 I= 2 D=  3.88D-04 Err=  1.30D-02
      PEZero:  N= 3 I= 1 D=  7.75D-04 Err=  1.06D-02
      PEZero:  N= 4 I= 3 D=  1.94D-04 Err=  2.06D-02
      PEZero:  N= 4 I= 2 D=  5.81D-04 Err=  1.45D-02
      PEZero:  N= 4 I= 1 D=  9.69D-04 Err=  1.10D-02
      PEZero:  N= 5 I= 4 D=  1.94D-04 Err=  2.53D-02
      PEZero:  N= 5 I= 3 D=  3.88D-04 Err=  1.74D-02
      PEZero:  N= 5 I= 2 D=  7.75D-04 Err=  1.01D-02
      PEZero:  N= 5 I= 1 D=  1.16D-03 Err=  6.43D-03
      PEZero:  N= 6 I= 5 D=  9.69D-05 Err=  3.38D-03
      PEZero:  N= 6 I= 4 D=  2.91D-04 Err=  2.08D-02
      PEZero:  N= 7 I= 6 D=  9.69D-05 Err=  1.10D-04
      PEZero:  N= 7 I= 5 D=  1.94D-04 Err=  3.21D-03
      PEZero:  N= 8 I= 7 D=  4.84D-05 Err=  8.12D-05
      PEZero:  N= 8 I= 6 D=  1.45D-04 Err=  1.79D-06
      PEZero:  N= 8 I= 5 D=  2.42D-04 Err=  1.04D-02
 Maximum DWI energy   std dev =  0.000000927 at pt    34
 Maximum DWI gradient std dev =  0.942438102 at pt     2
 CORRECTOR INTEGRATION CONVERGENCE:
   Recorrection delta-x convergence threshold:    0.010000
   Delta-x Convergence Met
 Point Number:   1          Path Number:   2
   CHANGE IN THE REACTION COORDINATE =    0.14812
   NET REACTION COORDINATE UP TO THIS POINT =    0.14812
  # OF POINTS ALONG THE PATH =  31
  # OF STEPS =   2

 PES minimum detected on this side of the pathway.
    Magnitude of the gradient =      0.0001188
 Calculation of REVERSE path complete.
 Reaction path calculation complete.
 
 Energies reported relative to the TS energy of        -461.978554
 --------------------------------------------------------------------------
    Summary of reaction path following
 --------------------------------------------------------------------------
                        Energy    RxCoord
   1                   -0.00001  -0.14812
   2                    0.00000   0.00000
   3                   -0.00001   0.14717
   4                   -0.00005   0.29582
   5                   -0.00013   0.44454
   6                   -0.00027   0.59328
   7                   -0.00049   0.74203
   8                   -0.00081   0.89078
   9                   -0.00123   1.03954
  10                   -0.00179   1.18830
  11                   -0.00248   1.33706
  12                   -0.00332   1.48583
  13                   -0.00431   1.63459
  14                   -0.00544   1.78336
  15                   -0.00669   1.93213
  16                   -0.00805   2.08090
  17                   -0.00948   2.22966
  18                   -0.01095   2.37843
  19                   -0.01243   2.52719
  20                   -0.01387   2.67595
  21                   -0.01523   2.82470
  22                   -0.01647   2.97342
  23                   -0.01755   3.12208
  24                   -0.01845   3.27063
  25                   -0.01915   3.41899
  26                   -0.01970   3.56721
  27                   -0.02013   3.71550
  28                   -0.02048   3.86391
  29                   -0.02076   4.01242
  30                   -0.02098   4.16098
  31                   -0.02117   4.30951
  32                   -0.02132   4.45796
 --------------------------------------------------------------------------
 
 Total number of points:                   31
 Total number of gradient calculations:    34
 Total number of Hessian calculations:     32
 IRC-IRC-IRC-IRC-IRC-IRC-IRC-IRC-IRC-IRC-IRC-IRC-IRC-IRC-IRC-IRC-IRC-IRC
                          Input orientation:                          
 ---------------------------------------------------------------------
 Center     Atomic      Atomic             Coordinates (Angstroms)
 Number     Number       Type             X           Y           Z
 ---------------------------------------------------------------------
      1          6           0       -1.724144   -0.094165    0.069659
      2          6           0       -0.944030   -1.230906   -0.134815
      3          6           0        0.422524   -1.101340   -0.367577
      4          6           0        1.022554    0.181912   -0.448703
      5          6           0        0.235621    1.338375   -0.211312
      6          6           0       -1.111913    1.179810    0.058491
      7          8           0        2.406258   -0.265775    1.093899
      8          1           0       -1.724978    2.056938    0.241436
      9          8           0        1.204431   -2.197818   -0.457985
     10          1           0        1.780909   -0.297650    1.833736
     11          1           0        2.053840   -1.913536   -0.067223
     12          1           0        1.971062    0.283657   -0.956791
     13          6           0       -3.201892   -0.210600    0.340042
     14          1           0       -3.539054   -1.246813    0.288035
     15          1           0       -3.451854    0.178165    1.332551
     16          1           0       -3.778190    0.371495   -0.386043
     17          1           0       -1.371874   -2.224778   -0.078408
     18          6           0        0.894481    2.690245   -0.267238
     19          1           0        1.298153    2.889949   -1.265532
     20          1           0        0.194636    3.489891   -0.018829
     21          1           0        1.734095    2.728255    0.432512
 ---------------------------------------------------------------------
                    Distance matrix (angstroms):
                    1          2          3          4          5
     1  C    0.000000
     2  C    1.393760   0.000000
     3  C    2.411174   1.392277   0.000000
     4  C    2.808784   2.441727   1.418926   0.000000
     5  C    2.443725   2.828185   2.451848   1.418811   0.000000
     6  C    1.413494   2.424274   2.782028   2.410186   1.383396
     7  O    4.258959   3.696707   2.601784   2.120066   2.998088
     8  H    2.157951   3.400201   3.867478   3.397197   2.136648
     9  O    3.644216   2.378074   1.349746   2.386687   3.674792
    10  H    3.929220   3.488761   2.708672   2.452470   3.040841
    11  H    4.195474   3.075349   1.846907   2.366427   3.728485
    12  H    3.853685   3.386341   2.159481   1.080820   2.163312
    13  C    1.506786   2.522788   3.798755   4.315337   3.810487
    14  H    2.161061   2.629297   4.018095   4.836559   4.602251
    15  H    2.157323   3.229215   4.420224   4.815933   4.162581
    16  H    2.154904   3.265466   4.451470   4.804894   4.132320
    17  H    2.164609   1.083519   2.136726   3.415049   3.911236
    18  C    3.837139   4.332792   3.822163   2.518148   1.504918
    19  H    4.452185   4.825697   4.183711   2.841941   2.155861
    20  H    4.066326   4.857565   4.610093   3.436999   2.160498
    21  H    4.478519   4.813436   4.126276   2.786879   2.142825
                    6          7          8          9         10
     6  C    0.000000
     7  O    3.941993   0.000000
     8  H    1.085666   4.815474   0.000000
     9  O    4.128022   2.754182   5.212827   0.000000
    10  H    3.701730   0.969245   4.513396   3.032317   0.000000
    11  H    4.427932   2.046342   5.489936   0.977244   2.509825
    12  H    3.367286   2.167164   4.270946   2.644664   2.856766
    13  C    2.525970   5.658859   2.707901   4.899139   5.202596
    14  H    3.439797   6.079357   3.769325   4.895059   5.620686
    15  H    2.846375   5.879754   2.775324   5.525604   5.278200
    16  H    2.821350   6.390910   2.729492   5.606519   6.023185
    17  H    3.417242   4.414327   4.308141   2.604257   4.160548
    18  C    2.532416   3.588345   2.742516   4.901593   3.758638
    19  H    3.238214   4.093092   3.479106   5.152308   4.472057
    20  H    2.655093   4.498273   2.409567   5.793321   4.504855
    21  H    3.261492   3.139021   3.528790   5.033857   3.334924
                   11         12         13         14         15
    11  H    0.000000
    12  H    2.371885   0.000000
    13  C    5.539727   5.355886   0.000000
    14  H    5.643685   5.852632   1.090926   0.000000
    15  H    6.053697   5.887294   1.094848   1.768949   0.000000
    16  H    6.271808   5.778180   1.094602   1.769318   1.759954
    17  H    3.439842   4.270717   2.753358   2.405694   3.477248
    18  C    4.751728   2.725101   5.056082   5.955249   5.268824
    19  H    5.008040   2.709406   5.695760   6.551713   6.055277
    20  H    5.714542   3.783569   5.035755   6.039120   5.107901
    21  H    4.679550   2.821768   5.745380   6.605160   5.848683
                   16         17         18         19         20
    16  H    0.000000
    17  H    3.553256   0.000000
    18  C    5.217717   5.415670   0.000000
    19  H    5.734577   5.890564   1.095182   0.000000
    20  H    5.063851   5.925787   1.091294   1.769731   0.000000
    21  H    6.050589   5.868613   1.093639   1.760552   1.775875
                   21
    21  H    0.000000
 Symmetry turned off by external request.
 Stoichiometry    C8H11O2(2)
 Framework group  C1[X(C8H11O2)]
 Deg. of freedom    57
 Full point group                 C1      NOp   1
 Rotational constants (GHZ):           1.5919399           1.1935375           0.7595304

 **********************************************************************

            Population analysis using the SCF density.

 **********************************************************************

 Alpha  occ. eigenvalues --  -19.14320 -19.10624 -10.24839 -10.20381 -10.19775
 Alpha  occ. eigenvalues --  -10.19727 -10.17930 -10.17700 -10.17464 -10.17305
 Alpha  occ. eigenvalues --   -1.06733  -0.95028  -0.87229  -0.79896  -0.76479
 Alpha  occ. eigenvalues --   -0.70374  -0.69962  -0.61649  -0.59228  -0.53623
 Alpha  occ. eigenvalues --   -0.51325  -0.49177  -0.45131  -0.43849  -0.43157
 Alpha  occ. eigenvalues --   -0.42701  -0.42383  -0.41092  -0.40476  -0.40101
 Alpha  occ. eigenvalues --   -0.37683  -0.36469  -0.35622  -0.33158  -0.32191
 Alpha  occ. eigenvalues --   -0.28370  -0.24898  -0.21696
 Alpha virt. eigenvalues --   -0.01838  -0.01025   0.03741   0.05350   0.06404
 Alpha virt. eigenvalues --    0.07672   0.08642   0.08937   0.10449   0.11533
 Alpha virt. eigenvalues --    0.12905   0.13083   0.13780   0.16704   0.19920
 Alpha virt. eigenvalues --    0.20095   0.23289   0.25262   0.27100   0.28774
 Alpha virt. eigenvalues --    0.29560   0.30609   0.30912   0.33680   0.35283
 Alpha virt. eigenvalues --    0.36098   0.37281   0.39465   0.40096   0.41984
 Alpha virt. eigenvalues --    0.43212   0.44584   0.44778   0.47138   0.47484
 Alpha virt. eigenvalues --    0.48578   0.50500   0.52406   0.52779   0.53880
 Alpha virt. eigenvalues --    0.54292   0.55696   0.56277   0.56592   0.59229
 Alpha virt. eigenvalues --    0.59962   0.60674   0.61357   0.62419   0.64218
 Alpha virt. eigenvalues --    0.65966   0.66411   0.67695   0.69214   0.72757
 Alpha virt. eigenvalues --    0.77001   0.78450   0.81425   0.82505   0.83725
 Alpha virt. eigenvalues --    0.84806   0.86891   0.88506   0.88917   0.91351
 Alpha virt. eigenvalues --    0.93438   0.94217   0.96796   0.97541   0.98781
 Alpha virt. eigenvalues --    0.99724   1.02896   1.05066   1.08472   1.10418
 Alpha virt. eigenvalues --    1.15464   1.18623   1.22936   1.30229   1.30828
 Alpha virt. eigenvalues --    1.33061   1.35101   1.35813   1.37793   1.38849
 Alpha virt. eigenvalues --    1.42014   1.44164   1.44306   1.44941   1.45365
 Alpha virt. eigenvalues --    1.46648   1.48588   1.49283   1.50127   1.52104
 Alpha virt. eigenvalues --    1.54257   1.56498   1.57481   1.58347   1.59194
 Alpha virt. eigenvalues --    1.60230   1.64506   1.65426   1.67804   1.69263
 Alpha virt. eigenvalues --    1.70770   1.72680   1.75717   1.77042   1.80534
 Alpha virt. eigenvalues --    1.81635   1.83391   1.88065   1.90520   1.90605
 Alpha virt. eigenvalues --    1.91932   1.93383   1.95344   1.98624   1.99748
 Alpha virt. eigenvalues --    2.01618   2.02638   2.04004   2.07861   2.08969
 Alpha virt. eigenvalues --    2.11734   2.13029   2.18437   2.20351   2.23929
 Alpha virt. eigenvalues --    2.28275   2.30150   2.34702   2.35306   2.36813
 Alpha virt. eigenvalues --    2.36917   2.41246   2.42154   2.43271   2.46055
 Alpha virt. eigenvalues --    2.46998   2.49100   2.51023   2.52133   2.54531
 Alpha virt. eigenvalues --    2.55288   2.59337   2.60434   2.62447   2.63786
 Alpha virt. eigenvalues --    2.65216   2.67903   2.72823   2.74006   2.75687
 Alpha virt. eigenvalues --    2.80988   2.83357   2.84210   2.86595   2.89839
 Alpha virt. eigenvalues --    2.92519   2.93971   2.95854   3.02285   3.05134
 Alpha virt. eigenvalues --    3.07840   3.10073   3.13718   3.15272   3.17152
 Alpha virt. eigenvalues --    3.18917   3.21147   3.23729   3.33469   3.35573
 Alpha virt. eigenvalues --    3.44131   3.51255   3.57964   3.58904   3.63171
 Alpha virt. eigenvalues --    3.77146   3.77989   3.78518   3.80120   3.80653
 Alpha virt. eigenvalues --    3.82977   4.00968   4.06567   4.09524   4.29728
 Alpha virt. eigenvalues --    4.32834   4.79290   4.86284   4.87621   4.94534
 Alpha virt. eigenvalues --    5.34773   5.46151   5.68524  23.49364  23.83668
 Alpha virt. eigenvalues --   23.88231  23.92562  23.93845  24.00591  24.08493
 Alpha virt. eigenvalues --   24.14198  49.82076  49.92368
  Beta  occ. eigenvalues --  -19.14210 -19.08935 -10.24587 -10.20115 -10.19667
  Beta  occ. eigenvalues --  -10.19572 -10.17943 -10.17750 -10.17573 -10.17314
  Beta  occ. eigenvalues --   -1.06455  -0.90968  -0.86773  -0.79540  -0.76140
  Beta  occ. eigenvalues --   -0.70317  -0.69829  -0.61389  -0.58900  -0.53350
  Beta  occ. eigenvalues --   -0.51158  -0.49029  -0.44536  -0.43349  -0.42575
  Beta  occ. eigenvalues --   -0.42393  -0.42142  -0.41018  -0.39983  -0.39242
  Beta  occ. eigenvalues --   -0.37329  -0.36123  -0.34760  -0.32092  -0.27035
  Beta  occ. eigenvalues --   -0.26683  -0.24084
  Beta virt. eigenvalues --   -0.12174  -0.00228   0.00161   0.03821   0.05449
  Beta virt. eigenvalues --    0.06635   0.07739   0.08683   0.09101   0.10722
  Beta virt. eigenvalues --    0.11696   0.13006   0.13138   0.13828   0.17357
  Beta virt. eigenvalues --    0.20140   0.20279   0.23630   0.25411   0.27216
  Beta virt. eigenvalues --    0.28879   0.29644   0.30689   0.31019   0.33845
  Beta virt. eigenvalues --    0.35440   0.36215   0.37442   0.39666   0.40408
  Beta virt. eigenvalues --    0.42203   0.43388   0.44798   0.44893   0.47200
  Beta virt. eigenvalues --    0.47806   0.49161   0.50719   0.52570   0.53127
  Beta virt. eigenvalues --    0.54156   0.54735   0.56001   0.56369   0.56641
  Beta virt. eigenvalues --    0.59347   0.60073   0.60789   0.61417   0.62642
  Beta virt. eigenvalues --    0.64374   0.66154   0.66534   0.68143   0.69458
  Beta virt. eigenvalues --    0.73060   0.77363   0.78591   0.81669   0.82790
  Beta virt. eigenvalues --    0.84173   0.85708   0.87192   0.88945   0.90229
  Beta virt. eigenvalues --    0.91546   0.93758   0.94824   0.97096   0.98016
  Beta virt. eigenvalues --    0.99365   1.00215   1.03322   1.05475   1.08760
  Beta virt. eigenvalues --    1.10698   1.15786   1.19254   1.23417   1.30575
  Beta virt. eigenvalues --    1.30938   1.33334   1.35317   1.36006   1.37898
  Beta virt. eigenvalues --    1.39012   1.42244   1.44366   1.44573   1.45241
  Beta virt. eigenvalues --    1.45626   1.46863   1.48704   1.49431   1.50293
  Beta virt. eigenvalues --    1.52395   1.54355   1.56670   1.57601   1.58459
  Beta virt. eigenvalues --    1.59388   1.60599   1.64706   1.65684   1.67974
  Beta virt. eigenvalues --    1.69587   1.71002   1.72952   1.75983   1.77184
  Beta virt. eigenvalues --    1.80752   1.81861   1.83544   1.88350   1.90877
  Beta virt. eigenvalues --    1.90979   1.92190   1.93601   1.95535   1.98932
  Beta virt. eigenvalues --    2.00209   2.01901   2.02932   2.04163   2.08044
  Beta virt. eigenvalues --    2.09199   2.11875   2.13150   2.18528   2.20448
  Beta virt. eigenvalues --    2.24174   2.28491   2.30278   2.34841   2.35377
  Beta virt. eigenvalues --    2.36955   2.37073   2.41364   2.42397   2.43406
  Beta virt. eigenvalues --    2.46168   2.47275   2.49316   2.51143   2.52272
  Beta virt. eigenvalues --    2.54627   2.55455   2.59541   2.60618   2.62607
  Beta virt. eigenvalues --    2.64047   2.65229   2.68058   2.73033   2.74538
  Beta virt. eigenvalues --    2.76307   2.81069   2.84224   2.85863   2.86720
  Beta virt. eigenvalues --    2.90027   2.93193   2.94934   2.97649   3.02810
  Beta virt. eigenvalues --    3.07106   3.10163   3.10978   3.14848   3.16151
  Beta virt. eigenvalues --    3.18208   3.19152   3.22600   3.25133   3.33741
  Beta virt. eigenvalues --    3.35863   3.44369   3.51460   3.58058   3.59044
  Beta virt. eigenvalues --    3.63264   3.77249   3.78131   3.78740   3.80633
  Beta virt. eigenvalues --    3.81743   3.83020   4.01115   4.06752   4.09720
  Beta virt. eigenvalues --    4.29949   4.33074   4.79815   4.87089   4.90037
  Beta virt. eigenvalues --    4.99782   5.35032   5.47723   5.68712  23.49510
  Beta virt. eigenvalues --   23.83820  23.88400  23.92563  23.93913  24.00723
  Beta virt. eigenvalues --   24.08500  24.14245  49.83701  49.92554
          Condensed to atoms (all electrons):
               1          2          3          4          5          6
     1  C    5.081877   0.481927  -0.024486  -0.058309  -0.026902   0.469911
     2  C    0.481927   4.915272   0.481672  -0.018861  -0.053247  -0.042167
     3  C   -0.024486   0.481672   4.848494   0.325829  -0.000824  -0.055350
     4  C   -0.058309  -0.018861   0.325829   5.292453   0.298606  -0.037983
     5  C   -0.026902  -0.053247  -0.000824   0.298606   5.152153   0.526027
     6  C    0.469911  -0.042167  -0.055350  -0.037983   0.526027   4.887710
     7  O   -0.000786   0.001061  -0.011145   0.038921  -0.004387   0.001205
     8  H   -0.051269   0.007806  -0.000912   0.010046  -0.039317   0.419439
     9  O    0.005056  -0.055588   0.345506  -0.064378   0.009104  -0.000121
    10  H   -0.000723   0.001721   0.003341  -0.012620  -0.001927   0.001962
    11  H   -0.000024   0.002349  -0.046803  -0.018944   0.002109  -0.000435
    12  H   -0.001026   0.007189  -0.052787   0.426545  -0.034958   0.008026
    13  C    0.358909  -0.055290   0.007254  -0.000457   0.005850  -0.060209
    14  H   -0.034290  -0.006577   0.000859  -0.000102  -0.000271   0.006301
    15  H   -0.036163  -0.000092  -0.000325   0.000014   0.000337  -0.004062
    16  H   -0.037446   0.002202  -0.000492   0.000139   0.000083  -0.004741
    17  H   -0.039299   0.406625  -0.043596   0.011923  -0.002343   0.009240
    18  C    0.007744  -0.000547   0.004646  -0.050817   0.355402  -0.061337
    19  H   -0.000379   0.000054   0.000085  -0.003642  -0.036040   0.001311
    20  H    0.000654   0.000021  -0.000273   0.006945  -0.035605  -0.008034
    21  H   -0.000225   0.000004  -0.000080  -0.009583  -0.035349   0.001570
               7          8          9         10         11         12
     1  C   -0.000786  -0.051269   0.005056  -0.000723  -0.000024  -0.001026
     2  C    0.001061   0.007806  -0.055588   0.001721   0.002349   0.007189
     3  C   -0.011145  -0.000912   0.345506   0.003341  -0.046803  -0.052787
     4  C    0.038921   0.010046  -0.064378  -0.012620  -0.018944   0.426545
     5  C   -0.004387  -0.039317   0.009104  -0.001927   0.002109  -0.034958
     6  C    0.001205   0.419439  -0.000121   0.001962  -0.000435   0.008026
     7  O    8.145322   0.000017  -0.020142   0.262019   0.054642  -0.013425
     8  H    0.000017   0.583490   0.000009   0.000005  -0.000008  -0.000268
     9  O   -0.020142   0.000009   7.804616   0.001872   0.319345   0.001206
    10  H    0.262019   0.000005   0.001872   0.506919  -0.006026   0.001860
    11  H    0.054642  -0.000008   0.319345  -0.006026   0.441861  -0.001332
    12  H   -0.013425  -0.000268   0.001206   0.001860  -0.001332   0.519072
    13  C   -0.000003  -0.004519  -0.000098  -0.000013   0.000034   0.000041
    14  H   -0.000001  -0.000021  -0.000025   0.000000   0.000001  -0.000003
    15  H    0.000000   0.000774   0.000005   0.000004  -0.000002  -0.000004
    16  H    0.000000   0.001649   0.000002  -0.000001  -0.000001   0.000002
    17  H    0.000066  -0.000256   0.005411   0.000048  -0.000690  -0.000319
    18  C   -0.002978  -0.010607  -0.000116  -0.000271   0.000101  -0.004415
    19  H   -0.000272   0.000062  -0.000009   0.000078   0.000009   0.001530
    20  H   -0.000067   0.004059   0.000002   0.000003   0.000003   0.000060
    21  H    0.010430   0.000055   0.000038  -0.000671  -0.000248   0.000467
              13         14         15         16         17         18
     1  C    0.358909  -0.034290  -0.036163  -0.037446  -0.039299   0.007744
     2  C   -0.055290  -0.006577  -0.000092   0.002202   0.406625  -0.000547
     3  C    0.007254   0.000859  -0.000325  -0.000492  -0.043596   0.004646
     4  C   -0.000457  -0.000102   0.000014   0.000139   0.011923  -0.050817
     5  C    0.005850  -0.000271   0.000337   0.000083  -0.002343   0.355402
     6  C   -0.060209   0.006301  -0.004062  -0.004741   0.009240  -0.061337
     7  O   -0.000003  -0.000001   0.000000   0.000000   0.000066  -0.002978
     8  H   -0.004519  -0.000021   0.000774   0.001649  -0.000256  -0.010607
     9  O   -0.000098  -0.000025   0.000005   0.000002   0.005411  -0.000116
    10  H   -0.000013   0.000000   0.000004  -0.000001   0.000048  -0.000271
    11  H    0.000034   0.000001  -0.000002  -0.000001  -0.000690   0.000101
    12  H    0.000041  -0.000003  -0.000004   0.000002  -0.000319  -0.004415
    13  C    4.804807   0.408456   0.401531   0.402242  -0.010775  -0.000214
    14  H    0.408456   0.561905  -0.025999  -0.025993   0.002906   0.000013
    15  H    0.401531  -0.025999   0.565762  -0.029506   0.000132  -0.000005
    16  H    0.402242  -0.025993  -0.029506   0.563946   0.000306  -0.000007
    17  H   -0.010775   0.002906   0.000132   0.000306   0.563581   0.000049
    18  C   -0.000214   0.000013  -0.000005  -0.000007   0.000049   4.813007
    19  H    0.000015  -0.000001   0.000003  -0.000006  -0.000003   0.399186
    20  H   -0.000036   0.000002   0.000001  -0.000005  -0.000003   0.407933
    21  H    0.000017   0.000000  -0.000004   0.000002  -0.000002   0.397197
              19         20         21
     1  C   -0.000379   0.000654  -0.000225
     2  C    0.000054   0.000021   0.000004
     3  C    0.000085  -0.000273  -0.000080
     4  C   -0.003642   0.006945  -0.009583
     5  C   -0.036040  -0.035605  -0.035349
     6  C    0.001311  -0.008034   0.001570
     7  O   -0.000272  -0.000067   0.010430
     8  H    0.000062   0.004059   0.000055
     9  O   -0.000009   0.000002   0.000038
    10  H    0.000078   0.000003  -0.000671
    11  H    0.000009   0.000003  -0.000248
    12  H    0.001530   0.000060   0.000467
    13  C    0.000015  -0.000036   0.000017
    14  H   -0.000001   0.000002   0.000000
    15  H    0.000003   0.000001  -0.000004
    16  H   -0.000006  -0.000005   0.000002
    17  H   -0.000003  -0.000003  -0.000002
    18  C    0.399186   0.407933   0.397197
    19  H    0.571687  -0.026880  -0.029613
    20  H   -0.026880   0.571417  -0.025780
    21  H   -0.029613  -0.025780   0.556977
          Atomic-Atomic Spin Densities.
               1          2          3          4          5          6
     1  C    0.207657  -0.005237  -0.009653  -0.003083  -0.008551   0.022995
     2  C   -0.005237  -0.093645   0.008818  -0.000467   0.001046  -0.000284
     3  C   -0.009653   0.008818   0.169008   0.035021   0.000838  -0.001305
     4  C   -0.003083  -0.000467   0.035021   0.018173   0.035104  -0.003335
     5  C   -0.008551   0.001046   0.000838   0.035104   0.131409  -0.020752
     6  C    0.022995  -0.000284  -0.001305  -0.003335  -0.020752  -0.045115
     7  O    0.000319  -0.000168  -0.015640  -0.084797  -0.006986   0.000920
     8  H    0.000009   0.000025  -0.000036   0.000036  -0.000219   0.000349
     9  O    0.000117   0.000231  -0.025110   0.001397  -0.000242   0.000031
    10  H   -0.000291  -0.000030   0.001716   0.006132   0.001240  -0.000491
    11  H   -0.000072  -0.000088  -0.001011   0.001901  -0.000068   0.000026
    12  H    0.000105   0.000227  -0.001111   0.007948  -0.001983   0.000233
    13  C   -0.008058   0.000730  -0.000017  -0.000116   0.000132  -0.000072
    14  H   -0.000376   0.000169   0.000002   0.000005  -0.000008  -0.000019
    15  H   -0.004756   0.000033   0.000069  -0.000040   0.000139  -0.000725
    16  H   -0.003900   0.000194   0.000012   0.000083   0.000045  -0.000351
    17  H    0.000019  -0.000254   0.000177   0.000028  -0.000018  -0.000009
    18  C   -0.000043   0.000022  -0.000321   0.001596  -0.006745   0.001513
    19  H    0.000058  -0.000006  -0.000014  -0.000278  -0.003072   0.000295
    20  H    0.000017   0.000001  -0.000001  -0.000067  -0.000411   0.000100
    21  H    0.000014   0.000002  -0.000015  -0.001827  -0.001345   0.000121
               7          8          9         10         11         12
     1  C    0.000319   0.000009   0.000117  -0.000291  -0.000072   0.000105
     2  C   -0.000168   0.000025   0.000231  -0.000030  -0.000088   0.000227
     3  C   -0.015640  -0.000036  -0.025110   0.001716  -0.001011  -0.001111
     4  C   -0.084797   0.000036   0.001397   0.006132   0.001901   0.007948
     5  C   -0.006986  -0.000219  -0.000242   0.001240  -0.000068  -0.001983
     6  C    0.000920   0.000349   0.000031  -0.000491   0.000026   0.000233
     7  O    0.728810   0.000027   0.002549  -0.002164  -0.003760  -0.009317
     8  H    0.000027   0.001353   0.000000  -0.000017  -0.000001  -0.000015
     9  O    0.002549   0.000000   0.052150  -0.000575   0.002651   0.000589
    10  H   -0.002164  -0.000017  -0.000575  -0.017527   0.000339   0.000568
    11  H   -0.003760  -0.000001   0.002651   0.000339  -0.002377   0.000036
    12  H   -0.009317  -0.000015   0.000589   0.000568   0.000036   0.016658
    13  C   -0.000002  -0.000028  -0.000001   0.000010   0.000000   0.000004
    14  H    0.000000   0.000000  -0.000001   0.000000   0.000000   0.000000
    15  H   -0.000003  -0.000183  -0.000001   0.000010   0.000001   0.000002
    16  H    0.000001   0.000136   0.000000  -0.000002   0.000000  -0.000003
    17  H    0.000037   0.000003   0.000017  -0.000025  -0.000001  -0.000010
    18  C    0.000075   0.000114   0.000001  -0.000055  -0.000011   0.000658
    19  H   -0.000189  -0.000047   0.000003   0.000025   0.000004   0.000392
    20  H   -0.000009  -0.000063   0.000000   0.000003   0.000000   0.000014
    21  H    0.000684   0.000077  -0.000003  -0.000203   0.000024  -0.000640
              13         14         15         16         17         18
     1  C   -0.008058  -0.000376  -0.004756  -0.003900   0.000019  -0.000043
     2  C    0.000730   0.000169   0.000033   0.000194  -0.000254   0.000022
     3  C   -0.000017   0.000002   0.000069   0.000012   0.000177  -0.000321
     4  C   -0.000116   0.000005  -0.000040   0.000083   0.000028   0.001596
     5  C    0.000132  -0.000008   0.000139   0.000045  -0.000018  -0.006745
     6  C   -0.000072  -0.000019  -0.000725  -0.000351  -0.000009   0.001513
     7  O   -0.000002   0.000000  -0.000003   0.000001   0.000037   0.000075
     8  H   -0.000028   0.000000  -0.000183   0.000136   0.000003   0.000114
     9  O   -0.000001  -0.000001  -0.000001   0.000000   0.000017   0.000001
    10  H    0.000010   0.000000   0.000010  -0.000002  -0.000025  -0.000055
    11  H    0.000000   0.000000   0.000001   0.000000  -0.000001  -0.000011
    12  H    0.000004   0.000000   0.000002  -0.000003  -0.000010   0.000658
    13  C   -0.013183   0.000594   0.003825   0.001899   0.000013   0.000002
    14  H    0.000594   0.000057  -0.000150  -0.000043  -0.000017   0.000000
    15  H    0.003825  -0.000150   0.013412  -0.003249  -0.000047   0.000000
    16  H    0.001899  -0.000043  -0.003249   0.013656   0.000037  -0.000003
    17  H    0.000013  -0.000017  -0.000047   0.000037   0.003577  -0.000001
    18  C    0.000002   0.000000   0.000000  -0.000003  -0.000001  -0.010072
    19  H    0.000001   0.000000   0.000001  -0.000003   0.000000   0.003264
    20  H    0.000000   0.000000   0.000002  -0.000002   0.000000   0.000671
    21  H   -0.000002   0.000000  -0.000003   0.000002   0.000001   0.001587
              19         20         21
     1  C    0.000058   0.000017   0.000014
     2  C   -0.000006   0.000001   0.000002
     3  C   -0.000014  -0.000001  -0.000015
     4  C   -0.000278  -0.000067  -0.001827
     5  C   -0.003072  -0.000411  -0.001345
     6  C    0.000295   0.000100   0.000121
     7  O   -0.000189  -0.000009   0.000684
     8  H   -0.000047  -0.000063   0.000077
     9  O    0.000003   0.000000  -0.000003
    10  H    0.000025   0.000003  -0.000203
    11  H    0.000004   0.000000   0.000024
    12  H    0.000392   0.000014  -0.000640
    13  C    0.000001   0.000000  -0.000002
    14  H    0.000000   0.000000   0.000000
    15  H    0.000001   0.000002  -0.000003
    16  H   -0.000003  -0.000002   0.000002
    17  H    0.000000   0.000000   0.000001
    18  C    0.003264   0.000671   0.001587
    19  H    0.005772   0.000042  -0.001775
    20  H    0.000042  -0.000188  -0.000162
    21  H   -0.001775  -0.000162   0.007030
 Mulliken charges and spin densities:
               1          2
     1  C   -0.094751   0.187289
     2  C   -0.075534  -0.088680
     3  C    0.219385   0.161429
     4  C   -0.135725   0.013414
     5  C   -0.078500   0.119552
     6  C   -0.058263  -0.045874
     7  O   -0.460477   0.610387
     8  H    0.079767   0.001520
     9  O   -0.351695   0.033804
    10  H    0.242423  -0.011337
    11  H    0.254062  -0.002406
    12  H    0.142540   0.014357
    13  C   -0.257541  -0.014270
    14  H    0.112841   0.000213
    15  H    0.127600   0.008335
    16  H    0.127624   0.008506
    17  H    0.096999   0.003528
    18  C   -0.253963  -0.007750
    19  H    0.122827   0.004472
    20  H    0.105582  -0.000054
    21  H    0.134800   0.003566
 Sum of Mulliken charges =   0.00000   1.00000
 Mulliken charges and spin densities with hydrogens summed into heavy atoms:
               1          2
     1  C   -0.094751   0.187289
     2  C    0.021466  -0.085152
     3  C    0.219385   0.161429
     4  C    0.006815   0.027771
     5  C   -0.078500   0.119552
     6  C    0.021504  -0.044354
     7  O   -0.218055   0.599050
     9  O   -0.097633   0.031398
    13  C    0.110523   0.002784
    18  C    0.109246   0.000234
 APT charges:
               1
     1  C    0.073648
     2  C   -0.511833
     3  C   -0.083095
     4  C   -0.537374
     5  C   -0.019619
     6  C   -0.551509
     7  O   -0.554136
     8  H    0.503002
     9  O   -0.258931
    10  H    0.290866
    11  H    0.471149
    12  H    0.506021
    13  C   -1.287251
    14  H    0.461175
    15  H    0.427328
    16  H    0.485763
    17  H    0.500472
    18  C   -1.206793
    19  H    0.439939
    20  H    0.479039
    21  H    0.372141
 Sum of APT charges =   0.00000
 APT charges with hydrogens summed into heavy atoms:
               1
     1  C    0.073648
     2  C   -0.011362
     3  C   -0.083095
     4  C   -0.031353
     5  C   -0.019619
     6  C   -0.048507
     7  O   -0.263271
     9  O    0.212218
    13  C    0.087014
    18  C    0.084327
 Electronic spatial extent (au):  <R**2>=           1585.1091
 Charge=              0.0000 electrons
 Dipole moment (field-independent basis, Debye):
    X=             -2.3972    Y=              1.4742    Z=              0.2540  Tot=              2.8256
 Quadrupole moment (field-independent basis, Debye-Ang):
   XX=            -60.0256   YY=            -59.8715   ZZ=            -60.1709
   XY=              0.9070   XZ=             -3.1678   YZ=             -1.8588
 Traceless Quadrupole moment (field-independent basis, Debye-Ang):
   XX=             -0.0029   YY=              0.1511   ZZ=             -0.1482
   XY=              0.9070   XZ=             -3.1678   YZ=             -1.8588
 Octapole moment (field-independent basis, Debye-Ang**2):
  XXX=             -5.0827  YYY=             -2.4292  ZZZ=              9.2381  XYY=              3.3535
  XXY=             -9.4779  XXZ=             -7.2503  XZZ=             10.5808  YZZ=             -5.1151
  YYZ=              4.0915  XYZ=             -3.2436
 Hexadecapole moment (field-independent basis, Debye-Ang**3):
 XXXX=          -1113.6109 YYYY=           -827.3408 ZZZZ=           -145.9160 XXXY=            -27.5254
 XXXZ=            -25.9072 YYYX=             -1.5877 YYYZ=             -6.4201 ZZZX=             13.4115
 ZZZY=             -2.2269 XXYY=           -298.6498 XXZZ=           -210.1681 YYZZ=           -169.3444
 XXYZ=             -1.3341 YYXZ=              4.7722 ZZXY=             -3.9103
 N-N= 5.208830606257D+02 E-N=-2.120123631385D+03  KE= 4.602217123495D+02
  Exact polarizability:   0.000   0.000   0.000   0.000   0.000   0.000
 Approx polarizability: 231.702  -9.207 173.382  13.123   3.004 109.884
                          Isotropic Fermi Contact Couplings
        Atom                 a.u.       MegaHertz       Gauss      10(-4) cm-1
     1  C(13)              0.01221      13.72185       4.89630       4.57712
     2  C(13)             -0.01188     -13.35250      -4.76450      -4.45392
     3  C(13)              0.00875       9.83155       3.50814       3.27945
     4  C(13)              0.02361      26.54197       9.47084       8.85345
     5  C(13)              0.00506       5.68355       2.02803       1.89583
     6  C(13)             -0.00846      -9.50518      -3.39168      -3.17059
     7  O(17)              0.08058     -48.84803     -17.43019     -16.29395
     8  H(1)               0.00035       1.54265       0.55046       0.51457
     9  O(17)              0.00591      -3.57967      -1.27731      -1.19405
    10  H(1)              -0.00915     -40.90376     -14.59548     -13.64403
    11  H(1)               0.00107       4.77410       1.70352       1.59247
    12  H(1)               0.00941      42.05478      15.00619      14.02796
    13  C(13)             -0.00579      -6.50828      -2.32232      -2.17093
    14  H(1)               0.00008       0.35436       0.12644       0.11820
    15  H(1)               0.00465      20.79489       7.42013       6.93643
    16  H(1)               0.00453      20.23363       7.21986       6.74921
    17  H(1)               0.00083       3.70389       1.32164       1.23548
    18  C(13)             -0.00381      -4.28404      -1.52865      -1.42900
    19  H(1)               0.00262      11.70558       4.17684       3.90456
    20  H(1)              -0.00001      -0.02660      -0.00949      -0.00887
    21  H(1)               0.00242      10.81300       3.85835       3.60683
 --------------------------------------------------------
       Center         ----  Spin Dipole Couplings  ----
                      3XX-RR        3YY-RR        3ZZ-RR
 --------------------------------------------------------
     1   Atom       -0.089574     -0.107742      0.197317
     2   Atom        0.042270      0.034540     -0.076811
     3   Atom       -0.096084     -0.103036      0.199120
     4   Atom        0.021076     -0.040859      0.019784
     5   Atom       -0.066979     -0.065322      0.132302
     6   Atom        0.014580      0.012736     -0.027316
     7   Atom        0.784108     -0.967107      0.182999
     8   Atom        0.000111      0.003132     -0.003243
     9   Atom       -0.091722     -0.096603      0.188325
    10   Atom        0.019717     -0.079033      0.059315
    11   Atom       -0.000530      0.005601     -0.005071
    12   Atom       -0.005133     -0.009524      0.014657
    13   Atom        0.002213     -0.005339      0.003126
    14   Atom        0.002093     -0.000404     -0.001689
    15   Atom        0.002740     -0.002172     -0.000568
    16   Atom        0.003726     -0.001729     -0.001997
    17   Atom        0.004903     -0.001235     -0.003668
    18   Atom       -0.004134      0.004193     -0.000059
    19   Atom       -0.001941      0.003086     -0.001145
    20   Atom       -0.001546      0.003426     -0.001880
    21   Atom       -0.002273      0.006052     -0.003779
 --------------------------------------------------------
                        XY            XZ            YZ
 --------------------------------------------------------
     1   Atom       -0.005064      0.060405     -0.030991
     2   Atom       -0.000219     -0.015378      0.004178
     3   Atom        0.005886      0.056088      0.024020
     4   Atom       -0.008039      0.075029     -0.011740
     5   Atom       -0.003920      0.032806     -0.005502
     6   Atom        0.001909     -0.012824      0.002178
     7   Atom       -0.782274      1.724365     -0.650122
     8   Atom       -0.000416     -0.000208      0.000005
     9   Atom        0.003383     -0.051270     -0.005143
    10   Atom       -0.005485     -0.069779     -0.015574
    11   Atom        0.003338      0.004882      0.011941
    12   Atom        0.000449     -0.008048     -0.006250
    13   Atom        0.000990      0.001269     -0.000836
    14   Atom        0.002339     -0.000169     -0.000315
    15   Atom       -0.000435     -0.002374      0.000763
    16   Atom       -0.001004      0.000817     -0.000656
    17   Atom       -0.000297     -0.000490      0.000835
    18   Atom       -0.001067      0.001673     -0.002272
    19   Atom        0.000788     -0.000235     -0.002757
    20   Atom       -0.001411      0.000285     -0.000118
    21   Atom        0.000382      0.001202     -0.000486
 --------------------------------------------------------


 ---------------------------------------------------------------------------------
              Anisotropic Spin Dipole Couplings in Principal Axis System
 ---------------------------------------------------------------------------------

       Atom             a.u.   MegaHertz   Gauss  10(-4) cm-1        Axes

              Baa    -0.1110   -14.890    -5.313    -4.967 -0.1042  0.9873  0.1197
     1 C(13)  Bbb    -0.1016   -13.637    -4.866    -4.549  0.9749  0.1252 -0.1840
              Bcc     0.2126    28.528    10.179     9.516  0.1967 -0.0975  0.9756
 
              Baa    -0.0789   -10.589    -3.779    -3.532  0.1257 -0.0363  0.9914
     2 C(13)  Bbb     0.0346     4.647     1.658     1.550  0.0812  0.9964  0.0261
              Bcc     0.0443     5.942     2.120     1.982  0.9887 -0.0772 -0.1282
 
              Baa    -0.1073   -14.397    -5.137    -4.802  0.8411 -0.5290 -0.1125
     3 C(13)  Bbb    -0.1041   -13.965    -4.983    -4.658  0.5099  0.8450 -0.1613
              Bcc     0.2114    28.362    10.120     9.461  0.1804  0.0783  0.9805
 
              Baa    -0.0552    -7.401    -2.641    -2.469 -0.6762  0.2017  0.7086
     4 C(13)  Bbb    -0.0417    -5.599    -1.998    -1.868  0.2131  0.9742 -0.0740
              Bcc     0.0969    13.000     4.639     4.336  0.7053 -0.1010  0.7017
 
              Baa    -0.0734    -9.847    -3.514    -3.285  0.9244  0.3555 -0.1379
     5 C(13)  Bbb    -0.0644    -8.637    -3.082    -2.881 -0.3467  0.9342  0.0840
              Bcc     0.1377    18.484     6.596     6.166  0.1587 -0.0298  0.9869
 
              Baa    -0.0311    -4.171    -1.488    -1.391  0.2722 -0.0596  0.9604
     6 C(13)  Bbb     0.0126     1.693     0.604     0.565 -0.1937  0.9743  0.1153
              Bcc     0.0185     2.479     0.884     0.827  0.9426  0.2174 -0.2536
 
              Baa    -1.2708    91.954    32.811    30.672  0.6478  0.5577 -0.5190
     7 O(17)  Bbb    -1.2590    91.099    32.506    30.387 -0.1995  0.7816  0.5910
              Bcc     2.5298  -183.053   -65.318   -61.060  0.7352 -0.2793  0.6176
 
              Baa    -0.0033    -1.737    -0.620    -0.579  0.0622  0.0032  0.9981
     8 H(1)   Bbb     0.0001     0.036     0.013     0.012  0.9890  0.1344 -0.0620
              Bcc     0.0032     1.701     0.607     0.567 -0.1344  0.9909  0.0052
 
              Baa    -0.1019     7.377     2.632     2.461  0.8942 -0.4216  0.1505
     9 O(17)  Bbb    -0.0956     6.916     2.468     2.307  0.4121  0.9066  0.0908
              Bcc     0.1975   -14.293    -5.100    -4.768 -0.1747 -0.0192  0.9844
 
              Baa    -0.0832   -44.409   -15.846   -14.813  0.1836  0.9634  0.1951
    10 H(1)   Bbb    -0.0293   -15.609    -5.570    -5.207  0.7797 -0.2636  0.5679
              Bcc     0.1125    60.018    21.416    20.020 -0.5986 -0.0479  0.7996
 
              Baa    -0.0133    -7.076    -2.525    -2.360 -0.1925 -0.5003  0.8442
    11 H(1)   Bbb    -0.0020    -1.063    -0.379    -0.354  0.9241 -0.3818 -0.0156
              Bcc     0.0153     8.138     2.904     2.715  0.3301  0.7771  0.5359
 
              Baa    -0.0116    -6.168    -2.201    -2.057  0.3307  0.8900  0.3137
    12 H(1)   Bbb    -0.0072    -3.867    -1.380    -1.290  0.8896 -0.4050  0.2113
              Bcc     0.0188    10.035     3.581     3.347 -0.3151 -0.2092  0.9257
 
              Baa    -0.0056    -0.749    -0.267    -0.250 -0.1436  0.9829  0.1153
    13 C(13)  Bbb     0.0016     0.210     0.075     0.070  0.8090  0.1837 -0.5583
              Bcc     0.0040     0.539     0.192     0.180  0.5700 -0.0131  0.8216
 
              Baa    -0.0019    -1.038    -0.371    -0.346 -0.3795  0.6991  0.6060
    14 H(1)   Bbb    -0.0016    -0.836    -0.298    -0.279  0.3535 -0.4957  0.7933
              Bcc     0.0035     1.875     0.669     0.625  0.8550  0.5153 -0.0590
 
              Baa    -0.0026    -1.364    -0.487    -0.455 -0.1623  0.8408 -0.5164
    15 H(1)   Bbb    -0.0015    -0.806    -0.288    -0.269  0.4546  0.5282  0.7172
              Bcc     0.0041     2.170     0.774     0.724  0.8758 -0.1183 -0.4680
 
              Baa    -0.0025    -1.351    -0.482    -0.451  0.0004  0.6326  0.7745
    16 H(1)   Bbb    -0.0015    -0.808    -0.288    -0.269  0.2399  0.7518 -0.6142
              Bcc     0.0040     2.159     0.770     0.720  0.9708 -0.1860  0.1515
 
              Baa    -0.0039    -2.104    -0.751    -0.702  0.0432 -0.2900  0.9560
    17 H(1)   Bbb    -0.0010    -0.537    -0.192    -0.179  0.0718  0.9554  0.2866
              Bcc     0.0050     2.641     0.942     0.881  0.9965 -0.0562 -0.0621
 
              Baa    -0.0047    -0.636    -0.227    -0.212  0.9459  0.0308 -0.3230
    18 C(13)  Bbb    -0.0007    -0.097    -0.035    -0.032  0.2751  0.4517  0.8487
              Bcc     0.0055     0.733     0.262     0.245 -0.1720  0.8917 -0.4188
 
              Baa    -0.0025    -1.356    -0.484    -0.452 -0.2613  0.4539  0.8519
    19 H(1)   Bbb    -0.0020    -1.070    -0.382    -0.357  0.9573  0.0085  0.2891
              Bcc     0.0045     2.426     0.866     0.809  0.1240  0.8910 -0.4367
 
              Baa    -0.0021    -1.146    -0.409    -0.382  0.7119  0.1658 -0.6824
    20 H(1)   Bbb    -0.0017    -0.884    -0.315    -0.295  0.6537  0.1984  0.7303
              Bcc     0.0038     2.030     0.724     0.677 -0.2565  0.9660 -0.0328
 
              Baa    -0.0045    -2.390    -0.853    -0.797 -0.4853  0.0579  0.8725
    21 H(1)   Bbb    -0.0016    -0.858    -0.306    -0.286  0.8735 -0.0127  0.4867
              Bcc     0.0061     3.249     1.159     1.084  0.0393  0.9982 -0.0444
 

 ---------------------------------------------------------------------------------


 This type of calculation cannot be archived.


 THE PROBLEM WITH THE LADDER OF SUCCESS IS YOU CAN'T
 CLIMB IT WHILE YOU'RE TWIDDLING YOUR THUMBS.
 Job cpu time:       0 days  1 hours 53 minutes 25.0 seconds.
 Elapsed time:       0 days  1 hours 53 minutes  0.4 seconds.
 File lengths (MBytes):  RWF=    253 Int=      0 D2E=      0 Chk=     11 Scr=      1
 Normal termination of Gaussian 16 at Tue Jan 13 18:30:02 2026.
