 Entering Link 1 = D:\Gaussian\G16W\l1.exe PID=     58404.
  
 Copyright (c) 1988,1990,1992,1993,1995,1998,2003,2009,2016,
            Gaussian, Inc.  All Rights Reserved.
  
 This is part of the Gaussian(R) 16 program.  It is based on
 the Gaussian(R) 09 system (copyright 2009, Gaussian, Inc.),
 the Gaussian(R) 03 system (copyright 2003, Gaussian, Inc.),
 the Gaussian(R) 98 system (copyright 1998, Gaussian, Inc.),
 the Gaussian(R) 94 system (copyright 1995, Gaussian, Inc.),
 the Gaussian 92(TM) system (copyright 1992, Gaussian, Inc.),
 the Gaussian 90(TM) system (copyright 1990, Gaussian, Inc.),
 the Gaussian 88(TM) system (copyright 1988, Gaussian, Inc.),
 the Gaussian 86(TM) system (copyright 1986, Carnegie Mellon
 University), and the Gaussian 82(TM) system (copyright 1983,
 Carnegie Mellon University). Gaussian is a federally registered
 trademark of Gaussian, Inc.
  
 This software contains proprietary and confidential information,
 including trade secrets, belonging to Gaussian, Inc.
  
 This software is provided under written license and may be
 used, copied, transmitted, or stored only in accord with that
 written license.
  
 The following legend is applicable only to US Government
 contracts under FAR:
  
                    RESTRICTED RIGHTS LEGEND
  
 Use, reproduction and disclosure by the US Government is
 subject to restrictions as set forth in subparagraphs (a)
 and (c) of the Commercial Computer Software - Restricted
 Rights clause in FAR 52.227-19.
  
 Gaussian, Inc.
 340 Quinnipiac St., Bldg. 40, Wallingford CT 06492
  
  
 ---------------------------------------------------------------
 Warning -- This program may not be used in any manner that
 competes with the business of Gaussian, Inc. or will provide
 assistance to any competitor of Gaussian, Inc.  The licensee
 of this program is prohibited from giving any competitor of
 Gaussian, Inc. access to this program.  By using this program,
 the user acknowledges that Gaussian, Inc. is engaged in the
 business of creating and licensing software in the field of
 computational chemistry and represents and warrants to the
 licensee that it is not a competitor of Gaussian, Inc. and that
 it will not use this program in any manner prohibited above.
 ---------------------------------------------------------------
  

 Cite this work as:
 Gaussian 16, Revision A.03,
 M. J. Frisch, G. W. Trucks, H. B. Schlegel, G. E. Scuseria, 
 M. A. Robb, J. R. Cheeseman, G. Scalmani, V. Barone, 
 G. A. Petersson, H. Nakatsuji, X. Li, M. Caricato, A. V. Marenich, 
 J. Bloino, B. G. Janesko, R. Gomperts, B. Mennucci, H. P. Hratchian, 
 J. V. Ortiz, A. F. Izmaylov, J. L. Sonnenberg, D. Williams-Young, 
 F. Ding, F. Lipparini, F. Egidi, J. Goings, B. Peng, A. Petrone, 
 T. Henderson, D. Ranasinghe, V. G. Zakrzewski, J. Gao, N. Rega, 
 G. Zheng, W. Liang, M. Hada, M. Ehara, K. Toyota, R. Fukuda, 
 J. Hasegawa, M. Ishida, T. Nakajima, Y. Honda, O. Kitao, H. Nakai, 
 T. Vreven, K. Throssell, J. A. Montgomery, Jr., J. E. Peralta, 
 F. Ogliaro, M. J. Bearpark, J. J. Heyd, E. N. Brothers, K. N. Kudin, 
 V. N. Staroverov, T. A. Keith, R. Kobayashi, J. Normand, 
 K. Raghavachari, A. P. Rendell, J. C. Burant, S. S. Iyengar, 
 J. Tomasi, M. Cossi, J. M. Millam, M. Klene, C. Adamo, R. Cammi, 
 J. W. Ochterski, R. L. Martin, K. Morokuma, O. Farkas, 
 J. B. Foresman, and D. J. Fox, Gaussian, Inc., Wallingford CT, 2016.
 
 ******************************************
 Gaussian 16:  EM64W-G16RevA.03 17-Dec-2016
                13-Jan-2026 
 ******************************************
 %nprocshared=20
 Will use up to   20 processors via shared memory.
 %mem=58339MB
 %chk=SR-12-ts-SR-13.chk
 ----------------------------------------------------------------------
 # irc=(calcfc,stepsize=5,recalc=5) ub3lyp/6-311g(d,p) geom=connectivit
 y
 ----------------------------------------------------------------------
 1/10=4,18=10,26=3,38=1,39=5,44=3,57=2,71=5,172=1/1,23;
 2/12=2,17=6,18=5,29=1,40=1/2;
 3/5=4,6=6,7=101,11=2,25=1,30=1,71=2,74=-5,116=2,140=1/1,2,3;
 4//1;
 5/5=2,38=5/2;
 8/6=4,10=90,11=11/1;
 11/6=1,8=1,9=11,15=111,16=1/1,2,10;
 10/6=1,13=1/2;
 6/7=2,8=2,9=2,10=2,28=1/1;
 7/10=1,18=20,25=1/1,2,3,16;
 1/10=4,18=10,26=3,39=5,44=3,71=5/23(2);
 2/29=1/2;
 99/5=20/99;
 2/29=1/2;
 3/5=4,6=6,7=101,11=2,25=1,30=1,71=2,74=-5,116=2,140=1/1,2,3;
 4/5=5,16=3,69=1/1;
 5/5=2,38=5/2;
 8/6=4,10=90,11=11/1;
 11/6=1,8=1,9=11,15=111,16=1/1,2,10;
 10/6=1,13=1/2;
 7/10=1,18=20,25=1/1,2,3,16;
 1/18=10,26=3,39=5,44=3,71=5/23(-8);
 2/29=1/2;
 6/7=2,8=2,9=2,10=2,19=2,28=1/1;
 99/5=20,9=1/99;
 -------------------
 Title Card Required
 -------------------
 Symbolic Z-matrix:
 Charge =  0 Multiplicity = 2
 C                    -1.92427  -0.05531   0.0005 
 C                    -0.97126  -1.06419  -0.06509 
 C                     0.40846  -0.78654  -0.02887 
 C                     0.80099   0.58268  -0.01234 
 C                    -0.15058   1.59888   0.00682 
 C                    -1.49951   1.28609   0.03244 
 H                     0.19331   2.62611  -0.00648 
 O                     2.11643   0.91331  -0.2139 
 O                     1.29831  -1.76465  -0.05773 
 H                    -1.26411  -2.10679  -0.10599 
 C                     3.04195  -0.0363    0.19339 
 H                     3.10163  -0.14947   1.28038 
 H                     2.37066  -1.17153  -0.06186 
 H                     3.99232   0.14091  -0.3008 
 H                    -2.23394   2.08278   0.06552 
 C                    -3.39491  -0.39007   0.0538 
 H                    -3.58615  -1.40519  -0.29913 
 H                    -3.77725  -0.31745   1.07774 
 H                    -3.97968   0.29992  -0.56033 
 
 IRC-IRC-IRC-IRC-IRC-IRC-IRC-IRC-IRC-IRC-IRC-IRC-IRC-IRC-IRC-IRC-IRC-IRC
 ------------------------------------------------------------------------
 INPUT DATA FOR L123
 ------------------------------------------------------------------------
 GENERAL PARAMETERS:
 Follow reaction path in both directions.
 Maximum points per path      =  10
 Step size                    =   0.050 bohr
 Integration scheme           = HPC                                 
    Redo corrector integration= Yes                                 
    DWI Weight Power          =  2
    DWI will use Hessian update vectors when possible.
    Max correction cycles     =  20
 Initial Hessian              = CalcFC
 Hessian evaluation           = Analytic every   5 predictor steps
                              = Update at all corrector steps
 Hessian updating method      = Bofill                              
 ------------------------------------------------------------------------
 IRC-IRC-IRC-IRC-IRC-IRC-IRC-IRC-IRC-IRC-IRC-IRC-IRC-IRC-IRC-IRC-IRC-IRC
                          Input orientation:                          
 ---------------------------------------------------------------------
 Center     Atomic      Atomic             Coordinates (Angstroms)
 Number     Number       Type             X           Y           Z
 ---------------------------------------------------------------------
      1          6           0       -1.924274   -0.055312    0.000499
      2          6           0       -0.971257   -1.064190   -0.065090
      3          6           0        0.408460   -0.786537   -0.028865
      4          6           0        0.800994    0.582677   -0.012339
      5          6           0       -0.150581    1.598883    0.006821
      6          6           0       -1.499508    1.286091    0.032442
      7          1           0        0.193313    2.626113   -0.006481
      8          8           0        2.116430    0.913310   -0.213895
      9          8           0        1.298312   -1.764649   -0.057727
     10          1           0       -1.264114   -2.106790   -0.105991
     11          6           0        3.041952   -0.036302    0.193386
     12          1           0        3.101628   -0.149466    1.280379
     13          1           0        2.370661   -1.171530   -0.061859
     14          1           0        3.992320    0.140913   -0.300795
     15          1           0       -2.233943    2.082778    0.065521
     16          6           0       -3.394908   -0.390074    0.053798
     17          1           0       -3.586154   -1.405185   -0.299131
     18          1           0       -3.777248   -0.317452    1.077739
     19          1           0       -3.979675    0.299915   -0.560325
 ---------------------------------------------------------------------
                    Distance matrix (angstroms):
                    1          2          3          4          5
     1  C    0.000000
     2  C    1.389380   0.000000
     3  C    2.444831   1.407843   0.000000
     4  C    2.798978   2.419882   1.424466   0.000000
     5  C    2.425363   2.787586   2.450312   1.392313   0.000000
     6  C    1.407412   2.410888   2.817781   2.406056   1.384955
     7  H    3.416762   3.870141   3.419498   2.131887   1.083347
     8  O    4.160707   3.669668   2.416791   1.371246   2.378669
     9  O    3.648326   2.375214   1.322639   2.399859   3.662896
    10  H    2.157710   1.083722   2.132257   3.392149   3.871007
    11  C    4.970007   4.150808   2.747277   2.333956   3.591783
    12  H    5.187162   4.385818   3.061557   2.738626   3.905834
    13  H    4.438051   3.343643   1.999885   2.354474   3.746541
    14  H    5.927509   5.113211   3.711895   3.234644   4.402719
    15  H    2.161377   3.393353   3.901816   3.386327   2.139626
    16  C    1.509195   2.518462   3.824869   4.307692   3.805761
    17  H    2.161893   2.647402   4.051260   4.825030   4.573969
    18  H    2.159323   3.120459   4.354855   4.791534   4.239330
    19  H    2.159950   3.340153   4.551764   4.820274   4.083005
                    6          7          8          9         10
     6  C    0.000000
     7  H    2.159356   0.000000
     8  O    3.643440   2.583620   0.000000
     9  O    4.140404   4.527962   2.804491   0.000000
    10  H    3.403853   4.953218   4.534394   2.585617   0.000000
    11  C    4.732809   3.904247   1.387167   2.467898   4.787353
    12  H    4.978817   4.221154   2.081577   2.766097   4.981249
    13  H    4.585521   4.377899   2.105779   1.225455   3.753432
    14  H    5.619845   4.549208   2.030545   3.308765   5.720159
    15  H    1.084066   2.488367   4.513477   5.224434   4.303773
    16  C    2.530321   4.687894   5.669684   4.891647   2.740972
    17  H    3.421549   5.533659   6.156472   4.903621   2.433397
    18  H    2.975247   5.060184   6.157803   5.398608   3.304359
    19  H    2.734071   4.809550   6.136674   5.689655   3.656900
                   11         12         13         14         15
    11  C    0.000000
    12  H    1.094496   0.000000
    13  H    1.343326   1.838622   0.000000
    14  H    1.085734   1.837869   2.099851   0.000000
    15  H    5.686995   5.909916   5.639958   6.532333   0.000000
    16  C    6.448085   6.615691   5.819436   7.414770   2.731844
    17  H    6.785883   6.985564   5.966116   7.734578   3.758634
    18  H    6.882050   6.883910   6.310699   7.904217   3.027785
    19  H    7.069962   7.330415   6.537613   7.977803   2.572521
                   16         17         18         19
    16  C    0.000000
    17  H    1.091597   0.000000
    18  H    1.095405   1.765064   0.000000
    19  H    1.093245   1.769307   1.762207   0.000000
 Symmetry turned off by external request.
 Stoichiometry    C8H9O2(2)
 Framework group  C1[X(C8H9O2)]
 Deg. of freedom    51
 Full point group                 C1      NOp   1
 Rotational constants (GHZ):           3.0682395           0.9597893           0.7411061
 Standard basis: 6-311G(d,p) (5D, 7F)
   234 basis functions,   392 primitive gaussians,   244 cartesian basis functions
    37 alpha electrons       36 beta electrons
       nuclear repulsion energy       509.5501660723 Hartrees.
 NAtoms=   19 NActive=   19 NUniq=   19 SFac= 1.00D+00 NAtFMM=   60 NAOKFM=F Big=F
 Integral buffers will be    131072 words long.
 Raffenetti 2 integral format.
 Two-electron integral symmetry is turned off.
 One-electron integrals computed using PRISM.
 NBasis=   234 RedAO= T EigKep=  2.05D-04  NBF=   234
 NBsUse=   234 1.00D-06 EigRej= -1.00D+00 NBFU=   234
 ExpMin= 1.03D-01 ExpMax= 8.59D+03 ExpMxC= 1.30D+03 IAcc=3 IRadAn=         5 AccDes= 0.00D+00
 Harris functional with IExCor=  402 and IRadAn=       5 diagonalized for initial guess.
 HarFok:  IExCor=  402 AccDes= 0.00D+00 IRadAn=         5 IDoV= 1 UseB2=F ITyADJ=14
 ICtDFT=  3500011 ScaDFX=  1.000000  1.000000  1.000000  1.000000
 FoFCou: FMM=F IPFlag=           0 FMFlag=      100000 FMFlg1=           0
         NFxFlg=           0 DoJE=T BraDBF=F KetDBF=T FulRan=T
         wScrn=  0.000000 ICntrl=       500 IOpCl=  0 I1Cent=   200000004 NGrid=           0
         NMat0=    1 NMatS0=      1 NMatT0=    0 NMatD0=    1 NMtDS0=    0 NMtDT0=    0
 Symmetry not used in FoFCou.
 Initial guess <Sx>= 0.0000 <Sy>= 0.0000 <Sz>= 0.5000 <S**2>= 0.7500 S= 0.5000
 Requested convergence on RMS density matrix=1.00D-08 within 128 cycles.
 Requested convergence on MAX density matrix=1.00D-06.
 Requested convergence on             energy=1.00D-06.
 No special actions if energy rises.
 Integral accuracy reduced to 1.0D-05 until final iterations.
 Initial convergence to 1.0D-05 achieved.  Increase integral accuracy.
 SCF Done:  E(UB3LYP) =  -460.748594816     A.U. after   21 cycles
            NFock= 21  Conv=0.83D-08     -V/T= 2.0038
 <Sx>= 0.0000 <Sy>= 0.0000 <Sz>= 0.5000 <S**2>= 0.7553 S= 0.5026
 <L.S>= 0.000000000000E+00
 Annihilation of the first spin contaminant:
 S**2 before annihilation     0.7553,   after     0.7500
 DoSCS=F DFT=T ScalE2(SS,OS)=  1.000000  1.000000
 Range of M.O.s used for correlation:     1   234
 NBasis=   234 NAE=    37 NBE=    36 NFC=     0 NFV=     0
 NROrb=    234 NOA=    37 NOB=    36 NVA=   197 NVB=   198

 **** Warning!!: The largest alpha MO coefficient is  0.14323510D+02


 **** Warning!!: The largest beta MO coefficient is  0.13779605D+02


 **** Warning!!: The smallest beta delta epsilon is  0.82248484D-01

 Symmetrizing basis deriv contribution to polar:
 IMax=3 JMax=2 DiffMx= 0.00D+00
 G2DrvN: will do    20 centers at a time, making    1 passes.
 Calling FoFCou, ICntrl=  3107 FMM=F I1Cent=   0 AccDes= 0.00D+00.
 End of G2Drv F.D. properties file   721 does not exist.
 End of G2Drv F.D. properties file   722 does not exist.
 End of G2Drv F.D. properties file   788 does not exist.
          IDoAtm=1111111111111111111
          Differentiating once with respect to nuclear coordinates.
 Keep R1 and R2 ints in memory in canonical form, NReq=777448251.
          There are    60 degrees of freedom in the 1st order CPHF.  IDoFFX=6 NUNeed=     0.
     54 vectors produced by pass  0 Test12= 2.40D-14 1.67D-09 XBig12= 5.54D-01 3.44D-01.
 AX will form    54 AO Fock derivatives at one time.
     54 vectors produced by pass  1 Test12= 2.40D-14 1.67D-09 XBig12= 1.29D-01 5.99D-02.
     54 vectors produced by pass  2 Test12= 2.40D-14 1.67D-09 XBig12= 2.46D-03 8.24D-03.
     54 vectors produced by pass  3 Test12= 2.40D-14 1.67D-09 XBig12= 1.85D-05 8.18D-04.
     54 vectors produced by pass  4 Test12= 2.40D-14 1.67D-09 XBig12= 1.00D-07 4.56D-05.
     54 vectors produced by pass  5 Test12= 2.40D-14 1.67D-09 XBig12= 4.50D-10 1.94D-06.
     42 vectors produced by pass  6 Test12= 2.40D-14 1.67D-09 XBig12= 2.42D-12 1.44D-07.
     11 vectors produced by pass  7 Test12= 2.40D-14 1.67D-09 XBig12= 1.03D-14 9.03D-09.
 InvSVY:  IOpt=1 It=  1 EMax= 1.33D-15
 Solved reduced A of dimension   377 with    60 vectors.
 End of Minotr F.D. properties file   721 does not exist.
 End of Minotr F.D. properties file   722 does not exist.
 End of Minotr F.D. properties file   788 does not exist.

 **********************************************************************

            Population analysis using the SCF density.

 **********************************************************************

 Alpha  occ. eigenvalues --  -19.19246 -19.13876 -10.24356 -10.24100 -10.23562
 Alpha  occ. eigenvalues --  -10.18991 -10.18211 -10.17389 -10.17221 -10.17165
 Alpha  occ. eigenvalues --   -1.11177  -1.04402  -0.86335  -0.78701  -0.74563
 Alpha  occ. eigenvalues --   -0.72326  -0.67179  -0.62441  -0.60509  -0.53762
 Alpha  occ. eigenvalues --   -0.52894  -0.49593  -0.48896  -0.45654  -0.44359
 Alpha  occ. eigenvalues --   -0.43516  -0.42889  -0.40676  -0.40432  -0.38903
 Alpha  occ. eigenvalues --   -0.38194  -0.36680  -0.35538  -0.32558  -0.25701
 Alpha  occ. eigenvalues --   -0.23831  -0.21356
 Alpha virt. eigenvalues --   -0.01081  -0.00207   0.04832   0.05967   0.06851
 Alpha virt. eigenvalues --    0.08721   0.10030   0.10363   0.11085   0.11948
 Alpha virt. eigenvalues --    0.13815   0.14639   0.16406   0.19990   0.22866
 Alpha virt. eigenvalues --    0.24647   0.26003   0.27657   0.28345   0.29299
 Alpha virt. eigenvalues --    0.31481   0.33143   0.33890   0.35049   0.38095
 Alpha virt. eigenvalues --    0.39049   0.39729   0.41173   0.42417   0.44256
 Alpha virt. eigenvalues --    0.45099   0.45726   0.46596   0.48068   0.48736
 Alpha virt. eigenvalues --    0.50922   0.51972   0.53054   0.53728   0.54742
 Alpha virt. eigenvalues --    0.56049   0.56844   0.58337   0.59271   0.60600
 Alpha virt. eigenvalues --    0.61449   0.62499   0.63677   0.64559   0.66293
 Alpha virt. eigenvalues --    0.68328   0.74795   0.76402   0.77098   0.77685
 Alpha virt. eigenvalues --    0.78636   0.80862   0.84208   0.86476   0.88831
 Alpha virt. eigenvalues --    0.90877   0.91592   0.93936   0.95345   0.97241
 Alpha virt. eigenvalues --    0.99116   1.00642   1.04327   1.05333   1.08512
 Alpha virt. eigenvalues --    1.10583   1.14020   1.19354   1.20891   1.22674
 Alpha virt. eigenvalues --    1.30831   1.31085   1.34634   1.35142   1.37938
 Alpha virt. eigenvalues --    1.39736   1.41287   1.45355   1.46793   1.47254
 Alpha virt. eigenvalues --    1.48500   1.48995   1.50744   1.53389   1.54560
 Alpha virt. eigenvalues --    1.55392   1.56801   1.57846   1.59723   1.60081
 Alpha virt. eigenvalues --    1.61778   1.63058   1.65672   1.67659   1.68600
 Alpha virt. eigenvalues --    1.70089   1.71820   1.75903   1.77385   1.79746
 Alpha virt. eigenvalues --    1.85775   1.86900   1.87462   1.90234   1.91505
 Alpha virt. eigenvalues --    1.92380   1.94516   1.96721   1.99194   2.00759
 Alpha virt. eigenvalues --    2.02012   2.03953   2.08924   2.12452   2.13148
 Alpha virt. eigenvalues --    2.16940   2.18004   2.23714   2.27213   2.31341
 Alpha virt. eigenvalues --    2.33271   2.35650   2.36402   2.40804   2.42490
 Alpha virt. eigenvalues --    2.45979   2.47148   2.48175   2.50459   2.51538
 Alpha virt. eigenvalues --    2.53824   2.54806   2.56650   2.59090   2.62814
 Alpha virt. eigenvalues --    2.64985   2.66203   2.68031   2.69460   2.71817
 Alpha virt. eigenvalues --    2.76428   2.81468   2.84285   2.84946   2.85128
 Alpha virt. eigenvalues --    2.87767   2.89119   2.96883   2.98344   3.03888
 Alpha virt. eigenvalues --    3.05485   3.05772   3.11156   3.17507   3.18020
 Alpha virt. eigenvalues --    3.22135   3.24602   3.32179   3.34590   3.37946
 Alpha virt. eigenvalues --    3.47532   3.50884   3.58099   3.61419   3.62517
 Alpha virt. eigenvalues --    3.72700   3.78467   3.81165   3.86601   3.99302
 Alpha virt. eigenvalues --    4.01969   4.07743   4.11027   4.12514   4.31077
 Alpha virt. eigenvalues --    4.81525   4.85745   4.88656   5.13503   5.31628
 Alpha virt. eigenvalues --    5.60710   5.78252  23.46359  23.76864  23.85036
 Alpha virt. eigenvalues --   23.88316  23.92531  24.00145  24.09349  24.16485
 Alpha virt. eigenvalues --   49.84975  49.93316
  Beta  occ. eigenvalues --  -19.18664 -19.12926 -10.24311 -10.24036 -10.22949
  Beta  occ. eigenvalues --  -10.18937 -10.18203 -10.17349 -10.17183 -10.17165
  Beta  occ. eigenvalues --   -1.10059  -1.02570  -0.86046  -0.78385  -0.74168
  Beta  occ. eigenvalues --   -0.71713  -0.66285  -0.62094  -0.59731  -0.53232
  Beta  occ. eigenvalues --   -0.51925  -0.48737  -0.48218  -0.45348  -0.44143
  Beta  occ. eigenvalues --   -0.42885  -0.42216  -0.39944  -0.38943  -0.38310
  Beta  occ. eigenvalues --   -0.37600  -0.35519  -0.34313  -0.31842  -0.24607
  Beta  occ. eigenvalues --   -0.21546
  Beta virt. eigenvalues --   -0.13322  -0.00641   0.00364   0.04871   0.06271
  Beta virt. eigenvalues --    0.06909   0.08793   0.10281   0.10803   0.11354
  Beta virt. eigenvalues --    0.12035   0.13888   0.15364   0.16720   0.20167
  Beta virt. eigenvalues --    0.23417   0.24891   0.26362   0.27774   0.28680
  Beta virt. eigenvalues --    0.29545   0.31669   0.33490   0.34202   0.35257
  Beta virt. eigenvalues --    0.38292   0.39275   0.39875   0.41458   0.42798
  Beta virt. eigenvalues --    0.44657   0.45408   0.46060   0.47060   0.48413
  Beta virt. eigenvalues --    0.48912   0.51143   0.52809   0.53260   0.54360
  Beta virt. eigenvalues --    0.54985   0.56241   0.57098   0.58671   0.59385
  Beta virt. eigenvalues --    0.60780   0.61627   0.62578   0.63795   0.64692
  Beta virt. eigenvalues --    0.66508   0.68541   0.75042   0.76755   0.77352
  Beta virt. eigenvalues --    0.77884   0.78958   0.81212   0.84555   0.86642
  Beta virt. eigenvalues --    0.89275   0.91087   0.92055   0.94087   0.95727
  Beta virt. eigenvalues --    0.97808   0.99366   1.00787   1.04571   1.05964
  Beta virt. eigenvalues --    1.08719   1.10811   1.14787   1.19612   1.21317
  Beta virt. eigenvalues --    1.22988   1.31106   1.31756   1.34910   1.35392
  Beta virt. eigenvalues --    1.38472   1.40001   1.41593   1.45379   1.47270
  Beta virt. eigenvalues --    1.47839   1.48773   1.49470   1.51032   1.53546
  Beta virt. eigenvalues --    1.54774   1.55616   1.56936   1.57957   1.60167
  Beta virt. eigenvalues --    1.60256   1.62130   1.63198   1.65990   1.67936
  Beta virt. eigenvalues --    1.68900   1.70682   1.72109   1.76247   1.77484
  Beta virt. eigenvalues --    1.79889   1.85982   1.87137   1.87589   1.90387
  Beta virt. eigenvalues --    1.91735   1.92720   1.94954   1.97085   1.99815
  Beta virt. eigenvalues --    2.00995   2.02308   2.04243   2.09258   2.12715
  Beta virt. eigenvalues --    2.13305   2.18205   2.18499   2.23970   2.27407
  Beta virt. eigenvalues --    2.31571   2.33349   2.35778   2.36466   2.41411
  Beta virt. eigenvalues --    2.43141   2.46039   2.47289   2.48405   2.50717
  Beta virt. eigenvalues --    2.51677   2.54046   2.54885   2.56833   2.59194
  Beta virt. eigenvalues --    2.62884   2.65012   2.66283   2.68202   2.69635
  Beta virt. eigenvalues --    2.72103   2.76830   2.81614   2.84802   2.85144
  Beta virt. eigenvalues --    2.85810   2.87900   2.89835   2.97838   2.99455
  Beta virt. eigenvalues --    3.04702   3.05950   3.06621   3.11902   3.17879
  Beta virt. eigenvalues --    3.18519   3.23053   3.25410   3.33142   3.35628
  Beta virt. eigenvalues --    3.38126   3.48505   3.51398   3.58478   3.61711
  Beta virt. eigenvalues --    3.63070   3.73769   3.78499   3.81180   3.87774
  Beta virt. eigenvalues --    3.99654   4.02600   4.08284   4.11165   4.12981
  Beta virt. eigenvalues --    4.31159   4.81741   4.87199   4.90534   5.15277
  Beta virt. eigenvalues --    5.33430   5.61510   5.78980  23.46409  23.77543
  Beta virt. eigenvalues --   23.85097  23.88364  23.92544  24.00197  24.09390
  Beta virt. eigenvalues --   24.16520  49.85592  49.94226
          Condensed to atoms (all electrons):
               1          2          3          4          5          6
     1  C    5.062236   0.498547  -0.026990  -0.061231  -0.038009   0.492766
     2  C    0.498547   4.965878   0.440747  -0.015613  -0.050074  -0.048926
     3  C   -0.026990   0.440747   4.922971   0.247535   0.001238  -0.041284
     4  C   -0.061231  -0.015613   0.247535   5.238443   0.413420  -0.037115
     5  C   -0.038009  -0.050074   0.001238   0.413420   4.873071   0.527462
     6  C    0.492766  -0.048926  -0.041284  -0.037115   0.527462   4.857383
     7  H    0.009101  -0.001848   0.008500  -0.054433   0.410521  -0.033583
     8  O   -0.000329   0.005799  -0.062683   0.325036  -0.042748   0.003029
     9  O    0.004481  -0.058231   0.406001  -0.087551   0.004135  -0.000075
    10  H   -0.040900   0.398843  -0.038731   0.011977  -0.001087   0.007711
    11  C    0.000258  -0.000734  -0.015248  -0.075808   0.007249  -0.000306
    12  H   -0.000042  -0.000298   0.000175   0.001823   0.001150  -0.000030
    13  H    0.000046   0.000830  -0.041292  -0.011368   0.001028  -0.000184
    14  H   -0.000013   0.000087   0.001812   0.002128  -0.000821   0.000040
    15  H   -0.053356   0.008342  -0.001371   0.011372  -0.040613   0.421644
    16  C    0.358647  -0.056899   0.007668  -0.000661   0.006126  -0.058565
    17  H   -0.036164  -0.005686   0.000489  -0.000056  -0.000346   0.006014
    18  H   -0.034529  -0.002643  -0.000293   0.000082  -0.000025  -0.003370
    19  H   -0.037570   0.004022  -0.000380   0.000021   0.000461  -0.005966
               7          8          9         10         11         12
     1  C    0.009101  -0.000329   0.004481  -0.040900   0.000258  -0.000042
     2  C   -0.001848   0.005799  -0.058231   0.398843  -0.000734  -0.000298
     3  C    0.008500  -0.062683   0.406001  -0.038731  -0.015248   0.000175
     4  C   -0.054433   0.325036  -0.087551   0.011977  -0.075808   0.001823
     5  C    0.410521  -0.042748   0.004135  -0.001087   0.007249   0.001150
     6  C   -0.033583   0.003029  -0.000075   0.007711  -0.000306  -0.000030
     7  H    0.562349   0.004896  -0.000165   0.000102  -0.000746   0.000081
     8  O    0.004896   7.839536  -0.001988  -0.000133   0.274629  -0.032725
     9  O   -0.000165  -0.001988   7.991780   0.005509  -0.092603  -0.000317
    10  H    0.000102  -0.000133   0.005509   0.567174  -0.000026   0.000014
    11  C   -0.000746   0.274629  -0.092603  -0.000026   5.090143   0.374603
    12  H    0.000081  -0.032725  -0.000317   0.000014   0.374603   0.578011
    13  H    0.000304  -0.019561   0.182539   0.000290   0.242285  -0.021169
    14  H   -0.000118  -0.024160   0.002255  -0.000007   0.386366  -0.034977
    15  H   -0.009903  -0.000137   0.000006  -0.000333   0.000021   0.000001
    16  C   -0.000285   0.000000  -0.000082  -0.010048  -0.000001   0.000000
    17  H    0.000014   0.000000  -0.000034   0.002242   0.000000   0.000000
    18  H    0.000017  -0.000001   0.000005   0.000441   0.000000   0.000001
    19  H   -0.000005   0.000000   0.000003   0.000226   0.000000   0.000000
              13         14         15         16         17         18
     1  C    0.000046  -0.000013  -0.053356   0.358647  -0.036164  -0.034529
     2  C    0.000830   0.000087   0.008342  -0.056899  -0.005686  -0.002643
     3  C   -0.041292   0.001812  -0.001371   0.007668   0.000489  -0.000293
     4  C   -0.011368   0.002128   0.011372  -0.000661  -0.000056   0.000082
     5  C    0.001028  -0.000821  -0.040613   0.006126  -0.000346  -0.000025
     6  C   -0.000184   0.000040   0.421644  -0.058565   0.006014  -0.003370
     7  H    0.000304  -0.000118  -0.009903  -0.000285   0.000014   0.000017
     8  O   -0.019561  -0.024160  -0.000137   0.000000   0.000000  -0.000001
     9  O    0.182539   0.002255   0.000006  -0.000082  -0.000034   0.000005
    10  H    0.000290  -0.000007  -0.000333  -0.010048   0.002242   0.000441
    11  C    0.242285   0.386366   0.000021  -0.000001   0.000000   0.000000
    12  H   -0.021169  -0.034977   0.000001   0.000000   0.000000   0.000001
    13  H    0.461792  -0.009255  -0.000014   0.000024  -0.000002  -0.000001
    14  H   -0.009255   0.543910  -0.000001   0.000000   0.000000   0.000000
    15  H   -0.000014  -0.000001   0.581892  -0.006383   0.000004   0.000592
    16  C    0.000024   0.000000  -0.006383   4.805682   0.408095   0.398131
    17  H   -0.000002   0.000000   0.000004   0.408095   0.567665  -0.027392
    18  H   -0.000001   0.000000   0.000592   0.398131  -0.027392   0.570962
    19  H    0.000000   0.000000   0.001943   0.405619  -0.027282  -0.029875
              19
     1  C   -0.037570
     2  C    0.004022
     3  C   -0.000380
     4  C    0.000021
     5  C    0.000461
     6  C   -0.005966
     7  H   -0.000005
     8  O    0.000000
     9  O    0.000003
    10  H    0.000226
    11  C    0.000000
    12  H    0.000000
    13  H    0.000000
    14  H    0.000000
    15  H    0.001943
    16  C    0.405619
    17  H   -0.027282
    18  H   -0.029875
    19  H    0.571500
          Atomic-Atomic Spin Densities.
               1          2          3          4          5          6
     1  C    0.047507  -0.023290  -0.000521   0.002573  -0.004156   0.013791
     2  C   -0.023290   0.042011   0.007663  -0.007106   0.004343  -0.004294
     3  C   -0.000521   0.007663   0.013755   0.035925  -0.004550   0.001058
     4  C    0.002573  -0.007106   0.035925   0.012455   0.018853  -0.003252
     5  C   -0.004156   0.004343  -0.004550   0.018853   0.003490  -0.010247
     6  C    0.013791  -0.004294   0.001058  -0.003252  -0.010247   0.030957
     7  H   -0.000014  -0.000388   0.000108  -0.000050  -0.002098   0.000745
     8  O   -0.000058   0.000777  -0.002171  -0.028481  -0.001100   0.000133
     9  O    0.000837  -0.005290  -0.030819   0.000000   0.000083   0.000026
    10  H    0.002511  -0.004616   0.000889  -0.000102  -0.000066   0.000073
    11  C    0.000210  -0.002520   0.001416   0.000692  -0.000742   0.000054
    12  H   -0.000063   0.000521   0.001742   0.002764   0.000547  -0.000072
    13  H    0.000059  -0.001715   0.000648   0.004218  -0.000781   0.000103
    14  H   -0.000002   0.000021  -0.000090  -0.000002   0.000054  -0.000001
    15  H    0.000176  -0.000053   0.000068  -0.000184   0.000133   0.000307
    16  C   -0.003010   0.002197  -0.000392   0.000038   0.000052  -0.000417
    17  H    0.000284  -0.000330   0.000036   0.000015  -0.000011   0.000034
    18  H   -0.001390   0.000735  -0.000024  -0.000020   0.000079  -0.000593
    19  H   -0.000582  -0.000300   0.000031   0.000026  -0.000057   0.000103
               7          8          9         10         11         12
     1  C   -0.000014  -0.000058   0.000837   0.002511   0.000210  -0.000063
     2  C   -0.000388   0.000777  -0.005290  -0.004616  -0.002520   0.000521
     3  C    0.000108  -0.002171  -0.030819   0.000889   0.001416   0.001742
     4  C   -0.000050  -0.028481   0.000000  -0.000102   0.000692   0.002764
     5  C   -0.002098  -0.001100   0.000083  -0.000066  -0.000742   0.000547
     6  C    0.000745   0.000133   0.000026   0.000073   0.000054  -0.000072
     7  H    0.001814   0.001079  -0.000056   0.000017   0.000081  -0.000166
     8  O    0.001079   0.274197   0.009771  -0.000063  -0.072212  -0.003724
     9  O   -0.000056   0.009771   0.425344   0.001357  -0.058492   0.005673
    10  H    0.000017  -0.000063   0.001357   0.001077   0.000221  -0.000051
    11  C    0.000081  -0.072212  -0.058492   0.000221   0.440513  -0.024789
    12  H   -0.000166  -0.003724   0.005673  -0.000051  -0.024789   0.045113
    13  H    0.000041  -0.004808  -0.035910   0.000298   0.072578  -0.005889
    14  H   -0.000018   0.000692   0.000506  -0.000001  -0.003201   0.004057
    15  H    0.000076   0.000001   0.000000  -0.000004   0.000000   0.000000
    16  C   -0.000010   0.000001  -0.000014  -0.000389  -0.000001   0.000001
    17  H    0.000001   0.000000   0.000005   0.000186   0.000000   0.000000
    18  H   -0.000008   0.000000  -0.000004  -0.000200  -0.000001   0.000000
    19  H    0.000012   0.000000   0.000001   0.000101   0.000000   0.000000
              13         14         15         16         17         18
     1  C    0.000059  -0.000002   0.000176  -0.003010   0.000284  -0.001390
     2  C   -0.001715   0.000021  -0.000053   0.002197  -0.000330   0.000735
     3  C    0.000648  -0.000090   0.000068  -0.000392   0.000036  -0.000024
     4  C    0.004218  -0.000002  -0.000184   0.000038   0.000015  -0.000020
     5  C   -0.000781   0.000054   0.000133   0.000052  -0.000011   0.000079
     6  C    0.000103  -0.000001   0.000307  -0.000417   0.000034  -0.000593
     7  H    0.000041  -0.000018   0.000076  -0.000010   0.000001  -0.000008
     8  O   -0.004808   0.000692   0.000001   0.000001   0.000000   0.000000
     9  O   -0.035910   0.000506   0.000000  -0.000014   0.000005  -0.000004
    10  H    0.000298  -0.000001  -0.000004  -0.000389   0.000186  -0.000200
    11  C    0.072578  -0.003201   0.000000  -0.000001   0.000000  -0.000001
    12  H   -0.005889   0.004057   0.000000   0.000001   0.000000   0.000000
    13  H   -0.024180  -0.001106   0.000001  -0.000005   0.000000  -0.000001
    14  H   -0.001106  -0.012047   0.000000   0.000000   0.000000   0.000000
    15  H    0.000001   0.000000  -0.002448   0.000068   0.000003  -0.000031
    16  C   -0.000005   0.000000   0.000068  -0.001291  -0.000228   0.001096
    17  H    0.000000   0.000000   0.000003  -0.000228   0.000088  -0.000193
    18  H   -0.000001   0.000000  -0.000031   0.001096  -0.000193   0.002772
    19  H    0.000000   0.000000   0.000019   0.000491   0.000205  -0.000648
              19
     1  C   -0.000582
     2  C   -0.000300
     3  C    0.000031
     4  C    0.000026
     5  C   -0.000057
     6  C    0.000103
     7  H    0.000012
     8  O    0.000000
     9  O    0.000001
    10  H    0.000101
    11  C    0.000000
    12  H    0.000000
    13  H    0.000000
    14  H    0.000000
    15  H    0.000019
    16  C    0.000491
    17  H    0.000205
    18  H   -0.000648
    19  H    0.002582
 Mulliken charges and spin densities:
               1          2
     1  C   -0.096949   0.034862
     2  C   -0.082143   0.008365
     3  C    0.191138   0.024771
     4  C    0.092000   0.038362
     5  C   -0.072137   0.003826
     6  C   -0.086647   0.028509
     7  H    0.105200   0.001165
     8  O   -0.268460   0.174032
     9  O   -0.355667   0.313018
    10  H    0.096738   0.001236
    11  C   -0.190082   0.353806
    12  H    0.133701   0.025664
    13  H    0.213709   0.003553
    14  H    0.132753  -0.011139
    15  H    0.086294  -0.001866
    16  C   -0.257067  -0.001815
    17  H    0.112439   0.000094
    18  H    0.127898   0.001572
    19  H    0.117283   0.001984
 Sum of Mulliken charges =   0.00000   1.00000
 Mulliken charges and spin densities with hydrogens summed into heavy atoms:
               1          2
     1  C   -0.096949   0.034862
     2  C    0.014594   0.009601
     3  C    0.191138   0.024771
     4  C    0.092000   0.038362
     5  C    0.033063   0.004991
     6  C   -0.000353   0.026643
     8  O   -0.268460   0.174032
     9  O   -0.141958   0.316571
    11  C    0.076372   0.368331
    16  C    0.100553   0.001834
 APT charges:
               1
     1  C    0.101987
     2  C   -0.505283
     3  C   -0.180531
     4  C   -0.113782
     5  C   -0.506961
     6  C   -0.560566
     7  H    0.512988
     8  O   -0.076078
     9  O   -0.107970
    10  H    0.461446
    11  C   -0.928704
    12  H    0.352079
    13  H    0.169342
    14  H    0.726163
    15  H    0.579539
    16  C   -1.313158
    17  H    0.423555
    18  H    0.457570
    19  H    0.508363
 Sum of APT charges =   0.00000
 APT charges with hydrogens summed into heavy atoms:
               1
     1  C    0.101987
     2  C   -0.043838
     3  C   -0.180531
     4  C   -0.113782
     5  C    0.006028
     6  C    0.018973
     8  O   -0.076078
     9  O    0.061372
    11  C    0.149538
    16  C    0.076330
 Electronic spatial extent (au):  <R**2>=           1536.5192
 Charge=              0.0000 electrons
 Dipole moment (field-independent basis, Debye):
    X=             -0.2075    Y=              1.0606    Z=              0.6305  Tot=              1.2512
 Quadrupole moment (field-independent basis, Debye-Ang):
   XX=            -48.9841   YY=            -60.6762   ZZ=            -61.2434
   XY=              0.6778   XZ=              1.2578   YZ=              0.0501
 Traceless Quadrupole moment (field-independent basis, Debye-Ang):
   XX=              7.9838   YY=             -3.7083   ZZ=             -4.2755
   XY=              0.6778   XZ=              1.2578   YZ=              0.0501
 Octapole moment (field-independent basis, Debye-Ang**2):
  XXX=             29.1880  YYY=              9.6301  ZZZ=              0.6576  XYY=             -7.6611
  XXY=             -3.3767  XXZ=              2.9256  XZZ=              8.1162  YZZ=             -2.4209
  YYZ=             -0.2486  XYZ=             -0.2460
 Hexadecapole moment (field-independent basis, Debye-Ang**3):
 XXXX=          -1356.2607 YYYY=           -461.2128 ZZZZ=            -80.0659 XXXY=            -14.8667
 XXXZ=             -0.3441 YYYX=             12.5290 YYYZ=              0.0196 ZZZX=             -1.2783
 ZZZY=             -1.5980 XXYY=           -332.0479 XXZZ=           -259.7483 YYZZ=            -98.7837
 XXYZ=             -1.8506 YYXZ=              2.3731 ZZXY=             -0.1995
 N-N= 5.095501660723D+02 E-N=-2.094278045522D+03  KE= 4.590096040191D+02
  Exact polarizability:   0.000   0.000   0.000   0.000   0.000   0.000
 Approx polarizability: 260.034 -19.033 188.654   2.360   0.596  78.116
                          Isotropic Fermi Contact Couplings
        Atom                 a.u.       MegaHertz       Gauss      10(-4) cm-1
     1  C(13)              0.00226       2.54246       0.90721       0.84807
     2  C(13)              0.01858      20.88360       7.45179       6.96602
     3  C(13)             -0.00896     -10.07425      -3.59474      -3.36041
     4  C(13)             -0.00597      -6.70661      -2.39309      -2.23708
     5  C(13)              0.00114       1.28413       0.45821       0.42834
     6  C(13)              0.00002       0.01957       0.00698       0.00653
     7  H(1)               0.00005       0.21947       0.07831       0.07321
     8  O(17)              0.02608     -15.80794      -5.64067      -5.27296
     9  O(17)              0.05440     -32.97559     -11.76651     -10.99947
    10  H(1)              -0.00025      -1.13384      -0.40458      -0.37821
    11  C(13)              0.08729      98.12611      35.01384      32.73135
    12  H(1)               0.01087      48.59793      17.34095      16.21052
    13  H(1)              -0.00525     -23.44736      -8.36660      -7.82120
    14  H(1)              -0.00210      -9.37933      -3.34678      -3.12861
    15  H(1)              -0.00047      -2.08175      -0.74282      -0.69440
    16  C(13)             -0.00050      -0.56039      -0.19996      -0.18693
    17  H(1)               0.00000      -0.01696      -0.00605      -0.00566
    18  H(1)               0.00092       4.10377       1.46433       1.36887
    19  H(1)               0.00116       5.19237       1.85277       1.73199
 --------------------------------------------------------
       Center         ----  Spin Dipole Couplings  ----
                      3XX-RR        3YY-RR        3ZZ-RR
 --------------------------------------------------------
     1   Atom       -0.015160     -0.020932      0.036091
     2   Atom        0.037836     -0.013475     -0.024361
     3   Atom       -0.008990     -0.014780      0.023770
     4   Atom       -0.006001     -0.002488      0.008490
     5   Atom        0.000256     -0.002976      0.002720
     6   Atom       -0.016296     -0.017214      0.033510
     7   Atom        0.000203      0.003543     -0.003746
     8   Atom       -0.440069      0.223740      0.216329
     9   Atom        0.420891     -0.060421     -0.360470
    10   Atom        0.006662     -0.001011     -0.005651
    11   Atom       -0.140291      0.279081     -0.138790
    12   Atom       -0.021845     -0.009363      0.031208
    13   Atom        0.051594      0.027731     -0.079324
    14   Atom        0.022501     -0.011337     -0.011164
    15   Atom        0.000111      0.001550     -0.001661
    16   Atom        0.003112     -0.002382     -0.000730
    17   Atom        0.001655     -0.000395     -0.001260
    18   Atom        0.001862     -0.001103     -0.000759
    19   Atom        0.001922     -0.000778     -0.001144
 --------------------------------------------------------
                        XY            XZ            YZ
 --------------------------------------------------------
     1   Atom       -0.004184      0.018826     -0.014957
     2   Atom       -0.001233      0.025788     -0.000636
     3   Atom        0.001368     -0.036860     -0.027285
     4   Atom        0.025354      0.039597      0.051191
     5   Atom       -0.005334      0.005734     -0.005853
     6   Atom       -0.002126      0.001224     -0.003221
     7   Atom       -0.003644     -0.000015     -0.000131
     8   Atom        0.128975      0.123975      0.696080
     9   Atom        0.880616     -0.627882     -0.476195
    10   Atom        0.003805      0.001158      0.001148
    11   Atom        0.231674      0.106689      0.247101
    12   Atom        0.008861      0.003511     -0.008476
    13   Atom        0.106612      0.018594      0.017837
    14   Atom        0.013803     -0.022472      0.004078
    15   Atom       -0.003769      0.000023      0.000121
    16   Atom        0.000199      0.001797     -0.000523
    17   Atom        0.000775      0.000327      0.000129
    18   Atom        0.000177     -0.001172     -0.000005
    19   Atom       -0.000215      0.000495     -0.000229
 --------------------------------------------------------


 ---------------------------------------------------------------------------------
              Anisotropic Spin Dipole Couplings in Principal Axis System
 ---------------------------------------------------------------------------------

       Atom             a.u.   MegaHertz   Gauss  10(-4) cm-1        Axes

              Baa    -0.0247    -3.310    -1.181    -1.104 -0.1169  0.9553  0.2714
     1 C(13)  Bbb    -0.0212    -2.845    -1.015    -0.949  0.9463  0.1901 -0.2613
              Bcc     0.0459     6.155     2.196     2.053  0.3013 -0.2263  0.9263
 
              Baa    -0.0337    -4.517    -1.612    -1.507 -0.3391  0.0089  0.9407
     2 C(13)  Bbb    -0.0135    -1.812    -0.647    -0.604  0.0244  0.9997 -0.0007
              Bcc     0.0472     6.330     2.259     2.111  0.9404 -0.0227  0.3392
 
              Baa    -0.0419    -5.628    -2.008    -1.877  0.6162  0.5425  0.5709
     3 C(13)  Bbb    -0.0139    -1.869    -0.667    -0.624 -0.6302  0.7744 -0.0557
              Bcc     0.0559     7.497     2.675     2.501 -0.4724 -0.3255  0.8191
 
              Baa    -0.0509    -6.824    -2.435    -2.276 -0.2949 -0.6174  0.7293
     4 C(13)  Bbb    -0.0289    -3.875    -1.383    -1.293  0.8275 -0.5466 -0.1281
              Bcc     0.0797    10.699     3.818     3.569  0.4777  0.5658  0.6721
 
              Baa    -0.0073    -0.981    -0.350    -0.327  0.4040  0.8716  0.2776
     5 C(13)  Bbb    -0.0043    -0.580    -0.207    -0.193  0.7206 -0.1164 -0.6835
              Bcc     0.0116     1.561     0.557     0.521  0.5635 -0.4761  0.6751
 
              Baa    -0.0190    -2.548    -0.909    -0.850  0.6095  0.7920  0.0344
     6 C(13)  Bbb    -0.0148    -1.981    -0.707    -0.661  0.7923 -0.6071 -0.0606
              Bcc     0.0338     4.529     1.616     1.511  0.0271 -0.0642  0.9976
 
              Baa    -0.0038    -2.001    -0.714    -0.668  0.0376  0.0368  0.9986
     7 H(1)   Bbb    -0.0021    -1.137    -0.406    -0.379  0.8409  0.5388 -0.0515
              Bcc     0.0059     3.138     1.120     1.047 -0.5400  0.8416 -0.0107
 
              Baa    -0.4767    34.496    12.309    11.507 -0.2178  0.7078 -0.6719
     8 O(17)  Bbb    -0.4626    33.472    11.944    11.165  0.9675  0.0659 -0.2442
              Bcc     0.9393   -67.969   -24.253   -22.672  0.1286  0.7033  0.6992
 
              Baa    -0.7329    53.029    18.922    17.689 -0.6309  0.7721 -0.0765
     9 O(17)  Bbb    -0.7055    51.049    18.216    17.028  0.2673  0.3089  0.9128
              Bcc     1.4384  -104.079   -37.138   -34.717  0.7283  0.5554 -0.4013
 
              Baa    -0.0059    -3.162    -1.128    -1.055 -0.0274 -0.2072  0.9779
    10 H(1)   Bbb    -0.0025    -1.315    -0.469    -0.439 -0.3979  0.8997  0.1795
              Bcc     0.0084     4.477     1.598     1.493  0.9170  0.3842  0.1071
 
              Baa    -0.2535   -34.016   -12.138   -11.347  0.0579 -0.4408  0.8958
    11 C(13)  Bbb    -0.2425   -32.540   -11.611   -10.854  0.9264 -0.3107 -0.2127
              Bcc     0.4960    66.556    23.749    22.201  0.3721  0.8421  0.3904
 
              Baa    -0.0273   -14.570    -5.199    -4.860  0.8658 -0.4853 -0.1222
    12 H(1)   Bbb    -0.0057    -3.017    -1.077    -1.006  0.4994  0.8535  0.1487
              Bcc     0.0330    17.587     6.276     5.867  0.0322 -0.1898  0.9813
 
              Baa    -0.0823   -43.897   -15.663   -14.642 -0.0424 -0.1197  0.9919
    13 H(1)   Bbb    -0.0676   -36.047   -12.862   -12.024 -0.6708  0.7392  0.0605
              Bcc     0.1498    79.944    28.526    26.666  0.7404  0.6628  0.1117
 
              Baa    -0.0286   -15.274    -5.450    -5.095  0.4569 -0.5327  0.7123
    14 H(1)   Bbb    -0.0075    -4.018    -1.434    -1.340  0.0552  0.8163  0.5751
              Bcc     0.0362    19.293     6.884     6.435  0.8878  0.2235 -0.4023
 
              Baa    -0.0030    -1.607    -0.574    -0.536  0.7682  0.6364 -0.0697
    15 H(1)   Bbb    -0.0017    -0.883    -0.315    -0.295  0.0616  0.0349  0.9975
              Bcc     0.0047     2.491     0.889     0.831 -0.6372  0.7706  0.0124
 
              Baa    -0.0026    -0.355    -0.127    -0.118 -0.1539  0.9068  0.3926
    16 C(13)  Bbb    -0.0012    -0.158    -0.056    -0.053 -0.3336 -0.4216  0.8432
              Bcc     0.0038     0.513     0.183     0.171  0.9301 -0.0012  0.3674
 
              Baa    -0.0013    -0.693    -0.247    -0.231 -0.0939 -0.0615  0.9937
    17 H(1)   Bbb    -0.0007    -0.349    -0.125    -0.116 -0.3215  0.9465  0.0282
              Bcc     0.0020     1.042     0.372     0.348  0.9422  0.3169  0.1087
 
              Baa    -0.0012    -0.659    -0.235    -0.220  0.3412 -0.4293  0.8362
    18 H(1)   Bbb    -0.0011    -0.578    -0.206    -0.193  0.1119  0.9018  0.4174
              Bcc     0.0023     1.237     0.441     0.412  0.9333  0.0488 -0.3557
 
              Baa    -0.0013    -0.692    -0.247    -0.231 -0.1185  0.3595  0.9256
    19 H(1)   Bbb    -0.0007    -0.387    -0.138    -0.129  0.1395  0.9289 -0.3429
              Bcc     0.0020     1.079     0.385     0.360  0.9831 -0.0885  0.1602
 

 ---------------------------------------------------------------------------------

 Calling FoFJK, ICntrl=    100147 FMM=F ISym2X=0 I1Cent= 0 IOpClX= 1 NMat=1 NMatS=1 NMatT=0.
 -------------------------------------------------------------------
 Center     Atomic                   Forces (Hartrees/Bohr)
 Number     Number              X              Y              Z
 -------------------------------------------------------------------
      1        6           0.000000667    0.000001399   -0.000000456
      2        6          -0.000000566   -0.000000463    0.000000465
      3        6           0.000000336   -0.000000517   -0.000000351
      4        6           0.000000073    0.000000884   -0.000000054
      5        6          -0.000000109    0.000000411   -0.000000421
      6        6           0.000000745   -0.000000685    0.000000289
      7        1          -0.000000447   -0.000000264   -0.000000267
      8        8          -0.000000094    0.000000493   -0.000000284
      9        8           0.000000273    0.000000255    0.000000102
     10        1           0.000000393   -0.000000376    0.000000230
     11        6          -0.000000428    0.000000416    0.000000235
     12        1           0.000000172    0.000000617   -0.000000499
     13        1           0.000000284    0.000000206   -0.000000001
     14        1           0.000000167    0.000000674   -0.000000363
     15        1          -0.000000535    0.000000075   -0.000000143
     16        6           0.000000194   -0.000000378    0.000001384
     17        1          -0.000000113   -0.000002253   -0.000000297
     18        1          -0.000000981   -0.000000397    0.000000454
     19        1          -0.000000032   -0.000000097   -0.000000023
 -------------------------------------------------------------------
 Cartesian Forces:  Max     0.000002253 RMS     0.000000562
 IRC-IRC-IRC-IRC-IRC-IRC-IRC-IRC-IRC-IRC-IRC-IRC-IRC-IRC-IRC-IRC-IRC-IRC
          ******** Start new reaction path calculation ********
 Supplied step size of   0.0500 bohr.
    Integration on MW PES will use step size of   0.0534 sqrt(amu)*bohr.
 Point Number:   0          Path Number:   1
 Calculating another point on the path.
 IRC-IRC-IRC-IRC-IRC-IRC-IRC-IRC-IRC-IRC-IRC-IRC-IRC-IRC-IRC-IRC-IRC-IRC
                          Input orientation:                          
 ---------------------------------------------------------------------
 Center     Atomic      Atomic             Coordinates (Angstroms)
 Number     Number       Type             X           Y           Z
 ---------------------------------------------------------------------
      1          6           0       -1.961689   -0.055021    0.008337
      2          6           0       -1.008258   -1.064303   -0.057007
      3          6           0        0.370385   -0.785610   -0.020996
      4          6           0        0.762872    0.582357   -0.004490
      5          6           0       -0.187848    1.598755    0.014771
      6          6           0       -1.537097    1.285884    0.040320
      7          1           0        0.155916    2.626068    0.001334
      8          8           0        2.079644    0.912798   -0.206119
      9          8           0        1.262314   -1.764591   -0.050014
     10          1           0       -1.301493   -2.106853   -0.098106
     11          6           0        3.004837   -0.034761    0.201546
     12          1           0        3.062855   -0.152651    1.287916
     13          1           0        2.312799   -1.187657   -0.054429
     14          1           0        3.954995    0.139612   -0.293833
     15          1           0       -2.271388    2.082706    0.073389
     16          6           0       -3.432309   -0.390108    0.061653
     17          1           0       -3.623572   -1.405243   -0.291300
     18          1           0       -3.814631   -0.317596    1.085608
     19          1           0       -4.017166    0.299815   -0.552428
 ---------------------------------------------------------------------
                    Distance matrix (angstroms):
                    1          2          3          4          5
     1  C    0.000000
     2  C    1.389946   0.000000
     3  C    2.444011   1.406991   0.000000
     4  C    2.798151   2.418916   1.423255   0.000000
     5  C    2.425187   2.787491   2.449102   1.391871   0.000000
     6  C    1.406886   2.410918   2.816618   2.405580   1.385285
     7  H    3.416510   3.870083   3.418485   2.131943   1.083386
     8  O    4.161134   3.669647   2.416698   1.372492   2.379254
     9  O    3.649689   2.376121   1.324682   2.399933   3.663231
    10  H    2.158055   1.083783   2.132323   3.391492   3.870979
    11  C    4.970324   4.151113   2.748388   2.334458   3.591169
    12  H    5.185836   4.383366   3.059949   2.738699   3.905815
    13  H    4.422448   3.323348   1.983868   2.353236   3.744612
    14  H    5.927591   5.112669   3.712130   3.235644   4.403122
    15  H    2.161024   3.393548   3.900655   3.385830   2.139809
    16  C    1.509254   2.518857   3.824099   4.306925   3.805825
    17  H    2.162114   2.647829   4.050765   4.824283   4.574045
    18  H    2.159365   3.120716   4.354075   4.790800   4.239417
    19  H    2.159943   3.340627   4.550953   4.819630   4.083215
                    6          7          8          9         10
     6  C    0.000000
     7  H    2.159608   0.000000
     8  O    3.644275   2.584388   0.000000
     9  O    4.141287   4.528205   2.803713   0.000000
    10  H    3.403724   4.953228   4.534539   2.586998   0.000000
    11  C    4.732786   3.903389   1.385656   2.468193   4.788301
    12  H    4.978498   4.222188   2.081832   2.762310   4.978704
    13  H    4.577017   4.381752   2.118793   1.198495   3.729602
    14  H    5.620381   4.550010   2.030383   3.306957   5.719753
    15  H    1.084067   2.488421   4.514232   5.225320   4.303779
    16  C    2.530065   4.687890   5.670175   4.892970   2.741006
    17  H    3.421332   5.533681   6.156886   4.905021   2.433440
    18  H    2.975053   5.060243   6.158320   5.399889   3.304313
    19  H    2.733940   4.809649   6.137327   5.690967   3.656958
                   11         12         13         14         15
    11  C    0.000000
    12  H    1.094287   0.000000
    13  H    1.368798   1.853567   0.000000
    14  H    1.085637   1.839364   2.125033   0.000000
    15  H    5.686708   5.909827   5.632618   6.532864   0.000000
    16  C    6.448464   6.614172   5.801364   7.414798   2.731791
    17  H    6.786525   6.983639   5.945078   7.734420   3.758615
    18  H    6.882347   6.882438   6.293019   7.904365   3.027811
    19  H    7.070286   7.329277   6.521429   7.977963   2.572565
                   16         17         18         19
    16  C    0.000000
    17  H    1.091630   0.000000
    18  H    1.095405   1.765037   0.000000
    19  H    1.093228   1.769273   1.762209   0.000000
 Symmetry turned off by external request.
 Stoichiometry    C8H9O2(2)
 Framework group  C1[X(C8H9O2)]
 Deg. of freedom    51
 Full point group                 C1      NOp   1
 Rotational constants (GHZ):           3.0684175           0.9597980           0.7411253
 Standard basis: 6-311G(d,p) (5D, 7F)
   234 basis functions,   392 primitive gaussians,   244 cartesian basis functions
    37 alpha electrons       36 beta electrons
       nuclear repulsion energy       509.5889041877 Hartrees.
 NAtoms=   19 NActive=   19 NUniq=   19 SFac= 1.00D+00 NAtFMM=   60 NAOKFM=F Big=F
 Integral buffers will be    131072 words long.
 Raffenetti 2 integral format.
 Two-electron integral symmetry is turned off.
 One-electron integrals computed using PRISM.
 NBasis=   234 RedAO= T EigKep=  2.05D-04  NBF=   234
 NBsUse=   234 1.00D-06 EigRej= -1.00D+00 NBFU=   234
 Initial guess from the checkpoint file:  "SR-12-ts-SR-13.chk"
 B after Tr=    -0.070946   -0.000336    0.014856
         Rot=    1.000000   -0.000008   -0.000004    0.000048 Ang=  -0.01 deg.
 Initial guess <Sx>= 0.0000 <Sy>= 0.0000 <Sz>= 0.5000 <S**2>= 0.7553 S= 0.5026
 ExpMin= 1.03D-01 ExpMax= 8.59D+03 ExpMxC= 1.30D+03 IAcc=2 IRadAn=         4 AccDes= 0.00D+00
 Harris functional with IExCor=  402 and IRadAn=       4 diagonalized for initial guess.
 HarFok:  IExCor=  402 AccDes= 0.00D+00 IRadAn=         4 IDoV= 1 UseB2=F ITyADJ=14
 ICtDFT=  3500011 ScaDFX=  1.000000  1.000000  1.000000  1.000000
 FoFCou: FMM=F IPFlag=           0 FMFlag=      100000 FMFlg1=           0
         NFxFlg=           0 DoJE=T BraDBF=F KetDBF=T FulRan=T
         wScrn=  0.000000 ICntrl=       500 IOpCl=  0 I1Cent=   200000004 NGrid=           0
         NMat0=    1 NMatS0=      1 NMatT0=    0 NMatD0=    1 NMtDS0=    0 NMtDT0=    0
 Symmetry not used in FoFCou.
 Requested convergence on RMS density matrix=1.00D-08 within 128 cycles.
 Requested convergence on MAX density matrix=1.00D-06.
 Requested convergence on             energy=1.00D-06.
 No special actions if energy rises.
 Integral accuracy reduced to 1.0D-05 until final iterations.
 Initial convergence to 1.0D-05 achieved.  Increase integral accuracy.
 SCF Done:  E(UB3LYP) =  -460.748790340     A.U. after   17 cycles
            NFock= 17  Conv=0.94D-08     -V/T= 2.0038
 <Sx>= 0.0000 <Sy>= 0.0000 <Sz>= 0.5000 <S**2>= 0.7551 S= 0.5026
 <L.S>= 0.000000000000E+00
 Annihilation of the first spin contaminant:
 S**2 before annihilation     0.7551,   after     0.7500
 DoSCS=F DFT=T ScalE2(SS,OS)=  1.000000  1.000000
 Range of M.O.s used for correlation:     1   234
 NBasis=   234 NAE=    37 NBE=    36 NFC=     0 NFV=     0
 NROrb=    234 NOA=    37 NOB=    36 NVA=   197 NVB=   198

 **** Warning!!: The largest alpha MO coefficient is  0.14080551D+02


 **** Warning!!: The largest beta MO coefficient is  0.13444966D+02


 **** Warning!!: The smallest beta delta epsilon is  0.84342187D-01

 Symmetrizing basis deriv contribution to polar:
 IMax=3 JMax=2 DiffMx= 0.00D+00
 Calling FoFJK, ICntrl=      2147 FMM=F ISym2X=0 I1Cent= 0 IOpClX= 1 NMat=1 NMatS=1 NMatT=0.
 -------------------------------------------------------------------
 Center     Atomic                   Forces (Hartrees/Bohr)
 Number     Number              X              Y              Z
 -------------------------------------------------------------------
      1        6          -0.000066218    0.000918546   -0.000110634
      2        6           0.001128877   -0.000209503    0.000675475
      3        6          -0.002051998    0.002838135   -0.000033456
      4        6          -0.002115415   -0.000829693   -0.000141729
      5        6           0.000397852   -0.000260198    0.000241832
      6        6          -0.000569275   -0.000509341    0.000016003
      7        1           0.000001324   -0.000004891   -0.000019606
      8        8           0.002324377   -0.001856461   -0.000378996
      9        8           0.005401871    0.000335769   -0.000672779
     10        1           0.000007150   -0.000007931    0.000005326
     11        6           0.001143983    0.004927616    0.000934937
     12        1          -0.000350669   -0.000795580   -0.000087227
     13        1          -0.005206831   -0.004200685   -0.000136970
     14        1           0.000022985   -0.000301142   -0.000221530
     15        1          -0.000015012   -0.000008156   -0.000001048
     16        6          -0.000022482    0.000015042   -0.000063944
     17        1          -0.000004786   -0.000006296   -0.000010638
     18        1           0.000002751   -0.000027726   -0.000000603
     19        1          -0.000028483   -0.000017505    0.000005586
 -------------------------------------------------------------------
 Cartesian Forces:  Max     0.005401871 RMS     0.001520867
 IRC-IRC-IRC-IRC-IRC-IRC-IRC-IRC-IRC-IRC-IRC-IRC-IRC-IRC-IRC-IRC-IRC-IRC
 Pt  1 Step number   1 out of a maximum of  20
 Modified Bulirsch-Stoer Extrapolation Cycles:
    EPS =    0.000010000000000
      PEZero:  N= 2 I= 1 D=  1.39D-04 Err=  3.02D-04
      PEZero:  N= 3 I= 2 D=  1.39D-04 Err=  2.01D-04
      PEZero:  N= 3 I= 1 D=  2.78D-04 Err=  1.08D-08
 Maximum DWI energy   std dev =  0.000000590 at pt    60
 Maximum DWI gradient std dev =  0.011567672 at pt     1
 CORRECTOR INTEGRATION CONVERGENCE:
   Recorrection delta-x convergence threshold:    0.010000
   Delta-x Convergence Met
 Point Number:   1          Path Number:   1
   CHANGE IN THE REACTION COORDINATE =    0.05345
   NET REACTION COORDINATE UP TO THIS POINT =    0.05345
  # OF POINTS ALONG THE PATH =   1
  # OF STEPS =   1

 Calculating another point on the path.
 IRC-IRC-IRC-IRC-IRC-IRC-IRC-IRC-IRC-IRC-IRC-IRC-IRC-IRC-IRC-IRC-IRC-IRC
                          Input orientation:                          
 ---------------------------------------------------------------------
 Center     Atomic      Atomic             Coordinates (Angstroms)
 Number     Number       Type             X           Y           Z
 ---------------------------------------------------------------------
      1          6           0       -1.961712   -0.054724    0.008301
      2          6           0       -1.007893   -1.064373   -0.056781
      3          6           0        0.369713   -0.784683   -0.021009
      4          6           0        0.762186    0.582084   -0.004543
      5          6           0       -0.187716    1.598670    0.014851
      6          6           0       -1.537281    1.285717    0.040325
      7          1           0        0.155925    2.626057    0.001253
      8          8           0        2.080210    0.912346   -0.206210
      9          8           0        1.263621   -1.764518   -0.050182
     10          1           0       -1.301467   -2.106884   -0.098081
     11          6           0        3.005239   -0.033135    0.201857
     12          1           0        3.061498   -0.155743    1.287589
     13          1           0        2.292469   -1.204060   -0.054972
     14          1           0        3.955139    0.138502   -0.294694
     15          1           0       -2.271442    2.082669    0.073386
     16          6           0       -3.432317   -0.390103    0.061631
     17          1           0       -3.623591   -1.405266   -0.291340
     18          1           0       -3.814619   -0.317704    1.085604
     19          1           0       -4.017278    0.299745   -0.552407
 ---------------------------------------------------------------------
                    Distance matrix (angstroms):
                    1          2          3          4          5
     1  C    0.000000
     2  C    1.390466   0.000000
     3  C    2.443203   1.406166   0.000000
     4  C    2.797376   2.418002   1.422097   0.000000
     5  C    2.425040   2.787404   2.447936   1.391452   0.000000
     6  C    1.406396   2.410934   2.815483   2.405132   1.385610
     7  H    3.416288   3.870027   3.417506   2.131997   1.083419
     8  O    4.161535   3.669622   2.416611   1.373655   2.379789
     9  O    3.650971   2.376978   1.326649   2.400013   3.663556
    10  H    2.158379   1.083845   2.132369   3.390865   3.870960
    11  C    4.970768   4.151575   2.749635   2.335033   3.590643
    12  H    5.184537   4.380969   3.058383   2.738764   3.905793
    13  H    4.407157   3.303318   1.968254   2.352578   3.743193
    14  H    5.927754   5.112260   3.712473   3.236649   4.403539
    15  H    2.160699   3.393725   3.899528   3.385370   2.139999
    16  C    1.509305   2.519225   3.823343   4.306203   3.805896
    17  H    2.162311   2.648226   4.050269   4.823573   4.574126
    18  H    2.159399   3.120940   4.353309   4.790114   4.239509
    19  H    2.159952   3.341086   4.550171   4.819040   4.083446
                    6          7          8          9         10
     6  C    0.000000
     7  H    2.159857   0.000000
     8  O    3.645055   2.585095   0.000000
     9  O    4.142122   4.528441   2.802992   0.000000
    10  H    3.403602   4.953240   4.534664   2.588279   0.000000
    11  C    4.732858   3.902580   1.384244   2.468693   4.789375
    12  H    4.978176   4.223201   2.082108   2.758650   4.976193
    13  H    4.568923   4.386089   2.132394   1.171607   3.705850
    14  H    5.620944   4.550774   2.030277   3.305381   5.719469
    15  H    1.084075   2.488490   4.514942   5.226163   4.303790
    16  C    2.529820   4.687893   5.670632   4.894216   2.741052
    17  H    3.421123   5.533707   6.157265   4.906329   2.433491
    18  H    2.974867   5.060313   6.158800   5.401093   3.304271
    19  H    2.733836   4.809770   6.137955   5.692214   3.657035
                   11         12         13         14         15
    11  C    0.000000
    12  H    1.094081   0.000000
    13  H    1.394657   1.868915   0.000000
    14  H    1.085510   1.840868   2.150444   0.000000
    15  H    5.686518   5.909740   5.625686   6.533420   0.000000
    16  C    6.448970   6.612680   5.783537   7.414911   2.731734
    17  H    6.787295   6.981743   5.924198   7.734364   3.758593
    18  H    6.882765   6.880990   6.275593   7.904587   3.027833
    19  H    7.070747   7.328173   6.505519   7.978211   2.572621
                   16         17         18         19
    16  C    0.000000
    17  H    1.091664   0.000000
    18  H    1.095407   1.765009   0.000000
    19  H    1.093211   1.769239   1.762212   0.000000
 Symmetry turned off by external request.
 Stoichiometry    C8H9O2(2)
 Framework group  C1[X(C8H9O2)]
 Deg. of freedom    51
 Full point group                 C1      NOp   1
 Rotational constants (GHZ):           3.0685130           0.9597953           0.7411331
 Standard basis: 6-311G(d,p) (5D, 7F)
   234 basis functions,   392 primitive gaussians,   244 cartesian basis functions
    37 alpha electrons       36 beta electrons
       nuclear repulsion energy       509.6289854837 Hartrees.
 NAtoms=   19 NActive=   19 NUniq=   19 SFac= 1.00D+00 NAtFMM=   60 NAOKFM=F Big=F
 Integral buffers will be    131072 words long.
 Raffenetti 2 integral format.
 Two-electron integral symmetry is turned off.
 One-electron integrals computed using PRISM.
 NBasis=   234 RedAO= T EigKep=  2.04D-04  NBF=   234
 NBsUse=   234 1.00D-06 EigRej= -1.00D+00 NBFU=   234
 Initial guess from the checkpoint file:  "SR-12-ts-SR-13.chk"
 B after Tr=    -0.000278   -0.000275   -0.000024
         Rot=    1.000000   -0.000008   -0.000004    0.000048 Ang=  -0.01 deg.
 Initial guess <Sx>= 0.0000 <Sy>= 0.0000 <Sz>= 0.5000 <S**2>= 0.7551 S= 0.5026
 ExpMin= 1.03D-01 ExpMax= 8.59D+03 ExpMxC= 1.30D+03 IAcc=2 IRadAn=         4 AccDes= 0.00D+00
 Harris functional with IExCor=  402 and IRadAn=       4 diagonalized for initial guess.
 HarFok:  IExCor=  402 AccDes= 0.00D+00 IRadAn=         4 IDoV= 1 UseB2=F ITyADJ=14
 ICtDFT=  3500011 ScaDFX=  1.000000  1.000000  1.000000  1.000000
 FoFCou: FMM=F IPFlag=           0 FMFlag=      100000 FMFlg1=           0
         NFxFlg=           0 DoJE=T BraDBF=F KetDBF=T FulRan=T
         wScrn=  0.000000 ICntrl=       500 IOpCl=  0 I1Cent=   200000004 NGrid=           0
         NMat0=    1 NMatS0=      1 NMatT0=    0 NMatD0=    1 NMtDS0=    0 NMtDT0=    0
 Symmetry not used in FoFCou.
 Requested convergence on RMS density matrix=1.00D-08 within 128 cycles.
 Requested convergence on MAX density matrix=1.00D-06.
 Requested convergence on             energy=1.00D-06.
 No special actions if energy rises.
 Integral accuracy reduced to 1.0D-05 until final iterations.
 Initial convergence to 1.0D-05 achieved.  Increase integral accuracy.
 SCF Done:  E(UB3LYP) =  -460.749345983     A.U. after   17 cycles
            NFock= 17  Conv=0.76D-08     -V/T= 2.0038
 <Sx>= 0.0000 <Sy>= 0.0000 <Sz>= 0.5000 <S**2>= 0.7550 S= 0.5025
 <L.S>= 0.000000000000E+00
 Annihilation of the first spin contaminant:
 S**2 before annihilation     0.7550,   after     0.7500
 DoSCS=F DFT=T ScalE2(SS,OS)=  1.000000  1.000000
 Range of M.O.s used for correlation:     1   234
 NBasis=   234 NAE=    37 NBE=    36 NFC=     0 NFV=     0
 NROrb=    234 NOA=    37 NOB=    36 NVA=   197 NVB=   198

 **** Warning!!: The largest alpha MO coefficient is  0.13812121D+02


 **** Warning!!: The largest beta MO coefficient is  0.13081161D+02


 **** Warning!!: The smallest beta delta epsilon is  0.86925361D-01

 Symmetrizing basis deriv contribution to polar:
 IMax=3 JMax=2 DiffMx= 0.00D+00
 Calling FoFJK, ICntrl=      2147 FMM=F ISym2X=0 I1Cent= 0 IOpClX= 1 NMat=1 NMatS=1 NMatT=0.
 -------------------------------------------------------------------
 Center     Atomic                   Forces (Hartrees/Bohr)
 Number     Number              X              Y              Z
 -------------------------------------------------------------------
      1        6          -0.000139575    0.001628161   -0.000205201
      2        6           0.002044058   -0.000377439    0.001328308
      3        6          -0.003874613    0.005262766   -0.000090780
      4        6          -0.003827615   -0.001548179   -0.000369766
      5        6           0.000754992   -0.000472758    0.000465208
      6        6          -0.001030938   -0.000948732    0.000036319
      7        1           0.000008297   -0.000010708   -0.000042893
      8        8           0.004182531   -0.003400695   -0.000686952
      9        8           0.009596283    0.000393780   -0.001306209
     10        1           0.000015153   -0.000014210    0.000014734
     11        6           0.002627762    0.009511054    0.001854451
     12        1          -0.000659016   -0.001495020   -0.000163304
     13        1          -0.009631950   -0.007934438   -0.000287084
     14        1           0.000070364   -0.000516700   -0.000400788
     15        1          -0.000027298   -0.000017130   -0.000001016
     16        6          -0.000050616    0.000032905   -0.000133946
     17        1          -0.000007914   -0.000007037   -0.000018779
     18        1           0.000007639   -0.000051434   -0.000002355
     19        1          -0.000057544   -0.000034186    0.000010054
 -------------------------------------------------------------------
 Cartesian Forces:  Max     0.009631950 RMS     0.002825112
 IRC-IRC-IRC-IRC-IRC-IRC-IRC-IRC-IRC-IRC-IRC-IRC-IRC-IRC-IRC-IRC-IRC-IRC
 Pt  2 Step number   1 out of a maximum of  20
 Modified Bulirsch-Stoer Extrapolation Cycles:
    EPS =    0.000010000000000
      PEZero:  N= 2 I= 1 D=  2.78D-04 Err=  4.49D-06
 Maximum DWI energy   std dev =  0.000002767 at pt    36
 Maximum DWI gradient std dev =  0.008393256 at pt    37
 CORRECTOR INTEGRATION CONVERGENCE:
   Recorrection delta-x convergence threshold:    0.010000
   Delta-x Convergence Met
 Point Number:   2          Path Number:   1
   CHANGE IN THE REACTION COORDINATE =    0.05343
   NET REACTION COORDINATE UP TO THIS POINT =    0.10688
  # OF POINTS ALONG THE PATH =   2
  # OF STEPS =   1

 Calculating another point on the path.
 IRC-IRC-IRC-IRC-IRC-IRC-IRC-IRC-IRC-IRC-IRC-IRC-IRC-IRC-IRC-IRC-IRC-IRC
                          Input orientation:                          
 ---------------------------------------------------------------------
 Center     Atomic      Atomic             Coordinates (Angstroms)
 Number     Number       Type             X           Y           Z
 ---------------------------------------------------------------------
      1          6           0       -1.961739   -0.054447    0.008265
      2          6           0       -1.007542   -1.064438   -0.056541
      3          6           0        0.369030   -0.783764   -0.021029
      4          6           0        0.761526    0.581812   -0.004620
      5          6           0       -0.187582    1.598588    0.014934
      6          6           0       -1.537459    1.285550    0.040332
      7          1           0        0.155949    2.626036    0.001156
      8          8           0        2.080749    0.911903   -0.206299
      9          8           0        1.264847   -1.764484   -0.050358
     10          1           0       -1.301432   -2.106915   -0.098043
     11          6           0        3.005751   -0.031433    0.202194
     12          1           0        3.060118   -0.158878    1.287257
     13          1           0        2.272381   -1.220760   -0.055610
     14          1           0        3.955343    0.137492   -0.295522
     15          1           0       -2.271498    2.082630    0.073385
     16          6           0       -3.432327   -0.390096    0.061606
     17          1           0       -3.623608   -1.405282   -0.291379
     18          1           0       -3.814602   -0.317812    1.085598
     19          1           0       -4.017403    0.299671   -0.552386
 ---------------------------------------------------------------------
                    Distance matrix (angstroms):
                    1          2          3          4          5
     1  C    0.000000
     2  C    1.390960   0.000000
     3  C    2.442384   1.405343   0.000000
     4  C    2.796634   2.417114   1.420958   0.000000
     5  C    2.424913   2.787320   2.446776   1.391051   0.000000
     6  C    1.405929   2.410941   2.814343   2.404704   1.385932
     7  H    3.416086   3.869966   3.416524   2.132043   1.083445
     8  O    4.161920   3.669590   2.416525   1.374766   2.380295
     9  O    3.652194   2.377784   1.328594   2.400111   3.663887
    10  H    2.158687   1.083906   2.132394   3.390248   3.870941
    11  C    4.971327   4.152176   2.751024   2.335677   3.590183
    12  H    5.183220   4.378548   3.056803   2.738812   3.905771
    13  H    4.392282   3.283647   1.953179   2.352563   3.742342
    14  H    5.927983   5.111945   3.712910   3.237670   4.403977
    15  H    2.160391   3.393891   3.898399   3.384933   2.140191
    16  C    1.509349   2.519579   3.822580   4.305508   3.805971
    17  H    2.162487   2.648608   4.049757   4.822881   4.574204
    18  H    2.159424   3.121140   4.352529   4.789452   4.239598
    19  H    2.159974   3.341544   4.549392   4.818487   4.083696
                    6          7          8          9         10
     6  C    0.000000
     7  H    2.160109   0.000000
     8  O    3.645801   2.585758   0.000000
     9  O    4.142928   4.528684   2.802331   0.000000
    10  H    3.403480   4.953245   4.534769   2.589464   0.000000
    11  C    4.733012   3.901785   1.382887   2.469412   4.790574
    12  H    4.977841   4.224216   2.082413   2.755028   4.973633
    13  H    4.561324   4.390939   2.146551   1.144897   3.682284
    14  H    5.621539   4.551512   2.030216   3.303996   5.719270
    15  H    1.084086   2.488575   4.515626   5.226982   4.303801
    16  C    2.529579   4.687903   5.671065   4.895399   2.741107
    17  H    3.420910   5.533729   6.157619   4.907557   2.433550
    18  H    2.974682   5.060389   6.159250   5.402228   3.304227
    19  H    2.733751   4.809912   6.138572   5.693412   3.657127
                   11         12         13         14         15
    11  C    0.000000
    12  H    1.093874   0.000000
    13  H    1.420843   1.884519   0.000000
    14  H    1.085348   1.842404   2.175952   0.000000
    15  H    5.686406   5.909650   5.619240   6.534003   0.000000
    16  C    6.449594   6.611166   5.766059   7.415090   2.731673
    17  H    6.788187   6.979814   5.903586   7.734382   3.758561
    18  H    6.883287   6.879513   6.258517   7.904862   3.027849
    19  H    7.071331   7.327063   6.489984   7.978531   2.572687
                   16         17         18         19
    16  C    0.000000
    17  H    1.091691   0.000000
    18  H    1.095408   1.764975   0.000000
    19  H    1.093197   1.769198   1.762216   0.000000
 Symmetry turned off by external request.
 Stoichiometry    C8H9O2(2)
 Framework group  C1[X(C8H9O2)]
 Deg. of freedom    51
 Full point group                 C1      NOp   1
 Rotational constants (GHZ):           3.0685330           0.9597814           0.7411299
 Standard basis: 6-311G(d,p) (5D, 7F)
   234 basis functions,   392 primitive gaussians,   244 cartesian basis functions
    37 alpha electrons       36 beta electrons
       nuclear repulsion energy       509.6705362789 Hartrees.
 NAtoms=   19 NActive=   19 NUniq=   19 SFac= 1.00D+00 NAtFMM=   60 NAOKFM=F Big=F
 Integral buffers will be    131072 words long.
 Raffenetti 2 integral format.
 Two-electron integral symmetry is turned off.
 One-electron integrals computed using PRISM.
 NBasis=   234 RedAO= T EigKep=  2.03D-04  NBF=   234
 NBsUse=   234 1.00D-06 EigRej= -1.00D+00 NBFU=   234
 Initial guess from the checkpoint file:  "SR-12-ts-SR-13.chk"
 B after Tr=    -0.000275   -0.000278   -0.000025
         Rot=    1.000000   -0.000008   -0.000004    0.000048 Ang=  -0.01 deg.
 Initial guess <Sx>= 0.0000 <Sy>= 0.0000 <Sz>= 0.5000 <S**2>= 0.7550 S= 0.5025
 ExpMin= 1.03D-01 ExpMax= 8.59D+03 ExpMxC= 1.30D+03 IAcc=2 IRadAn=         4 AccDes= 0.00D+00
 Harris functional with IExCor=  402 and IRadAn=       4 diagonalized for initial guess.
 HarFok:  IExCor=  402 AccDes= 0.00D+00 IRadAn=         4 IDoV= 1 UseB2=F ITyADJ=14
 ICtDFT=  3500011 ScaDFX=  1.000000  1.000000  1.000000  1.000000
 FoFCou: FMM=F IPFlag=           0 FMFlag=      100000 FMFlg1=           0
         NFxFlg=           0 DoJE=T BraDBF=F KetDBF=T FulRan=T
         wScrn=  0.000000 ICntrl=       500 IOpCl=  0 I1Cent=   200000004 NGrid=           0
         NMat0=    1 NMatS0=      1 NMatT0=    0 NMatD0=    1 NMtDS0=    0 NMtDT0=    0
 Symmetry not used in FoFCou.
 Requested convergence on RMS density matrix=1.00D-08 within 128 cycles.
 Requested convergence on MAX density matrix=1.00D-06.
 Requested convergence on             energy=1.00D-06.
 No special actions if energy rises.
 Integral accuracy reduced to 1.0D-05 until final iterations.
 Initial convergence to 1.0D-05 achieved.  Increase integral accuracy.
 SCF Done:  E(UB3LYP) =  -460.750199089     A.U. after   16 cycles
            NFock= 16  Conv=0.97D-08     -V/T= 2.0038
 <Sx>= 0.0000 <Sy>= 0.0000 <Sz>= 0.5000 <S**2>= 0.7548 S= 0.5024
 <L.S>= 0.000000000000E+00
 Annihilation of the first spin contaminant:
 S**2 before annihilation     0.7548,   after     0.7500
 DoSCS=F DFT=T ScalE2(SS,OS)=  1.000000  1.000000
 Range of M.O.s used for correlation:     1   234
 NBasis=   234 NAE=    37 NBE=    36 NFC=     0 NFV=     0
 NROrb=    234 NOA=    37 NOB=    36 NVA=   197 NVB=   198

 **** Warning!!: The largest alpha MO coefficient is  0.13520870D+02


 **** Warning!!: The largest beta MO coefficient is  0.12696597D+02


 **** Warning!!: The smallest beta delta epsilon is  0.89952297D-01

 Symmetrizing basis deriv contribution to polar:
 IMax=3 JMax=2 DiffMx= 0.00D+00
 Calling FoFJK, ICntrl=      2147 FMM=F ISym2X=0 I1Cent= 0 IOpClX= 1 NMat=1 NMatS=1 NMatT=0.
 -------------------------------------------------------------------
 Center     Atomic                   Forces (Hartrees/Bohr)
 Number     Number              X              Y              Z
 -------------------------------------------------------------------
      1        6          -0.000212126    0.002140156   -0.000282907
      2        6           0.002744847   -0.000501929    0.001933772
      3        6          -0.005431369    0.007250483   -0.000163395
      4        6          -0.005110108   -0.002141578   -0.000656678
      5        6           0.001046782   -0.000638931    0.000664977
      6        6          -0.001381304   -0.001308155    0.000058736
      7        1           0.000020176   -0.000018301   -0.000067751
      8        8           0.005564230   -0.004623909   -0.000935138
      9        8           0.012317929    0.000040455   -0.001878653
     10        1           0.000026143   -0.000019253    0.000027755
     11        6           0.004326026    0.013617505    0.002729688
     12        1          -0.000921568   -0.002090904   -0.000229148
     13        1          -0.012931414   -0.010955611   -0.000442776
     14        1           0.000142991   -0.000648544   -0.000537980
     15        1          -0.000038148   -0.000026416   -0.000000658
     16        6          -0.000079965    0.000055074   -0.000203839
     17        1          -0.000009842   -0.000009020   -0.000026189
     18        1           0.000012171   -0.000071722   -0.000003634
     19        1          -0.000085450   -0.000049403    0.000013817
 -------------------------------------------------------------------
 Cartesian Forces:  Max     0.013617505 RMS     0.003858529
 IRC-IRC-IRC-IRC-IRC-IRC-IRC-IRC-IRC-IRC-IRC-IRC-IRC-IRC-IRC-IRC-IRC-IRC
 Pt  3 Step number   1 out of a maximum of  20
 Modified Bulirsch-Stoer Extrapolation Cycles:
    EPS =    0.000010000000000
      PEZero:  N= 2 I= 1 D=  2.78D-04 Err=  4.92D-06
 Maximum DWI energy   std dev =  0.000004098 at pt    36
 Maximum DWI gradient std dev =  0.006645154 at pt    28
 CORRECTOR INTEGRATION CONVERGENCE:
   Recorrection delta-x convergence threshold:    0.010000
   Delta-x Convergence Met
 Point Number:   3          Path Number:   1
   CHANGE IN THE REACTION COORDINATE =    0.05343
   NET REACTION COORDINATE UP TO THIS POINT =    0.16031
  # OF POINTS ALONG THE PATH =   3
  # OF STEPS =   1

 Calculating another point on the path.
 IRC-IRC-IRC-IRC-IRC-IRC-IRC-IRC-IRC-IRC-IRC-IRC-IRC-IRC-IRC-IRC-IRC-IRC
                          Input orientation:                          
 ---------------------------------------------------------------------
 Center     Atomic      Atomic             Coordinates (Angstroms)
 Number     Number       Type             X           Y           Z
 ---------------------------------------------------------------------
      1          6           0       -1.961767   -0.054176    0.008228
      2          6           0       -1.007191   -1.064501   -0.056281
      3          6           0        0.368319   -0.782822   -0.021053
      4          6           0        0.760873    0.581534   -0.004716
      5          6           0       -0.187445    1.598506    0.015022
      6          6           0       -1.537636    1.285380    0.040341
      7          1           0        0.155988    2.626006    0.001044
      8          8           0        2.081282    0.911454   -0.206390
      9          8           0        1.266000   -1.764508   -0.050546
     10          1           0       -1.301386   -2.106945   -0.097993
     11          6           0        3.006363   -0.029626    0.202561
     12          1           0        3.058681   -0.162143    1.286907
     13          1           0        2.252642   -1.237716   -0.056336
     14          1           0        3.955611    0.136548   -0.296342
     15          1           0       -2.271557    2.082586    0.073384
     16          6           0       -3.432338   -0.390088    0.061578
     17          1           0       -3.623622   -1.405295   -0.291421
     18          1           0       -3.814582   -0.317924    1.085592
     19          1           0       -4.017541    0.299593   -0.552364
 ---------------------------------------------------------------------
                    Distance matrix (angstroms):
                    1          2          3          4          5
     1  C    0.000000
     2  C    1.391450   0.000000
     3  C    2.441533   1.404497   0.000000
     4  C    2.795902   2.416224   1.419800   0.000000
     5  C    2.424794   2.787234   2.445588   1.390658   0.000000
     6  C    1.405464   2.410943   2.813164   2.404282   1.386255
     7  H    3.415892   3.869899   3.415506   2.132085   1.083466
     8  O    4.162301   3.669550   2.416436   1.375863   2.380795
     9  O    3.653378   2.378537   1.330567   2.400243   3.664241
    10  H    2.158992   1.083965   2.132401   3.389621   3.870918
    11  C    4.971991   4.152901   2.752560   2.336387   3.589763
    12  H    5.181851   4.376040   3.055168   2.738844   3.905753
    13  H    4.377919   3.264431   1.938774   2.353233   3.742094
    14  H    5.928281   5.111708   3.713448   3.238736   4.404451
    15  H    2.160086   3.394053   3.897233   3.384508   2.140388
    16  C    1.509391   2.519933   3.821788   4.304819   3.806048
    17  H    2.162654   2.648989   4.049217   4.822187   4.574280
    18  H    2.159444   3.121329   4.351718   4.788798   4.239687
    19  H    2.160005   3.342014   4.548591   4.817951   4.083961
                    6          7          8          9         10
     6  C    0.000000
     7  H    2.160367   0.000000
     8  O    3.646541   2.586402   0.000000
     9  O    4.143724   4.528952   2.801740   0.000000
    10  H    3.403354   4.953239   4.534857   2.590557   0.000000
    11  C    4.733232   3.900978   1.381538   2.470374   4.791899
    12  H    4.977487   4.225263   2.082752   2.751375   4.970955
    13  H    4.554290   4.396316   2.161206   1.118484   3.659017
    14  H    5.622182   4.552250   2.030193   3.302793   5.719145
    15  H    1.084099   2.488677   4.516307   5.227791   4.303810
    16  C    2.529336   4.687918   5.671492   4.896527   2.741171
    17  H    3.420693   5.533749   6.157961   4.908712   2.433620
    18  H    2.974494   5.060474   6.159691   5.403307   3.304183
    19  H    2.733680   4.810073   6.139195   5.694571   3.657236
                   11         12         13         14         15
    11  C    0.000000
    12  H    1.093666   0.000000
    13  H    1.447275   1.900227   0.000000
    14  H    1.085168   1.844012   2.201433   0.000000
    15  H    5.686349   5.909559   5.613342   6.534630   0.000000
    16  C    6.450324   6.609593   5.749032   7.415339   2.731606
    17  H    6.789197   6.977802   5.883351   7.734474   3.758521
    18  H    6.883905   6.877975   6.241892   7.905200   3.027861
    19  H    7.072024   7.325915   6.474917   7.978928   2.572758
                   16         17         18         19
    16  C    0.000000
    17  H    1.091716   0.000000
    18  H    1.095410   1.764938   0.000000
    19  H    1.093182   1.769154   1.762221   0.000000
 Symmetry turned off by external request.
 Stoichiometry    C8H9O2(2)
 Framework group  C1[X(C8H9O2)]
 Deg. of freedom    51
 Full point group                 C1      NOp   1
 Rotational constants (GHZ):           3.0684823           0.9597554           0.7411158
 Standard basis: 6-311G(d,p) (5D, 7F)
   234 basis functions,   392 primitive gaussians,   244 cartesian basis functions
    37 alpha electrons       36 beta electrons
       nuclear repulsion energy       509.7133583185 Hartrees.
 NAtoms=   19 NActive=   19 NUniq=   19 SFac= 1.00D+00 NAtFMM=   60 NAOKFM=F Big=F
 Integral buffers will be    131072 words long.
 Raffenetti 2 integral format.
 Two-electron integral symmetry is turned off.
 One-electron integrals computed using PRISM.
 NBasis=   234 RedAO= T EigKep=  2.03D-04  NBF=   234
 NBsUse=   234 1.00D-06 EigRej= -1.00D+00 NBFU=   234
 Initial guess from the checkpoint file:  "SR-12-ts-SR-13.chk"
 B after Tr=    -0.000270   -0.000283   -0.000026
         Rot=    1.000000   -0.000009   -0.000004    0.000048 Ang=  -0.01 deg.
 Initial guess <Sx>= 0.0000 <Sy>= 0.0000 <Sz>= 0.5000 <S**2>= 0.7548 S= 0.5024
 ExpMin= 1.03D-01 ExpMax= 8.59D+03 ExpMxC= 1.30D+03 IAcc=2 IRadAn=         4 AccDes= 0.00D+00
 Harris functional with IExCor=  402 and IRadAn=       4 diagonalized for initial guess.
 HarFok:  IExCor=  402 AccDes= 0.00D+00 IRadAn=         4 IDoV= 1 UseB2=F ITyADJ=14
 ICtDFT=  3500011 ScaDFX=  1.000000  1.000000  1.000000  1.000000
 FoFCou: FMM=F IPFlag=           0 FMFlag=      100000 FMFlg1=           0
         NFxFlg=           0 DoJE=T BraDBF=F KetDBF=T FulRan=T
         wScrn=  0.000000 ICntrl=       500 IOpCl=  0 I1Cent=   200000004 NGrid=           0
         NMat0=    1 NMatS0=      1 NMatT0=    0 NMatD0=    1 NMtDS0=    0 NMtDT0=    0
 Symmetry not used in FoFCou.
 Requested convergence on RMS density matrix=1.00D-08 within 128 cycles.
 Requested convergence on MAX density matrix=1.00D-06.
 Requested convergence on             energy=1.00D-06.
 No special actions if energy rises.
 Integral accuracy reduced to 1.0D-05 until final iterations.
 Initial convergence to 1.0D-05 achieved.  Increase integral accuracy.
 SCF Done:  E(UB3LYP) =  -460.751265582     A.U. after   15 cycles
            NFock= 15  Conv=0.88D-08     -V/T= 2.0037
 <Sx>= 0.0000 <Sy>= 0.0000 <Sz>= 0.5000 <S**2>= 0.7546 S= 0.5023
 <L.S>= 0.000000000000E+00
 Annihilation of the first spin contaminant:
 S**2 before annihilation     0.7546,   after     0.7500
 DoSCS=F DFT=T ScalE2(SS,OS)=  1.000000  1.000000
 Range of M.O.s used for correlation:     1   234
 NBasis=   234 NAE=    37 NBE=    36 NFC=     0 NFV=     0
 NROrb=    234 NOA=    37 NOB=    36 NVA=   197 NVB=   198

 **** Warning!!: The largest alpha MO coefficient is  0.13208839D+02


 **** Warning!!: The largest beta MO coefficient is  0.12298393D+02


 **** Warning!!: The smallest beta delta epsilon is  0.93362353D-01

 Symmetrizing basis deriv contribution to polar:
 IMax=3 JMax=2 DiffMx= 0.00D+00
 Calling FoFJK, ICntrl=      2147 FMM=F ISym2X=0 I1Cent= 0 IOpClX= 1 NMat=1 NMatS=1 NMatT=0.
 -------------------------------------------------------------------
 Center     Atomic                   Forces (Hartrees/Bohr)
 Number     Number              X              Y              Z
 -------------------------------------------------------------------
      1        6          -0.000279132    0.002463715   -0.000343661
      2        6           0.003233172   -0.000579444    0.002476972
      3        6          -0.006688724    0.008780025   -0.000243436
      4        6          -0.005953457   -0.002596395   -0.000981308
      5        6           0.001255769   -0.000758729    0.000838691
      6        6          -0.001622678   -0.001579393    0.000081011
      7        1           0.000036549   -0.000029764   -0.000091857
      8        8           0.006474571   -0.005528710   -0.001134744
      9        8           0.013296769   -0.000855107   -0.002376513
     10        1           0.000041899   -0.000021993    0.000043759
     11        6           0.006131006    0.017148129    0.003536129
     12        1          -0.001136310   -0.002579351   -0.000286889
     13        1          -0.014757358   -0.013037517   -0.000598123
     14        1           0.000228766   -0.000706217   -0.000628649
     15        1          -0.000047728   -0.000035644   -0.000000353
     16        6          -0.000108450    0.000076709   -0.000270253
     17        1          -0.000009498   -0.000009300   -0.000032387
     18        1           0.000016487   -0.000088608   -0.000005049
     19        1          -0.000111653   -0.000062405    0.000016660
 -------------------------------------------------------------------
 Cartesian Forces:  Max     0.017148129 RMS     0.004577878
 IRC-IRC-IRC-IRC-IRC-IRC-IRC-IRC-IRC-IRC-IRC-IRC-IRC-IRC-IRC-IRC-IRC-IRC
 Pt  4 Step number   1 out of a maximum of  20
 Modified Bulirsch-Stoer Extrapolation Cycles:
    EPS =    0.000010000000000
      PEZero:  N= 2 I= 1 D=  2.78D-04 Err=  6.74D-06
 Maximum DWI energy   std dev =  0.000005360 at pt    47
 Maximum DWI gradient std dev =  0.007473400 at pt    38
 CORRECTOR INTEGRATION CONVERGENCE:
   Recorrection delta-x convergence threshold:    0.010000
   Delta-x Convergence Met
 Point Number:   4          Path Number:   1
   CHANGE IN THE REACTION COORDINATE =    0.05343
   NET REACTION COORDINATE UP TO THIS POINT =    0.21374
  # OF POINTS ALONG THE PATH =   4
  # OF STEPS =   1

 Calculating another point on the path.
 IRC-IRC-IRC-IRC-IRC-IRC-IRC-IRC-IRC-IRC-IRC-IRC-IRC-IRC-IRC-IRC-IRC-IRC
                          Input orientation:                          
 ---------------------------------------------------------------------
 Center     Atomic      Atomic             Coordinates (Angstroms)
 Number     Number       Type             X           Y           Z
 ---------------------------------------------------------------------
      1          6           0       -1.961800   -0.053906    0.008189
      2          6           0       -1.006833   -1.064564   -0.055993
      3          6           0        0.367560   -0.781833   -0.021083
      4          6           0        0.760215    0.581241   -0.004837
      5          6           0       -0.187305    1.598421    0.015119
      6          6           0       -1.537816    1.285202    0.040350
      7          1           0        0.156046    2.625962    0.000914
      8          8           0        2.081819    0.910988   -0.206486
      9          8           0        1.267049   -1.764624   -0.050752
     10          1           0       -1.301320   -2.106974   -0.097927
     11          6           0        3.007107   -0.027653    0.202973
     12          1           0        3.057143   -0.165641    1.286527
     13          1           0        2.233488   -1.255003   -0.057183
     14          1           0        3.955969    0.135664   -0.297169
     15          1           0       -2.271622    2.082535    0.073383
     16          6           0       -3.432351   -0.390079    0.061546
     17          1           0       -3.623633   -1.405307   -0.291465
     18          1           0       -3.814558   -0.318045    1.085585
     19          1           0       -4.017697    0.299507   -0.552342
 ---------------------------------------------------------------------
                    Distance matrix (angstroms):
                    1          2          3          4          5
     1  C    0.000000
     2  C    1.391946   0.000000
     3  C    2.440625   1.403606   0.000000
     4  C    2.795165   2.415316   1.418595   0.000000
     5  C    2.424679   2.787144   2.444339   1.390269   0.000000
     6  C    1.404994   2.410939   2.811915   2.403862   1.386587
     7  H    3.415702   3.869821   3.414424   2.132121   1.083482
     8  O    4.162687   3.669499   2.416341   1.376965   2.381301
     9  O    3.654517   2.379212   1.332606   2.400431   3.664636
    10  H    2.159302   1.084021   2.132385   3.388967   3.870887
    11  C    4.972793   4.153789   2.754305   2.337190   3.589383
    12  H    5.180388   4.373365   3.053423   2.738856   3.905743
    13  H    4.364327   3.245913   1.925326   2.354796   3.742658
    14  H    5.928673   5.111566   3.714122   3.239882   4.404985
    15  H    2.159773   3.394211   3.895999   3.384087   2.140594
    16  C    1.509430   2.520295   3.820945   4.304124   3.806129
    17  H    2.162814   2.649376   4.048635   4.821478   4.574355
    18  H    2.159459   3.121509   4.350854   4.788141   4.239777
    19  H    2.160048   3.342507   4.547747   4.817424   4.084249
                    6          7          8          9         10
     6  C    0.000000
     7  H    2.160640   0.000000
     8  O    3.647290   2.587035   0.000000
     9  O    4.144515   4.529265   2.801251   0.000000
    10  H    3.403221   4.953219   4.534922   2.591515   0.000000
    11  C    4.733536   3.900134   1.380167   2.471689   4.793398
    12  H    4.977103   4.226371   2.083141   2.747635   4.968066
    13  H    4.548064   4.402389   2.176422   1.092594   3.636260
    14  H    5.622902   4.553004   2.030218   3.301834   5.719109
    15  H    1.084114   2.488803   4.517001   5.228598   4.303815
    16  C    2.529087   4.687940   5.671921   4.897585   2.741250
    17  H    3.420464   5.533769   6.158298   4.909768   2.433707
    18  H    2.974302   5.060572   6.160133   5.404312   3.304139
    19  H    2.733621   4.810262   6.139839   5.695679   3.657369
                   11         12         13         14         15
    11  C    0.000000
    12  H    1.093451   0.000000
    13  H    1.473959   1.915900   0.000000
    14  H    1.084967   1.845743   2.226766   0.000000
    15  H    5.686358   5.909463   5.608229   6.535327   0.000000
    16  C    6.451199   6.607910   5.732707   7.415683   2.731530
    17  H    6.790369   6.975643   5.863731   7.734661   3.758470
    18  H    6.884653   6.876327   6.225968   7.905628   3.027869
    19  H    7.072863   7.324695   6.460572   7.979429   2.572838
                   16         17         18         19
    16  C    0.000000
    17  H    1.091739   0.000000
    18  H    1.095412   1.764896   0.000000
    19  H    1.093168   1.769106   1.762226   0.000000
 Symmetry turned off by external request.
 Stoichiometry    C8H9O2(2)
 Framework group  C1[X(C8H9O2)]
 Deg. of freedom    51
 Full point group                 C1      NOp   1
 Rotational constants (GHZ):           3.0683407           0.9597126           0.7410867
 Standard basis: 6-311G(d,p) (5D, 7F)
   234 basis functions,   392 primitive gaussians,   244 cartesian basis functions
    37 alpha electrons       36 beta electrons
       nuclear repulsion energy       509.7556070812 Hartrees.
 NAtoms=   19 NActive=   19 NUniq=   19 SFac= 1.00D+00 NAtFMM=   60 NAOKFM=F Big=F
 Integral buffers will be    131072 words long.
 Raffenetti 2 integral format.
 Two-electron integral symmetry is turned off.
 One-electron integrals computed using PRISM.
 NBasis=   234 RedAO= T EigKep=  2.02D-04  NBF=   234
 NBsUse=   234 1.00D-06 EigRej= -1.00D+00 NBFU=   234
 Initial guess from the checkpoint file:  "SR-12-ts-SR-13.chk"
 B after Tr=    -0.000262   -0.000289   -0.000028
         Rot=    1.000000   -0.000010   -0.000005    0.000049 Ang=  -0.01 deg.
 Initial guess <Sx>= 0.0000 <Sy>= 0.0000 <Sz>= 0.5000 <S**2>= 0.7546 S= 0.5023
 ExpMin= 1.03D-01 ExpMax= 8.59D+03 ExpMxC= 1.30D+03 IAcc=2 IRadAn=         4 AccDes= 0.00D+00
 Harris functional with IExCor=  402 and IRadAn=       4 diagonalized for initial guess.
 HarFok:  IExCor=  402 AccDes= 0.00D+00 IRadAn=         4 IDoV= 1 UseB2=F ITyADJ=14
 ICtDFT=  3500011 ScaDFX=  1.000000  1.000000  1.000000  1.000000
 FoFCou: FMM=F IPFlag=           0 FMFlag=      100000 FMFlg1=           0
         NFxFlg=           0 DoJE=T BraDBF=F KetDBF=T FulRan=T
         wScrn=  0.000000 ICntrl=       500 IOpCl=  0 I1Cent=   200000004 NGrid=           0
         NMat0=    1 NMatS0=      1 NMatT0=    0 NMatD0=    1 NMtDS0=    0 NMtDT0=    0
 Symmetry not used in FoFCou.
 Requested convergence on RMS density matrix=1.00D-08 within 128 cycles.
 Requested convergence on MAX density matrix=1.00D-06.
 Requested convergence on             energy=1.00D-06.
 No special actions if energy rises.
 Integral accuracy reduced to 1.0D-05 until final iterations.
 Initial convergence to 1.0D-05 achieved.  Increase integral accuracy.
 SCF Done:  E(UB3LYP) =  -460.752443177     A.U. after   15 cycles
            NFock= 15  Conv=0.50D-08     -V/T= 2.0037
 <Sx>= 0.0000 <Sy>= 0.0000 <Sz>= 0.5000 <S**2>= 0.7544 S= 0.5022
 <L.S>= 0.000000000000E+00
 Annihilation of the first spin contaminant:
 S**2 before annihilation     0.7544,   after     0.7500
 DoSCS=F DFT=T ScalE2(SS,OS)=  1.000000  1.000000
 Range of M.O.s used for correlation:     1   234
 NBasis=   234 NAE=    37 NBE=    36 NFC=     0 NFV=     0
 NROrb=    234 NOA=    37 NOB=    36 NVA=   197 NVB=   198

 **** Warning!!: The largest alpha MO coefficient is  0.12876741D+02


 **** Warning!!: The largest beta MO coefficient is  0.12662449D+02


 **** Warning!!: The smallest beta delta epsilon is  0.97077408D-01

 Symmetrizing basis deriv contribution to polar:
 IMax=3 JMax=2 DiffMx= 0.00D+00
 G2DrvN: will do    20 centers at a time, making    1 passes.
 Calling FoFCou, ICntrl=  3107 FMM=F I1Cent=   0 AccDes= 0.00D+00.
 End of G2Drv F.D. properties file   721 does not exist.
 End of G2Drv F.D. properties file   722 does not exist.
 End of G2Drv F.D. properties file   788 does not exist.
          IDoAtm=1111111111111111111
          Differentiating once with respect to nuclear coordinates.
 Keep R1 and R2 ints in memory in canonical form, NReq=777448251.
          There are    60 degrees of freedom in the 1st order CPHF.  IDoFFX=6 NUNeed=     0.
     54 vectors produced by pass  0 Test12= 2.40D-14 1.67D-09 XBig12= 3.98D-01 2.27D-01.
 AX will form    54 AO Fock derivatives at one time.
     54 vectors produced by pass  1 Test12= 2.40D-14 1.67D-09 XBig12= 9.84D-02 5.87D-02.
     54 vectors produced by pass  2 Test12= 2.40D-14 1.67D-09 XBig12= 1.58D-03 7.99D-03.
     54 vectors produced by pass  3 Test12= 2.40D-14 1.67D-09 XBig12= 1.37D-05 6.04D-04.
     54 vectors produced by pass  4 Test12= 2.40D-14 1.67D-09 XBig12= 6.91D-08 4.37D-05.
     54 vectors produced by pass  5 Test12= 2.40D-14 1.67D-09 XBig12= 3.57D-10 1.72D-06.
     41 vectors produced by pass  6 Test12= 2.40D-14 1.67D-09 XBig12= 1.87D-12 1.31D-07.
     10 vectors produced by pass  7 Test12= 2.40D-14 1.67D-09 XBig12= 7.16D-15 6.88D-09.
 InvSVY:  IOpt=1 It=  1 EMax= 9.99D-16
 Solved reduced A of dimension   375 with    60 vectors.
 End of Minotr F.D. properties file   721 does not exist.
 End of Minotr F.D. properties file   722 does not exist.
 End of Minotr F.D. properties file   788 does not exist.
 Calling FoFJK, ICntrl=    100147 FMM=F ISym2X=0 I1Cent= 0 IOpClX= 1 NMat=1 NMatS=1 NMatT=0.
 -------------------------------------------------------------------
 Center     Atomic                   Forces (Hartrees/Bohr)
 Number     Number              X              Y              Z
 -------------------------------------------------------------------
      1        6          -0.000338775    0.002619334   -0.000387643
      2        6           0.003513389   -0.000611270    0.002948699
      3        6          -0.007603224    0.009841191   -0.000325038
      4        6          -0.006372197   -0.002907249   -0.001323296
      5        6           0.001372971   -0.000836112    0.000983829
      6        6          -0.001761062   -0.001760176    0.000101529
      7        1           0.000056591   -0.000044255   -0.000112818
      8        8           0.006951840   -0.006132205   -0.001295372
      9        8           0.012314784   -0.002410468   -0.002791986
     10        1           0.000063655   -0.000021535    0.000062492
     11        6           0.007914377    0.020016678    0.004252170
     12        1          -0.001299531   -0.002956047   -0.000337108
     13        1          -0.014826280   -0.013970980   -0.000745885
     14        1           0.000326034   -0.000694407   -0.000672964
     15        1          -0.000055826   -0.000044868   -0.000000404
     16        6          -0.000135356    0.000095529   -0.000330747
     17        1          -0.000006864   -0.000008202   -0.000037665
     18        1           0.000020305   -0.000102246   -0.000006584
     19        1          -0.000134832   -0.000072711    0.000018790
 -------------------------------------------------------------------
 Cartesian Forces:  Max     0.020016678 RMS     0.004965631
 IRC-IRC-IRC-IRC-IRC-IRC-IRC-IRC-IRC-IRC-IRC-IRC-IRC-IRC-IRC-IRC-IRC-IRC
 Pt  5 Step number   1 out of a maximum of  20
 Modified Bulirsch-Stoer Extrapolation Cycles:
    EPS =    0.000010000000000
      PEZero:  N= 2 I= 1 D=  2.78D-04 Err=  1.10D-05
      PEZero:  N= 3 I= 2 D=  2.78D-04 Err=  7.36D-06
      PEZero:  N= 3 I= 1 D=  5.57D-04 Err=  1.11D-08
 Maximum DWI energy   std dev =  0.000007370 at pt    65
 Maximum DWI gradient std dev =  0.006444099 at pt    67
 CORRECTOR INTEGRATION CONVERGENCE:
   Recorrection delta-x convergence threshold:    0.010000
   Delta-x Convergence Met
 Point Number:   5          Path Number:   1
   CHANGE IN THE REACTION COORDINATE =    0.05343
   NET REACTION COORDINATE UP TO THIS POINT =    0.26717
  # OF POINTS ALONG THE PATH =   5
  # OF STEPS =   1

 Calculating another point on the path.
 IRC-IRC-IRC-IRC-IRC-IRC-IRC-IRC-IRC-IRC-IRC-IRC-IRC-IRC-IRC-IRC-IRC-IRC
                          Input orientation:                          
 ---------------------------------------------------------------------
 Center     Atomic      Atomic             Coordinates (Angstroms)
 Number     Number       Type             X           Y           Z
 ---------------------------------------------------------------------
      1          6           0       -1.961839   -0.053626    0.008146
      2          6           0       -1.006453   -1.064628   -0.055654
      3          6           0        0.366717   -0.780747   -0.021123
      4          6           0        0.759531    0.580921   -0.004999
      5          6           0       -0.187156    1.598329    0.015231
      6          6           0       -1.538007    1.285009    0.040362
      7          1           0        0.156134    2.625896    0.000759
      8          8           0        2.082382    0.910481   -0.206596
      9          8           0        1.267928   -1.764906   -0.050991
     10          1           0       -1.301219   -2.107000   -0.097832
     11          6           0        3.008050   -0.025385    0.203463
     12          1           0        3.055413   -0.169588    1.286079
     13          1           0        2.215490   -1.272749   -0.058226
     14          1           0        3.956461    0.134833   -0.298027
     15          1           0       -2.271698    2.082472    0.073383
     16          6           0       -3.432367   -0.390068    0.061508
     17          1           0       -3.623638   -1.405316   -0.291516
     18          1           0       -3.814530   -0.318182    1.085576
     19          1           0       -4.017882    0.299410   -0.552317
 ---------------------------------------------------------------------
                    Distance matrix (angstroms):
                    1          2          3          4          5
     1  C    0.000000
     2  C    1.392465   0.000000
     3  C    2.439618   1.402632   0.000000
     4  C    2.794402   2.414352   1.417286   0.000000
     5  C    2.424563   2.787044   2.442969   1.389873   0.000000
     6  C    1.404498   2.410926   2.810534   2.403431   1.386939
     7  H    3.415509   3.869723   3.413215   2.132146   1.083490
     8  O    4.163093   3.669433   2.416228   1.378109   2.381836
     9  O    3.655595   2.379752   1.334782   2.400726   3.665106
    10  H    2.159629   1.084069   2.132333   3.388249   3.870838
    11  C    4.973806   4.154925   2.756383   2.338140   3.589041
    12  H    5.178743   4.370366   3.051455   2.738835   3.905744
    13  H    4.352097   3.228659   1.913480   2.357698   3.744488
    14  H    5.929211   5.111553   3.715000   3.241176   4.405623
    15  H    2.159440   3.394368   3.894635   3.383659   2.140815
    16  C    1.509468   2.520678   3.820013   4.303400   3.806213
    17  H    2.162970   2.649784   4.047979   4.820727   4.574428
    18  H    2.159469   3.121680   4.349894   4.787461   4.239870
    19  H    2.160107   3.343049   4.546824   4.816896   4.084576
                    6          7          8          9         10
     6  C    0.000000
     7  H    2.160940   0.000000
     8  O    3.648078   2.587677   0.000000
     9  O    4.145310   4.529669   2.800936   0.000000
    10  H    3.403071   4.953171   4.534951   2.592246   0.000000
    11  C    4.733959   3.899205   1.378715   2.473601   4.795175
    12  H    4.976663   4.227599   2.083607   2.743701   4.964778
    13  H    4.543191   4.409519   2.192311   1.067775   3.614524
    14  H    5.623753   4.553807   2.030312   3.301249   5.719187
    15  H    1.084131   2.488966   4.517738   5.229410   4.303815
    16  C    2.528820   4.687971   5.672368   4.898531   2.741357
    17  H    3.420212   5.533785   6.158636   4.910660   2.433825
    18  H    2.974096   5.060691   6.160592   5.405199   3.304097
    19  H    2.733579   4.810493   6.140533   5.696711   3.657543
                   11         12         13         14         15
    11  C    0.000000
    12  H    1.093204   0.000000
    13  H    1.500850   1.931215   0.000000
    14  H    1.084733   1.847688   2.251616   0.000000
    15  H    5.686450   5.909358   5.604434   6.536146   0.000000
    16  C    6.452295   6.606018   5.717670   7.416170   2.731437
    17  H    6.791797   6.973203   5.845290   7.734986   3.758399
    18  H    6.885598   6.874475   6.211330   7.906193   3.027872
    19  H    7.073925   7.323330   6.447537   7.980094   2.572930
                   16         17         18         19
    16  C    0.000000
    17  H    1.091760   0.000000
    18  H    1.095414   1.764847   0.000000
    19  H    1.093155   1.769049   1.762232   0.000000
 Symmetry turned off by external request.
 Stoichiometry    C8H9O2(2)
 Framework group  C1[X(C8H9O2)]
 Deg. of freedom    51
 Full point group                 C1      NOp   1
 Rotational constants (GHZ):           3.0680624           0.9596432           0.7410345
 Standard basis: 6-311G(d,p) (5D, 7F)
   234 basis functions,   392 primitive gaussians,   244 cartesian basis functions
    37 alpha electrons       36 beta electrons
       nuclear repulsion energy       509.7928759078 Hartrees.
 NAtoms=   19 NActive=   19 NUniq=   19 SFac= 1.00D+00 NAtFMM=   60 NAOKFM=F Big=F
 Integral buffers will be    131072 words long.
 Raffenetti 2 integral format.
 Two-electron integral symmetry is turned off.
 One-electron integrals computed using PRISM.
 NBasis=   234 RedAO= T EigKep=  2.01D-04  NBF=   234
 NBsUse=   234 1.00D-06 EigRej= -1.00D+00 NBFU=   234
 Initial guess from the checkpoint file:  "SR-12-ts-SR-13.chk"
 B after Tr=    -0.000248   -0.000301   -0.000032
         Rot=    1.000000   -0.000012   -0.000005    0.000049 Ang=  -0.01 deg.
 Initial guess <Sx>= 0.0000 <Sy>= 0.0000 <Sz>= 0.5000 <S**2>= 0.7544 S= 0.5022
 ExpMin= 1.03D-01 ExpMax= 8.59D+03 ExpMxC= 1.30D+03 IAcc=2 IRadAn=         4 AccDes= 0.00D+00
 Harris functional with IExCor=  402 and IRadAn=       4 diagonalized for initial guess.
 HarFok:  IExCor=  402 AccDes= 0.00D+00 IRadAn=         4 IDoV= 1 UseB2=F ITyADJ=14
 ICtDFT=  3500011 ScaDFX=  1.000000  1.000000  1.000000  1.000000
 FoFCou: FMM=F IPFlag=           0 FMFlag=      100000 FMFlg1=           0
         NFxFlg=           0 DoJE=T BraDBF=F KetDBF=T FulRan=T
         wScrn=  0.000000 ICntrl=       500 IOpCl=  0 I1Cent=   200000004 NGrid=           0
         NMat0=    1 NMatS0=      1 NMatT0=    0 NMatD0=    1 NMtDS0=    0 NMtDT0=    0
 Symmetry not used in FoFCou.
 Requested convergence on RMS density matrix=1.00D-08 within 128 cycles.
 Requested convergence on MAX density matrix=1.00D-06.
 Requested convergence on             energy=1.00D-06.
 No special actions if energy rises.
 Integral accuracy reduced to 1.0D-05 until final iterations.
 Initial convergence to 1.0D-05 achieved.  Increase integral accuracy.
 SCF Done:  E(UB3LYP) =  -460.753619145     A.U. after   15 cycles
            NFock= 15  Conv=0.39D-08     -V/T= 2.0037
 <Sx>= 0.0000 <Sy>= 0.0000 <Sz>= 0.5000 <S**2>= 0.7542 S= 0.5021
 <L.S>= 0.000000000000E+00
 Annihilation of the first spin contaminant:
 S**2 before annihilation     0.7542,   after     0.7500
 DoSCS=F DFT=T ScalE2(SS,OS)=  1.000000  1.000000
 Range of M.O.s used for correlation:     1   234
 NBasis=   234 NAE=    37 NBE=    36 NFC=     0 NFV=     0
 NROrb=    234 NOA=    37 NOB=    36 NVA=   197 NVB=   198

 **** Warning!!: The largest alpha MO coefficient is  0.12520990D+02


 **** Warning!!: The largest beta MO coefficient is  0.13090149D+02

 Symmetrizing basis deriv contribution to polar:
 IMax=3 JMax=2 DiffMx= 0.00D+00
 Calling FoFJK, ICntrl=      2147 FMM=F ISym2X=0 I1Cent= 0 IOpClX= 1 NMat=1 NMatS=1 NMatT=0.
 -------------------------------------------------------------------
 Center     Atomic                   Forces (Hartrees/Bohr)
 Number     Number              X              Y              Z
 -------------------------------------------------------------------
      1        6          -0.000387950    0.002613974   -0.000414376
      2        6           0.003564075   -0.000586418    0.003342407
      3        6          -0.008073573    0.010370926   -0.000406438
      4        6          -0.006374760   -0.003052676   -0.001663716
      5        6           0.001390767   -0.000873368    0.001097253
      6        6          -0.001798987   -0.001842353    0.000119107
      7        1           0.000078854   -0.000059814   -0.000128079
      8        8           0.007028558   -0.006441556   -0.001426556
      9        8           0.009297085   -0.004640075   -0.003118591
     10        1           0.000093684   -0.000018844    0.000084169
     11        6           0.009540258    0.022107020    0.004847724
     12        1          -0.001401806   -0.003207341   -0.000370076
     13        1          -0.013039275   -0.013616026   -0.000879582
     14        1           0.000437508   -0.000610859   -0.000668304
     15        1          -0.000061957   -0.000053932   -0.000001081
     16        6          -0.000160161    0.000109998   -0.000383461
     17        1          -0.000001827   -0.000006408   -0.000042519
     18        1           0.000023444   -0.000112593   -0.000008236
     19        1          -0.000153937   -0.000079655    0.000020357
 -------------------------------------------------------------------
 Cartesian Forces:  Max     0.022107020 RMS     0.005045891
 IRC-IRC-IRC-IRC-IRC-IRC-IRC-IRC-IRC-IRC-IRC-IRC-IRC-IRC-IRC-IRC-IRC-IRC
 Pt  6 Step number   1 out of a maximum of  20
 Modified Bulirsch-Stoer Extrapolation Cycles:
    EPS =    0.000010000000000
      PEZero:  N= 2 I= 1 D=  2.78D-04 Err=  1.83D-05
      PEZero:  N= 3 I= 2 D=  2.78D-04 Err=  1.22D-05
      PEZero:  N= 3 I= 1 D=  5.57D-04 Err=  1.66D-08
 Maximum DWI energy   std dev =  0.000002895 at pt    21
 Maximum DWI gradient std dev =  0.007123789 at pt    39
 CORRECTOR INTEGRATION CONVERGENCE:
   Recorrection delta-x convergence threshold:    0.010000
   Delta-x Convergence Met
 Point Number:   6          Path Number:   1
   CHANGE IN THE REACTION COORDINATE =    0.05341
   NET REACTION COORDINATE UP TO THIS POINT =    0.32058
  # OF POINTS ALONG THE PATH =   6
  # OF STEPS =   1

 Calculating another point on the path.
 IRC-IRC-IRC-IRC-IRC-IRC-IRC-IRC-IRC-IRC-IRC-IRC-IRC-IRC-IRC-IRC-IRC-IRC
                          Input orientation:                          
 ---------------------------------------------------------------------
 Center     Atomic      Atomic             Coordinates (Angstroms)
 Number     Number       Type             X           Y           Z
 ---------------------------------------------------------------------
      1          6           0       -1.961886   -0.053331    0.008098
      2          6           0       -1.006050   -1.064691   -0.055251
      3          6           0        0.365783   -0.779546   -0.021174
      4          6           0        0.758810    0.580568   -0.005208
      5          6           0       -0.186998    1.598228    0.015362
      6          6           0       -1.538213    1.284796    0.040377
      7          1           0        0.156256    2.625805    0.000577
      8          8           0        2.082984    0.909919   -0.206724
      9          8           0        1.268585   -1.765400   -0.051271
     10          1           0       -1.301066   -2.107024   -0.097701
     11          6           0        3.009227   -0.022756    0.204048
     12          1           0        3.053458   -0.174085    1.285569
     13          1           0        2.199039   -1.290831   -0.059506
     14          1           0        3.957143    0.134087   -0.298914
     15          1           0       -2.271785    2.082393    0.073380
     16          6           0       -3.432387   -0.390055    0.061461
     17          1           0       -3.623636   -1.405324   -0.291578
     18          1           0       -3.814496   -0.318342    1.085563
     19          1           0       -4.018103    0.299297   -0.552288
 ---------------------------------------------------------------------
                    Distance matrix (angstroms):
                    1          2          3          4          5
     1  C    0.000000
     2  C    1.393013   0.000000
     3  C    2.438501   1.401568   0.000000
     4  C    2.793599   2.413320   1.415851   0.000000
     5  C    2.424443   2.786928   2.441456   1.389463   0.000000
     6  C    1.403967   2.410899   2.809003   2.402984   1.387317
     7  H    3.415311   3.869604   3.411860   2.132159   1.083493
     8  O    4.163529   3.669354   2.416092   1.379318   2.382416
     9  O    3.656590   2.380120   1.337111   2.401158   3.665672
    10  H    2.159985   1.084110   2.132238   3.387447   3.870765
    11  C    4.975067   4.156358   2.758850   2.339265   3.588739
    12  H    5.176890   4.366988   3.049223   2.738798   3.905774
    13  H    4.341575   3.213059   1.903604   2.362062   3.747724
    14  H    5.929948   5.111724   3.716145   3.242674   4.406402
    15  H    2.159077   3.394520   3.893122   3.383218   2.141056
    16  C    1.509504   2.521085   3.818982   4.302637   3.806303
    17  H    2.163124   2.650215   4.047244   4.819918   4.574496
    18  H    2.159474   3.121837   4.348829   4.786748   4.239966
    19  H    2.160187   3.343647   4.545816   4.816359   4.084950
                    6          7          8          9         10
     6  C    0.000000
     7  H    2.161276   0.000000
     8  O    3.648926   2.588343   0.000000
     9  O    4.146108   4.530193   2.800847   0.000000
    10  H    3.402903   4.953092   4.534934   2.592676   0.000000
    11  C    4.734521   3.898169   1.377150   2.476253   4.797275
    12  H    4.976171   4.228991   2.084184   2.739562   4.961005
    13  H    4.539921   4.417760   2.208719   1.044523   3.594213
    14  H    5.624783   4.554678   2.030489   3.301170   5.719426
    15  H    1.084149   2.489173   4.518536   5.230226   4.303810
    16  C    2.528530   4.688014   5.672845   4.899328   2.741504
    17  H    3.419931   5.533800   6.158982   4.911337   2.433989
    18  H    2.973875   5.060837   6.161080   5.405931   3.304063
    19  H    2.733554   4.810777   6.141298   5.697637   3.657776
                   11         12         13         14         15
    11  C    0.000000
    12  H    1.092952   0.000000
    13  H    1.527703   1.945862   0.000000
    14  H    1.084488   1.849919   2.275662   0.000000
    15  H    5.686635   5.909256   5.602193   6.537128   0.000000
    16  C    6.453652   6.603883   5.704295   7.416855   2.731324
    17  H    6.793527   6.970433   5.828423   7.735506   3.758306
    18  H    6.886773   6.872380   6.198349   7.906949   3.027870
    19  H    7.075248   7.321802   6.436163   7.980980   2.573036
                   16         17         18         19
    16  C    0.000000
    17  H    1.091781   0.000000
    18  H    1.095416   1.764788   0.000000
    19  H    1.093141   1.768985   1.762240   0.000000
 Symmetry turned off by external request.
 Stoichiometry    C8H9O2(2)
 Framework group  C1[X(C8H9O2)]
 Deg. of freedom    51
 Full point group                 C1      NOp   1
 Rotational constants (GHZ):           3.0676195           0.9595411           0.7409542
 Standard basis: 6-311G(d,p) (5D, 7F)
   234 basis functions,   392 primitive gaussians,   244 cartesian basis functions
    37 alpha electrons       36 beta electrons
       nuclear repulsion energy       509.8218785803 Hartrees.
 NAtoms=   19 NActive=   19 NUniq=   19 SFac= 1.00D+00 NAtFMM=   60 NAOKFM=F Big=F
 Integral buffers will be    131072 words long.
 Raffenetti 2 integral format.
 Two-electron integral symmetry is turned off.
 One-electron integrals computed using PRISM.
 NBasis=   234 RedAO= T EigKep=  2.01D-04  NBF=   234
 NBsUse=   234 1.00D-06 EigRej= -1.00D+00 NBFU=   234
 Initial guess from the checkpoint file:  "SR-12-ts-SR-13.chk"
 B after Tr=    -0.000228   -0.000312   -0.000036
         Rot=    1.000000   -0.000014   -0.000005    0.000049 Ang=  -0.01 deg.
 Initial guess <Sx>= 0.0000 <Sy>= 0.0000 <Sz>= 0.5000 <S**2>= 0.7542 S= 0.5021
 ExpMin= 1.03D-01 ExpMax= 8.59D+03 ExpMxC= 1.30D+03 IAcc=2 IRadAn=         4 AccDes= 0.00D+00
 Harris functional with IExCor=  402 and IRadAn=       4 diagonalized for initial guess.
 HarFok:  IExCor=  402 AccDes= 0.00D+00 IRadAn=         4 IDoV= 1 UseB2=F ITyADJ=14
 ICtDFT=  3500011 ScaDFX=  1.000000  1.000000  1.000000  1.000000
 FoFCou: FMM=F IPFlag=           0 FMFlag=      100000 FMFlg1=           0
         NFxFlg=           0 DoJE=T BraDBF=F KetDBF=T FulRan=T
         wScrn=  0.000000 ICntrl=       500 IOpCl=  0 I1Cent=   200000004 NGrid=           0
         NMat0=    1 NMatS0=      1 NMatT0=    0 NMatD0=    1 NMtDS0=    0 NMtDT0=    0
 Symmetry not used in FoFCou.
 Requested convergence on RMS density matrix=1.00D-08 within 128 cycles.
 Requested convergence on MAX density matrix=1.00D-06.
 Requested convergence on             energy=1.00D-06.
 No special actions if energy rises.
 Integral accuracy reduced to 1.0D-05 until final iterations.
 Initial convergence to 1.0D-05 achieved.  Increase integral accuracy.
 SCF Done:  E(UB3LYP) =  -460.754685151     A.U. after   14 cycles
            NFock= 14  Conv=0.99D-08     -V/T= 2.0036
 <Sx>= 0.0000 <Sy>= 0.0000 <Sz>= 0.5000 <S**2>= 0.7540 S= 0.5020
 <L.S>= 0.000000000000E+00
 Annihilation of the first spin contaminant:
 S**2 before annihilation     0.7540,   after     0.7500
 DoSCS=F DFT=T ScalE2(SS,OS)=  1.000000  1.000000
 Range of M.O.s used for correlation:     1   234
 NBasis=   234 NAE=    37 NBE=    36 NFC=     0 NFV=     0
 NROrb=    234 NOA=    37 NOB=    36 NVA=   197 NVB=   198

 **** Warning!!: The largest alpha MO coefficient is  0.12553088D+02


 **** Warning!!: The largest beta MO coefficient is  0.13507489D+02

 Symmetrizing basis deriv contribution to polar:
 IMax=3 JMax=2 DiffMx= 0.00D+00
 Calling FoFJK, ICntrl=      2147 FMM=F ISym2X=0 I1Cent= 0 IOpClX= 1 NMat=1 NMatS=1 NMatT=0.
 -------------------------------------------------------------------
 Center     Atomic                   Forces (Hartrees/Bohr)
 Number     Number              X              Y              Z
 -------------------------------------------------------------------
      1        6          -0.000427376    0.002461595   -0.000423990
      2        6           0.003389881   -0.000503590    0.003656107
      3        6          -0.008064511    0.010355181   -0.000485870
      4        6          -0.005989587   -0.003027023   -0.001986919
      5        6           0.001311229   -0.000870084    0.001177618
      6        6          -0.001742948   -0.001824988    0.000133154
      7        1           0.000101339   -0.000077228   -0.000136157
      8        8           0.006748053   -0.006472769   -0.001537313
      9        8           0.004323991   -0.007478612   -0.003353232
     10        1           0.000132130   -0.000012912    0.000108830
     11        6           0.010928680    0.023389352    0.005328484
     12        1          -0.001442524   -0.003328952   -0.000405222
     13        1          -0.009431274   -0.011994883   -0.000999044
     14        1           0.000549069   -0.000464815   -0.000610787
     15        1          -0.000066236   -0.000062263   -0.000002446
     16        6          -0.000183166    0.000118199   -0.000427689
     17        1           0.000005747   -0.000003538   -0.000046974
     18        1           0.000025842   -0.000119763   -0.000009982
     19        1          -0.000168340   -0.000082908    0.000021433
 -------------------------------------------------------------------
 Cartesian Forces:  Max     0.023389352 RMS     0.004924387
 IRC-IRC-IRC-IRC-IRC-IRC-IRC-IRC-IRC-IRC-IRC-IRC-IRC-IRC-IRC-IRC-IRC-IRC
 Reaction path inflection point has been passed.
   Previous lowest Hessian eigenvalue=   -0.0042972026
   Current lowest Hessian eigenvalue =    0.0000762831
 Pt  7 Step number   1 out of a maximum of  20
 Modified Bulirsch-Stoer Extrapolation Cycles:
    EPS =    0.000010000000000
      PEZero:  N= 2 I= 1 D=  2.78D-04 Err=  3.47D-05
      PEZero:  N= 3 I= 2 D=  2.78D-04 Err=  2.31D-05
      PEZero:  N= 3 I= 1 D=  5.57D-04 Err=  2.82D-08
 Maximum DWI energy   std dev =  0.000006989 at pt    35
 Maximum DWI gradient std dev =  0.020194470 at pt    59
 CORRECTOR INTEGRATION CONVERGENCE:
   Recorrection delta-x convergence threshold:    0.010000
   Delta-x Convergence Met
 Point Number:   7          Path Number:   1
   CHANGE IN THE REACTION COORDINATE =    0.05337
   NET REACTION COORDINATE UP TO THIS POINT =    0.37395
  # OF POINTS ALONG THE PATH =   7
  # OF STEPS =   1

 Calculating another point on the path.
 IRC-IRC-IRC-IRC-IRC-IRC-IRC-IRC-IRC-IRC-IRC-IRC-IRC-IRC-IRC-IRC-IRC-IRC
                          Input orientation:                          
 ---------------------------------------------------------------------
 Center     Atomic      Atomic             Coordinates (Angstroms)
 Number     Number       Type             X           Y           Z
 ---------------------------------------------------------------------
      1          6           0       -1.961948   -0.053006    0.008039
      2          6           0       -1.005605   -1.064749   -0.054719
      3          6           0        0.364696   -0.778137   -0.021249
      4          6           0        0.758018    0.580158   -0.005508
      5          6           0       -0.186825    1.598108    0.015531
      6          6           0       -1.538448    1.284548    0.040396
      7          1           0        0.156442    2.625667    0.000349
      8          8           0        2.083668    0.909247   -0.206892
      9          8           0        1.268767   -1.766328   -0.051634
     10          1           0       -1.300802   -2.107042   -0.097494
     11          6           0        3.010835   -0.019440    0.204817
     12          1           0        3.051074   -0.179641    1.284921
     13          1           0        2.186242   -1.309094   -0.061252
     14          1           0        3.958178    0.133507   -0.299837
     15          1           0       -2.271898    2.082282    0.073374
     16          6           0       -3.432414   -0.390038    0.061398
     17          1           0       -3.623617   -1.405329   -0.291661
     18          1           0       -3.814451   -0.318547    1.085545
     19          1           0       -4.018394    0.299158   -0.552251
 ---------------------------------------------------------------------
                    Distance matrix (angstroms):
                    1          2          3          4          5
     1  C    0.000000
     2  C    1.393612   0.000000
     3  C    2.437200   1.400354   0.000000
     4  C    2.792721   2.412158   1.414183   0.000000
     5  C    2.424313   2.786780   2.439686   1.389026   0.000000
     6  C    1.403371   2.410843   2.807210   2.402505   1.387740
     7  H    3.415102   3.869438   3.410237   2.132143   1.083485
     8  O    4.164029   3.669254   2.415905   1.380654   2.383095
     9  O    3.657397   2.380124   1.339698   2.401872   3.666428
    10  H    2.160398   1.084134   2.132061   3.386480   3.870641
    11  C    4.976787   4.158343   2.762024   2.340713   3.588498
    12  H    5.174635   4.362877   3.046457   2.738724   3.905859
    13  H    4.334748   3.201193   1.897774   2.369009   3.753554
    14  H    5.931059   5.112244   3.717771   3.244557   4.407444
    15  H    2.158655   3.394659   3.891347   3.382749   2.141331
    16  C    1.509539   2.521531   3.817786   4.301799   3.806399
    17  H    2.163271   2.650684   4.046373   4.819001   4.574554
    18  H    2.159468   3.121960   4.347584   4.785973   4.240067
    19  H    2.160304   3.344350   4.544667   4.815807   4.085409
                    6          7          8          9         10
     6  C    0.000000
     7  H    2.161679   0.000000
     8  O    3.649895   2.589062   0.000000
     9  O    4.146899   4.530959   2.801227   0.000000
    10  H    3.402701   4.952945   4.534822   2.592464   0.000000
    11  C    4.735335   3.896916   1.375355   2.480360   4.799967
    12  H    4.975581   4.230693   2.084960   2.735064   4.956285
    13  H    4.539893   4.427891   2.225482   1.025142   3.577360
    14  H    5.626149   4.555674   2.030812   3.302107   5.719954
    15  H    1.084166   2.489465   4.519460   5.231036   4.303797
    16  C    2.528198   4.688080   5.673384   4.899801   2.741737
    17  H    3.419595   5.533809   6.159347   4.911553   2.434250
    18  H    2.973624   5.061032   6.161630   5.406325   3.304048
    19  H    2.733561   4.811160   6.142202   5.698326   3.658130
                   11         12         13         14         15
    11  C    0.000000
    12  H    1.092662   0.000000
    13  H    1.553690   1.958515   0.000000
    14  H    1.084218   1.852663   2.297342   0.000000
    15  H    5.686984   5.909160   5.603086   6.538415   0.000000
    16  C    6.455491   6.601279   5.694646   7.417914   2.731174
    17  H    6.795817   6.967024   5.815222   7.736388   3.758168
    18  H    6.888372   6.869824   6.189075   7.908060   3.027861
    19  H    7.077055   7.319960   6.428457   7.982284   2.573166
                   16         17         18         19
    16  C    0.000000
    17  H    1.091799   0.000000
    18  H    1.095418   1.764712   0.000000
    19  H    1.093129   1.768907   1.762251   0.000000
 Symmetry turned off by external request.
 Stoichiometry    C8H9O2(2)
 Framework group  C1[X(C8H9O2)]
 Deg. of freedom    51
 Full point group                 C1      NOp   1
 Rotational constants (GHZ):           3.0668659           0.9593773           0.7408209
 Standard basis: 6-311G(d,p) (5D, 7F)
   234 basis functions,   392 primitive gaussians,   244 cartesian basis functions
    37 alpha electrons       36 beta electrons
       nuclear repulsion energy       509.8266334257 Hartrees.
 NAtoms=   19 NActive=   19 NUniq=   19 SFac= 1.00D+00 NAtFMM=   60 NAOKFM=F Big=F
 Integral buffers will be    131072 words long.
 Raffenetti 2 integral format.
 Two-electron integral symmetry is turned off.
 One-electron integrals computed using PRISM.
 NBasis=   234 RedAO= T EigKep=  2.00D-04  NBF=   234
 NBsUse=   234 1.00D-06 EigRej= -1.00D+00 NBFU=   234
 Initial guess from the checkpoint file:  "SR-12-ts-SR-13.chk"
 B after Tr=    -0.000180   -0.000328   -0.000045
         Rot=    1.000000   -0.000019   -0.000006    0.000048 Ang=  -0.01 deg.
 Initial guess <Sx>= 0.0000 <Sy>= 0.0000 <Sz>= 0.5000 <S**2>= 0.7540 S= 0.5020
 ExpMin= 1.03D-01 ExpMax= 8.59D+03 ExpMxC= 1.30D+03 IAcc=2 IRadAn=         4 AccDes= 0.00D+00
 Harris functional with IExCor=  402 and IRadAn=       4 diagonalized for initial guess.
 HarFok:  IExCor=  402 AccDes= 0.00D+00 IRadAn=         4 IDoV= 1 UseB2=F ITyADJ=14
 ICtDFT=  3500011 ScaDFX=  1.000000  1.000000  1.000000  1.000000
 FoFCou: FMM=F IPFlag=           0 FMFlag=      100000 FMFlg1=           0
         NFxFlg=           0 DoJE=T BraDBF=F KetDBF=T FulRan=T
         wScrn=  0.000000 ICntrl=       500 IOpCl=  0 I1Cent=   200000004 NGrid=           0
         NMat0=    1 NMatS0=      1 NMatT0=    0 NMatD0=    1 NMtDS0=    0 NMtDT0=    0
 Symmetry not used in FoFCou.
 Requested convergence on RMS density matrix=1.00D-08 within 128 cycles.
 Requested convergence on MAX density matrix=1.00D-06.
 Requested convergence on             energy=1.00D-06.
 No special actions if energy rises.
 Integral accuracy reduced to 1.0D-05 until final iterations.
 Initial convergence to 1.0D-05 achieved.  Increase integral accuracy.
 SCF Done:  E(UB3LYP) =  -460.755576214     A.U. after   14 cycles
            NFock= 14  Conv=0.61D-08     -V/T= 2.0036
 <Sx>= 0.0000 <Sy>= 0.0000 <Sz>= 0.5000 <S**2>= 0.7538 S= 0.5019
 <L.S>= 0.000000000000E+00
 Annihilation of the first spin contaminant:
 S**2 before annihilation     0.7538,   after     0.7500
 DoSCS=F DFT=T ScalE2(SS,OS)=  1.000000  1.000000
 Range of M.O.s used for correlation:     1   234
 NBasis=   234 NAE=    37 NBE=    36 NFC=     0 NFV=     0
 NROrb=    234 NOA=    37 NOB=    36 NVA=   197 NVB=   198

 **** Warning!!: The largest alpha MO coefficient is  0.13054771D+02


 **** Warning!!: The largest beta MO coefficient is  0.13943186D+02

 Symmetrizing basis deriv contribution to polar:
 IMax=3 JMax=2 DiffMx= 0.00D+00
 Calling FoFJK, ICntrl=      2147 FMM=F ISym2X=0 I1Cent= 0 IOpClX= 1 NMat=1 NMatS=1 NMatT=0.
 -------------------------------------------------------------------
 Center     Atomic                   Forces (Hartrees/Bohr)
 Number     Number              X              Y              Z
 -------------------------------------------------------------------
      1        6          -0.000453060    0.002136980   -0.000410374
      2        6           0.002907534   -0.000324498    0.003871860
      3        6          -0.007332860    0.009588348   -0.000568950
      4        6          -0.005194775   -0.002772040   -0.002259225
      5        6           0.001124857   -0.000822346    0.001213433
      6        6          -0.001581268   -0.001677898    0.000142628
      7        1           0.000120302   -0.000090437   -0.000132840
      8        8           0.006127182   -0.006192151   -0.001637232
      9        8          -0.001536683   -0.010311205   -0.003488651
     10        1           0.000181278   -0.000006740    0.000137935
     11        6           0.011875925    0.023598581    0.005636914
     12        1          -0.001393699   -0.003268777   -0.000426755
     13        1          -0.005103485   -0.009467825   -0.001089156
     14        1           0.000663728   -0.000234619   -0.000482271
     15        1          -0.000067462   -0.000068438   -0.000004818
     16        6          -0.000205204    0.000117853   -0.000461260
     17        1           0.000016191   -0.000000777   -0.000051728
     18        1           0.000027223   -0.000122977   -0.000011767
     19        1          -0.000175722   -0.000081032    0.000022256
 -------------------------------------------------------------------
 Cartesian Forces:  Max     0.023598581 RMS     0.004744352
 IRC-IRC-IRC-IRC-IRC-IRC-IRC-IRC-IRC-IRC-IRC-IRC-IRC-IRC-IRC-IRC-IRC-IRC
 Pt  8 Step number   1 out of a maximum of  20
 Modified Bulirsch-Stoer Extrapolation Cycles:
    EPS =    0.000010000000000
      PEZero:  N= 2 I= 1 D=  2.78D-04 Err=  5.38D-05
      PEZero:  N= 3 I= 2 D=  2.78D-04 Err=  3.58D-05
      PEZero:  N= 3 I= 1 D=  5.56D-04 Err=  1.18D-07
 Maximum DWI energy   std dev =  0.000005413 at pt    35
 Maximum DWI gradient std dev =  0.026543047 at pt    30
 CORRECTOR INTEGRATION CONVERGENCE:
   Recorrection delta-x convergence threshold:    0.010000
   Delta-x Convergence Met
 Point Number:   8          Path Number:   1
   CHANGE IN THE REACTION COORDINATE =    0.05326
   NET REACTION COORDINATE UP TO THIS POINT =    0.42720
  # OF POINTS ALONG THE PATH =   8
  # OF STEPS =   1

 Calculating another point on the path.
 IRC-IRC-IRC-IRC-IRC-IRC-IRC-IRC-IRC-IRC-IRC-IRC-IRC-IRC-IRC-IRC-IRC-IRC
                          Input orientation:                          
 ---------------------------------------------------------------------
 Center     Atomic      Atomic             Coordinates (Angstroms)
 Number     Number       Type             X           Y           Z
 ---------------------------------------------------------------------
      1          6           0       -1.962027   -0.052672    0.007970
      2          6           0       -1.005160   -1.064780   -0.054031
      3          6           0        0.363537   -0.776587   -0.021356
      4          6           0        0.757203    0.579712   -0.005920
      5          6           0       -0.186651    1.597972    0.015742
      6          6           0       -1.538704    1.284278    0.040421
      7          1           0        0.156705    2.625475    0.000086
      8          8           0        2.084420    0.908472   -0.207112
      9          8           0        1.268251   -1.767808   -0.052096
     10          1           0       -1.300366   -2.107055   -0.097170
     11          6           0        3.012944   -0.015389    0.205803
     12          1           0        3.048303   -0.186236    1.284134
     13          1           0        2.178828   -1.326220   -0.063566
     14          1           0        3.959700    0.133349   -0.300645
     15          1           0       -2.272039    2.082137    0.073360
     16          6           0       -3.432451   -0.390020    0.061316
     17          1           0       -3.623569   -1.405331   -0.291775
     18          1           0       -3.814393   -0.318806    1.085519
     19          1           0       -4.018762    0.298994   -0.552204
 ---------------------------------------------------------------------
                    Distance matrix (angstroms):
                    1          2          3          4          5
     1  C    0.000000
     2  C    1.394203   0.000000
     3  C    2.435808   1.399090   0.000000
     4  C    2.791830   2.410931   1.412359   0.000000
     5  C    2.424180   2.786588   2.437747   1.388590   0.000000
     6  C    1.402744   2.410739   2.805262   2.402030   1.388186
     7  H    3.414903   3.869217   3.408410   2.132083   1.083467
     8  O    4.164589   3.669150   2.415651   1.382052   2.383871
     9  O    3.657868   2.379632   1.342376   2.402947   3.667400
    10  H    2.160865   1.084133   2.131775   3.385355   3.870444
    11  C    4.979042   4.160996   2.765932   2.342507   3.588379
    12  H    5.172025   4.358106   3.043154   2.738623   3.906040
    13  H    4.332866   3.194718   1.897146   2.378428   3.762006
    14  H    5.932681   5.113332   3.719997   3.246859   4.408792
    15  H    2.158192   3.394746   3.889413   3.382288   2.141630
    16  C    1.509567   2.521973   3.816515   4.300941   3.806495
    17  H    2.163389   2.651144   4.045425   4.818015   4.574582
    18  H    2.159444   3.121993   4.346244   4.785192   4.240162
    19  H    2.160467   3.345123   4.543480   4.815295   4.085949
                    6          7          8          9         10
     6  C    0.000000
     7  H    2.162139   0.000000
     8  O    3.650963   2.589811   0.000000
     9  O    4.147624   4.532019   2.802256   0.000000
    10  H    3.402480   4.952711   4.534563   2.591315   0.000000
    11  C    4.736452   3.895457   1.373380   2.486249   4.803279
    12  H    4.974924   4.232711   2.085970   2.730470   4.950602
    13  H    4.543738   4.439474   2.241287   1.012068   3.565897
    14  H    5.627913   4.556743   2.031314   3.304554   5.720936
    15  H    1.084179   2.489855   4.520497   5.231775   4.303784
    16  C    2.527842   4.688176   5.673976   4.899771   2.742100
    17  H    3.419212   5.533810   6.159708   4.911084   2.434659
    18  H    2.973360   5.061282   6.162232   5.406205   3.304077
    19  H    2.733619   4.811658   6.143239   5.698621   3.658661
                   11         12         13         14         15
    11  C    0.000000
    12  H    1.092354   0.000000
    13  H    1.576891   1.967701   0.000000
    14  H    1.083956   1.855883   2.314747   0.000000
    15  H    5.687548   5.909106   5.607661   6.540048   0.000000
    16  C    6.457889   6.598256   5.690212   7.419490   2.730981
    17  H    6.798737   6.963014   5.807422   7.737803   3.757977
    18  H    6.890464   6.866850   6.184981   7.909641   3.027846
    19  H    7.079427   7.317854   6.425746   7.984145   2.573319
                   16         17         18         19
    16  C    0.000000
    17  H    1.091813   0.000000
    18  H    1.095419   1.764621   0.000000
    19  H    1.093118   1.768819   1.762265   0.000000
 Symmetry turned off by external request.
 Stoichiometry    C8H9O2(2)
 Framework group  C1[X(C8H9O2)]
 Deg. of freedom    51
 Full point group                 C1      NOp   1
 Rotational constants (GHZ):           3.0657027           0.9591400           0.7406222
 Standard basis: 6-311G(d,p) (5D, 7F)
   234 basis functions,   392 primitive gaussians,   244 cartesian basis functions
    37 alpha electrons       36 beta electrons
       nuclear repulsion energy       509.7947592253 Hartrees.
 NAtoms=   19 NActive=   19 NUniq=   19 SFac= 1.00D+00 NAtFMM=   60 NAOKFM=F Big=F
 Integral buffers will be    131072 words long.
 Raffenetti 2 integral format.
 Two-electron integral symmetry is turned off.
 One-electron integrals computed using PRISM.
 NBasis=   234 RedAO= T EigKep=  1.99D-04  NBF=   234
 NBsUse=   234 1.00D-06 EigRej= -1.00D+00 NBFU=   234
 Initial guess from the checkpoint file:  "SR-12-ts-SR-13.chk"
 B after Tr=    -0.000108   -0.000323   -0.000052
         Rot=    1.000000   -0.000024   -0.000006    0.000043 Ang=  -0.01 deg.
 Initial guess <Sx>= 0.0000 <Sy>= 0.0000 <Sz>= 0.5000 <S**2>= 0.7538 S= 0.5019
 ExpMin= 1.03D-01 ExpMax= 8.59D+03 ExpMxC= 1.30D+03 IAcc=2 IRadAn=         4 AccDes= 0.00D+00
 Harris functional with IExCor=  402 and IRadAn=       4 diagonalized for initial guess.
 HarFok:  IExCor=  402 AccDes= 0.00D+00 IRadAn=         4 IDoV= 1 UseB2=F ITyADJ=14
 ICtDFT=  3500011 ScaDFX=  1.000000  1.000000  1.000000  1.000000
 FoFCou: FMM=F IPFlag=           0 FMFlag=      100000 FMFlg1=           0
         NFxFlg=           0 DoJE=T BraDBF=F KetDBF=T FulRan=T
         wScrn=  0.000000 ICntrl=       500 IOpCl=  0 I1Cent=   200000004 NGrid=           0
         NMat0=    1 NMatS0=      1 NMatT0=    0 NMatD0=    1 NMtDS0=    0 NMtDT0=    0
 Symmetry not used in FoFCou.
 Requested convergence on RMS density matrix=1.00D-08 within 128 cycles.
 Requested convergence on MAX density matrix=1.00D-06.
 Requested convergence on             energy=1.00D-06.
 No special actions if energy rises.
 Integral accuracy reduced to 1.0D-05 until final iterations.
 Initial convergence to 1.0D-05 achieved.  Increase integral accuracy.
 SCF Done:  E(UB3LYP) =  -460.756303346     A.U. after   14 cycles
            NFock= 14  Conv=0.58D-08     -V/T= 2.0036
 <Sx>= 0.0000 <Sy>= 0.0000 <Sz>= 0.5000 <S**2>= 0.7537 S= 0.5019
 <L.S>= 0.000000000000E+00
 Annihilation of the first spin contaminant:
 S**2 before annihilation     0.7537,   after     0.7500
 DoSCS=F DFT=T ScalE2(SS,OS)=  1.000000  1.000000
 Range of M.O.s used for correlation:     1   234
 NBasis=   234 NAE=    37 NBE=    36 NFC=     0 NFV=     0
 NROrb=    234 NOA=    37 NOB=    36 NVA=   197 NVB=   198

 **** Warning!!: The largest alpha MO coefficient is  0.13589903D+02


 **** Warning!!: The largest beta MO coefficient is  0.14399069D+02

 Symmetrizing basis deriv contribution to polar:
 IMax=3 JMax=2 DiffMx= 0.00D+00
 Calling FoFJK, ICntrl=      2147 FMM=F ISym2X=0 I1Cent= 0 IOpClX= 1 NMat=1 NMatS=1 NMatT=0.
 -------------------------------------------------------------------
 Center     Atomic                   Forces (Hartrees/Bohr)
 Number     Number              X              Y              Z
 -------------------------------------------------------------------
      1        6          -0.000470242    0.001682082   -0.000369410
      2        6           0.002178497   -0.000054636    0.003976524
      3        6          -0.005958300    0.008123349   -0.000653644
      4        6          -0.004099164   -0.002328737   -0.002441451
      5        6           0.000864171   -0.000736353    0.001197413
      6        6          -0.001333577   -0.001413015    0.000146987
      7        1           0.000130137   -0.000095761   -0.000116715
      8        8           0.005288693   -0.005620876   -0.001732533
      9        8          -0.006307777   -0.012204242   -0.003536879
     10        1           0.000230553   -0.000003289    0.000170555
     11        6           0.012269283    0.022723675    0.005752783
     12        1          -0.001255919   -0.003017467   -0.000439636
     13        1          -0.001883888   -0.006963611   -0.001133700
     14        1           0.000760175    0.000065976   -0.000282547
     15        1          -0.000065554   -0.000069334   -0.000007971
     16        6          -0.000227651    0.000106886   -0.000482419
     17        1           0.000027640    0.000001036   -0.000056882
     18        1           0.000027131   -0.000121972   -0.000013274
     19        1          -0.000174208   -0.000073713    0.000022799
 -------------------------------------------------------------------
 Cartesian Forces:  Max     0.022723675 RMS     0.004568239
 IRC-IRC-IRC-IRC-IRC-IRC-IRC-IRC-IRC-IRC-IRC-IRC-IRC-IRC-IRC-IRC-IRC-IRC
 Pt  9 Step number   1 out of a maximum of  20
 Modified Bulirsch-Stoer Extrapolation Cycles:
    EPS =    0.000010000000000
      PEZero:  N= 2 I= 1 D=  2.78D-04 Err=  5.18D-05
      PEZero:  N= 3 I= 2 D=  2.78D-04 Err=  3.44D-05
      PEZero:  N= 3 I= 1 D=  5.56D-04 Err=  2.08D-07
 Maximum DWI energy   std dev =  0.000002593 at pt    34
 Maximum DWI gradient std dev =  0.023236535 at pt    29
 CORRECTOR INTEGRATION CONVERGENCE:
   Recorrection delta-x convergence threshold:    0.010000
   Delta-x Convergence Met
 Point Number:   9          Path Number:   1
   CHANGE IN THE REACTION COORDINATE =    0.05320
   NET REACTION COORDINATE UP TO THIS POINT =    0.48040
  # OF POINTS ALONG THE PATH =   9
  # OF STEPS =   1

 Calculating another point on the path.
 IRC-IRC-IRC-IRC-IRC-IRC-IRC-IRC-IRC-IRC-IRC-IRC-IRC-IRC-IRC-IRC-IRC-IRC
                          Input orientation:                          
 ---------------------------------------------------------------------
 Center     Atomic      Atomic             Coordinates (Angstroms)
 Number     Number       Type             X           Y           Z
 ---------------------------------------------------------------------
      1          6           0       -1.962125   -0.052377    0.007901
      2          6           0       -1.004794   -1.064758   -0.053213
      3          6           0        0.362486   -0.775107   -0.021497
      4          6           0        0.756482    0.579286   -0.006429
      5          6           0       -0.186502    1.597833    0.015981
      6          6           0       -1.538949    1.284021    0.040451
      7          1           0        0.157022    2.625247   -0.000173
      8          8           0        2.085169    0.907667   -0.207385
      9          8           0        1.267054   -1.769744   -0.052639
     10          1           0       -1.299753   -2.107065   -0.096708
     11          6           0        3.015443   -0.010898    0.206960
     12          1           0        3.045449   -0.193220    1.283254
     13          1           0        2.176062   -1.340896   -0.066341
     14          1           0        3.961694    0.133933   -0.301065
     15          1           0       -2.272196    2.081972    0.073335
     16          6           0       -3.432499   -0.390001    0.061216
     17          1           0       -3.623489   -1.405330   -0.291922
     18          1           0       -3.814328   -0.319103    1.085484
     19          1           0       -4.019180    0.298823   -0.552148
 ---------------------------------------------------------------------
                    Distance matrix (angstroms):
                    1          2          3          4          5
     1  C    0.000000
     2  C    1.394680   0.000000
     3  C    2.434546   1.397983   0.000000
     4  C    2.791062   2.409806   1.410617   0.000000
     5  C    2.424066   2.786356   2.435905   1.388221   0.000000
     6  C    1.402176   2.410572   2.803444   2.401636   1.388593
     7  H    3.414750   3.868949   3.406622   2.131982   1.083443
     8  O    4.165168   3.669074   2.415351   1.383339   2.384682
     9  O    3.657951   2.378718   1.344811   2.404321   3.668529
    10  H    2.161347   1.084111   2.131386   3.384189   3.870180
    11  C    4.981720   4.164207   2.770269   2.344517   3.588446
    12  H    5.169348   4.353181   3.039615   2.738506   3.906322
    13  H    4.334788   3.192847   1.900313   2.388702   3.771553
    14  H    5.934795   5.115104   3.722742   3.249389   4.410334
    15  H    2.157747   3.394736   3.887601   3.381911   2.141915
    16  C    1.509580   2.522329   3.815371   4.300193   3.806577
    17  H    2.163447   2.651515   4.044540   4.817090   4.574568
    18  H    2.159394   3.121877   4.345011   4.784525   4.240236
    19  H    2.160665   3.345865   4.542457   4.814917   4.086517
                    6          7          8          9         10
     6  C    0.000000
     7  H    2.162604   0.000000
     8  O    3.652026   2.590514   0.000000
     9  O    4.148228   4.533306   2.803888   0.000000
    10  H    3.402277   4.952402   4.534155   2.589252   0.000000
    11  C    4.737830   3.893936   1.371443   2.493551   4.806980
    12  H    4.974284   4.234849   2.087126   2.726302   4.944480
    13  H    4.550044   4.450976   2.254815   1.005184   3.559386
    14  H    5.629956   4.557708   2.031941   3.308593   5.722469
    15  H    1.084186   2.490312   4.521551   5.232387   4.303788
    16  C    2.527511   4.688299   5.674570   4.899229   2.742599
    17  H    3.418828   5.533799   6.160022   4.909935   2.435218
    18  H    2.973121   5.061568   6.162835   5.405564   3.304160
    19  H    2.733740   4.812234   6.144317   5.698487   3.659372
                   11         12         13         14         15
    11  C    0.000000
    12  H    1.092040   0.000000
    13  H    1.596292   1.973423   0.000000
    14  H    1.083722   1.859194   2.327809   0.000000
    15  H    5.688329   5.909124   5.614493   6.541896   0.000000
    16  C    6.460721   6.595143   5.690029   7.421579   2.730769
    17  H    6.802113   6.958816   5.804294   7.739793   3.757750
    18  H    6.892936   6.863781   6.185106   7.911654   3.027834
    19  H    7.082239   7.315722   6.426952   7.986525   2.573481
                   16         17         18         19
    16  C    0.000000
    17  H    1.091823   0.000000
    18  H    1.095420   1.764527   0.000000
    19  H    1.093110   1.768736   1.762282   0.000000
 Symmetry turned off by external request.
 Stoichiometry    C8H9O2(2)
 Framework group  C1[X(C8H9O2)]
 Deg. of freedom    51
 Full point group                 C1      NOp   1
 Rotational constants (GHZ):           3.0641511           0.9588467           0.7403692
 Standard basis: 6-311G(d,p) (5D, 7F)
   234 basis functions,   392 primitive gaussians,   244 cartesian basis functions
    37 alpha electrons       36 beta electrons
       nuclear repulsion energy       509.7299696336 Hartrees.
 NAtoms=   19 NActive=   19 NUniq=   19 SFac= 1.00D+00 NAtFMM=   60 NAOKFM=F Big=F
 Integral buffers will be    131072 words long.
 Raffenetti 2 integral format.
 Two-electron integral symmetry is turned off.
 One-electron integrals computed using PRISM.
 NBasis=   234 RedAO= T EigKep=  1.98D-04  NBF=   234
 NBsUse=   234 1.00D-06 EigRej= -1.00D+00 NBFU=   234
 Initial guess from the checkpoint file:  "SR-12-ts-SR-13.chk"
 B after Tr=    -0.000041   -0.000288   -0.000053
         Rot=    1.000000   -0.000028   -0.000006    0.000034 Ang=  -0.01 deg.
 Initial guess <Sx>= 0.0000 <Sy>= 0.0000 <Sz>= 0.5000 <S**2>= 0.7537 S= 0.5019
 ExpMin= 1.03D-01 ExpMax= 8.59D+03 ExpMxC= 1.30D+03 IAcc=2 IRadAn=         4 AccDes= 0.00D+00
 Harris functional with IExCor=  402 and IRadAn=       4 diagonalized for initial guess.
 HarFok:  IExCor=  402 AccDes= 0.00D+00 IRadAn=         4 IDoV= 1 UseB2=F ITyADJ=14
 ICtDFT=  3500011 ScaDFX=  1.000000  1.000000  1.000000  1.000000
 FoFCou: FMM=F IPFlag=           0 FMFlag=      100000 FMFlg1=           0
         NFxFlg=           0 DoJE=T BraDBF=F KetDBF=T FulRan=T
         wScrn=  0.000000 ICntrl=       500 IOpCl=  0 I1Cent=   200000004 NGrid=           0
         NMat0=    1 NMatS0=      1 NMatT0=    0 NMatD0=    1 NMtDS0=    0 NMtDT0=    0
 Symmetry not used in FoFCou.
 Requested convergence on RMS density matrix=1.00D-08 within 128 cycles.
 Requested convergence on MAX density matrix=1.00D-06.
 Requested convergence on             energy=1.00D-06.
 No special actions if energy rises.
 Integral accuracy reduced to 1.0D-05 until final iterations.
 Initial convergence to 1.0D-05 achieved.  Increase integral accuracy.
 SCF Done:  E(UB3LYP) =  -460.756922855     A.U. after   14 cycles
            NFock= 14  Conv=0.52D-08     -V/T= 2.0036
 <Sx>= 0.0000 <Sy>= 0.0000 <Sz>= 0.5000 <S**2>= 0.7537 S= 0.5018
 <L.S>= 0.000000000000E+00
 Annihilation of the first spin contaminant:
 S**2 before annihilation     0.7537,   after     0.7500
 DoSCS=F DFT=T ScalE2(SS,OS)=  1.000000  1.000000
 Range of M.O.s used for correlation:     1   234
 NBasis=   234 NAE=    37 NBE=    36 NFC=     0 NFV=     0
 NROrb=    234 NOA=    37 NOB=    36 NVA=   197 NVB=   198

 **** Warning!!: The largest alpha MO coefficient is  0.14127700D+02


 **** Warning!!: The largest beta MO coefficient is  0.14850070D+02

 Symmetrizing basis deriv contribution to polar:
 IMax=3 JMax=2 DiffMx= 0.00D+00
 G2DrvN: will do    20 centers at a time, making    1 passes.
 Calling FoFCou, ICntrl=  3107 FMM=F I1Cent=   0 AccDes= 0.00D+00.
 End of G2Drv F.D. properties file   721 does not exist.
 End of G2Drv F.D. properties file   722 does not exist.
 End of G2Drv F.D. properties file   788 does not exist.
          IDoAtm=1111111111111111111
          Differentiating once with respect to nuclear coordinates.
 Keep R1 and R2 ints in memory in canonical form, NReq=777448251.
          There are    60 degrees of freedom in the 1st order CPHF.  IDoFFX=6 NUNeed=     0.
     54 vectors produced by pass  0 Test12= 2.40D-14 1.67D-09 XBig12= 3.36D-01 1.73D-01.
 AX will form    54 AO Fock derivatives at one time.
     54 vectors produced by pass  1 Test12= 2.40D-14 1.67D-09 XBig12= 8.47D-02 6.37D-02.
     54 vectors produced by pass  2 Test12= 2.40D-14 1.67D-09 XBig12= 1.22D-03 7.01D-03.
     54 vectors produced by pass  3 Test12= 2.40D-14 1.67D-09 XBig12= 1.20D-05 4.99D-04.
     54 vectors produced by pass  4 Test12= 2.40D-14 1.67D-09 XBig12= 6.41D-08 4.31D-05.
     54 vectors produced by pass  5 Test12= 2.40D-14 1.67D-09 XBig12= 3.21D-10 1.40D-06.
     40 vectors produced by pass  6 Test12= 2.40D-14 1.67D-09 XBig12= 1.64D-12 9.41D-08.
      9 vectors produced by pass  7 Test12= 2.40D-14 1.67D-09 XBig12= 5.96D-15 6.84D-09.
 InvSVY:  IOpt=1 It=  1 EMax= 1.44D-15
 Solved reduced A of dimension   373 with    60 vectors.
 End of Minotr F.D. properties file   721 does not exist.
 End of Minotr F.D. properties file   722 does not exist.
 End of Minotr F.D. properties file   788 does not exist.
 Calling FoFJK, ICntrl=    100147 FMM=F ISym2X=0 I1Cent= 0 IOpClX= 1 NMat=1 NMatS=1 NMatT=0.
 -------------------------------------------------------------------
 Center     Atomic                   Forces (Hartrees/Bohr)
 Number     Number              X              Y              Z
 -------------------------------------------------------------------
      1        6          -0.000490470    0.001215074   -0.000304426
      2        6           0.001418154    0.000241917    0.003987048
      3        6          -0.004410877    0.006363315   -0.000730390
      4        6          -0.002944612   -0.001857615   -0.002523457
      5        6           0.000605337   -0.000639469    0.001137915
      6        6          -0.001059538   -0.001102597    0.000147134
      7        1           0.000128356   -0.000092407   -0.000091769
      8        8           0.004447890   -0.004873752   -0.001823193
      9        8          -0.008793035   -0.012792018   -0.003536689
     10        1           0.000261581   -0.000002821    0.000203547
     11        6           0.012191769    0.021167655    0.005705228
     12        1          -0.001071015   -0.002647583   -0.000433985
     13        1          -0.000695967   -0.005212320   -0.001128902
     14        1           0.000827917    0.000389774   -0.000050956
     15        1          -0.000060445   -0.000063833   -0.000011223
     16        6          -0.000251689    0.000086262   -0.000492109
     17        1           0.000036193    0.000001430   -0.000062089
     18        1           0.000025121   -0.000118016   -0.000014563
     19        1          -0.000164667   -0.000062995    0.000022882
 -------------------------------------------------------------------
 Cartesian Forces:  Max     0.021167655 RMS     0.004335462
 IRC-IRC-IRC-IRC-IRC-IRC-IRC-IRC-IRC-IRC-IRC-IRC-IRC-IRC-IRC-IRC-IRC-IRC
 Pt 10 Step number   1 out of a maximum of  20
 Modified Bulirsch-Stoer Extrapolation Cycles:
    EPS =    0.000010000000000
      PEZero:  N= 2 I= 1 D=  2.78D-04 Err=  2.62D-05
      PEZero:  N= 3 I= 2 D=  2.78D-04 Err=  1.74D-05
      PEZero:  N= 3 I= 1 D=  5.56D-04 Err=  1.31D-07
 Maximum DWI energy   std dev =  0.000000862 at pt    33
 Maximum DWI gradient std dev =  0.006080644 at pt    32
 CORRECTOR INTEGRATION CONVERGENCE:
   Recorrection delta-x convergence threshold:    0.010000
   Delta-x Convergence Met
 Point Number:  10          Path Number:   1
   CHANGE IN THE REACTION COORDINATE =    0.05330
   NET REACTION COORDINATE UP TO THIS POINT =    0.53370
  # OF POINTS ALONG THE PATH =  10
  # OF STEPS =   1

 Maximum number of steps reached.
 Calculation of FORWARD path complete.
 Beginning calculation of the REVERSE path.
 
 Calculating another point on the path.
 IRC-IRC-IRC-IRC-IRC-IRC-IRC-IRC-IRC-IRC-IRC-IRC-IRC-IRC-IRC-IRC-IRC-IRC
                          Input orientation:                          
 ---------------------------------------------------------------------
 Center     Atomic      Atomic             Coordinates (Angstroms)
 Number     Number       Type             X           Y           Z
 ---------------------------------------------------------------------
      1          6           0       -1.961648   -0.055676    0.008409
      2          6           0       -1.009044   -1.064150   -0.057426
      3          6           0        0.371746   -0.787537   -0.020986
      4          6           0        0.764327    0.582923   -0.004441
      5          6           0       -0.188103    1.598937    0.014618
      6          6           0       -1.536707    1.286225    0.040312
      7          1           0        0.155922    2.626085    0.001451
      8          8           0        2.078427    0.913748   -0.205924
      9          8           0        1.259521   -1.764781   -0.049693
     10          1           0       -1.301524   -2.106800   -0.098128
     11          6           0        3.004279   -0.037916    0.200973
     12          1           0        3.065612   -0.146355    1.288589
     13          1           0        2.353734   -1.155476   -0.053542
     14          1           0        3.954856    0.142141   -0.292010
     15          1           0       -2.271286    2.082777    0.073400
     16          6           0       -3.432296   -0.390114    0.061690
     17          1           0       -3.623525   -1.405200   -0.291215
     18          1           0       -3.814653   -0.317381    1.085617
     19          1           0       -4.016972    0.299942   -0.552474
 ---------------------------------------------------------------------
                    Distance matrix (angstroms):
                    1          2          3          4          5
     1  C    0.000000
     2  C    1.388815   0.000000
     3  C    2.445652   1.408696   0.000000
     4  C    2.799806   2.420848   1.425677   0.000000
     5  C    2.425540   2.787682   2.451522   1.392756   0.000000
     6  C    1.407938   2.410859   2.818943   2.406532   1.384624
     7  H    3.417015   3.870199   3.420511   2.131830   1.083309
     8  O    4.160280   3.669689   2.416885   1.370000   2.378083
     9  O    3.646964   2.374307   1.320596   2.399787   3.662561
    10  H    2.157365   1.083661   2.132191   3.392806   3.871035
    11  C    4.969690   4.150504   2.746165   2.333456   3.592397
    12  H    5.188490   4.388272   3.063171   2.738555   3.905855
    13  H    4.453754   3.364021   2.016114   2.355984   3.748650
    14  H    5.927428   5.113753   3.711661   3.233645   4.402316
    15  H    2.161731   3.393157   3.902977   3.386823   2.139442
    16  C    1.509136   2.518067   3.825640   4.308459   3.805697
    17  H    2.161672   2.646976   4.051756   4.825777   4.573894
    18  H    2.159282   3.120201   4.355636   4.792269   4.239243
    19  H    2.159956   3.339678   4.552575   4.820917   4.082796
                    6          7          8          9         10
     6  C    0.000000
     7  H    2.159103   0.000000
     8  O    3.642605   2.582853   0.000000
     9  O    4.139520   4.527720   2.805269   0.000000
    10  H    3.403982   4.953207   4.534248   2.584236   0.000000
    11  C    4.732833   3.905105   1.388679   2.467605   4.786406
    12  H    4.979139   4.220124   2.081327   2.769886   4.983795
    13  H    4.594154   4.374198   2.093013   1.252425   3.777290
    14  H    5.619309   4.548406   2.030708   3.310574   5.720564
    15  H    1.084065   2.488312   4.512722   5.223548   4.303768
    16  C    2.530578   4.687898   5.669193   4.890323   2.740938
    17  H    3.421767   5.533636   6.156059   4.902221   2.433354
    18  H    2.975442   5.060126   6.157285   5.397327   3.304405
    19  H    2.734202   4.809451   6.136021   5.688344   3.656843
                   11         12         13         14         15
    11  C    0.000000
    12  H    1.094728   0.000000
    13  H    1.317925   1.823846   0.000000
    14  H    1.085841   1.836377   2.074673   0.000000
    15  H    5.687284   5.910008   5.647408   6.531802   0.000000
    16  C    6.447708   6.617213   5.837568   7.414743   2.731898
    17  H    6.785241   6.987491   5.987193   7.734735   3.758654
    18  H    6.881753   6.885383   6.328435   7.904068   3.027758
    19  H    7.069639   7.331555   6.553860   7.977643   2.572477
                   16         17         18         19
    16  C    0.000000
    17  H    1.091564   0.000000
    18  H    1.095406   1.765091   0.000000
    19  H    1.093262   1.769341   1.762204   0.000000
 Symmetry turned off by external request.
 Stoichiometry    C8H9O2(2)
 Framework group  C1[X(C8H9O2)]
 Deg. of freedom    51
 Full point group                 C1      NOp   1
 Rotational constants (GHZ):           3.0680494           0.9597789           0.7410853
 Standard basis: 6-311G(d,p) (5D, 7F)
   234 basis functions,   392 primitive gaussians,   244 cartesian basis functions
    37 alpha electrons       36 beta electrons
       nuclear repulsion energy       509.5162614946 Hartrees.
 NAtoms=   19 NActive=   19 NUniq=   19 SFac= 1.00D+00 NAtFMM=   60 NAOKFM=F Big=F
 Integral buffers will be    131072 words long.
 Raffenetti 2 integral format.
 Two-electron integral symmetry is turned off.
 One-electron integrals computed using PRISM.
 NBasis=   234 RedAO= T EigKep=  2.06D-04  NBF=   234
 NBsUse=   234 1.00D-06 EigRej= -1.00D+00 NBFU=   234
 Initial guess from the checkpoint file:  "SR-12-ts-SR-13.chk"
 B after Tr=     0.002452    0.003227    0.000367
         Rot=    1.000000    0.000144    0.000056   -0.000520 Ang=   0.06 deg.
 Initial guess <Sx>= 0.0000 <Sy>= 0.0000 <Sz>= 0.5000 <S**2>= 0.7537 S= 0.5019
 ExpMin= 1.03D-01 ExpMax= 8.59D+03 ExpMxC= 1.30D+03 IAcc=2 IRadAn=         4 AccDes= 0.00D+00
 Harris functional with IExCor=  402 and IRadAn=       4 diagonalized for initial guess.
 HarFok:  IExCor=  402 AccDes= 0.00D+00 IRadAn=         4 IDoV= 1 UseB2=F ITyADJ=14
 ICtDFT=  3500011 ScaDFX=  1.000000  1.000000  1.000000  1.000000
 FoFCou: FMM=F IPFlag=           0 FMFlag=      100000 FMFlg1=           0
         NFxFlg=           0 DoJE=T BraDBF=F KetDBF=T FulRan=T
         wScrn=  0.000000 ICntrl=       500 IOpCl=  0 I1Cent=   200000004 NGrid=           0
         NMat0=    1 NMatS0=      1 NMatT0=    0 NMatD0=    1 NMtDS0=    0 NMtDT0=    0
 Symmetry not used in FoFCou.
 Requested convergence on RMS density matrix=1.00D-08 within 128 cycles.
 Requested convergence on MAX density matrix=1.00D-06.
 Requested convergence on             energy=1.00D-06.
 No special actions if energy rises.
 Integral accuracy reduced to 1.0D-05 until final iterations.
 Initial convergence to 1.0D-05 achieved.  Increase integral accuracy.
 SCF Done:  E(UB3LYP) =  -460.748800072     A.U. after   23 cycles
            NFock= 23  Conv=0.43D-08     -V/T= 2.0038
 <Sx>= 0.0000 <Sy>= 0.0000 <Sz>= 0.5000 <S**2>= 0.7554 S= 0.5027
 <L.S>= 0.000000000000E+00
 Annihilation of the first spin contaminant:
 S**2 before annihilation     0.7554,   after     0.7500
 DoSCS=F DFT=T ScalE2(SS,OS)=  1.000000  1.000000
 Range of M.O.s used for correlation:     1   234
 NBasis=   234 NAE=    37 NBE=    36 NFC=     0 NFV=     0
 NROrb=    234 NOA=    37 NOB=    36 NVA=   197 NVB=   198

 **** Warning!!: The largest alpha MO coefficient is  0.14535389D+02


 **** Warning!!: The largest beta MO coefficient is  0.14074063D+02


 **** Warning!!: The smallest beta delta epsilon is  0.80693292D-01

 Symmetrizing basis deriv contribution to polar:
 IMax=3 JMax=2 DiffMx= 0.00D+00
 Calling FoFJK, ICntrl=      2147 FMM=F ISym2X=0 I1Cent= 0 IOpClX= 1 NMat=1 NMatS=1 NMatT=0.
 -------------------------------------------------------------------
 Center     Atomic                   Forces (Hartrees/Bohr)
 Number     Number              X              Y              Z
 -------------------------------------------------------------------
      1        6           0.000062087   -0.001174795    0.000116648
      2        6          -0.001384049    0.000282858   -0.000650468
      3        6           0.002295545   -0.003316117   -0.000004494
      4        6           0.002513910    0.000976847    0.000003395
      5        6          -0.000401421    0.000319654   -0.000245111
      6        6           0.000671187    0.000572964   -0.000007391
      7        1           0.000002590    0.000000410    0.000010962
      8        8          -0.002843877    0.002182618    0.000454682
      9        8          -0.006406615   -0.000429458    0.000682474
     10        1          -0.000001406    0.000005374   -0.000000482
     11        6          -0.000605497   -0.005095941   -0.000879017
     12        1           0.000389093    0.000893145    0.000094541
     13        1           0.005664108    0.004347620    0.000094911
     14        1          -0.000013361    0.000376338    0.000265861
     15        1           0.000012019    0.000010963    0.000002217
     16        6           0.000018146   -0.000003805    0.000053934
     17        1           0.000007624    0.000005040    0.000012188
     18        1          -0.000002954    0.000029978    0.000001840
     19        1           0.000022870    0.000016306   -0.000006691
 -------------------------------------------------------------------
 Cartesian Forces:  Max     0.006406615 RMS     0.001688396
 IRC-IRC-IRC-IRC-IRC-IRC-IRC-IRC-IRC-IRC-IRC-IRC-IRC-IRC-IRC-IRC-IRC-IRC
 Pt 11 Step number   1 out of a maximum of  20
 Modified Bulirsch-Stoer Extrapolation Cycles:
    EPS =    0.000010000000000
      PEZero:  N= 2 I= 1 D=  1.39D-04 Err=  3.04D-04
      PEZero:  N= 3 I= 2 D=  1.39D-04 Err=  2.03D-04
      PEZero:  N= 3 I= 1 D=  2.78D-04 Err=  1.04D-08
 Maximum DWI energy   std dev =  0.000000481 at pt    53
 Maximum DWI gradient std dev =  0.011991032 at pt     1
 CORRECTOR INTEGRATION CONVERGENCE:
   Recorrection delta-x convergence threshold:    0.010000
   Delta-x Convergence Met
 Point Number:   1          Path Number:   2
   CHANGE IN THE REACTION COORDINATE =    0.05345
   NET REACTION COORDINATE UP TO THIS POINT =    0.05345
  # OF POINTS ALONG THE PATH =  11
  # OF STEPS =   1

 Calculating another point on the path.
 IRC-IRC-IRC-IRC-IRC-IRC-IRC-IRC-IRC-IRC-IRC-IRC-IRC-IRC-IRC-IRC-IRC-IRC
                          Input orientation:                          
 ---------------------------------------------------------------------
 Center     Atomic      Atomic             Coordinates (Angstroms)
 Number     Number       Type             X           Y           Z
 ---------------------------------------------------------------------
      1          6           0       -1.961631   -0.056039    0.008445
      2          6           0       -1.009471   -1.064065   -0.057621
      3          6           0        0.372446   -0.788552   -0.020990
      4          6           0        0.765101    0.583220   -0.004447
      5          6           0       -0.188223    1.599035    0.014543
      6          6           0       -1.536500    1.286399    0.040310
      7          1           0        0.155934    2.626093    0.001486
      8          8           0        2.077770    0.914253   -0.205817
      9          8           0        1.258037   -1.764886   -0.049539
     10          1           0       -1.301533   -2.106780   -0.098125
     11          6           0        3.004120   -0.039459    0.200709
     12          1           0        3.067039   -0.143092    1.288944
     13          1           0        2.374265   -1.139724   -0.053205
     14          1           0        3.954857    0.143570   -0.291043
     15          1           0       -2.271238    2.082811    0.073410
     16          6           0       -3.432291   -0.390115    0.061706
     17          1           0       -3.623499   -1.405181   -0.291169
     18          1           0       -3.814662   -0.317271    1.085622
     19          1           0       -4.016890    0.300000   -0.552499
 ---------------------------------------------------------------------
                    Distance matrix (angstroms):
                    1          2          3          4          5
     1  C    0.000000
     2  C    1.388197   0.000000
     3  C    2.446500   1.409590   0.000000
     4  C    2.800694   2.421876   1.426958   0.000000
     5  C    2.425754   2.787787   2.452792   1.393223   0.000000
     6  C    1.408507   2.410815   2.820152   2.407038   1.384289
     7  H    3.417304   3.870263   3.421577   2.131772   1.083265
     8  O    4.159824   3.669709   2.416989   1.368661   2.377438
     9  O    3.645516   2.373354   1.318451   2.399713   3.662205
    10  H    2.156995   1.083603   2.132107   3.393502   3.871075
    11  C    4.969500   4.150358   2.745177   2.333029   3.593102
    12  H    5.189872   4.390827   3.064861   2.738485   3.905871
    13  H    4.469694   3.384585   2.032643   2.358033   3.751231
    14  H    5.927425   5.114433   3.711529   3.232642   4.401918
    15  H    2.162118   3.392941   3.904191   3.387357   2.139265
    16  C    1.509068   2.517639   3.826437   4.309276   3.805643
    17  H    2.161425   2.646516   4.052259   4.826568   4.573827
    18  H    2.159231   3.119904   4.356441   4.793054   4.239163
    19  H    2.159979   3.339183   4.553430   4.821619   4.082612
                    6          7          8          9         10
     6  C    0.000000
     7  H    2.158847   0.000000
     8  O    3.641706   2.582020   0.000000
     9  O    4.138581   4.527465   2.806095   0.000000
    10  H    3.404121   4.953204   4.534085   2.582761   0.000000
    11  C    4.732955   3.906024   1.390307   2.467495   4.785579
    12  H    4.979467   4.219059   2.081090   2.773849   4.986427
    13  H    4.603140   4.370968   2.080870   1.279377   3.801146
    14  H    5.618795   4.547561   2.030929   3.312608   5.721096
    15  H    1.084070   2.488271   4.511914   5.222612   4.303769
    16  C    2.530846   4.687910   5.668662   4.888922   2.740915
    17  H    3.421994   5.533618   6.155609   4.900731   2.433317
    18  H    2.975645   5.060077   6.156722   5.395967   3.304454
    19  H    2.734363   4.809373   6.135338   5.686966   3.656803
                   11         12         13         14         15
    11  C    0.000000
    12  H    1.094967   0.000000
    13  H    1.292970   1.809578   0.000000
    14  H    1.085920   1.834872   2.049801   0.000000
    15  H    5.687674   5.910106   5.655215   6.531289   0.000000
    16  C    6.447455   6.618793   5.855870   7.414797   2.731949
    17  H    6.784724   6.989486   6.008350   7.734993   3.758672
    18  H    6.881573   6.886907   6.346352   7.903988   3.027727
    19  H    7.069451   7.332754   6.570309   7.977567   2.572446
                   16         17         18         19
    16  C    0.000000
    17  H    1.091530   0.000000
    18  H    1.095408   1.765118   0.000000
    19  H    1.093280   1.769376   1.762203   0.000000
 Symmetry turned off by external request.
 Stoichiometry    C8H9O2(2)
 Framework group  C1[X(C8H9O2)]
 Deg. of freedom    51
 Full point group                 C1      NOp   1
 Rotational constants (GHZ):           3.0677782           0.9597578           0.7410534
 Standard basis: 6-311G(d,p) (5D, 7F)
   234 basis functions,   392 primitive gaussians,   244 cartesian basis functions
    37 alpha electrons       36 beta electrons
       nuclear repulsion energy       509.4836400622 Hartrees.
 NAtoms=   19 NActive=   19 NUniq=   19 SFac= 1.00D+00 NAtFMM=   60 NAOKFM=F Big=F
 Integral buffers will be    131072 words long.
 Raffenetti 2 integral format.
 Two-electron integral symmetry is turned off.
 One-electron integrals computed using PRISM.
 NBasis=   234 RedAO= T EigKep=  2.07D-04  NBF=   234
 NBsUse=   234 1.00D-06 EigRej= -1.00D+00 NBFU=   234
 Initial guess from the checkpoint file:  "SR-12-ts-SR-13.chk"
 B after Tr=     0.000284    0.000272    0.000023
         Rot=    1.000000    0.000008    0.000004   -0.000049 Ang=   0.01 deg.
 Initial guess <Sx>= 0.0000 <Sy>= 0.0000 <Sz>= 0.5000 <S**2>= 0.7554 S= 0.5027
 ExpMin= 1.03D-01 ExpMax= 8.59D+03 ExpMxC= 1.30D+03 IAcc=2 IRadAn=         4 AccDes= 0.00D+00
 Harris functional with IExCor=  402 and IRadAn=       4 diagonalized for initial guess.
 HarFok:  IExCor=  402 AccDes= 0.00D+00 IRadAn=         4 IDoV= 1 UseB2=F ITyADJ=14
 ICtDFT=  3500011 ScaDFX=  1.000000  1.000000  1.000000  1.000000
 FoFCou: FMM=F IPFlag=           0 FMFlag=      100000 FMFlg1=           0
         NFxFlg=           0 DoJE=T BraDBF=F KetDBF=T FulRan=T
         wScrn=  0.000000 ICntrl=       500 IOpCl=  0 I1Cent=   200000004 NGrid=           0
         NMat0=    1 NMatS0=      1 NMatT0=    0 NMatD0=    1 NMtDS0=    0 NMtDT0=    0
 Symmetry not used in FoFCou.
 Requested convergence on RMS density matrix=1.00D-08 within 128 cycles.
 Requested convergence on MAX density matrix=1.00D-06.
 Requested convergence on             energy=1.00D-06.
 No special actions if energy rises.
 Integral accuracy reduced to 1.0D-05 until final iterations.
 Initial convergence to 1.0D-05 achieved.  Increase integral accuracy.
 SCF Done:  E(UB3LYP) =  -460.749423365     A.U. after   17 cycles
            NFock= 17  Conv=0.85D-08     -V/T= 2.0038
 <Sx>= 0.0000 <Sy>= 0.0000 <Sz>= 0.5000 <S**2>= 0.7557 S= 0.5029
 <L.S>= 0.000000000000E+00
 Annihilation of the first spin contaminant:
 S**2 before annihilation     0.7557,   after     0.7500
 DoSCS=F DFT=T ScalE2(SS,OS)=  1.000000  1.000000
 Range of M.O.s used for correlation:     1   234
 NBasis=   234 NAE=    37 NBE=    36 NFC=     0 NFV=     0
 NROrb=    234 NOA=    37 NOB=    36 NVA=   197 NVB=   198

 **** Warning!!: The largest alpha MO coefficient is  0.14714306D+02


 **** Warning!!: The largest beta MO coefficient is  0.14322566D+02


 **** Warning!!: The smallest beta delta epsilon is  0.79671636D-01

 Symmetrizing basis deriv contribution to polar:
 IMax=3 JMax=2 DiffMx= 0.00D+00
 Calling FoFJK, ICntrl=      2147 FMM=F ISym2X=0 I1Cent= 0 IOpClX= 1 NMat=1 NMatS=1 NMatT=0.
 -------------------------------------------------------------------
 Center     Atomic                   Forces (Hartrees/Bohr)
 Number     Number              X              Y              Z
 -------------------------------------------------------------------
      1        6           0.000101468   -0.002548250    0.000234597
      2        6          -0.002971847    0.000611629   -0.001233192
      3        6           0.004761003   -0.006983394   -0.000050139
      4        6           0.005287626    0.002043274   -0.000155070
      5        6          -0.000758351    0.000679848   -0.000485192
      6        6           0.001412416    0.001172575   -0.000004430
      7        1           0.000009461    0.000003856    0.000013642
      8        8          -0.006049886    0.004605887    0.000994053
      9        8          -0.013460906   -0.000871967    0.001330016
     10        1          -0.000002566    0.000008501    0.000003808
     11        6          -0.000658024   -0.010170467   -0.001669849
     12        1           0.000813589    0.001864430    0.000202529
     13        1           0.011409452    0.008622492    0.000147991
     14        1           0.000002802    0.000827709    0.000560060
     15        1           0.000025563    0.000021786    0.000006688
     16        6           0.000024146    0.000003113    0.000089071
     17        1           0.000016050    0.000015032    0.000026999
     18        1          -0.000002387    0.000063024    0.000002710
     19        1           0.000040392    0.000030923   -0.000014294
 -------------------------------------------------------------------
 Cartesian Forces:  Max     0.013460906 RMS     0.003465248
 IRC-IRC-IRC-IRC-IRC-IRC-IRC-IRC-IRC-IRC-IRC-IRC-IRC-IRC-IRC-IRC-IRC-IRC
 Pt 12 Step number   1 out of a maximum of  20
 Modified Bulirsch-Stoer Extrapolation Cycles:
    EPS =    0.000010000000000
      PEZero:  N= 2 I= 1 D=  2.78D-04 Err=  4.32D-06
 Maximum DWI energy   std dev =  0.000000772 at pt    40
 Maximum DWI gradient std dev =  0.009145495 at pt    27
 CORRECTOR INTEGRATION CONVERGENCE:
   Recorrection delta-x convergence threshold:    0.010000
   Delta-x Convergence Met
 Point Number:   2          Path Number:   2
   CHANGE IN THE REACTION COORDINATE =    0.05343
   NET REACTION COORDINATE UP TO THIS POINT =    0.10688
  # OF POINTS ALONG THE PATH =  12
  # OF STEPS =   1

 Calculating another point on the path.
 IRC-IRC-IRC-IRC-IRC-IRC-IRC-IRC-IRC-IRC-IRC-IRC-IRC-IRC-IRC-IRC-IRC-IRC
                          Input orientation:                          
 ---------------------------------------------------------------------
 Center     Atomic      Atomic             Coordinates (Angstroms)
 Number     Number       Type             X           Y           Z
 ---------------------------------------------------------------------
      1          6           0       -1.961618   -0.056438    0.008480
      2          6           0       -1.009935   -1.063970   -0.057800
      3          6           0        0.373176   -0.789631   -0.021001
      4          6           0        0.765920    0.583533   -0.004484
      5          6           0       -0.188334    1.599141    0.014470
      6          6           0       -1.536281    1.286578    0.040310
      7          1           0        0.155956    2.626105    0.001502
      8          8           0        2.077064    0.914788   -0.205699
      9          8           0        1.256475   -1.764988   -0.049391
     10          1           0       -1.301540   -2.106766   -0.098113
     11          6           0        3.004069   -0.040988    0.200466
     12          1           0        3.068534   -0.139671    1.289321
     13          1           0        2.394815   -1.124310   -0.052975
     14          1           0        3.954911    0.145141   -0.290018
     15          1           0       -2.271189    2.082848    0.073424
     16          6           0       -3.432289   -0.390113    0.061718
     17          1           0       -3.623471   -1.405154   -0.291119
     18          1           0       -3.814664   -0.317155    1.085627
     19          1           0       -4.016822    0.300054   -0.552525
 ---------------------------------------------------------------------
                    Distance matrix (angstroms):
                    1          2          3          4          5
     1  C    0.000000
     2  C    1.387521   0.000000
     3  C    2.447387   1.410536   0.000000
     4  C    2.801641   2.422967   1.428321   0.000000
     5  C    2.426008   2.787905   2.454136   1.393707   0.000000
     6  C    1.409119   2.410755   2.821422   2.407572   1.383952
     7  H    3.417632   3.870333   3.422710   2.131711   1.083217
     8  O    4.159340   3.669731   2.417105   1.367230   2.376730
     9  O    3.643983   2.372363   1.316186   2.399628   3.661819
    10  H    2.156597   1.083550   2.132009   3.394240   3.871130
    11  C    4.969421   4.150351   2.744287   2.332668   3.593891
    12  H    5.191330   4.393515   3.066651   2.738428   3.905880
    13  H    4.485826   3.405288   2.049405   2.360589   3.754250
    14  H    5.927482   5.115229   3.711468   3.231622   4.401512
    15  H    2.162544   3.392705   3.905472   3.387926   2.139096
    16  C    1.508989   2.517174   3.827273   4.310142   3.805602
    17  H    2.161145   2.646019   4.052779   4.827400   4.573766
    18  H    2.159166   3.119562   4.357277   4.793885   4.239085
    19  H    2.160017   3.338665   4.554339   4.822377   4.082454
                    6          7          8          9         10
     6  C    0.000000
     7  H    2.158589   0.000000
     8  O    3.640743   2.581123   0.000000
     9  O    4.137582   4.527188   2.806956   0.000000
    10  H    3.404268   4.953210   4.533909   2.581206   0.000000
    11  C    4.733165   3.907009   1.392054   2.467527   4.784856
    12  H    4.979812   4.217950   2.080860   2.778015   4.989186
    13  H    4.612439   4.368188   2.069350   1.306255   3.824957
    14  H    5.618289   4.546672   2.031200   3.314823   5.721729
    15  H    1.084082   2.488239   4.511051   5.221622   4.303778
    16  C    2.531126   4.687932   5.668091   4.887446   2.740900
    17  H    3.422226   5.533602   6.155123   4.899161   2.433285
    18  H    2.975849   5.060033   6.156109   5.394528   3.304503
    19  H    2.734550   4.809317   6.134626   5.685525   3.656778
                   11         12         13         14         15
    11  C    0.000000
    12  H    1.095217   0.000000
    13  H    1.268467   1.795876   0.000000
    14  H    1.085965   1.833329   2.025239   0.000000
    15  H    5.688159   5.910214   5.663341   6.530782   0.000000
    16  C    6.447312   6.620455   5.874295   7.414913   2.732001
    17  H    6.784312   6.991578   6.029540   7.735327   3.758685
    18  H    6.881489   6.888498   6.364397   7.903949   3.027686
    19  H    7.069385   7.334031   6.586915   7.977557   2.572431
                   16         17         18         19
    16  C    0.000000
    17  H    1.091491   0.000000
    18  H    1.095410   1.765141   0.000000
    19  H    1.093300   1.769405   1.762202   0.000000
 Symmetry turned off by external request.
 Stoichiometry    C8H9O2(2)
 Framework group  C1[X(C8H9O2)]
 Deg. of freedom    51
 Full point group                 C1      NOp   1
 Rotational constants (GHZ):           3.0674360           0.9597273           0.7410120
 Standard basis: 6-311G(d,p) (5D, 7F)
   234 basis functions,   392 primitive gaussians,   244 cartesian basis functions
    37 alpha electrons       36 beta electrons
       nuclear repulsion energy       509.4527339343 Hartrees.
 NAtoms=   19 NActive=   19 NUniq=   19 SFac= 1.00D+00 NAtFMM=   60 NAOKFM=F Big=F
 Integral buffers will be    131072 words long.
 Raffenetti 2 integral format.
 Two-electron integral symmetry is turned off.
 One-electron integrals computed using PRISM.
 NBasis=   234 RedAO= T EigKep=  2.07D-04  NBF=   234
 NBsUse=   234 1.00D-06 EigRej= -1.00D+00 NBFU=   234
 Initial guess from the checkpoint file:  "SR-12-ts-SR-13.chk"
 B after Tr=     0.000286    0.000272    0.000022
         Rot=    1.000000    0.000009    0.000004   -0.000049 Ang=   0.01 deg.
 Initial guess <Sx>= 0.0000 <Sy>= 0.0000 <Sz>= 0.5000 <S**2>= 0.7557 S= 0.5029
 ExpMin= 1.03D-01 ExpMax= 8.59D+03 ExpMxC= 1.30D+03 IAcc=2 IRadAn=         4 AccDes= 0.00D+00
 Harris functional with IExCor=  402 and IRadAn=       4 diagonalized for initial guess.
 HarFok:  IExCor=  402 AccDes= 0.00D+00 IRadAn=         4 IDoV= 1 UseB2=F ITyADJ=14
 ICtDFT=  3500011 ScaDFX=  1.000000  1.000000  1.000000  1.000000
 FoFCou: FMM=F IPFlag=           0 FMFlag=      100000 FMFlg1=           0
         NFxFlg=           0 DoJE=T BraDBF=F KetDBF=T FulRan=T
         wScrn=  0.000000 ICntrl=       500 IOpCl=  0 I1Cent=   200000004 NGrid=           0
         NMat0=    1 NMatS0=      1 NMatT0=    0 NMatD0=    1 NMtDS0=    0 NMtDT0=    0
 Symmetry not used in FoFCou.
 Requested convergence on RMS density matrix=1.00D-08 within 128 cycles.
 Requested convergence on MAX density matrix=1.00D-06.
 Requested convergence on             energy=1.00D-06.
 No special actions if energy rises.
 Integral accuracy reduced to 1.0D-05 until final iterations.
 Initial convergence to 1.0D-05 achieved.  Increase integral accuracy.
 SCF Done:  E(UB3LYP) =  -460.750459375     A.U. after   20 cycles
            NFock= 20  Conv=0.60D-08     -V/T= 2.0037
 <Sx>= 0.0000 <Sy>= 0.0000 <Sz>= 0.5000 <S**2>= 0.7563 S= 0.5031
 <L.S>= 0.000000000000E+00
 Annihilation of the first spin contaminant:
 S**2 before annihilation     0.7563,   after     0.7500
 DoSCS=F DFT=T ScalE2(SS,OS)=  1.000000  1.000000
 Range of M.O.s used for correlation:     1   234
 NBasis=   234 NAE=    37 NBE=    36 NFC=     0 NFV=     0
 NROrb=    234 NOA=    37 NOB=    36 NVA=   197 NVB=   198

 **** Warning!!: The largest alpha MO coefficient is  0.14856001D+02


 **** Warning!!: The largest beta MO coefficient is  0.14518835D+02


 **** Warning!!: The smallest beta delta epsilon is  0.79178351D-01

 Symmetrizing basis deriv contribution to polar:
 IMax=3 JMax=2 DiffMx= 0.00D+00
 Calling FoFJK, ICntrl=      2147 FMM=F ISym2X=0 I1Cent= 0 IOpClX= 1 NMat=1 NMatS=1 NMatT=0.
 -------------------------------------------------------------------
 Center     Atomic                   Forces (Hartrees/Bohr)
 Number     Number              X              Y              Z
 -------------------------------------------------------------------
      1        6           0.000108811   -0.004071832    0.000340343
      2        6          -0.004717698    0.000974435   -0.001690133
      3        6           0.007316873   -0.010894861   -0.000139740
      4        6           0.008189711    0.003167750   -0.000511551
      5        6          -0.001022292    0.001069654   -0.000703238
      6        6           0.002187436    0.001762149    0.000011568
      7        1           0.000018842    0.000012305    0.000006492
      8        8          -0.009494809    0.007187459    0.001615010
      9        8          -0.020853123   -0.001244047    0.001892176
     10        1          -0.000004042    0.000007013    0.000013009
     11        6          -0.000098093   -0.014969944   -0.002297941
     12        1           0.001265536    0.002892493    0.000319115
     13        1           0.016919466    0.012547702    0.000141288
     14        1           0.000053987    0.001337060    0.000864447
     15        1           0.000038988    0.000032541    0.000013704
     16        6           0.000015793    0.000027568    0.000100756
     17        1           0.000023440    0.000022753    0.000042854
     18        1           0.000000630    0.000097509    0.000004109
     19        1           0.000050544    0.000042294   -0.000022270
 -------------------------------------------------------------------
 Cartesian Forces:  Max     0.020853123 RMS     0.005253450
 IRC-IRC-IRC-IRC-IRC-IRC-IRC-IRC-IRC-IRC-IRC-IRC-IRC-IRC-IRC-IRC-IRC-IRC
 Pt 13 Step number   1 out of a maximum of  20
 Modified Bulirsch-Stoer Extrapolation Cycles:
    EPS =    0.000010000000000
      PEZero:  N= 2 I= 1 D=  2.78D-04 Err=  4.59D-06
 Maximum DWI energy   std dev =  0.000000718 at pt    50
 Maximum DWI gradient std dev =  0.006555545 at pt    28
 CORRECTOR INTEGRATION CONVERGENCE:
   Recorrection delta-x convergence threshold:    0.010000
   Delta-x Convergence Met
 Point Number:   3          Path Number:   2
   CHANGE IN THE REACTION COORDINATE =    0.05343
   NET REACTION COORDINATE UP TO THIS POINT =    0.16031
  # OF POINTS ALONG THE PATH =  13
  # OF STEPS =   1

 Calculating another point on the path.
 IRC-IRC-IRC-IRC-IRC-IRC-IRC-IRC-IRC-IRC-IRC-IRC-IRC-IRC-IRC-IRC-IRC-IRC
                          Input orientation:                          
 ---------------------------------------------------------------------
 Center     Atomic      Atomic             Coordinates (Angstroms)
 Number     Number       Type             X           Y           Z
 ---------------------------------------------------------------------
      1          6           0       -1.961609   -0.056869    0.008514
      2          6           0       -1.010432   -1.063868   -0.057965
      3          6           0        0.373935   -0.790770   -0.021019
      4          6           0        0.766774    0.583863   -0.004552
      5          6           0       -0.188433    1.599253    0.014399
      6          6           0       -1.536052    1.286758    0.040313
      7          1           0        0.155982    2.626125    0.001501
      8          8           0        2.076317    0.915352   -0.205569
      9          8           0        1.254843   -1.765082   -0.049250
     10          1           0       -1.301546   -2.106760   -0.098092
     11          6           0        3.004106   -0.042508    0.200241
     12          1           0        3.070110   -0.136075    1.289722
     13          1           0        2.415358   -1.109221   -0.052851
     14          1           0        3.955013    0.146839   -0.288949
     15          1           0       -2.271140    2.082886    0.073443
     16          6           0       -3.432289   -0.390110    0.061727
     17          1           0       -3.623443   -1.405126   -0.291065
     18          1           0       -3.814661   -0.317034    1.085631
     19          1           0       -4.016766    0.300103   -0.552553
 ---------------------------------------------------------------------
                    Distance matrix (angstroms):
                    1          2          3          4          5
     1  C    0.000000
     2  C    1.386797   0.000000
     3  C    2.448316   1.411531   0.000000
     4  C    2.802638   2.424115   1.429759   0.000000
     5  C    2.426300   2.788035   2.455550   1.394201   0.000000
     6  C    1.409767   2.410680   2.822753   2.408128   1.383620
     7  H    3.417996   3.870414   3.423913   2.131651   1.083168
     8  O    4.158834   3.669758   2.417234   1.365722   2.375963
     9  O    3.642375   2.371339   1.313804   2.399532   3.661400
    10  H    2.156177   1.083503   2.131901   3.395018   3.871202
    11  C    4.969437   4.150466   2.743475   2.332368   3.594750
    12  H    5.192876   4.396349   3.068554   2.738396   3.905881
    13  H    4.502116   3.426094   2.066357   2.363619   3.757670
    14  H    5.927597   5.116133   3.711471   3.230595   4.401099
    15  H    2.163002   3.392450   3.906820   3.388520   2.138938
    16  C    1.508900   2.516677   3.828147   4.311048   3.805576
    17  H    2.160842   2.645490   4.053318   4.828268   4.573719
    18  H    2.159089   3.119178   4.358146   4.794753   4.239012
    19  H    2.160068   3.338125   4.555303   4.823181   4.082323
                    6          7          8          9         10
     6  C    0.000000
     7  H    2.158330   0.000000
     8  O    3.639727   2.580175   0.000000
     9  O    4.136526   4.526894   2.807843   0.000000
    10  H    3.404425   4.953231   4.533726   2.579584   0.000000
    11  C    4.733452   3.908057   1.393906   2.467677   4.784222
    12  H    4.980181   4.216799   2.080630   2.782392   4.992093
    13  H    4.622016   4.365837   2.058438   1.333027   3.848701
    14  H    5.617796   4.545751   2.031518   3.317200   5.722459
    15  H    1.084099   2.488213   4.510140   5.220581   4.303797
    16  C    2.531414   4.687962   5.667487   4.885905   2.740893
    17  H    3.422463   5.533592   6.154608   4.897522   2.433256
    18  H    2.976054   5.059993   6.155453   5.393021   3.304553
    19  H    2.734761   4.809281   6.133889   5.684027   3.656767
                   11         12         13         14         15
    11  C    0.000000
    12  H    1.095482   0.000000
    13  H    1.244410   1.782755   0.000000
    14  H    1.085994   1.831747   2.000991   0.000000
    15  H    5.688726   5.910335   5.671751   6.530282   0.000000
    16  C    6.447262   6.622212   5.892810   7.415087   2.732053
    17  H    6.783990   6.993785   6.050737   7.735735   3.758700
    18  H    6.881487   6.890172   6.382541   7.903954   3.027639
    19  H    7.069422   7.335396   6.603644   7.977608   2.572431
                   16         17         18         19
    16  C    0.000000
    17  H    1.091449   0.000000
    18  H    1.095413   1.765163   0.000000
    19  H    1.093319   1.769431   1.762201   0.000000
 Symmetry turned off by external request.
 Stoichiometry    C8H9O2(2)
 Framework group  C1[X(C8H9O2)]
 Deg. of freedom    51
 Full point group                 C1      NOp   1
 Rotational constants (GHZ):           3.0670307           0.9596885           0.7409621
 Standard basis: 6-311G(d,p) (5D, 7F)
   234 basis functions,   392 primitive gaussians,   244 cartesian basis functions
    37 alpha electrons       36 beta electrons
       nuclear repulsion energy       509.4236785301 Hartrees.
 NAtoms=   19 NActive=   19 NUniq=   19 SFac= 1.00D+00 NAtFMM=   60 NAOKFM=F Big=F
 Integral buffers will be    131072 words long.
 Raffenetti 2 integral format.
 Two-electron integral symmetry is turned off.
 One-electron integrals computed using PRISM.
 NBasis=   234 RedAO= T EigKep=  2.08D-04  NBF=   234
 NBsUse=   234 1.00D-06 EigRej= -1.00D+00 NBFU=   234
 Initial guess from the checkpoint file:  "SR-12-ts-SR-13.chk"
 B after Tr=     0.000288    0.000272    0.000022
         Rot=    1.000000    0.000009    0.000004   -0.000049 Ang=   0.01 deg.
 Initial guess <Sx>= 0.0000 <Sy>= 0.0000 <Sz>= 0.5000 <S**2>= 0.7563 S= 0.5031
 ExpMin= 1.03D-01 ExpMax= 8.59D+03 ExpMxC= 1.30D+03 IAcc=2 IRadAn=         4 AccDes= 0.00D+00
 Harris functional with IExCor=  402 and IRadAn=       4 diagonalized for initial guess.
 HarFok:  IExCor=  402 AccDes= 0.00D+00 IRadAn=         4 IDoV= 1 UseB2=F ITyADJ=14
 ICtDFT=  3500011 ScaDFX=  1.000000  1.000000  1.000000  1.000000
 FoFCou: FMM=F IPFlag=           0 FMFlag=      100000 FMFlg1=           0
         NFxFlg=           0 DoJE=T BraDBF=F KetDBF=T FulRan=T
         wScrn=  0.000000 ICntrl=       500 IOpCl=  0 I1Cent=   200000004 NGrid=           0
         NMat0=    1 NMatS0=      1 NMatT0=    0 NMatD0=    1 NMtDS0=    0 NMtDT0=    0
 Symmetry not used in FoFCou.
 Requested convergence on RMS density matrix=1.00D-08 within 128 cycles.
 Requested convergence on MAX density matrix=1.00D-06.
 Requested convergence on             energy=1.00D-06.
 No special actions if energy rises.
 Integral accuracy reduced to 1.0D-05 until final iterations.
 Initial convergence to 1.0D-05 achieved.  Increase integral accuracy.
 SCF Done:  E(UB3LYP) =  -460.751879533     A.U. after   20 cycles
            NFock= 20  Conv=0.88D-08     -V/T= 2.0037
 <Sx>= 0.0000 <Sy>= 0.0000 <Sz>= 0.5000 <S**2>= 0.7571 S= 0.5035
 <L.S>= 0.000000000000E+00
 Annihilation of the first spin contaminant:
 S**2 before annihilation     0.7571,   after     0.7500
 DoSCS=F DFT=T ScalE2(SS,OS)=  1.000000  1.000000
 Range of M.O.s used for correlation:     1   234
 NBasis=   234 NAE=    37 NBE=    36 NFC=     0 NFV=     0
 NROrb=    234 NOA=    37 NOB=    36 NVA=   197 NVB=   198

 **** Warning!!: The largest alpha MO coefficient is  0.14955247D+02


 **** Warning!!: The largest beta MO coefficient is  0.14657510D+02


 **** Warning!!: The smallest beta delta epsilon is  0.79195630D-01

 Symmetrizing basis deriv contribution to polar:
 IMax=3 JMax=2 DiffMx= 0.00D+00
 Calling FoFJK, ICntrl=      2147 FMM=F ISym2X=0 I1Cent= 0 IOpClX= 1 NMat=1 NMatS=1 NMatT=0.
 -------------------------------------------------------------------
 Center     Atomic                   Forces (Hartrees/Bohr)
 Number     Number              X              Y              Z
 -------------------------------------------------------------------
      1        6           0.000075079   -0.005675590    0.000419471
      2        6          -0.006551301    0.001356177   -0.001964973
      3        6           0.009859907   -0.014902037   -0.000270159
      4        6           0.011054113    0.004308249   -0.001090437
      5        6          -0.001146656    0.001472121   -0.000880108
      6        6           0.002947082    0.002301369    0.000041551
      7        1           0.000029373    0.000026769   -0.000010470
      8        8          -0.013008420    0.009813932    0.002305169
      9        8          -0.028237672   -0.001486060    0.002318575
     10        1          -0.000006752   -0.000000230    0.000026345
     11        6           0.001104905   -0.019189217   -0.002688598
     12        1           0.001734007    0.003946108    0.000437569
     13        1           0.021885842    0.015829943    0.000048310
     14        1           0.000131151    0.001874984    0.001164844
     15        1           0.000051367    0.000043555    0.000023375
     16        6          -0.000009402    0.000068371    0.000084458
     17        1           0.000029347    0.000030079    0.000060059
     18        1           0.000006894    0.000132095    0.000005557
     19        1           0.000051134    0.000049383   -0.000030540
 -------------------------------------------------------------------
 Cartesian Forces:  Max     0.028237672 RMS     0.006966483
 IRC-IRC-IRC-IRC-IRC-IRC-IRC-IRC-IRC-IRC-IRC-IRC-IRC-IRC-IRC-IRC-IRC-IRC
 Pt 14 Step number   1 out of a maximum of  20
 Modified Bulirsch-Stoer Extrapolation Cycles:
    EPS =    0.000010000000000
      PEZero:  N= 2 I= 1 D=  2.78D-04 Err=  5.23D-06
 Maximum DWI energy   std dev =  0.000002104 at pt    36
 Maximum DWI gradient std dev =  0.005555496 at pt    38
 CORRECTOR INTEGRATION CONVERGENCE:
   Recorrection delta-x convergence threshold:    0.010000
   Delta-x Convergence Met
 Point Number:   4          Path Number:   2
   CHANGE IN THE REACTION COORDINATE =    0.05343
   NET REACTION COORDINATE UP TO THIS POINT =    0.21374
  # OF POINTS ALONG THE PATH =  14
  # OF STEPS =   1

 Calculating another point on the path.
 IRC-IRC-IRC-IRC-IRC-IRC-IRC-IRC-IRC-IRC-IRC-IRC-IRC-IRC-IRC-IRC-IRC-IRC
                          Input orientation:                          
 ---------------------------------------------------------------------
 Center     Atomic      Atomic             Coordinates (Angstroms)
 Number     Number       Type             X           Y           Z
 ---------------------------------------------------------------------
      1          6           0       -1.961607   -0.057333    0.008546
      2          6           0       -1.010967   -1.063758   -0.058110
      3          6           0        0.374728   -0.791977   -0.021044
      4          6           0        0.767664    0.584211   -0.004656
      5          6           0       -0.188516    1.599373    0.014331
      6          6           0       -1.535815    1.286940    0.040317
      7          1           0        0.156012    2.626155    0.001482
      8          8           0        2.075526    0.915949   -0.205426
      9          8           0        1.253134   -1.765167   -0.049117
     10          1           0       -1.301554   -2.106763   -0.098062
     11          6           0        3.004244   -0.044014    0.200041
     12          1           0        3.071787   -0.132266    1.290148
     13          1           0        2.435905   -1.094547   -0.052870
     14          1           0        3.955170    0.148674   -0.287835
     15          1           0       -2.271090    2.082927    0.073468
     16          6           0       -3.432291   -0.390103    0.061731
     17          1           0       -3.623417   -1.405098   -0.291006
     18          1           0       -3.814652   -0.316907    1.085637
     19          1           0       -4.016725    0.300147   -0.552583
 ---------------------------------------------------------------------
                    Distance matrix (angstroms):
                    1          2          3          4          5
     1  C    0.000000
     2  C    1.386020   0.000000
     3  C    2.449293   1.412582   0.000000
     4  C    2.803688   2.425322   1.431279   0.000000
     5  C    2.426635   2.788179   2.457041   1.394702   0.000000
     6  C    1.410453   2.410588   2.824153   2.408706   1.383295
     7  H    3.418401   3.870510   3.425197   2.131594   1.083119
     8  O    4.158305   3.669793   2.417379   1.364134   2.375131
     9  O    3.640684   2.370276   1.311291   2.399423   3.660944
    10  H    2.155736   1.083465   2.131787   3.395840   3.871296
    11  C    4.969559   4.150716   2.742751   2.332136   3.595682
    12  H    5.194533   4.399359   3.070598   2.738402   3.905875
    13  H    4.518594   3.447013   2.083509   2.367188   3.761556
    14  H    5.927776   5.117156   3.711546   3.229564   4.400678
    15  H    2.163494   3.392175   3.908243   3.389141   2.138793
    16  C    1.508800   2.516144   3.829066   4.311996   3.805567
    17  H    2.160513   2.644929   4.053882   4.829175   4.573688
    18  H    2.158999   3.118748   4.359052   4.795661   4.238948
    19  H    2.160132   3.337562   4.556328   4.824032   4.082225
                    6          7          8          9         10
     6  C    0.000000
     7  H    2.158074   0.000000
     8  O    3.638655   2.579176   0.000000
     9  O    4.135407   4.526582   2.808762   0.000000
    10  H    3.404593   4.953274   4.533540   2.577889   0.000000
    11  C    4.733824   3.909176   1.395869   2.467961   4.783691
    12  H    4.980585   4.215601   2.080393   2.787023   4.995186
    13  H    4.631924   4.363999   2.048228   1.359666   3.872366
    14  H    5.617318   4.544801   2.031887   3.319755   5.723300
    15  H    1.084123   2.488193   4.509178   5.219484   4.303827
    16  C    2.531709   4.688002   5.666850   4.884290   2.740893
    17  H    3.422707   5.533592   6.154066   4.895805   2.433230
    18  H    2.976258   5.059958   6.154751   5.391435   3.304601
    19  H    2.734996   4.809266   6.133127   5.682465   3.656769
                   11         12         13         14         15
    11  C    0.000000
    12  H    1.095757   0.000000
    13  H    1.220898   1.770318   0.000000
    14  H    1.086008   1.830116   1.977113   0.000000
    15  H    5.689381   5.910476   5.680502   6.529793   0.000000
    16  C    6.447316   6.624086   5.911437   7.415326   2.732106
    17  H    6.783772   6.996135   6.071946   7.736227   3.758716
    18  H    6.881576   6.891949   6.400811   7.904007   3.027585
    19  H    7.069575   7.336869   6.620522   7.977728   2.572447
                   16         17         18         19
    16  C    0.000000
    17  H    1.091406   0.000000
    18  H    1.095418   1.765184   0.000000
    19  H    1.093339   1.769456   1.762201   0.000000
 Symmetry turned off by external request.
 Stoichiometry    C8H9O2(2)
 Framework group  C1[X(C8H9O2)]
 Deg. of freedom    51
 Full point group                 C1      NOp   1
 Rotational constants (GHZ):           3.0665549           0.9596399           0.7409024
 Standard basis: 6-311G(d,p) (5D, 7F)
   234 basis functions,   392 primitive gaussians,   244 cartesian basis functions
    37 alpha electrons       36 beta electrons
       nuclear repulsion energy       509.3957662347 Hartrees.
 NAtoms=   19 NActive=   19 NUniq=   19 SFac= 1.00D+00 NAtFMM=   60 NAOKFM=F Big=F
 Integral buffers will be    131072 words long.
 Raffenetti 2 integral format.
 Two-electron integral symmetry is turned off.
 One-electron integrals computed using PRISM.
 NBasis=   234 RedAO= T EigKep=  2.09D-04  NBF=   234
 NBsUse=   234 1.00D-06 EigRej= -1.00D+00 NBFU=   234
 Initial guess from the checkpoint file:  "SR-12-ts-SR-13.chk"
 B after Tr=     0.000289    0.000271    0.000021
         Rot=    1.000000    0.000009    0.000004   -0.000049 Ang=   0.01 deg.
 Initial guess <Sx>= 0.0000 <Sy>= 0.0000 <Sz>= 0.5000 <S**2>= 0.7571 S= 0.5035
 ExpMin= 1.03D-01 ExpMax= 8.59D+03 ExpMxC= 1.30D+03 IAcc=2 IRadAn=         4 AccDes= 0.00D+00
 Harris functional with IExCor=  402 and IRadAn=       4 diagonalized for initial guess.
 HarFok:  IExCor=  402 AccDes= 0.00D+00 IRadAn=         4 IDoV= 1 UseB2=F ITyADJ=14
 ICtDFT=  3500011 ScaDFX=  1.000000  1.000000  1.000000  1.000000
 FoFCou: FMM=F IPFlag=           0 FMFlag=      100000 FMFlg1=           0
         NFxFlg=           0 DoJE=T BraDBF=F KetDBF=T FulRan=T
         wScrn=  0.000000 ICntrl=       500 IOpCl=  0 I1Cent=   200000004 NGrid=           0
         NMat0=    1 NMatS0=      1 NMatT0=    0 NMatD0=    1 NMtDS0=    0 NMtDT0=    0
 Symmetry not used in FoFCou.
 Requested convergence on RMS density matrix=1.00D-08 within 128 cycles.
 Requested convergence on MAX density matrix=1.00D-06.
 Requested convergence on             energy=1.00D-06.
 No special actions if energy rises.
 Integral accuracy reduced to 1.0D-05 until final iterations.
 Initial convergence to 1.0D-05 achieved.  Increase integral accuracy.
 SCF Done:  E(UB3LYP) =  -460.753632332     A.U. after   21 cycles
            NFock= 21  Conv=0.57D-08     -V/T= 2.0037
 <Sx>= 0.0000 <Sy>= 0.0000 <Sz>= 0.5000 <S**2>= 0.7582 S= 0.5041
 <L.S>= 0.000000000000E+00
 Annihilation of the first spin contaminant:
 S**2 before annihilation     0.7582,   after     0.7500
 DoSCS=F DFT=T ScalE2(SS,OS)=  1.000000  1.000000
 Range of M.O.s used for correlation:     1   234
 NBasis=   234 NAE=    37 NBE=    36 NFC=     0 NFV=     0
 NROrb=    234 NOA=    37 NOB=    36 NVA=   197 NVB=   198

 **** Warning!!: The largest alpha MO coefficient is  0.15005890D+02


 **** Warning!!: The largest beta MO coefficient is  0.14734209D+02


 **** Warning!!: The smallest beta delta epsilon is  0.79692755D-01

 Symmetrizing basis deriv contribution to polar:
 IMax=3 JMax=2 DiffMx= 0.00D+00
 G2DrvN: will do    20 centers at a time, making    1 passes.
 Calling FoFCou, ICntrl=  3107 FMM=F I1Cent=   0 AccDes= 0.00D+00.
 End of G2Drv F.D. properties file   721 does not exist.
 End of G2Drv F.D. properties file   722 does not exist.
 End of G2Drv F.D. properties file   788 does not exist.
          IDoAtm=1111111111111111111
          Differentiating once with respect to nuclear coordinates.
 Keep R1 and R2 ints in memory in canonical form, NReq=777448251.
          There are    60 degrees of freedom in the 1st order CPHF.  IDoFFX=6 NUNeed=     0.
     54 vectors produced by pass  0 Test12= 2.40D-14 1.67D-09 XBig12= 6.49D-01 3.50D-01.
 AX will form    54 AO Fock derivatives at one time.
     54 vectors produced by pass  1 Test12= 2.40D-14 1.67D-09 XBig12= 1.45D-01 6.51D-02.
     54 vectors produced by pass  2 Test12= 2.40D-14 1.67D-09 XBig12= 3.28D-03 9.21D-03.
     54 vectors produced by pass  3 Test12= 2.40D-14 1.67D-09 XBig12= 2.72D-05 9.71D-04.
     54 vectors produced by pass  4 Test12= 2.40D-14 1.67D-09 XBig12= 1.64D-07 5.84D-05.
     54 vectors produced by pass  5 Test12= 2.40D-14 1.67D-09 XBig12= 8.61D-10 3.25D-06.
     42 vectors produced by pass  6 Test12= 2.40D-14 1.67D-09 XBig12= 3.28D-12 1.69D-07.
     10 vectors produced by pass  7 Test12= 2.40D-14 1.67D-09 XBig12= 1.12D-14 9.60D-09.
 InvSVY:  IOpt=1 It=  1 EMax= 1.28D-15
 Solved reduced A of dimension   376 with    60 vectors.
 End of Minotr F.D. properties file   721 does not exist.
 End of Minotr F.D. properties file   722 does not exist.
 End of Minotr F.D. properties file   788 does not exist.
 Calling FoFJK, ICntrl=    100147 FMM=F ISym2X=0 I1Cent= 0 IOpClX= 1 NMat=1 NMatS=1 NMatT=0.
 -------------------------------------------------------------------
 Center     Atomic                   Forces (Hartrees/Bohr)
 Number     Number              X              Y              Z
 -------------------------------------------------------------------
      1        6          -0.000007358   -0.007248698    0.000459319
      2        6          -0.008362980    0.001724589   -0.002017422
      3        6           0.012242789   -0.018778414   -0.000431880
      4        6           0.013677104    0.005396015   -0.001888062
      5        6          -0.001096122    0.001860365   -0.000999576
      6        6           0.003635356    0.002744425    0.000084742
      7        1           0.000039398    0.000048781   -0.000035700
      8        8          -0.016356575    0.012332353    0.003040203
      9        8          -0.035215393   -0.001586368    0.002568366
     10        1          -0.000013251   -0.000013589    0.000042747
     11        6           0.002913626   -0.022491744   -0.002774052
     12        1           0.002202809    0.004979301    0.000548195
     13        1           0.026007894    0.018191589   -0.000158043
     14        1           0.000232715    0.002411597    0.001440424
     15        1           0.000062692    0.000053868    0.000035373
     16        6          -0.000053226    0.000123784    0.000039049
     17        1           0.000032086    0.000035702    0.000077943
     18        1           0.000016318    0.000165056    0.000006981
     19        1           0.000042119    0.000051388   -0.000038606
 -------------------------------------------------------------------
 Cartesian Forces:  Max     0.035215393 RMS     0.008506041
 IRC-IRC-IRC-IRC-IRC-IRC-IRC-IRC-IRC-IRC-IRC-IRC-IRC-IRC-IRC-IRC-IRC-IRC
 Pt 15 Step number   1 out of a maximum of  20
 Modified Bulirsch-Stoer Extrapolation Cycles:
    EPS =    0.000010000000000
      PEZero:  N= 2 I= 1 D=  2.78D-04 Err=  6.74D-06
 Maximum DWI energy   std dev =  0.000004097 at pt    43
 Maximum DWI gradient std dev =  0.003634316 at pt    43
 CORRECTOR INTEGRATION CONVERGENCE:
   Recorrection delta-x convergence threshold:    0.010000
   Delta-x Convergence Met
 Point Number:   5          Path Number:   2
   CHANGE IN THE REACTION COORDINATE =    0.05343
   NET REACTION COORDINATE UP TO THIS POINT =    0.26717
  # OF POINTS ALONG THE PATH =  15
  # OF STEPS =   1

 Calculating another point on the path.
 IRC-IRC-IRC-IRC-IRC-IRC-IRC-IRC-IRC-IRC-IRC-IRC-IRC-IRC-IRC-IRC-IRC-IRC
                          Input orientation:                          
 ---------------------------------------------------------------------
 Center     Atomic      Atomic             Coordinates (Angstroms)
 Number     Number       Type             X           Y           Z
 ---------------------------------------------------------------------
      1          6           0       -1.961611   -0.057834    0.008575
      2          6           0       -1.011546   -1.063639   -0.058231
      3          6           0        0.375563   -0.793268   -0.021077
      4          6           0        0.768593    0.584580   -0.004806
      5          6           0       -0.188577    1.599501    0.014267
      6          6           0       -1.535568    1.287123    0.040324
      7          1           0        0.156045    2.626203    0.001443
      8          8           0        2.074684    0.916584   -0.205265
      9          8           0        1.251328   -1.765240   -0.048995
     10          1           0       -1.301568   -2.106780   -0.098023
     11          6           0        3.004502   -0.045495    0.199874
     12          1           0        3.073601   -0.128184    1.290595
     13          1           0        2.456479   -1.080468   -0.053103
     14          1           0        3.955393    0.150671   -0.286671
     15          1           0       -2.271039    2.082970    0.073500
     16          6           0       -3.432296   -0.390093    0.061731
     17          1           0       -3.623393   -1.405070   -0.290941
     18          1           0       -3.814634   -0.316772    1.085642
     19          1           0       -4.016700    0.300184   -0.552615
 ---------------------------------------------------------------------
                    Distance matrix (angstroms):
                    1          2          3          4          5
     1  C    0.000000
     2  C    1.385183   0.000000
     3  C    2.450331   1.413701   0.000000
     4  C    2.804798   2.426598   1.432901   0.000000
     5  C    2.427023   2.788342   2.458628   1.395207   0.000000
     6  C    1.411180   2.410476   2.825636   2.409307   1.382984
     7  H    3.418855   3.870628   3.426584   2.131543   1.083072
     8  O    4.157751   3.669839   2.417547   1.362455   2.374220
     9  O    3.638891   2.369161   1.308615   2.399300   3.660439
    10  H    2.155272   1.083438   2.131666   3.396715   3.871418
    11  C    4.969812   4.151130   2.742136   2.331991   3.596696
    12  H    5.196334   4.402594   3.072822   2.738460   3.905857
    13  H    4.535317   3.468069   2.100886   2.371429   3.766045
    14  H    5.928034   5.118321   3.711704   3.228532   4.400246
    15  H    2.164025   3.391877   3.909757   3.389789   2.138668
    16  C    1.508687   2.515569   3.830038   4.312990   3.805581
    17  H    2.160156   2.644329   4.054476   4.830127   4.573681
    18  H    2.158893   3.118263   4.360003   4.796612   4.238896
    19  H    2.160209   3.336972   4.557427   4.824936   4.082169
                    6          7          8          9         10
     6  C    0.000000
     7  H    2.157824   0.000000
     8  O    3.637518   2.578120   0.000000
     9  O    4.134209   4.526252   2.809718   0.000000
    10  H    3.404772   4.953347   4.533355   2.576107   0.000000
    11  C    4.734297   3.910377   1.397961   2.468417   4.783292
    12  H    4.981036   4.214343   2.080137   2.791977   4.998520
    13  H    4.642268   4.362840   2.038905   1.386116   3.895927
    14  H    5.616859   4.543821   2.032318   3.322525   5.724273
    15  H    1.084155   2.488178   4.508157   5.218314   4.303871
    16  C    2.532012   4.688056   5.666173   4.882584   2.740901
    17  H    3.422959   5.533606   6.153495   4.893993   2.433205
    18  H    2.976459   5.059929   6.153997   5.389753   3.304647
    19  H    2.735259   4.809277   6.132338   5.680821   3.656785
                   11         12         13         14         15
    11  C    0.000000
    12  H    1.096030   0.000000
    13  H    1.198122   1.758752   0.000000
    14  H    1.086002   1.828410   1.953715   0.000000
    15  H    5.690139   5.910644   5.689710   6.529316   0.000000
    16  C    6.447496   6.626115   5.930217   7.415643   2.732160
    17  H    6.783682   6.998673   6.093174   7.736817   3.758737
    18  H    6.881773   6.893864   6.419255   7.904117   3.027521
    19  H    7.069867   7.338481   6.637602   7.977929   2.572485
                   16         17         18         19
    16  C    0.000000
    17  H    1.091363   0.000000
    18  H    1.095423   1.765204   0.000000
    19  H    1.093358   1.769479   1.762201   0.000000
 Symmetry turned off by external request.
 Stoichiometry    C8H9O2(2)
 Framework group  C1[X(C8H9O2)]
 Deg. of freedom    51
 Full point group                 C1      NOp   1
 Rotational constants (GHZ):           3.0659936           0.9595794           0.7408309
 Standard basis: 6-311G(d,p) (5D, 7F)
   234 basis functions,   392 primitive gaussians,   244 cartesian basis functions
    37 alpha electrons       36 beta electrons
       nuclear repulsion energy       509.3678251532 Hartrees.
 NAtoms=   19 NActive=   19 NUniq=   19 SFac= 1.00D+00 NAtFMM=   60 NAOKFM=F Big=F
 Integral buffers will be    131072 words long.
 Raffenetti 2 integral format.
 Two-electron integral symmetry is turned off.
 One-electron integrals computed using PRISM.
 NBasis=   234 RedAO= T EigKep=  2.09D-04  NBF=   234
 NBsUse=   234 1.00D-06 EigRej= -1.00D+00 NBFU=   234
 Initial guess from the checkpoint file:  "SR-12-ts-SR-13.chk"
 B after Tr=     0.000292    0.000269    0.000019
         Rot=    1.000000    0.000010    0.000003   -0.000049 Ang=   0.01 deg.
 Initial guess <Sx>= 0.0000 <Sy>= 0.0000 <Sz>= 0.5000 <S**2>= 0.7582 S= 0.5041
 ExpMin= 1.03D-01 ExpMax= 8.59D+03 ExpMxC= 1.30D+03 IAcc=2 IRadAn=         4 AccDes= 0.00D+00
 Harris functional with IExCor=  402 and IRadAn=       4 diagonalized for initial guess.
 HarFok:  IExCor=  402 AccDes= 0.00D+00 IRadAn=         4 IDoV= 1 UseB2=F ITyADJ=14
 ICtDFT=  3500011 ScaDFX=  1.000000  1.000000  1.000000  1.000000
 FoFCou: FMM=F IPFlag=           0 FMFlag=      100000 FMFlg1=           0
         NFxFlg=           0 DoJE=T BraDBF=F KetDBF=T FulRan=T
         wScrn=  0.000000 ICntrl=       500 IOpCl=  0 I1Cent=   200000004 NGrid=           0
         NMat0=    1 NMatS0=      1 NMatT0=    0 NMatD0=    1 NMtDS0=    0 NMtDT0=    0
 Symmetry not used in FoFCou.
 Requested convergence on RMS density matrix=1.00D-08 within 128 cycles.
 Requested convergence on MAX density matrix=1.00D-06.
 Requested convergence on             energy=1.00D-06.
 No special actions if energy rises.
 Integral accuracy reduced to 1.0D-05 until final iterations.
 Initial convergence to 1.0D-05 achieved.  Increase integral accuracy.
 SCF Done:  E(UB3LYP) =  -460.755644373     A.U. after   21 cycles
            NFock= 21  Conv=0.63D-08     -V/T= 2.0036
 <Sx>= 0.0000 <Sy>= 0.0000 <Sz>= 0.5000 <S**2>= 0.7597 S= 0.5048
 <L.S>= 0.000000000000E+00
 Annihilation of the first spin contaminant:
 S**2 before annihilation     0.7597,   after     0.7501
 DoSCS=F DFT=T ScalE2(SS,OS)=  1.000000  1.000000
 Range of M.O.s used for correlation:     1   234
 NBasis=   234 NAE=    37 NBE=    36 NFC=     0 NFV=     0
 NROrb=    234 NOA=    37 NOB=    36 NVA=   197 NVB=   198

 **** Warning!!: The largest alpha MO coefficient is  0.15052346D+02


 **** Warning!!: The largest beta MO coefficient is  0.14794734D+02


 **** Warning!!: The smallest beta delta epsilon is  0.80629558D-01

 Symmetrizing basis deriv contribution to polar:
 IMax=3 JMax=2 DiffMx= 0.00D+00
 Calling FoFJK, ICntrl=      2147 FMM=F ISym2X=0 I1Cent= 0 IOpClX= 1 NMat=1 NMatS=1 NMatT=0.
 -------------------------------------------------------------------
 Center     Atomic                   Forces (Hartrees/Bohr)
 Number     Number              X              Y              Z
 -------------------------------------------------------------------
      1        6          -0.000141183   -0.008659174    0.000452541
      2        6          -0.010018229    0.002036608   -0.001835378
      3        6           0.014288293   -0.022247506   -0.000611031
      4        6           0.015849860    0.006344391   -0.002865049
      5        6          -0.000860023    0.002203406   -0.001051728
      6        6           0.004199998    0.003050091    0.000138377
      7        1           0.000047473    0.000078900   -0.000066397
      8        8          -0.019277205    0.014567066    0.003783202
      9        8          -0.041371160   -0.001577671    0.002621861
     10        1          -0.000027141   -0.000031906    0.000060961
     11        6           0.005242392   -0.024543162   -0.002510051
     12        1           0.002648813    0.005931423    0.000640080
     13        1           0.029019463    0.019395647   -0.000502050
     14        1           0.000357773    0.002919613    0.001670249
     15        1           0.000073677    0.000062025    0.000048937
     16        6          -0.000115825    0.000188748   -0.000032164
     17        1           0.000029800    0.000038391    0.000095662
     18        1           0.000028233    0.000194694    0.000008118
     19        1           0.000024990    0.000048415   -0.000046140
 -------------------------------------------------------------------
 Cartesian Forces:  Max     0.041371160 RMS     0.009772746
 IRC-IRC-IRC-IRC-IRC-IRC-IRC-IRC-IRC-IRC-IRC-IRC-IRC-IRC-IRC-IRC-IRC-IRC
 Pt 16 Step number   1 out of a maximum of  20
 Modified Bulirsch-Stoer Extrapolation Cycles:
    EPS =    0.000010000000000
      PEZero:  N= 2 I= 1 D=  2.78D-04 Err=  8.55D-06
 Maximum DWI energy   std dev =  0.000002228 at pt    21
 Maximum DWI gradient std dev =  0.002762139 at pt    29
 CORRECTOR INTEGRATION CONVERGENCE:
   Recorrection delta-x convergence threshold:    0.010000
   Delta-x Convergence Met
 Point Number:   6          Path Number:   2
   CHANGE IN THE REACTION COORDINATE =    0.05343
   NET REACTION COORDINATE UP TO THIS POINT =    0.32061
  # OF POINTS ALONG THE PATH =  16
  # OF STEPS =   1

 Calculating another point on the path.
 IRC-IRC-IRC-IRC-IRC-IRC-IRC-IRC-IRC-IRC-IRC-IRC-IRC-IRC-IRC-IRC-IRC-IRC
                          Input orientation:                          
 ---------------------------------------------------------------------
 Center     Atomic      Atomic             Coordinates (Angstroms)
 Number     Number       Type             X           Y           Z
 ---------------------------------------------------------------------
      1          6           0       -1.961624   -0.058366    0.008600
      2          6           0       -1.012162   -1.063515   -0.058328
      3          6           0        0.376431   -0.794630   -0.021117
      4          6           0        0.769554    0.584967   -0.004999
      5          6           0       -0.188618    1.599636    0.014206
      6          6           0       -1.535314    1.287304    0.040334
      7          1           0        0.156080    2.626267    0.001388
      8          8           0        2.073801    0.917252   -0.205087
      9          8           0        1.249433   -1.765308   -0.048883
     10          1           0       -1.301592   -2.106807   -0.097975
     11          6           0        3.004871   -0.046942    0.199741
     12          1           0        3.075546   -0.123849    1.291059
     13          1           0        2.477084   -1.066984   -0.053564
     14          1           0        3.955682    0.152825   -0.285466
     15          1           0       -2.270985    2.083015    0.073538
     16          6           0       -3.432305   -0.390080    0.061727
     17          1           0       -3.623374   -1.405043   -0.290870
     18          1           0       -3.814611   -0.316630    1.085648
     19          1           0       -4.016690    0.300216   -0.552648
 ---------------------------------------------------------------------
                    Distance matrix (angstroms):
                    1          2          3          4          5
     1  C    0.000000
     2  C    1.384299   0.000000
     3  C    2.451421   1.414876   0.000000
     4  C    2.805956   2.427931   1.434605   0.000000
     5  C    2.427457   2.788523   2.460292   1.395713   0.000000
     6  C    1.411940   2.410347   2.827188   2.409927   1.382687
     7  H    3.419352   3.870768   3.428060   2.131501   1.083029
     8  O    4.157180   3.669897   2.417736   1.360702   2.373242
     9  O    3.637010   2.367998   1.305802   2.399167   3.659894
    10  H    2.154788   1.083420   2.131544   3.397637   3.871565
    11  C    4.970184   4.151695   2.741625   2.331924   3.597779
    12  H    5.198275   4.406038   3.075219   2.738574   3.905832
    13  H    4.552285   3.489251   2.118484   2.376334   3.771131
    14  H    5.928371   5.119624   3.711953   3.227511   4.399806
    15  H    2.164586   3.391560   3.911344   3.390456   2.138557
    16  C    1.508562   2.514959   3.831056   4.314022   3.805618
    17  H    2.159777   2.643700   4.055097   4.831116   4.573699
    18  H    2.158772   3.117730   4.360991   4.797599   4.238855
    19  H    2.160296   3.336361   4.558588   4.825881   4.082150
                    6          7          8          9         10
     6  C    0.000000
     7  H    2.157580   0.000000
     8  O    3.636328   2.577017   0.000000
     9  O    4.132943   4.525911   2.810713   0.000000
    10  H    3.404959   4.953450   4.533176   2.574250   0.000000
    11  C    4.734860   3.911649   1.400160   2.469039   4.783022
    12  H    4.981535   4.213036   2.079865   2.797234   5.002087
    13  H    4.653045   4.362360   2.030465   1.412375   3.919388
    14  H    5.616425   4.542816   2.032803   3.325506   5.725385
    15  H    1.084191   2.488167   4.507084   5.217079   4.303922
    16  C    2.532321   4.688123   5.665466   4.880795   2.740910
    17  H    3.423219   5.533638   6.152904   4.892096   2.433177
    18  H    2.976656   5.059906   6.153199   5.387984   3.304688
    19  H    2.735543   4.809311   6.131526   5.679104   3.656807
                   11         12         13         14         15
    11  C    0.000000
    12  H    1.096305   0.000000
    13  H    1.176099   1.748048   0.000000
    14  H    1.085991   1.826642   1.930794   0.000000
    15  H    5.690984   5.910837   5.699369   6.528852   0.000000
    16  C    6.447792   6.628292   5.949148   7.416039   2.732216
    17  H    6.783714   7.001392   6.114425   7.737512   3.758763
    18  H    6.882071   6.895913   6.437877   7.904290   3.027448
    19  H    7.070284   7.340225   6.654879   7.978210   2.572541
                   16         17         18         19
    16  C    0.000000
    17  H    1.091321   0.000000
    18  H    1.095430   1.765224   0.000000
    19  H    1.093377   1.769501   1.762200   0.000000
 Symmetry turned off by external request.
 Stoichiometry    C8H9O2(2)
 Framework group  C1[X(C8H9O2)]
 Deg. of freedom    51
 Full point group                 C1      NOp   1
 Rotational constants (GHZ):           3.0653514           0.9595072           0.7407478
 Standard basis: 6-311G(d,p) (5D, 7F)
   234 basis functions,   392 primitive gaussians,   244 cartesian basis functions
    37 alpha electrons       36 beta electrons
       nuclear repulsion energy       509.3396518445 Hartrees.
 NAtoms=   19 NActive=   19 NUniq=   19 SFac= 1.00D+00 NAtFMM=   60 NAOKFM=F Big=F
 Integral buffers will be    131072 words long.
 Raffenetti 2 integral format.
 Two-electron integral symmetry is turned off.
 One-electron integrals computed using PRISM.
 NBasis=   234 RedAO= T EigKep=  2.10D-04  NBF=   234
 NBsUse=   234 1.00D-06 EigRej= -1.00D+00 NBFU=   234
 Initial guess from the checkpoint file:  "SR-12-ts-SR-13.chk"
 B after Tr=     0.000295    0.000267    0.000017
         Rot=    1.000000    0.000010    0.000003   -0.000049 Ang=   0.01 deg.
 Initial guess <Sx>= 0.0000 <Sy>= 0.0000 <Sz>= 0.5000 <S**2>= 0.7597 S= 0.5048
 ExpMin= 1.03D-01 ExpMax= 8.59D+03 ExpMxC= 1.30D+03 IAcc=2 IRadAn=         4 AccDes= 0.00D+00
 Harris functional with IExCor=  402 and IRadAn=       4 diagonalized for initial guess.
 HarFok:  IExCor=  402 AccDes= 0.00D+00 IRadAn=         4 IDoV= 1 UseB2=F ITyADJ=14
 ICtDFT=  3500011 ScaDFX=  1.000000  1.000000  1.000000  1.000000
 FoFCou: FMM=F IPFlag=           0 FMFlag=      100000 FMFlg1=           0
         NFxFlg=           0 DoJE=T BraDBF=F KetDBF=T FulRan=T
         wScrn=  0.000000 ICntrl=       500 IOpCl=  0 I1Cent=   200000004 NGrid=           0
         NMat0=    1 NMatS0=      1 NMatT0=    0 NMatD0=    1 NMtDS0=    0 NMtDT0=    0
 Symmetry not used in FoFCou.
 Requested convergence on RMS density matrix=1.00D-08 within 128 cycles.
 Requested convergence on MAX density matrix=1.00D-06.
 Requested convergence on             energy=1.00D-06.
 No special actions if energy rises.
 Integral accuracy reduced to 1.0D-05 until final iterations.
 Initial convergence to 1.0D-05 achieved.  Increase integral accuracy.
 SCF Done:  E(UB3LYP) =  -460.757823931     A.U. after   21 cycles
            NFock= 21  Conv=0.62D-08     -V/T= 2.0036
 <Sx>= 0.0000 <Sy>= 0.0000 <Sz>= 0.5000 <S**2>= 0.7613 S= 0.5056
 <L.S>= 0.000000000000E+00
 Annihilation of the first spin contaminant:
 S**2 before annihilation     0.7613,   after     0.7501
 DoSCS=F DFT=T ScalE2(SS,OS)=  1.000000  1.000000
 Range of M.O.s used for correlation:     1   234
 NBasis=   234 NAE=    37 NBE=    36 NFC=     0 NFV=     0
 NROrb=    234 NOA=    37 NOB=    36 NVA=   197 NVB=   198

 **** Warning!!: The largest alpha MO coefficient is  0.15059256D+02


 **** Warning!!: The largest beta MO coefficient is  0.14822231D+02


 **** Warning!!: The smallest beta delta epsilon is  0.81961459D-01

 Symmetrizing basis deriv contribution to polar:
 IMax=3 JMax=2 DiffMx= 0.00D+00
 Calling FoFJK, ICntrl=      2147 FMM=F ISym2X=0 I1Cent= 0 IOpClX= 1 NMat=1 NMatS=1 NMatT=0.
 -------------------------------------------------------------------
 Center     Atomic                   Forces (Hartrees/Bohr)
 Number     Number              X              Y              Z
 -------------------------------------------------------------------
      1        6          -0.000319848   -0.009800681    0.000398525
      2        6          -0.011407437    0.002266131   -0.001439934
      3        6           0.015863434   -0.025090655   -0.000793196
      4        6           0.017411204    0.007090783   -0.003954917
      5        6          -0.000442354    0.002472915   -0.001034199
      6        6           0.004600255    0.003192781    0.000198358
      7        1           0.000052268    0.000116613   -0.000099700
      8        8          -0.021560287    0.016373772    0.004492635
      9        8          -0.046377399   -0.001490950    0.002491853
     10        1          -0.000050652   -0.000055362    0.000078955
     11        6           0.008008336   -0.025029323   -0.001858820
     12        1           0.003048130    0.006746455    0.000693820
     13        1           0.030724838    0.019209474   -0.001027365
     14        1           0.000494955    0.003374611    0.001844988
     15        1           0.000083970    0.000067864    0.000062909
     16        6          -0.000194425    0.000257907   -0.000122365
     17        1           0.000021639    0.000037380    0.000112237
     18        1           0.000041384    0.000219466    0.000008999
     19        1           0.000001988    0.000040821   -0.000052783
 -------------------------------------------------------------------
 Cartesian Forces:  Max     0.046377399 RMS     0.010690577
 IRC-IRC-IRC-IRC-IRC-IRC-IRC-IRC-IRC-IRC-IRC-IRC-IRC-IRC-IRC-IRC-IRC-IRC
 Pt 17 Step number   1 out of a maximum of  20
 Modified Bulirsch-Stoer Extrapolation Cycles:
    EPS =    0.000010000000000
      PEZero:  N= 2 I= 1 D=  2.78D-04 Err=  1.17D-05
      PEZero:  N= 3 I= 2 D=  2.78D-04 Err=  7.82D-06
      PEZero:  N= 3 I= 1 D=  5.57D-04 Err=  2.62D-09
 Maximum DWI energy   std dev =  0.000005982 at pt    71
 Maximum DWI gradient std dev =  0.005933721 at pt    29
 CORRECTOR INTEGRATION CONVERGENCE:
   Recorrection delta-x convergence threshold:    0.010000
   Delta-x Convergence Met
 Point Number:   7          Path Number:   2
   CHANGE IN THE REACTION COORDINATE =    0.05343
   NET REACTION COORDINATE UP TO THIS POINT =    0.37404
  # OF POINTS ALONG THE PATH =  17
  # OF STEPS =   1

 Calculating another point on the path.
 IRC-IRC-IRC-IRC-IRC-IRC-IRC-IRC-IRC-IRC-IRC-IRC-IRC-IRC-IRC-IRC-IRC-IRC
                          Input orientation:                          
 ---------------------------------------------------------------------
 Center     Atomic      Atomic             Coordinates (Angstroms)
 Number     Number       Type             X           Y           Z
 ---------------------------------------------------------------------
      1          6           0       -1.961647   -0.058938    0.008620
      2          6           0       -1.012830   -1.063385   -0.058394
      3          6           0        0.377349   -0.796093   -0.021166
      4          6           0        0.770556    0.585378   -0.005251
      5          6           0       -0.188629    1.599780    0.014150
      6          6           0       -1.535049    1.287483    0.040346
      7          1           0        0.156115    2.626357    0.001310
      8          8           0        2.072862    0.917967   -0.204885
      9          8           0        1.247407   -1.765369   -0.048784
     10          1           0       -1.301637   -2.106851   -0.097916
     11          6           0        3.005400   -0.048326    0.199660
     12          1           0        3.077687   -0.119139    1.291535
     13          1           0        2.497766   -1.054531   -0.054437
     14          1           0        3.956064    0.155211   -0.284198
     15          1           0       -2.270925    2.083060    0.073584
     16          6           0       -3.432318   -0.390064    0.061718
     17          1           0       -3.623364   -1.405019   -0.290790
     18          1           0       -3.814579   -0.316477    1.085654
     19          1           0       -4.016697    0.300240   -0.552686
 ---------------------------------------------------------------------
                    Distance matrix (angstroms):
                    1          2          3          4          5
     1  C    0.000000
     2  C    1.383351   0.000000
     3  C    2.452588   1.416131   0.000000
     4  C    2.807182   2.429344   1.436429   0.000000
     5  C    2.427956   2.788731   2.462070   1.396218   0.000000
     6  C    1.412743   2.410196   2.828841   2.410570   1.382412
     7  H    3.419909   3.870942   3.429667   2.131472   1.082993
     8  O    4.156584   3.669974   2.417958   1.358849   2.372169
     9  O    3.635000   2.366758   1.302789   2.399019   3.659288
    10  H    2.154277   1.083417   2.131424   3.398627   3.871751
    11  C    4.970731   4.152482   2.741272   2.331973   3.598956
    12  H    5.200422   4.409790   3.077869   2.738768   3.905793
    13  H    4.569634   3.510610   2.136368   2.382221   3.777141
    14  H    5.928821   5.121121   3.712327   3.226503   4.399349
    15  H    2.165186   3.391215   3.913037   3.391147   2.138469
    16  C    1.508422   2.514301   3.832139   4.315104   3.805688
    17  H    2.159371   2.643030   4.055760   4.832158   4.573753
    18  H    2.158630   3.117132   4.362034   4.798633   4.238830
    19  H    2.160394   3.335718   4.559835   4.826881   4.082183
                    6          7          8          9         10
     6  C    0.000000
     7  H    2.157347   0.000000
     8  O    3.635066   2.575855   0.000000
     9  O    4.131574   4.525558   2.811767   0.000000
    10  H    3.405158   4.953599   4.533013   2.572284   0.000000
    11  C    4.735551   3.913016   1.402500   2.469919   4.782953
    12  H    4.982108   4.211651   2.079552   2.802937   5.006002
    13  H    4.664506   4.362954   2.023346   1.438305   3.942681
    14  H    5.616021   4.541772   2.033357   3.328794   5.726696
    15  H    1.084233   2.488156   4.505938   5.215749   4.303985
    16  C    2.532637   4.688209   5.664718   4.878883   2.740920
    17  H    3.423489   5.533695   6.152287   4.890074   2.433143
    18  H    2.976846   5.059890   6.152341   5.386087   3.304717
    19  H    2.735857   4.809376   6.130683   5.677274   3.656836
                   11         12         13         14         15
    11  C    0.000000
    12  H    1.096554   0.000000
    13  H    1.155295   1.738651   0.000000
    14  H    1.085960   1.824760   1.908638   0.000000
    15  H    5.691951   5.911070   5.709754   6.528401   0.000000
    16  C    6.448258   6.630688   5.968326   7.416547   2.732274
    17  H    6.783927   7.004380   6.135711   7.738352   3.758798
    18  H    6.882514   6.898164   6.456798   7.904548   3.027364
    19  H    7.070882   7.342160   6.672472   7.978599   2.572622
                   16         17         18         19
    16  C    0.000000
    17  H    1.091281   0.000000
    18  H    1.095438   1.765244   0.000000
    19  H    1.093394   1.769522   1.762200   0.000000
 Symmetry turned off by external request.
 Stoichiometry    C8H9O2(2)
 Framework group  C1[X(C8H9O2)]
 Deg. of freedom    51
 Full point group                 C1      NOp   1
 Rotational constants (GHZ):           3.0645900           0.9594184           0.7406482
 Standard basis: 6-311G(d,p) (5D, 7F)
   234 basis functions,   392 primitive gaussians,   244 cartesian basis functions
    37 alpha electrons       36 beta electrons
       nuclear repulsion energy       509.3085339195 Hartrees.
 NAtoms=   19 NActive=   19 NUniq=   19 SFac= 1.00D+00 NAtFMM=   60 NAOKFM=F Big=F
 Integral buffers will be    131072 words long.
 Raffenetti 2 integral format.
 Two-electron integral symmetry is turned off.
 One-electron integrals computed using PRISM.
 NBasis=   234 RedAO= T EigKep=  2.11D-04  NBF=   234
 NBsUse=   234 1.00D-06 EigRej= -1.00D+00 NBFU=   234
 Initial guess from the checkpoint file:  "SR-12-ts-SR-13.chk"
 B after Tr=     0.000299    0.000261    0.000013
         Rot=    1.000000    0.000011    0.000002   -0.000049 Ang=   0.01 deg.
 Initial guess <Sx>= 0.0000 <Sy>= 0.0000 <Sz>= 0.5000 <S**2>= 0.7613 S= 0.5056
 ExpMin= 1.03D-01 ExpMax= 8.59D+03 ExpMxC= 1.30D+03 IAcc=2 IRadAn=         4 AccDes= 0.00D+00
 Harris functional with IExCor=  402 and IRadAn=       4 diagonalized for initial guess.
 HarFok:  IExCor=  402 AccDes= 0.00D+00 IRadAn=         4 IDoV= 1 UseB2=F ITyADJ=14
 ICtDFT=  3500011 ScaDFX=  1.000000  1.000000  1.000000  1.000000
 FoFCou: FMM=F IPFlag=           0 FMFlag=      100000 FMFlg1=           0
         NFxFlg=           0 DoJE=T BraDBF=F KetDBF=T FulRan=T
         wScrn=  0.000000 ICntrl=       500 IOpCl=  0 I1Cent=   200000004 NGrid=           0
         NMat0=    1 NMatS0=      1 NMatT0=    0 NMatD0=    1 NMtDS0=    0 NMtDT0=    0
 Symmetry not used in FoFCou.
 Requested convergence on RMS density matrix=1.00D-08 within 128 cycles.
 Requested convergence on MAX density matrix=1.00D-06.
 Requested convergence on             energy=1.00D-06.
 No special actions if energy rises.
 Integral accuracy reduced to 1.0D-05 until final iterations.
 EnCoef did     1 forward-backward iterations
 Initial convergence to 1.0D-05 achieved.  Increase integral accuracy.
 SCF Done:  E(UB3LYP) =  -460.760070423     A.U. after   19 cycles
            NFock= 19  Conv=0.78D-08     -V/T= 2.0035
 <Sx>= 0.0000 <Sy>= 0.0000 <Sz>= 0.5000 <S**2>= 0.7630 S= 0.5065
 <L.S>= 0.000000000000E+00
 Annihilation of the first spin contaminant:
 S**2 before annihilation     0.7630,   after     0.7501
 DoSCS=F DFT=T ScalE2(SS,OS)=  1.000000  1.000000
 Range of M.O.s used for correlation:     1   234
 NBasis=   234 NAE=    37 NBE=    36 NFC=     0 NFV=     0
 NROrb=    234 NOA=    37 NOB=    36 NVA=   197 NVB=   198

 **** Warning!!: The largest alpha MO coefficient is  0.14994620D+02


 **** Warning!!: The largest beta MO coefficient is  0.14792839D+02


 **** Warning!!: The smallest beta delta epsilon is  0.83617437D-01

 Symmetrizing basis deriv contribution to polar:
 IMax=3 JMax=2 DiffMx= 0.00D+00
 Calling FoFJK, ICntrl=      2147 FMM=F ISym2X=0 I1Cent= 0 IOpClX= 1 NMat=1 NMatS=1 NMatT=0.
 -------------------------------------------------------------------
 Center     Atomic                   Forces (Hartrees/Bohr)
 Number     Number              X              Y              Z
 -------------------------------------------------------------------
      1        6          -0.000533809   -0.010570571    0.000307790
      2        6          -0.012418418    0.002370631   -0.000890489
      3        6           0.016823413   -0.027068828   -0.000964934
      4        6           0.018249285    0.007555238   -0.005053689
      5        6           0.000108866    0.002647715   -0.000959229
      6        6           0.004823050    0.003165385    0.000259303
      7        1           0.000053260    0.000158975   -0.000131704
      8        8          -0.023014433    0.017607528    0.005122816
      9        8          -0.049962370   -0.001417753    0.002217037
     10        1          -0.000087281   -0.000078717    0.000095932
     11        6           0.011053441   -0.023829430   -0.000872649
     12        1           0.003368294    0.007355643    0.000700850
     13        1           0.031042648    0.017634293   -0.001719418
     14        1           0.000647514    0.003777872    0.001955353
     15        1           0.000095805    0.000068978    0.000076220
     16        6          -0.000287231    0.000321509   -0.000220617
     17        1           0.000006525    0.000032413    0.000126987
     18        1           0.000054126    0.000238630    0.000009143
     19        1          -0.000022686    0.000030488   -0.000058700
 -------------------------------------------------------------------
 Cartesian Forces:  Max     0.049962370 RMS     0.011214563
 IRC-IRC-IRC-IRC-IRC-IRC-IRC-IRC-IRC-IRC-IRC-IRC-IRC-IRC-IRC-IRC-IRC-IRC
 Pt 18 Step number   1 out of a maximum of  20
 Modified Bulirsch-Stoer Extrapolation Cycles:
    EPS =    0.000010000000000
      PEZero:  N= 2 I= 1 D=  2.78D-04 Err=  1.58D-05
      PEZero:  N= 3 I= 2 D=  2.78D-04 Err=  1.05D-05
      PEZero:  N= 3 I= 1 D=  5.57D-04 Err=  3.98D-09
 Maximum DWI energy   std dev =  0.000006584 at pt    47
 Maximum DWI gradient std dev =  0.006645752 at pt    29
 CORRECTOR INTEGRATION CONVERGENCE:
   Recorrection delta-x convergence threshold:    0.010000
   Delta-x Convergence Met
 Point Number:   8          Path Number:   2
   CHANGE IN THE REACTION COORDINATE =    0.05343
   NET REACTION COORDINATE UP TO THIS POINT =    0.42746
  # OF POINTS ALONG THE PATH =  18
  # OF STEPS =   1

 Calculating another point on the path.
 IRC-IRC-IRC-IRC-IRC-IRC-IRC-IRC-IRC-IRC-IRC-IRC-IRC-IRC-IRC-IRC-IRC-IRC
                          Input orientation:                          
 ---------------------------------------------------------------------
 Center     Atomic      Atomic             Coordinates (Angstroms)
 Number     Number       Type             X           Y           Z
 ---------------------------------------------------------------------
      1          6           0       -1.961684   -0.059550    0.008635
      2          6           0       -1.013554   -1.063251   -0.058427
      3          6           0        0.378315   -0.797663   -0.021225
      4          6           0        0.771599    0.585813   -0.005567
      5          6           0       -0.188605    1.599933    0.014099
      6          6           0       -1.534773    1.287658    0.040363
      7          1           0        0.156151    2.626477    0.001212
      8          8           0        2.071866    0.918732   -0.204656
      9          8           0        1.245230   -1.765429   -0.048698
     10          1           0       -1.301711   -2.106910   -0.097846
     11          6           0        3.006114   -0.049615    0.199642
     12          1           0        3.080044   -0.114029    1.292007
     13          1           0        2.518510   -1.043396   -0.055840
     14          1           0        3.956559    0.157886   -0.282858
     15          1           0       -2.270856    2.083106    0.073640
     16          6           0       -3.432337   -0.390044    0.061702
     17          1           0       -3.623367   -1.404999   -0.290700
     18          1           0       -3.814539   -0.316311    1.085660
     19          1           0       -4.016721    0.300257   -0.552727
 ---------------------------------------------------------------------
                    Distance matrix (angstroms):
                    1          2          3          4          5
     1  C    0.000000
     2  C    1.382340   0.000000
     3  C    2.453833   1.417470   0.000000
     4  C    2.808475   2.430838   1.438375   0.000000
     5  C    2.428523   2.788969   2.463963   1.396718   0.000000
     6  C    1.413588   2.410021   2.830594   2.411234   1.382162
     7  H    3.420530   3.871157   3.431413   2.131463   1.082966
     8  O    4.155966   3.670076   2.418217   1.356896   2.370996
     9  O    3.632851   2.365429   1.299564   2.398859   3.658619
    10  H    2.153738   1.083427   2.131311   3.399689   3.871980
    11  C    4.971478   4.153527   2.741110   2.332152   3.600231
    12  H    5.202791   4.413868   3.080791   2.739050   3.905737
    13  H    4.587401   3.532120   2.154534   2.389256   3.784250
    14  H    5.929405   5.122847   3.712863   3.225520   4.398871
    15  H    2.165823   3.390842   3.914836   3.391857   2.138404
    16  C    1.508265   2.513593   3.833289   4.316237   3.805795
    17  H    2.158940   2.642322   4.056468   4.833255   4.573850
    18  H    2.158467   3.116468   4.363132   4.799715   4.238824
    19  H    2.160501   3.335041   4.561169   4.827932   4.082269
                    6          7          8          9         10
     6  C    0.000000
     7  H    2.157126   0.000000
     8  O    3.633729   2.574634   0.000000
     9  O    4.130096   4.525199   2.812893   0.000000
    10  H    3.405366   4.953800   4.532873   2.570201   0.000000
    11  C    4.736383   3.914477   1.404980   2.471113   4.783128
    12  H    4.982758   4.210188   2.079187   2.809119   5.010293
    13  H    4.676769   4.364855   2.017816   1.463770   3.965717
    14  H    5.615655   4.540676   2.033978   3.332458   5.728257
    15  H    1.084280   2.488144   4.504715   5.214312   4.304055
    16  C    2.532961   4.688316   5.663929   4.876834   2.740922
    17  H    3.423774   5.533784   6.151651   4.887915   2.433096
    18  H    2.977028   5.059882   6.151423   5.384048   3.304729
    19  H    2.736198   4.809471   6.129809   5.675317   3.656863
                   11         12         13         14         15
    11  C    0.000000
    12  H    1.096758   0.000000
    13  H    1.136059   1.730819   0.000000
    14  H    1.085913   1.822750   1.887485   0.000000
    15  H    5.693047   5.911341   5.720997   6.527960   0.000000
    16  C    6.448920   6.633320   5.987760   7.417192   2.732335
    17  H    6.784358   7.007658   6.156993   7.739376   3.758844
    18  H    6.883128   6.900635   6.476047   7.904914   3.027267
    19  H    7.071681   7.344300   6.690406   7.979115   2.572728
                   16         17         18         19
    16  C    0.000000
    17  H    1.091244   0.000000
    18  H    1.095447   1.765263   0.000000
    19  H    1.093409   1.769543   1.762199   0.000000
 Symmetry turned off by external request.
 Stoichiometry    C8H9O2(2)
 Framework group  C1[X(C8H9O2)]
 Deg. of freedom    51
 Full point group                 C1      NOp   1
 Rotational constants (GHZ):           3.0636908           0.9593102           0.7405292
 Standard basis: 6-311G(d,p) (5D, 7F)
   234 basis functions,   392 primitive gaussians,   244 cartesian basis functions
    37 alpha electrons       36 beta electrons
       nuclear repulsion energy       509.2726595091 Hartrees.
 NAtoms=   19 NActive=   19 NUniq=   19 SFac= 1.00D+00 NAtFMM=   60 NAOKFM=F Big=F
 Integral buffers will be    131072 words long.
 Raffenetti 2 integral format.
 Two-electron integral symmetry is turned off.
 One-electron integrals computed using PRISM.
 NBasis=   234 RedAO= T EigKep=  2.12D-04  NBF=   234
 NBsUse=   234 1.00D-06 EigRej= -1.00D+00 NBFU=   234
 Initial guess from the checkpoint file:  "SR-12-ts-SR-13.chk"
 B after Tr=     0.000304    0.000253    0.000007
         Rot=    1.000000    0.000011    0.000001   -0.000048 Ang=   0.01 deg.
 Initial guess <Sx>= 0.0000 <Sy>= 0.0000 <Sz>= 0.5000 <S**2>= 0.7630 S= 0.5065
 ExpMin= 1.03D-01 ExpMax= 8.59D+03 ExpMxC= 1.30D+03 IAcc=2 IRadAn=         4 AccDes= 0.00D+00
 Harris functional with IExCor=  402 and IRadAn=       4 diagonalized for initial guess.
 HarFok:  IExCor=  402 AccDes= 0.00D+00 IRadAn=         4 IDoV= 1 UseB2=F ITyADJ=14
 ICtDFT=  3500011 ScaDFX=  1.000000  1.000000  1.000000  1.000000
 FoFCou: FMM=F IPFlag=           0 FMFlag=      100000 FMFlg1=           0
         NFxFlg=           0 DoJE=T BraDBF=F KetDBF=T FulRan=T
         wScrn=  0.000000 ICntrl=       500 IOpCl=  0 I1Cent=   200000004 NGrid=           0
         NMat0=    1 NMatS0=      1 NMatT0=    0 NMatD0=    1 NMtDS0=    0 NMtDT0=    0
 Symmetry not used in FoFCou.
 Requested convergence on RMS density matrix=1.00D-08 within 128 cycles.
 Requested convergence on MAX density matrix=1.00D-06.
 Requested convergence on             energy=1.00D-06.
 No special actions if energy rises.
 Integral accuracy reduced to 1.0D-05 until final iterations.
 Initial convergence to 1.0D-05 achieved.  Increase integral accuracy.
 SCF Done:  E(UB3LYP) =  -460.762286089     A.U. after   19 cycles
            NFock= 19  Conv=0.62D-08     -V/T= 2.0035
 <Sx>= 0.0000 <Sy>= 0.0000 <Sz>= 0.5000 <S**2>= 0.7645 S= 0.5072
 <L.S>= 0.000000000000E+00
 Annihilation of the first spin contaminant:
 S**2 before annihilation     0.7645,   after     0.7501
 DoSCS=F DFT=T ScalE2(SS,OS)=  1.000000  1.000000
 Range of M.O.s used for correlation:     1   234
 NBasis=   234 NAE=    37 NBE=    36 NFC=     0 NFV=     0
 NROrb=    234 NOA=    37 NOB=    36 NVA=   197 NVB=   198

 **** Warning!!: The largest alpha MO coefficient is  0.15035264D+02


 **** Warning!!: The largest beta MO coefficient is  0.14846746D+02


 **** Warning!!: The smallest beta delta epsilon is  0.85509134D-01

 Symmetrizing basis deriv contribution to polar:
 IMax=3 JMax=2 DiffMx= 0.00D+00
 Calling FoFJK, ICntrl=      2147 FMM=F ISym2X=0 I1Cent= 0 IOpClX= 1 NMat=1 NMatS=1 NMatT=0.
 -------------------------------------------------------------------
 Center     Atomic                   Forces (Hartrees/Bohr)
 Number     Number              X              Y              Z
 -------------------------------------------------------------------
      1        6          -0.000767214   -0.010936115    0.000196085
      2        6          -0.013010797    0.002338746   -0.000264090
      3        6           0.017122389   -0.028093095   -0.001117399
      4        6           0.018358025    0.007711095   -0.006062768
      5        6           0.000736601    0.002721775   -0.000846424
      6        6           0.004880412    0.002985364    0.000316390
      7        1           0.000050226    0.000202318   -0.000159513
      8        8          -0.023582154    0.018211262    0.005641527
      9        8          -0.052054934   -0.001424199    0.001856774
     10        1          -0.000137785   -0.000099607    0.000110927
     11        6           0.014231345   -0.021012255    0.000362791
     12        1           0.003586659    0.007719005    0.000656641
     13        1           0.030053508    0.014801975   -0.002554692
     14        1           0.000810012    0.004140206    0.002008016
     15        1           0.000109738    0.000065293    0.000088025
     16        6          -0.000390177    0.000372699   -0.000316163
     17        1          -0.000015180    0.000024055    0.000139487
     18        1           0.000064807    0.000252251    0.000008479
     19        1          -0.000045480    0.000019228   -0.000064095
 -------------------------------------------------------------------
 Cartesian Forces:  Max     0.052054934 RMS     0.011360563
 IRC-IRC-IRC-IRC-IRC-IRC-IRC-IRC-IRC-IRC-IRC-IRC-IRC-IRC-IRC-IRC-IRC-IRC
 Pt 19 Step number   1 out of a maximum of  20
 Modified Bulirsch-Stoer Extrapolation Cycles:
    EPS =    0.000010000000000
      PEZero:  N= 2 I= 1 D=  2.78D-04 Err=  2.12D-05
      PEZero:  N= 3 I= 2 D=  2.78D-04 Err=  1.41D-05
      PEZero:  N= 3 I= 1 D=  5.57D-04 Err=  7.97D-09
 Maximum DWI energy   std dev =  0.000006482 at pt    35
 Maximum DWI gradient std dev =  0.007550775 at pt    39
 CORRECTOR INTEGRATION CONVERGENCE:
   Recorrection delta-x convergence threshold:    0.010000
   Delta-x Convergence Met
 Point Number:   9          Path Number:   2
   CHANGE IN THE REACTION COORDINATE =    0.05342
   NET REACTION COORDINATE UP TO THIS POINT =    0.48088
  # OF POINTS ALONG THE PATH =  19
  # OF STEPS =   1

 Calculating another point on the path.
 IRC-IRC-IRC-IRC-IRC-IRC-IRC-IRC-IRC-IRC-IRC-IRC-IRC-IRC-IRC-IRC-IRC-IRC
                          Input orientation:                          
 ---------------------------------------------------------------------
 Center     Atomic      Atomic             Coordinates (Angstroms)
 Number     Number       Type             X           Y           Z
 ---------------------------------------------------------------------
      1          6           0       -1.961737   -0.060205    0.008643
      2          6           0       -1.014339   -1.063115   -0.058423
      3          6           0        0.379331   -0.799348   -0.021296
      4          6           0        0.772683    0.586270   -0.005956
      5          6           0       -0.188542    1.600096    0.014052
      6          6           0       -1.534483    1.287828    0.040383
      7          1           0        0.156185    2.626635    0.001090
      8          8           0        2.070812    0.919550   -0.204394
      9          8           0        1.242877   -1.765496   -0.048624
     10          1           0       -1.301830   -2.106987   -0.097762
     11          6           0        3.007055   -0.050761    0.199700
     12          1           0        3.082641   -0.108482    1.292459
     13          1           0        2.539244   -1.034042   -0.057947
     14          1           0        3.957198    0.160954   -0.281426
     15          1           0       -2.270773    2.083150    0.073706
     16          6           0       -3.432364   -0.390021    0.061681
     17          1           0       -3.623387   -1.404985   -0.290596
     18          1           0       -3.814490   -0.316128    1.085666
     19          1           0       -4.016760    0.300267   -0.552775
 ---------------------------------------------------------------------
                    Distance matrix (angstroms):
                    1          2          3          4          5
     1  C    0.000000
     2  C    1.381265   0.000000
     3  C    2.455164   1.418896   0.000000
     4  C    2.809839   2.432421   1.440450   0.000000
     5  C    2.429166   2.789245   2.465980   1.397211   0.000000
     6  C    1.414478   2.409823   2.832453   2.411918   1.381941
     7  H    3.421221   3.871424   3.433315   2.131480   1.082953
     8  O    4.155328   3.670207   2.418520   1.354840   2.369714
     9  O    3.630544   2.363992   1.296110   2.398688   3.657882
    10  H    2.153164   1.083451   2.131213   3.400833   3.872257
    11  C    4.972473   4.154888   2.741196   2.332493   3.601616
    12  H    5.205407   4.418308   3.084012   2.739428   3.905663
    13  H    4.605608   3.553701   2.172936   2.397676   3.792715
    14  H    5.930164   5.124866   3.713621   3.224580   4.398364
    15  H    2.166496   3.390438   3.916742   3.392583   2.138360
    16  C    1.508090   2.512833   3.834508   4.317423   3.805944
    17  H    2.158485   2.641574   4.057224   4.834413   4.574000
    18  H    2.158279   3.115730   4.364287   4.800845   4.238840
    19  H    2.160613   3.334326   4.562591   4.829035   4.082413
                    6          7          8          9         10
     6  C    0.000000
     7  H    2.156920   0.000000
     8  O    3.632313   2.573356   0.000000
     9  O    4.128491   4.524840   2.814109   0.000000
    10  H    3.405581   4.954064   4.532770   2.567989   0.000000
    11  C    4.737380   3.916038   1.407603   2.472712   4.783622
    12  H    4.983493   4.208639   2.078753   2.815835   5.015009
    13  H    4.689989   4.368410   2.014298   1.488515   3.988314
    14  H    5.615333   4.539505   2.034663   3.336606   5.730154
    15  H    1.084329   2.488126   4.503406   5.212751   4.304126
    16  C    2.533295   4.688450   5.663101   4.874626   2.740906
    17  H    3.424078   5.533913   6.150999   4.885596   2.433026
    18  H    2.977200   5.059882   6.150441   5.381844   3.304714
    19  H    2.736570   4.809597   6.128900   5.673212   3.656877
                   11         12         13         14         15
    11  C    0.000000
    12  H    1.096889   0.000000
    13  H    1.118960   1.724974   0.000000
    14  H    1.085853   1.820593   1.867766   0.000000
    15  H    5.694288   5.911653   5.733278   6.527525   0.000000
    16  C    6.449827   6.636216   6.007427   7.418013   2.732401
    17  H    6.785063   7.011261   6.178166   7.740640   3.758905
    18  H    6.883955   6.903353   6.495628   7.905421   3.027154
    19  H    7.072724   7.346663   6.708683   7.979790   2.572863
                   16         17         18         19
    16  C    0.000000
    17  H    1.091211   0.000000
    18  H    1.095457   1.765284   0.000000
    19  H    1.093422   1.769566   1.762198   0.000000
 Symmetry turned off by external request.
 Stoichiometry    C8H9O2(2)
 Framework group  C1[X(C8H9O2)]
 Deg. of freedom    51
 Full point group                 C1      NOp   1
 Rotational constants (GHZ):           3.0626237           0.9591782           0.7403866
 Standard basis: 6-311G(d,p) (5D, 7F)
   234 basis functions,   392 primitive gaussians,   244 cartesian basis functions
    37 alpha electrons       36 beta electrons
       nuclear repulsion energy       509.2292195098 Hartrees.
 NAtoms=   19 NActive=   19 NUniq=   19 SFac= 1.00D+00 NAtFMM=   60 NAOKFM=F Big=F
 Integral buffers will be    131072 words long.
 Raffenetti 2 integral format.
 Two-electron integral symmetry is turned off.
 One-electron integrals computed using PRISM.
 NBasis=   234 RedAO= T EigKep=  2.12D-04  NBF=   234
 NBsUse=   234 1.00D-06 EigRej= -1.00D+00 NBFU=   234
 Initial guess from the checkpoint file:  "SR-12-ts-SR-13.chk"
 B after Tr=     0.000308    0.000241   -0.000002
         Rot=    1.000000    0.000011   -0.000001   -0.000047 Ang=   0.01 deg.
 Initial guess <Sx>= 0.0000 <Sy>= 0.0000 <Sz>= 0.5000 <S**2>= 0.7645 S= 0.5072
 ExpMin= 1.03D-01 ExpMax= 8.59D+03 ExpMxC= 1.30D+03 IAcc=2 IRadAn=         4 AccDes= 0.00D+00
 Harris functional with IExCor=  402 and IRadAn=       4 diagonalized for initial guess.
 HarFok:  IExCor=  402 AccDes= 0.00D+00 IRadAn=         4 IDoV= 1 UseB2=F ITyADJ=14
 ICtDFT=  3500011 ScaDFX=  1.000000  1.000000  1.000000  1.000000
 FoFCou: FMM=F IPFlag=           0 FMFlag=      100000 FMFlg1=           0
         NFxFlg=           0 DoJE=T BraDBF=F KetDBF=T FulRan=T
         wScrn=  0.000000 ICntrl=       500 IOpCl=  0 I1Cent=   200000004 NGrid=           0
         NMat0=    1 NMatS0=      1 NMatT0=    0 NMatD0=    1 NMtDS0=    0 NMtDT0=    0
 Symmetry not used in FoFCou.
 Requested convergence on RMS density matrix=1.00D-08 within 128 cycles.
 Requested convergence on MAX density matrix=1.00D-06.
 Requested convergence on             energy=1.00D-06.
 No special actions if energy rises.
 Integral accuracy reduced to 1.0D-05 until final iterations.
 Initial convergence to 1.0D-05 achieved.  Increase integral accuracy.
 SCF Done:  E(UB3LYP) =  -460.764392969     A.U. after   19 cycles
            NFock= 19  Conv=0.48D-08     -V/T= 2.0034
 <Sx>= 0.0000 <Sy>= 0.0000 <Sz>= 0.5000 <S**2>= 0.7658 S= 0.5079
 <L.S>= 0.000000000000E+00
 Annihilation of the first spin contaminant:
 S**2 before annihilation     0.7658,   after     0.7502
 DoSCS=F DFT=T ScalE2(SS,OS)=  1.000000  1.000000
 Range of M.O.s used for correlation:     1   234
 NBasis=   234 NAE=    37 NBE=    36 NFC=     0 NFV=     0
 NROrb=    234 NOA=    37 NOB=    36 NVA=   197 NVB=   198

 **** Warning!!: The largest alpha MO coefficient is  0.15018655D+02


 **** Warning!!: The largest beta MO coefficient is  0.14837524D+02


 **** Warning!!: The smallest beta delta epsilon is  0.87523860D-01

 Symmetrizing basis deriv contribution to polar:
 IMax=3 JMax=2 DiffMx= 0.00D+00
 G2DrvN: will do    20 centers at a time, making    1 passes.
 Calling FoFCou, ICntrl=  3107 FMM=F I1Cent=   0 AccDes= 0.00D+00.
 End of G2Drv F.D. properties file   721 does not exist.
 End of G2Drv F.D. properties file   722 does not exist.
 End of G2Drv F.D. properties file   788 does not exist.
          IDoAtm=1111111111111111111
          Differentiating once with respect to nuclear coordinates.
 Keep R1 and R2 ints in memory in canonical form, NReq=777448251.
          There are    60 degrees of freedom in the 1st order CPHF.  IDoFFX=6 NUNeed=     0.
     54 vectors produced by pass  0 Test12= 2.40D-14 1.67D-09 XBig12= 5.73D-01 3.19D-01.
 AX will form    54 AO Fock derivatives at one time.
     54 vectors produced by pass  1 Test12= 2.40D-14 1.67D-09 XBig12= 1.33D-01 7.79D-02.
     54 vectors produced by pass  2 Test12= 2.40D-14 1.67D-09 XBig12= 3.41D-03 1.05D-02.
     54 vectors produced by pass  3 Test12= 2.40D-14 1.67D-09 XBig12= 3.00D-05 1.22D-03.
     54 vectors produced by pass  4 Test12= 2.40D-14 1.67D-09 XBig12= 1.99D-07 7.36D-05.
     54 vectors produced by pass  5 Test12= 2.40D-14 1.67D-09 XBig12= 1.12D-09 3.56D-06.
     42 vectors produced by pass  6 Test12= 2.40D-14 1.67D-09 XBig12= 4.95D-12 1.84D-07.
     10 vectors produced by pass  7 Test12= 2.40D-14 1.67D-09 XBig12= 1.73D-14 1.18D-08.
 InvSVY:  IOpt=1 It=  1 EMax= 1.11D-15
 Solved reduced A of dimension   376 with    60 vectors.
 End of Minotr F.D. properties file   721 does not exist.
 End of Minotr F.D. properties file   722 does not exist.
 End of Minotr F.D. properties file   788 does not exist.
 Calling FoFJK, ICntrl=    100147 FMM=F ISym2X=0 I1Cent= 0 IOpClX= 1 NMat=1 NMatS=1 NMatT=0.
 -------------------------------------------------------------------
 Center     Atomic                   Forces (Hartrees/Bohr)
 Number     Number              X              Y              Z
 -------------------------------------------------------------------
      1        6          -0.001004691   -0.010913388    0.000081363
      2        6          -0.013193232    0.002171148    0.000361971
      3        6           0.016770998   -0.028168241   -0.001246383
      4        6           0.017814789    0.007561176   -0.006901347
      5        6           0.001374211    0.002703069   -0.000719894
      6        6           0.004807009    0.002687316    0.000365956
      7        1           0.000043770    0.000242252   -0.000180978
      8        8          -0.023304655    0.018191796    0.006031771
      9        8          -0.052735989   -0.001577705    0.001470541
     10        1          -0.000201298   -0.000115195    0.000123838
     11        6           0.017347997   -0.016952256    0.001690845
     12        1           0.003688579    0.007818364    0.000567834
     13        1           0.028020971    0.011119904   -0.003446880
     14        1           0.000979196    0.004484916    0.002016106
     15        1           0.000126270    0.000057031    0.000097975
     16        6          -0.000500150    0.000406085   -0.000400126
     17        1          -0.000042419    0.000013565    0.000149786
     18        1           0.000072134    0.000261190    0.000006975
     19        1          -0.000063492    0.000008973   -0.000069351
 -------------------------------------------------------------------
 Cartesian Forces:  Max     0.052735989 RMS     0.011197406
 IRC-IRC-IRC-IRC-IRC-IRC-IRC-IRC-IRC-IRC-IRC-IRC-IRC-IRC-IRC-IRC-IRC-IRC
 Pt 20 Step number   1 out of a maximum of  20
 Modified Bulirsch-Stoer Extrapolation Cycles:
    EPS =    0.000010000000000
      PEZero:  N= 2 I= 1 D=  2.78D-04 Err=  2.66D-05
      PEZero:  N= 3 I= 2 D=  2.78D-04 Err=  1.77D-05
      PEZero:  N= 3 I= 1 D=  5.57D-04 Err=  1.83D-08
 Maximum DWI energy   std dev =  0.000006254 at pt    33
 Maximum DWI gradient std dev =  0.005676097 at pt    33
 CORRECTOR INTEGRATION CONVERGENCE:
   Recorrection delta-x convergence threshold:    0.010000
   Delta-x Convergence Met
 Point Number:  10          Path Number:   2
   CHANGE IN THE REACTION COORDINATE =    0.05341
   NET REACTION COORDINATE UP TO THIS POINT =    0.53429
  # OF POINTS ALONG THE PATH =  20
  # OF STEPS =   1

 Maximum number of steps reached.
 Calculation of REVERSE path complete.
 Reaction path calculation complete.
 
 Energies reported relative to the TS energy of        -460.748595
 --------------------------------------------------------------------------
    Summary of reaction path following
 --------------------------------------------------------------------------
                        Energy    RxCoord
   1                   -0.01580  -0.53429
   2                   -0.01369  -0.48088
   3                   -0.01148  -0.42746
   4                   -0.00923  -0.37404
   5                   -0.00705  -0.32061
   6                   -0.00504  -0.26717
   7                   -0.00328  -0.21374
   8                   -0.00186  -0.16031
   9                   -0.00083  -0.10688
  10                   -0.00021  -0.05345
  11                    0.00000   0.00000
  12                   -0.00020   0.05345
  13                   -0.00075   0.10688
  14                   -0.00160   0.16031
  15                   -0.00267   0.21374
  16                   -0.00385   0.26717
  17                   -0.00502   0.32058
  18                   -0.00609   0.37395
  19                   -0.00698   0.42720
  20                   -0.00771   0.48040
  21                   -0.00833   0.53370
 --------------------------------------------------------------------------
 
 Total number of points:                   20
 Total number of gradient calculations:    21
 Total number of Hessian calculations:      5
 IRC-IRC-IRC-IRC-IRC-IRC-IRC-IRC-IRC-IRC-IRC-IRC-IRC-IRC-IRC-IRC-IRC-IRC
                          Input orientation:                          
 ---------------------------------------------------------------------
 Center     Atomic      Atomic             Coordinates (Angstroms)
 Number     Number       Type             X           Y           Z
 ---------------------------------------------------------------------
      1          6           0       -1.961737   -0.060205    0.008643
      2          6           0       -1.014339   -1.063115   -0.058423
      3          6           0        0.379331   -0.799348   -0.021296
      4          6           0        0.772683    0.586270   -0.005956
      5          6           0       -0.188542    1.600096    0.014052
      6          6           0       -1.534483    1.287828    0.040383
      7          1           0        0.156185    2.626635    0.001090
      8          8           0        2.070812    0.919550   -0.204394
      9          8           0        1.242877   -1.765496   -0.048624
     10          1           0       -1.301830   -2.106987   -0.097762
     11          6           0        3.007055   -0.050761    0.199700
     12          1           0        3.082641   -0.108482    1.292459
     13          1           0        2.539244   -1.034042   -0.057947
     14          1           0        3.957198    0.160954   -0.281426
     15          1           0       -2.270773    2.083150    0.073706
     16          6           0       -3.432364   -0.390021    0.061681
     17          1           0       -3.623387   -1.404985   -0.290596
     18          1           0       -3.814490   -0.316128    1.085666
     19          1           0       -4.016760    0.300267   -0.552775
 ---------------------------------------------------------------------
                    Distance matrix (angstroms):
                    1          2          3          4          5
     1  C    0.000000
     2  C    1.381265   0.000000
     3  C    2.455164   1.418896   0.000000
     4  C    2.809839   2.432421   1.440450   0.000000
     5  C    2.429166   2.789245   2.465980   1.397211   0.000000
     6  C    1.414478   2.409823   2.832453   2.411918   1.381941
     7  H    3.421221   3.871424   3.433315   2.131480   1.082953
     8  O    4.155328   3.670207   2.418520   1.354840   2.369714
     9  O    3.630544   2.363992   1.296110   2.398688   3.657882
    10  H    2.153164   1.083451   2.131213   3.400833   3.872257
    11  C    4.972473   4.154888   2.741196   2.332493   3.601616
    12  H    5.205407   4.418308   3.084012   2.739428   3.905663
    13  H    4.605608   3.553701   2.172936   2.397676   3.792715
    14  H    5.930164   5.124866   3.713621   3.224580   4.398364
    15  H    2.166496   3.390438   3.916742   3.392583   2.138360
    16  C    1.508090   2.512833   3.834508   4.317423   3.805944
    17  H    2.158485   2.641574   4.057224   4.834413   4.574000
    18  H    2.158279   3.115730   4.364287   4.800845   4.238840
    19  H    2.160613   3.334326   4.562591   4.829035   4.082413
                    6          7          8          9         10
     6  C    0.000000
     7  H    2.156920   0.000000
     8  O    3.632313   2.573356   0.000000
     9  O    4.128491   4.524840   2.814109   0.000000
    10  H    3.405581   4.954064   4.532770   2.567989   0.000000
    11  C    4.737380   3.916038   1.407603   2.472712   4.783622
    12  H    4.983493   4.208639   2.078753   2.815835   5.015009
    13  H    4.689989   4.368410   2.014298   1.488515   3.988314
    14  H    5.615333   4.539505   2.034663   3.336606   5.730154
    15  H    1.084329   2.488126   4.503406   5.212751   4.304126
    16  C    2.533295   4.688450   5.663101   4.874626   2.740906
    17  H    3.424078   5.533913   6.150999   4.885596   2.433026
    18  H    2.977200   5.059882   6.150441   5.381844   3.304714
    19  H    2.736570   4.809597   6.128900   5.673212   3.656877
                   11         12         13         14         15
    11  C    0.000000
    12  H    1.096889   0.000000
    13  H    1.118960   1.724974   0.000000
    14  H    1.085853   1.820593   1.867766   0.000000
    15  H    5.694288   5.911653   5.733278   6.527525   0.000000
    16  C    6.449827   6.636216   6.007427   7.418013   2.732401
    17  H    6.785063   7.011261   6.178166   7.740640   3.758905
    18  H    6.883955   6.903353   6.495628   7.905421   3.027154
    19  H    7.072724   7.346663   6.708683   7.979790   2.572863
                   16         17         18         19
    16  C    0.000000
    17  H    1.091211   0.000000
    18  H    1.095457   1.765284   0.000000
    19  H    1.093422   1.769566   1.762198   0.000000
 Symmetry turned off by external request.
 Stoichiometry    C8H9O2(2)
 Framework group  C1[X(C8H9O2)]
 Deg. of freedom    51
 Full point group                 C1      NOp   1
 Rotational constants (GHZ):           3.0626237           0.9591782           0.7403866

 **********************************************************************

            Population analysis using the SCF density.

 **********************************************************************

 Alpha  occ. eigenvalues --  -19.17696 -19.11561 -10.25714 -10.24952 -10.20149
 Alpha  occ. eigenvalues --  -10.19822 -10.19381 -10.18992 -10.18182 -10.18019
 Alpha  occ. eigenvalues --   -1.09954  -1.02747  -0.87374  -0.79274  -0.75262
 Alpha  occ. eigenvalues --   -0.72251  -0.67300  -0.63050  -0.59765  -0.53786
 Alpha  occ. eigenvalues --   -0.51880  -0.48623  -0.48117  -0.45366  -0.45007
 Alpha  occ. eigenvalues --   -0.43786  -0.43314  -0.40834  -0.39722  -0.38866
 Alpha  occ. eigenvalues --   -0.38002  -0.36708  -0.36133  -0.33093  -0.26282
 Alpha  occ. eigenvalues --   -0.23814  -0.22069
 Alpha virt. eigenvalues --   -0.02094  -0.01409   0.04095   0.06206   0.07297
 Alpha virt. eigenvalues --    0.08313   0.10070   0.11105   0.11442   0.11836
 Alpha virt. eigenvalues --    0.13252   0.15222   0.16309   0.19361   0.23451
 Alpha virt. eigenvalues --    0.24010   0.26359   0.27071   0.29065   0.29431
 Alpha virt. eigenvalues --    0.30771   0.32864   0.33663   0.34740   0.37564
 Alpha virt. eigenvalues --    0.38286   0.39064   0.40551   0.41935   0.43755
 Alpha virt. eigenvalues --    0.45062   0.45472   0.47498   0.47944   0.50395
 Alpha virt. eigenvalues --    0.51082   0.52746   0.52989   0.53898   0.55633
 Alpha virt. eigenvalues --    0.56918   0.57702   0.58126   0.58973   0.60304
 Alpha virt. eigenvalues --    0.61119   0.61929   0.62749   0.63830   0.65637
 Alpha virt. eigenvalues --    0.67296   0.74112   0.76198   0.76322   0.77020
 Alpha virt. eigenvalues --    0.78040   0.80683   0.83628   0.86001   0.89075
 Alpha virt. eigenvalues --    0.90261   0.91207   0.93794   0.94892   0.97545
 Alpha virt. eigenvalues --    0.98446   0.99892   1.04013   1.05376   1.07944
 Alpha virt. eigenvalues --    1.09975   1.16899   1.18940   1.19907   1.22920
 Alpha virt. eigenvalues --    1.29136   1.31478   1.33458   1.35205   1.38544
 Alpha virt. eigenvalues --    1.39765   1.41912   1.44542   1.46630   1.47447
 Alpha virt. eigenvalues --    1.49183   1.50211   1.51558   1.53165   1.54656
 Alpha virt. eigenvalues --    1.55553   1.56439   1.57882   1.59127   1.62129
 Alpha virt. eigenvalues --    1.62643   1.65089   1.66870   1.68494   1.70718
 Alpha virt. eigenvalues --    1.70872   1.71564   1.75801   1.76865   1.78764
 Alpha virt. eigenvalues --    1.84386   1.85398   1.86524   1.89519   1.90504
 Alpha virt. eigenvalues --    1.92946   1.95819   1.98917   1.99744   2.01984
 Alpha virt. eigenvalues --    2.03728   2.07707   2.11023   2.12558   2.13855
 Alpha virt. eigenvalues --    2.19856   2.24020   2.24571   2.28430   2.32349
 Alpha virt. eigenvalues --    2.33022   2.34951   2.35632   2.42202   2.44877
 Alpha virt. eigenvalues --    2.45522   2.46864   2.49169   2.50633   2.51659
 Alpha virt. eigenvalues --    2.53799   2.53944   2.54907   2.58028   2.62222
 Alpha virt. eigenvalues --    2.64263   2.65335   2.67096   2.68152   2.70332
 Alpha virt. eigenvalues --    2.78615   2.80384   2.83853   2.84401   2.86640
 Alpha virt. eigenvalues --    2.87295   2.88650   2.93601   2.98808   3.02405
 Alpha virt. eigenvalues --    3.03746   3.07851   3.11901   3.16770   3.18074
 Alpha virt. eigenvalues --    3.23495   3.25714   3.31038   3.36949   3.40967
 Alpha virt. eigenvalues --    3.44669   3.49953   3.55999   3.61023   3.62605
 Alpha virt. eigenvalues --    3.75558   3.77565   3.80471   3.86843   3.99316
 Alpha virt. eigenvalues --    4.02834   4.08526   4.09928   4.12726   4.30057
 Alpha virt. eigenvalues --    4.78802   4.85806   4.90347   5.08695   5.29600
 Alpha virt. eigenvalues --    5.61492   5.77944  23.46707  23.81992  23.87266
 Alpha virt. eigenvalues --   23.87976  23.91409  23.96369  24.09328  24.15020
 Alpha virt. eigenvalues --   49.86922  49.96387
  Beta  occ. eigenvalues --  -19.17243 -19.10494 -10.25390 -10.24950 -10.20170
  Beta  occ. eigenvalues --  -10.19511 -10.19327 -10.19112 -10.18044 -10.18016
  Beta  occ. eigenvalues --   -1.09085  -1.00823  -0.86856  -0.78989  -0.74515
  Beta  occ. eigenvalues --   -0.72004  -0.66765  -0.62679  -0.59336  -0.53420
  Beta  occ. eigenvalues --   -0.51508  -0.48075  -0.47063  -0.44954  -0.44742
  Beta  occ. eigenvalues --   -0.43543  -0.42848  -0.39726  -0.39101  -0.38336
  Beta  occ. eigenvalues --   -0.37457  -0.36256  -0.33351  -0.31540  -0.24903
  Beta  occ. eigenvalues --   -0.22700
  Beta virt. eigenvalues --   -0.13948  -0.00913   0.00453   0.04161   0.06225
  Beta virt. eigenvalues --    0.07427   0.08383   0.10276   0.11272   0.11598
  Beta virt. eigenvalues --    0.12031   0.13375   0.16120   0.16581   0.19511
  Beta virt. eigenvalues --    0.23760   0.24300   0.26575   0.27243   0.29220
  Beta virt. eigenvalues --    0.29615   0.30937   0.33309   0.33924   0.35007
  Beta virt. eigenvalues --    0.38057   0.38602   0.39344   0.40808   0.42139
  Beta virt. eigenvalues --    0.44200   0.45193   0.45663   0.47915   0.48421
  Beta virt. eigenvalues --    0.50590   0.51245   0.52858   0.53290   0.54162
  Beta virt. eigenvalues --    0.55819   0.57098   0.57932   0.58403   0.59132
  Beta virt. eigenvalues --    0.60398   0.61452   0.62030   0.62937   0.64065
  Beta virt. eigenvalues --    0.65893   0.67473   0.74346   0.76362   0.76578
  Beta virt. eigenvalues --    0.77248   0.78381   0.81138   0.84218   0.86356
  Beta virt. eigenvalues --    0.89764   0.90723   0.91623   0.94054   0.95588
  Beta virt. eigenvalues --    0.98089   0.99013   1.00116   1.04251   1.05947
  Beta virt. eigenvalues --    1.08303   1.10559   1.17282   1.19331   1.20567
  Beta virt. eigenvalues --    1.23336   1.29681   1.31664   1.33644   1.35425
  Beta virt. eigenvalues --    1.38698   1.39863   1.42198   1.44561   1.46736
  Beta virt. eigenvalues --    1.47720   1.49407   1.50476   1.51871   1.53300
  Beta virt. eigenvalues --    1.54995   1.55745   1.56607   1.58241   1.59303
  Beta virt. eigenvalues --    1.62337   1.62936   1.65457   1.67060   1.68799
  Beta virt. eigenvalues --    1.70939   1.71436   1.72086   1.75996   1.77138
  Beta virt. eigenvalues --    1.79051   1.84867   1.85788   1.86583   1.89905
  Beta virt. eigenvalues --    1.90782   1.93126   1.95965   1.99198   1.99991
  Beta virt. eigenvalues --    2.02164   2.04132   2.08055   2.11376   2.12683
  Beta virt. eigenvalues --    2.14279   2.20092   2.24274   2.24984   2.28707
  Beta virt. eigenvalues --    2.32491   2.33350   2.35104   2.35752   2.42342
  Beta virt. eigenvalues --    2.45003   2.45671   2.47207   2.49647   2.50809
  Beta virt. eigenvalues --    2.51819   2.53896   2.54298   2.55042   2.58175
  Beta virt. eigenvalues --    2.62309   2.64360   2.65443   2.67414   2.68556
  Beta virt. eigenvalues --    2.71220   2.79296   2.80527   2.84297   2.84550
  Beta virt. eigenvalues --    2.86752   2.87754   2.89801   2.95584   2.99294
  Beta virt. eigenvalues --    3.03253   3.04500   3.08350   3.12631   3.17058
  Beta virt. eigenvalues --    3.19009   3.24771   3.27383   3.31597   3.37217
  Beta virt. eigenvalues --    3.42173   3.45200   3.50503   3.56299   3.61298
  Beta virt. eigenvalues --    3.63203   3.75937   3.77592   3.80495   3.87013
  Beta virt. eigenvalues --    3.99653   4.03141   4.08999   4.10214   4.13212
  Beta virt. eigenvalues --    4.30152   4.79269   4.89029   4.92714   5.10026
  Beta virt. eigenvalues --    5.30253   5.62231   5.78462  23.46838  23.82160
  Beta virt. eigenvalues --   23.87312  23.88033  23.91480  23.96558  24.09402
  Beta virt. eigenvalues --   24.15114  49.87417  49.97416
          Condensed to atoms (all electrons):
               1          2          3          4          5          6
     1  C    5.129644   0.467157  -0.026873  -0.050874  -0.041922   0.458610
     2  C    0.467157   5.056754   0.398815  -0.037362  -0.046002  -0.047008
     3  C   -0.026873   0.398815   4.911401   0.197790  -0.002840  -0.033763
     4  C   -0.050874  -0.037362   0.197790   5.221889   0.404224  -0.034612
     5  C   -0.041922  -0.046002  -0.002840   0.404224   4.903801   0.521293
     6  C    0.458610  -0.047008  -0.033763  -0.034612   0.521293   4.862492
     7  H    0.008922  -0.002541   0.008142  -0.048828   0.407470  -0.034200
     8  O   -0.000474   0.006679  -0.061443   0.358737  -0.047417   0.003057
     9  O    0.006000  -0.067573   0.493286  -0.096403   0.005010  -0.000335
    10  H   -0.040308   0.391452  -0.034431   0.013478  -0.001569   0.007887
    11  C    0.000338  -0.001971  -0.023465  -0.054283   0.008219  -0.000422
    12  H   -0.000069  -0.000151   0.000303  -0.001638   0.001161  -0.000023
    13  H   -0.000100   0.000715  -0.033770  -0.004724   0.000432   0.000012
    14  H   -0.000018   0.000132   0.002428   0.001519  -0.000834   0.000042
    15  H   -0.052036   0.007737  -0.001348   0.010464  -0.037599   0.420501
    16  C    0.352360  -0.051265   0.006638  -0.000894   0.005867  -0.059240
    17  H   -0.035906  -0.005242   0.000492  -0.000108  -0.000295   0.005874
    18  H   -0.034546  -0.003084  -0.000333   0.000113  -0.000079  -0.002255
    19  H   -0.038297   0.003378  -0.000298  -0.000001   0.000556  -0.005553
               7          8          9         10         11         12
     1  C    0.008922  -0.000474   0.006000  -0.040308   0.000338  -0.000069
     2  C   -0.002541   0.006679  -0.067573   0.391452  -0.001971  -0.000151
     3  C    0.008142  -0.061443   0.493286  -0.034431  -0.023465   0.000303
     4  C   -0.048828   0.358737  -0.096403   0.013478  -0.054283  -0.001638
     5  C    0.407470  -0.047417   0.005010  -0.001569   0.008219   0.001161
     6  C   -0.034200   0.003057  -0.000335   0.007887  -0.000422  -0.000023
     7  H    0.553703   0.006726  -0.000222   0.000131  -0.000722  -0.000019
     8  O    0.006726   7.859548   0.001627  -0.000175   0.241567  -0.032840
     9  O   -0.000222   0.001627   8.048055   0.009563  -0.097208   0.002600
    10  H    0.000131  -0.000175   0.009563   0.560174   0.000086  -0.000014
    11  C   -0.000722   0.241567  -0.097208   0.000086   4.956535   0.384323
    12  H   -0.000019  -0.032840   0.002600  -0.000014   0.384323   0.605402
    13  H    0.000337  -0.028216   0.061094   0.000420   0.384379  -0.034983
    14  H   -0.000164  -0.022621   0.003194  -0.000011   0.388364  -0.031446
    15  H   -0.009522  -0.000135   0.000004  -0.000310   0.000019   0.000001
    16  C   -0.000292   0.000000  -0.000104  -0.010588  -0.000001   0.000000
    17  H    0.000012   0.000000  -0.000046   0.001750   0.000000   0.000000
    18  H    0.000012  -0.000001   0.000006   0.000445   0.000000   0.000001
    19  H    0.000012   0.000000   0.000005   0.000327   0.000000   0.000000
              13         14         15         16         17         18
     1  C   -0.000100  -0.000018  -0.052036   0.352360  -0.035906  -0.034546
     2  C    0.000715   0.000132   0.007737  -0.051265  -0.005242  -0.003084
     3  C   -0.033770   0.002428  -0.001348   0.006638   0.000492  -0.000333
     4  C   -0.004724   0.001519   0.010464  -0.000894  -0.000108   0.000113
     5  C    0.000432  -0.000834  -0.037599   0.005867  -0.000295  -0.000079
     6  C    0.000012   0.000042   0.420501  -0.059240   0.005874  -0.002255
     7  H    0.000337  -0.000164  -0.009522  -0.000292   0.000012   0.000012
     8  O   -0.028216  -0.022621  -0.000135   0.000000   0.000000  -0.000001
     9  O    0.061094   0.003194   0.000004  -0.000104  -0.000046   0.000006
    10  H    0.000420  -0.000011  -0.000310  -0.010588   0.001750   0.000445
    11  C    0.384379   0.388364   0.000019  -0.000001   0.000000   0.000000
    12  H   -0.034983  -0.031446   0.000001   0.000000   0.000000   0.000001
    13  H    0.481749  -0.017535  -0.000010   0.000014   0.000000  -0.000002
    14  H   -0.017535   0.566353   0.000000   0.000000   0.000000   0.000000
    15  H   -0.000010   0.000000   0.566779  -0.005690  -0.000016   0.000646
    16  C    0.000014   0.000000  -0.005690   4.804105   0.409372   0.398399
    17  H    0.000000   0.000000  -0.000016   0.409372   0.558933  -0.025645
    18  H   -0.000002   0.000000   0.000646   0.398399  -0.025645   0.564766
    19  H    0.000000   0.000000   0.001742   0.406172  -0.026963  -0.029796
              19
     1  C   -0.038297
     2  C    0.003378
     3  C   -0.000298
     4  C   -0.000001
     5  C    0.000556
     6  C   -0.005553
     7  H    0.000012
     8  O    0.000000
     9  O    0.000005
    10  H    0.000327
    11  C    0.000000
    12  H    0.000000
    13  H    0.000000
    14  H    0.000000
    15  H    0.001742
    16  C    0.406172
    17  H   -0.026963
    18  H   -0.029796
    19  H    0.570475
          Atomic-Atomic Spin Densities.
               1          2          3          4          5          6
     1  C   -0.023384  -0.024986  -0.002541  -0.001912  -0.001704   0.026730
     2  C   -0.024986   0.109245   0.032981  -0.001810   0.005075  -0.011100
     3  C   -0.002541   0.032981  -0.013520   0.045950  -0.003444  -0.001656
     4  C   -0.001912  -0.001810   0.045950   0.235745   0.018175  -0.009864
     5  C   -0.001704   0.005075  -0.003444   0.018175  -0.093930  -0.022891
     6  C    0.026730  -0.011100  -0.001656  -0.009864  -0.022891   0.252221
     7  H   -0.000159  -0.000038  -0.000029   0.000687  -0.000699   0.000199
     8  O    0.000052  -0.000097  -0.002109  -0.058502  -0.000350   0.000411
     9  O    0.000376  -0.008062  -0.052830  -0.006074  -0.000008   0.000156
    10  H    0.000549   0.000439   0.000121  -0.000037  -0.000191   0.000093
    11  C    0.000035  -0.000522   0.000186  -0.003860  -0.000874   0.000101
    12  H   -0.000010   0.000248   0.001270   0.006006   0.000513  -0.000109
    13  H   -0.000042  -0.000113   0.000268   0.000991  -0.000277   0.000039
    14  H    0.000000  -0.000003   0.000002  -0.000005   0.000005   0.000000
    15  H    0.000245  -0.000190   0.000040  -0.000273   0.000196   0.002062
    16  C    0.000717   0.001142  -0.000225  -0.000021   0.000094  -0.001723
    17  H    0.000525  -0.000326   0.000037   0.000038  -0.000040   0.000123
    18  H   -0.000076   0.000870   0.000005  -0.000040   0.000120  -0.001372
    19  H    0.000313   0.000008  -0.000015   0.000039  -0.000076  -0.000007
               7          8          9         10         11         12
     1  C   -0.000159   0.000052   0.000376   0.000549   0.000035  -0.000010
     2  C   -0.000038  -0.000097  -0.008062   0.000439  -0.000522   0.000248
     3  C   -0.000029  -0.002109  -0.052830   0.000121   0.000186   0.001270
     4  C    0.000687  -0.058502  -0.006074  -0.000037  -0.003860   0.006006
     5  C   -0.000699  -0.000350  -0.000008  -0.000191  -0.000874   0.000513
     6  C    0.000199   0.000411   0.000156   0.000093   0.000101  -0.000109
     7  H    0.003854   0.000024  -0.000007  -0.000001   0.000053  -0.000036
     8  O    0.000024   0.212217   0.004196  -0.000020  -0.011659  -0.005441
     9  O   -0.000007   0.004196   0.472044   0.000276  -0.006988   0.000249
    10  H   -0.000001  -0.000020   0.000276  -0.006594   0.000048  -0.000021
    11  C    0.000053  -0.011659  -0.006988   0.000048   0.032064  -0.012319
    12  H   -0.000036  -0.005441   0.000249  -0.000021  -0.012319   0.036893
    13  H   -0.000015  -0.000457  -0.012856   0.000035   0.019430  -0.001334
    14  H    0.000006  -0.000024  -0.000224   0.000001   0.001751  -0.000816
    15  H    0.000276   0.000003   0.000000   0.000010   0.000000  -0.000001
    16  C    0.000000   0.000000  -0.000006  -0.000084   0.000000   0.000000
    17  H    0.000001   0.000000   0.000007   0.000254   0.000000   0.000000
    18  H   -0.000003   0.000000  -0.000004  -0.000186   0.000000   0.000000
    19  H    0.000002   0.000000   0.000000   0.000053   0.000000   0.000000
              13         14         15         16         17         18
     1  C   -0.000042   0.000000   0.000245   0.000717   0.000525  -0.000076
     2  C   -0.000113  -0.000003  -0.000190   0.001142  -0.000326   0.000870
     3  C    0.000268   0.000002   0.000040  -0.000225   0.000037   0.000005
     4  C    0.000991  -0.000005  -0.000273  -0.000021   0.000038  -0.000040
     5  C   -0.000277   0.000005   0.000196   0.000094  -0.000040   0.000120
     6  C    0.000039   0.000000   0.002062  -0.001723   0.000123  -0.001372
     7  H   -0.000015   0.000006   0.000276   0.000000   0.000001  -0.000003
     8  O   -0.000457  -0.000024   0.000003   0.000000   0.000000   0.000000
     9  O   -0.012856  -0.000224   0.000000  -0.000006   0.000007  -0.000004
    10  H    0.000035   0.000001   0.000010  -0.000084   0.000254  -0.000186
    11  C    0.019430   0.001751   0.000000   0.000000   0.000000   0.000000
    12  H   -0.001334  -0.000816  -0.000001   0.000000   0.000000   0.000000
    13  H   -0.003339   0.000206   0.000001  -0.000001   0.000000   0.000000
    14  H    0.000206  -0.002771   0.000000   0.000000   0.000000   0.000000
    15  H    0.000001   0.000000  -0.015486   0.000172   0.000008  -0.000084
    16  C   -0.000001   0.000000   0.000172   0.001503  -0.000896   0.000746
    17  H    0.000000   0.000000   0.000008  -0.000896   0.000369  -0.000358
    18  H    0.000000   0.000000  -0.000084   0.000746  -0.000358   0.000240
    19  H    0.000000   0.000000   0.000074   0.000137   0.000244   0.000303
              19
     1  C    0.000313
     2  C    0.000008
     3  C   -0.000015
     4  C    0.000039
     5  C   -0.000076
     6  C   -0.000007
     7  H    0.000002
     8  O    0.000000
     9  O    0.000000
    10  H    0.000053
    11  C    0.000000
    12  H    0.000000
    13  H    0.000000
    14  H    0.000000
    15  H    0.000074
    16  C    0.000137
    17  H    0.000244
    18  H    0.000303
    19  H   -0.000700
 Mulliken charges and spin densities:
               1          2
     1  C   -0.101608  -0.025272
     2  C   -0.070620   0.102761
     3  C    0.199269   0.004492
     4  C    0.121511   0.225231
     5  C   -0.079476  -0.100308
     6  C   -0.062361   0.233415
     7  H    0.111045   0.004114
     8  O   -0.284618   0.138245
     9  O   -0.368553   0.390246
    10  H    0.101692  -0.005256
    11  C   -0.185758   0.017447
    12  H    0.107394   0.025091
    13  H    0.190187   0.002535
    14  H    0.110597  -0.001871
    15  H    0.098773  -0.012946
    16  C   -0.254853   0.001556
    17  H    0.117788  -0.000015
    18  H    0.131350   0.000161
    19  H    0.118241   0.000375
 Sum of Mulliken charges =   0.00000   1.00000
 Mulliken charges and spin densities with hydrogens summed into heavy atoms:
               1          2
     1  C   -0.101608  -0.025272
     2  C    0.031073   0.097504
     3  C    0.199269   0.004492
     4  C    0.121511   0.225231
     5  C    0.031568  -0.096194
     6  C    0.036412   0.220468
     8  O   -0.284618   0.138245
     9  O   -0.368553   0.390246
    11  C    0.222420   0.043203
    16  C    0.112526   0.002077
 APT charges:
               1
     1  C    0.125753
     2  C   -0.493472
     3  C   -0.250197
     4  C   -0.149437
     5  C   -0.516450
     6  C   -0.521152
     7  H    0.516173
     8  O   -0.005599
     9  O    0.061268
    10  H    0.466474
    11  C   -0.972646
    12  H    0.319781
    13  H    0.054711
    14  H    0.686250
    15  H    0.599929
    16  C   -1.331072
    17  H    0.430777
    18  H    0.466203
    19  H    0.512706
 Sum of APT charges =   0.00000
 APT charges with hydrogens summed into heavy atoms:
               1
     1  C    0.125753
     2  C   -0.026998
     3  C   -0.250197
     4  C   -0.149437
     5  C   -0.000278
     6  C    0.078777
     8  O   -0.005599
     9  O    0.061268
    11  C    0.088095
    16  C    0.078615
 Electronic spatial extent (au):  <R**2>=           1541.2793
 Charge=              0.0000 electrons
 Dipole moment (field-independent basis, Debye):
    X=             -2.0953    Y=              1.5797    Z=              0.5198  Tot=              2.6750
 Quadrupole moment (field-independent basis, Debye-Ang):
   XX=            -51.9192   YY=            -60.7648   ZZ=            -60.5738
   XY=              0.7597   XZ=              0.7553   YZ=              0.0559
 Traceless Quadrupole moment (field-independent basis, Debye-Ang):
   XX=              5.8334   YY=             -3.0122   ZZ=             -2.8212
   XY=              0.7597   XZ=              0.7553   YZ=              0.0559
 Octapole moment (field-independent basis, Debye-Ang**2):
  XXX=             16.4559  YYY=             11.0653  ZZZ=             -1.2374  XYY=             -8.2774
  XXY=             -2.0365  XXZ=              1.2913  XZZ=              9.2960  YZZ=             -2.6429
  YYZ=             -0.6389  XYZ=             -0.2454
 Hexadecapole moment (field-independent basis, Debye-Ang**3):
 XXXX=          -1399.6219 YYYY=           -461.1132 ZZZZ=            -79.5252 XXXY=            -14.6406
 XXXZ=             -4.6810 YYYX=             10.2907 YYYZ=             -0.0102 ZZZX=             -2.9319
 ZZZY=             -1.4477 XXYY=           -331.8997 XXZZ=           -262.0738 YYZZ=            -97.3891
 XXYZ=             -1.7333 YYXZ=              2.1456 ZZXY=             -1.0746
 N-N= 5.092292195098D+02 E-N=-2.093818605351D+03  KE= 4.591898328789D+02
  Exact polarizability:   0.000   0.000   0.000   0.000   0.000   0.000
 Approx polarizability: 231.070 -24.258 186.027  -0.568   1.334  78.317
                          Isotropic Fermi Contact Couplings
        Atom                 a.u.       MegaHertz       Gauss      10(-4) cm-1
     1  C(13)             -0.00777      -8.73955      -3.11849      -2.91520
     2  C(13)              0.00793       8.91919       3.18259       2.97512
     3  C(13)             -0.01929     -21.68087      -7.73627      -7.23196
     4  C(13)              0.00868       9.75417       3.48053       3.25364
     5  C(13)             -0.01415     -15.90260      -5.67444      -5.30454
     6  C(13)              0.01277      14.35588       5.12253       4.78861
     7  H(1)               0.00110       4.92750       1.75825       1.64364
     8  O(17)              0.02386     -14.46163      -5.16027      -4.82388
     9  O(17)              0.03580     -21.70104      -7.74347      -7.23869
    10  H(1)              -0.00149      -6.68229      -2.38441      -2.22897
    11  C(13)              0.01087      12.21758       4.35954       4.07535
    12  H(1)               0.00881      39.36847      14.04765      13.13191
    13  H(1)               0.00586      26.18019       9.34174       8.73277
    14  H(1)              -0.00058      -2.59551      -0.92614      -0.86577
    15  H(1)              -0.00322     -14.39285      -5.13573      -4.80094
    16  C(13)              0.00012       0.13264       0.04733       0.04424
    17  H(1)              -0.00017      -0.76386      -0.27256      -0.25479
    18  H(1)               0.00021       0.92012       0.32832       0.30692
    19  H(1)               0.00056       2.50299       0.89313       0.83491
 --------------------------------------------------------
       Center         ----  Spin Dipole Couplings  ----
                      3XX-RR        3YY-RR        3ZZ-RR
 --------------------------------------------------------
     1   Atom        0.003866      0.004602     -0.008468
     2   Atom       -0.035698     -0.056910      0.092609
     3   Atom       -0.015236     -0.004337      0.019573
     4   Atom       -0.129650     -0.122943      0.252593
     5   Atom        0.045365      0.039820     -0.085185
     6   Atom       -0.127320     -0.125800      0.253120
     7   Atom        0.003146      0.002036     -0.005182
     8   Atom       -0.353563     -0.188181      0.541744
     9   Atom       -0.483769     -0.599487      1.083256
    10   Atom        0.000749      0.004582     -0.005331
    11   Atom       -0.004479      0.016033     -0.011555
    12   Atom        0.000807     -0.003289      0.002482
    13   Atom        0.016933      0.006424     -0.023358
    14   Atom        0.008142     -0.003158     -0.004984
    15   Atom       -0.002433      0.004400     -0.001967
    16   Atom        0.002722     -0.001761     -0.000961
    17   Atom        0.002137     -0.000339     -0.001798
    18   Atom        0.002470     -0.001098     -0.001372
    19   Atom        0.003378     -0.001397     -0.001981
 --------------------------------------------------------
                        XY            XZ            YZ
 --------------------------------------------------------
     1   Atom       -0.002132      0.012727     -0.009115
     2   Atom        0.000380      0.046641     -0.007450
     3   Atom       -0.010801     -0.035168     -0.030950
     4   Atom        0.013303      0.054984      0.073070
     5   Atom       -0.005998     -0.001409     -0.002894
     6   Atom       -0.005661      0.007332     -0.012924
     7   Atom       -0.004518     -0.000232      0.000212
     8   Atom        0.029021      0.073702      0.390640
     9   Atom        0.276710     -0.826031     -0.670992
    10   Atom        0.008050      0.001971      0.001443
    11   Atom        0.023935      0.021621      0.031124
    12   Atom        0.001405      0.004012     -0.001755
    13   Atom        0.024683      0.005651      0.004717
    14   Atom        0.002172     -0.002203     -0.000178
    15   Atom       -0.018167     -0.000461      0.000635
    16   Atom        0.001660      0.001843     -0.001243
    17   Atom        0.001202      0.000355      0.000208
    18   Atom        0.000994     -0.001734     -0.000204
    19   Atom        0.000725      0.000945     -0.000090
 --------------------------------------------------------


 ---------------------------------------------------------------------------------
              Anisotropic Spin Dipole Couplings in Principal Axis System
 ---------------------------------------------------------------------------------

       Atom             a.u.   MegaHertz   Gauss  10(-4) cm-1        Axes

              Baa    -0.0185    -2.476    -0.884    -0.826 -0.4527  0.2913  0.8427
     1 C(13)  Bbb     0.0023     0.308     0.110     0.103  0.6125  0.7885  0.0564
              Bcc     0.0162     2.169     0.774     0.723  0.6481 -0.5417  0.5353
 
              Baa    -0.0582    -7.806    -2.786    -2.604 -0.3131  0.9388  0.1432
     2 C(13)  Bbb    -0.0499    -6.695    -2.389    -2.233  0.8983  0.3418 -0.2761
              Bcc     0.1081    14.501     5.174     4.837  0.3082 -0.0422  0.9504
 
              Baa    -0.0521    -6.993    -2.495    -2.333  0.6686  0.5049  0.5460
     3 C(13)  Bbb     0.0017     0.232     0.083     0.077 -0.6380  0.7666  0.0723
              Bcc     0.0504     6.761     2.412     2.255 -0.3821 -0.3967  0.8347
 
              Baa    -0.1400   -18.792    -6.706    -6.268  0.7518 -0.6592  0.0174
     4 C(13)  Bbb    -0.1342   -18.004    -6.424    -6.006  0.6447  0.7292 -0.2294
              Bcc     0.2742    36.797    13.130    12.274  0.1385  0.1837  0.9732
 
              Baa    -0.0853   -11.442    -4.083    -3.817  0.0119  0.0237  0.9996
     5 C(13)  Bbb     0.0361     4.840     1.727     1.614  0.5391  0.8418 -0.0264
              Bcc     0.0492     6.602     2.356     2.202  0.8421 -0.5393  0.0028
 
              Baa    -0.1323   -17.753    -6.335    -5.922  0.7458  0.6661  0.0082
     6 C(13)  Bbb    -0.1214   -16.292    -5.814    -5.435 -0.6659  0.7450  0.0387
              Bcc     0.2537    34.045    12.148    11.356  0.0197 -0.0343  0.9992
 
              Baa    -0.0052    -2.769    -0.988    -0.924  0.0180 -0.0181  0.9997
     7 H(1)   Bbb    -0.0020    -1.046    -0.373    -0.349  0.6626  0.7489  0.0017
              Bcc     0.0072     3.816     1.362     1.273  0.7487 -0.6624 -0.0255
 
              Baa    -0.3615    26.155     9.333     8.724  0.7980  0.5266 -0.2929
     8 O(17)  Bbb    -0.3558    25.743     9.186     8.587 -0.5981  0.7517 -0.2780
              Bcc     0.7172   -51.899   -18.519   -17.311  0.0737  0.3971  0.9148
 
              Baa    -0.8460    61.215    21.843    20.419  0.6816  0.5497  0.4830
     9 O(17)  Bbb    -0.8243    59.647    21.284    19.896 -0.6284  0.7779  0.0015
              Bcc     1.6703  -120.862   -43.127   -40.315 -0.3749 -0.3046  0.8756
 
              Baa    -0.0063    -3.353    -1.196    -1.118 -0.6037  0.3523  0.7151
    10 H(1)   Bbb    -0.0050    -2.663    -0.950    -0.888  0.5037 -0.5268  0.6847
              Bcc     0.0113     6.016     2.147     2.007  0.6179  0.7736  0.1406
 
              Baa    -0.0336    -4.505    -1.607    -1.503 -0.3251 -0.3851  0.8637
    11 C(13)  Bbb    -0.0202    -2.713    -0.968    -0.905  0.8140 -0.5789  0.0483
              Bcc     0.0538     7.218     2.575     2.408  0.4814  0.7187  0.5016
 
              Baa    -0.0051    -2.732    -0.975    -0.911 -0.4719  0.7713  0.4271
    12 H(1)   Bbb    -0.0006    -0.346    -0.124    -0.115  0.6288  0.6340 -0.4502
              Bcc     0.0058     3.078     1.098     1.027  0.6180 -0.0561  0.7842
 
              Baa    -0.0242   -12.936    -4.616    -4.315 -0.0864 -0.0831  0.9928
    13 H(1)   Bbb    -0.0136    -7.233    -2.581    -2.413 -0.6303  0.7763  0.0101
              Bcc     0.0378    20.169     7.197     6.728  0.7715  0.6249  0.1195
 
              Baa    -0.0054    -2.860    -1.021    -0.954  0.1749 -0.0931  0.9802
    14 H(1)   Bbb    -0.0035    -1.885    -0.673    -0.629 -0.1593  0.9797  0.1215
              Bcc     0.0089     4.745     1.693     1.583  0.9716  0.1774 -0.1565
 
              Baa    -0.0175    -9.338    -3.332    -3.115  0.7696  0.6385 -0.0033
    15 H(1)   Bbb    -0.0020    -1.065    -0.380    -0.355  0.0258 -0.0260  0.9993
              Bcc     0.0195    10.403     3.712     3.470 -0.6380  0.7692  0.0364
 
              Baa    -0.0036    -0.484    -0.173    -0.162 -0.3611  0.7219  0.5903
    16 C(13)  Bbb    -0.0001    -0.014    -0.005    -0.005 -0.0989 -0.6591  0.7455
              Bcc     0.0037     0.498     0.178     0.166  0.9273  0.2109  0.3094
 
              Baa    -0.0018    -0.981    -0.350    -0.327 -0.0621 -0.0884  0.9941
    17 H(1)   Bbb    -0.0008    -0.439    -0.157    -0.146 -0.3817  0.9225  0.0582
              Bcc     0.0027     1.420     0.507     0.474  0.9222  0.3758  0.0910
 
              Baa    -0.0021    -1.107    -0.395    -0.369  0.3881 -0.2073  0.8980
    18 H(1)   Bbb    -0.0013    -0.687    -0.245    -0.229 -0.1255  0.9534  0.2743
              Bcc     0.0034     1.794     0.640     0.598  0.9131  0.2191 -0.3440
 
              Baa    -0.0022    -1.176    -0.420    -0.392 -0.1955  0.2804  0.9397
    19 H(1)   Bbb    -0.0014    -0.764    -0.273    -0.255 -0.0841  0.9499 -0.3010
              Bcc     0.0036     1.941     0.692     0.647  0.9771  0.1379  0.1622
 

 ---------------------------------------------------------------------------------


 This type of calculation cannot be archived.


 SATCHEL PAIGE'S GUIDE TO LONGEVITY

    1.  AVOID FRIED MEATS, WHICH ANGRY UP THE BLOOD.

    2.  IF YOUR STOMACH DISPUTES YOU, LIE DOWN AND PACIFY IT WITH COOL
        THOUGHTS.

    3.  KEEP THE JUICES FLOWING BY JANGLING AROUND GENTLY AS YOU MOVE.

    4.  GO VERY LIGHT ON THE VICES, SUCH AS CARRYING ON IN SOCIETY.
        THE SOCIAL RUMBLE AIN'T RESTFUL.

    5.  AVOID RUNNING AT ALL TIMES.

    6.  DON'T LOOK BACK.  SOMETHING MAY BE GAINING ON YOU.
 Job cpu time:       0 days  0 hours 25 minutes 31.0 seconds.
 Elapsed time:       0 days  0 hours 25 minutes 21.8 seconds.
 File lengths (MBytes):  RWF=    212 Int=      0 D2E=      0 Chk=      9 Scr=      1
 Normal termination of Gaussian 16 at Tue Jan 13 09:24:31 2026.
