 Entering Link 1 = D:\Gaussian\G16W\l1.exe PID=     52652.
  
 Copyright (c) 1988,1990,1992,1993,1995,1998,2003,2009,2016,
            Gaussian, Inc.  All Rights Reserved.
  
 This is part of the Gaussian(R) 16 program.  It is based on
 the Gaussian(R) 09 system (copyright 2009, Gaussian, Inc.),
 the Gaussian(R) 03 system (copyright 2003, Gaussian, Inc.),
 the Gaussian(R) 98 system (copyright 1998, Gaussian, Inc.),
 the Gaussian(R) 94 system (copyright 1995, Gaussian, Inc.),
 the Gaussian 92(TM) system (copyright 1992, Gaussian, Inc.),
 the Gaussian 90(TM) system (copyright 1990, Gaussian, Inc.),
 the Gaussian 88(TM) system (copyright 1988, Gaussian, Inc.),
 the Gaussian 86(TM) system (copyright 1986, Carnegie Mellon
 University), and the Gaussian 82(TM) system (copyright 1983,
 Carnegie Mellon University). Gaussian is a federally registered
 trademark of Gaussian, Inc.
  
 This software contains proprietary and confidential information,
 including trade secrets, belonging to Gaussian, Inc.
  
 This software is provided under written license and may be
 used, copied, transmitted, or stored only in accord with that
 written license.
  
 The following legend is applicable only to US Government
 contracts under FAR:
  
                    RESTRICTED RIGHTS LEGEND
  
 Use, reproduction and disclosure by the US Government is
 subject to restrictions as set forth in subparagraphs (a)
 and (c) of the Commercial Computer Software - Restricted
 Rights clause in FAR 52.227-19.
  
 Gaussian, Inc.
 340 Quinnipiac St., Bldg. 40, Wallingford CT 06492
  
  
 ---------------------------------------------------------------
 Warning -- This program may not be used in any manner that
 competes with the business of Gaussian, Inc. or will provide
 assistance to any competitor of Gaussian, Inc.  The licensee
 of this program is prohibited from giving any competitor of
 Gaussian, Inc. access to this program.  By using this program,
 the user acknowledges that Gaussian, Inc. is engaged in the
 business of creating and licensing software in the field of
 computational chemistry and represents and warrants to the
 licensee that it is not a competitor of Gaussian, Inc. and that
 it will not use this program in any manner prohibited above.
 ---------------------------------------------------------------
  

 Cite this work as:
 Gaussian 16, Revision A.03,
 M. J. Frisch, G. W. Trucks, H. B. Schlegel, G. E. Scuseria, 
 M. A. Robb, J. R. Cheeseman, G. Scalmani, V. Barone, 
 G. A. Petersson, H. Nakatsuji, X. Li, M. Caricato, A. V. Marenich, 
 J. Bloino, B. G. Janesko, R. Gomperts, B. Mennucci, H. P. Hratchian, 
 J. V. Ortiz, A. F. Izmaylov, J. L. Sonnenberg, D. Williams-Young, 
 F. Ding, F. Lipparini, F. Egidi, J. Goings, B. Peng, A. Petrone, 
 T. Henderson, D. Ranasinghe, V. G. Zakrzewski, J. Gao, N. Rega, 
 G. Zheng, W. Liang, M. Hada, M. Ehara, K. Toyota, R. Fukuda, 
 J. Hasegawa, M. Ishida, T. Nakajima, Y. Honda, O. Kitao, H. Nakai, 
 T. Vreven, K. Throssell, J. A. Montgomery, Jr., J. E. Peralta, 
 F. Ogliaro, M. J. Bearpark, J. J. Heyd, E. N. Brothers, K. N. Kudin, 
 V. N. Staroverov, T. A. Keith, R. Kobayashi, J. Normand, 
 K. Raghavachari, A. P. Rendell, J. C. Burant, S. S. Iyengar, 
 J. Tomasi, M. Cossi, J. M. Millam, M. Klene, C. Adamo, R. Cammi, 
 J. W. Ochterski, R. L. Martin, K. Morokuma, O. Farkas, 
 J. B. Foresman, and D. J. Fox, Gaussian, Inc., Wallingford CT, 2016.
 
 ******************************************
 Gaussian 16:  EM64W-G16RevA.03 17-Dec-2016
                13-Jan-2026 
 ******************************************
 %nprocshared=20
 Will use up to   20 processors via shared memory.
 %mem=58339MB
 %chk=SR-14-ts-SR-15.chk
 ----------------------------------------------------------------------
 # irc=(calcfc,recalc=2,stepsize=5) ub3lyp/6-311g(d,p) geom=connectivit
 y
 ----------------------------------------------------------------------
 1/10=4,18=10,26=3,38=1,39=5,44=3,57=2,71=2,172=1/1,23;
 2/12=2,17=6,18=5,29=1,40=1/2;
 3/5=4,6=6,7=101,11=2,25=1,30=1,71=2,74=-5,116=2,140=1/1,2,3;
 4//1;
 5/5=2,38=5/2;
 8/6=4,10=90,11=11/1;
 11/6=1,8=1,9=11,15=111,16=1/1,2,10;
 10/6=1,13=1/2;
 6/7=2,8=2,9=2,10=2,28=1/1;
 7/10=1,18=20,25=1/1,2,3,16;
 1/10=4,18=10,26=3,39=5,44=3,71=2/23(2);
 2/29=1/2;
 99/5=20/99;
 2/29=1/2;
 3/5=4,6=6,7=101,11=2,25=1,30=1,71=2,74=-5,116=2,140=1/1,2,3;
 4/5=5,16=3,69=1/1;
 5/5=2,38=5/2;
 8/6=4,10=90,11=11/1;
 11/6=1,8=1,9=11,15=111,16=1/1,2,10;
 10/6=1,13=1/2;
 7/10=1,18=20,25=1/1,2,3,16;
 1/18=10,26=3,39=5,44=3,71=2/23(-8);
 2/29=1/2;
 6/7=2,8=2,9=2,10=2,19=2,28=1/1;
 99/5=20,9=1/99;
 -------------------
 Title Card Required
 -------------------
 Symbolic Z-matrix:
 Charge =  0 Multiplicity = 2
 C                    -1.84696  -0.03449  -0.013 
 C                    -0.97566   1.07603  -0.0515 
 C                     0.38573   0.90924  -0.06504 
 C                     0.97866  -0.42371  -0.11699 
 C                     0.06921  -1.5396    0.01533 
 C                    -1.28709  -1.33118   0.05001 
 H                     0.48603  -2.53897   0.04368 
 O                     2.32564  -0.42918   0.792 
 O                     1.22541   1.9723   -0.0082 
 H                    -1.36689   2.08707  -0.02409 
 C                     2.36508  -0.60718  -0.60605 
 H                     2.64413  -1.6043   -0.95022 
 H                     2.03529   1.64765   0.41946 
 H                     2.82069   0.19781  -1.18587 
 H                    -1.95209  -2.18588   0.11637 
 C                    -3.33658   0.17466   0.00288 
 H                    -3.64089   0.81363   0.83887 
 H                    -3.67707   0.66771  -0.91458 
 H                    -3.87195  -0.77228   0.09225 
 
 IRC-IRC-IRC-IRC-IRC-IRC-IRC-IRC-IRC-IRC-IRC-IRC-IRC-IRC-IRC-IRC-IRC-IRC
 ------------------------------------------------------------------------
 INPUT DATA FOR L123
 ------------------------------------------------------------------------
 GENERAL PARAMETERS:
 Follow reaction path in both directions.
 Maximum points per path      =  10
 Step size                    =   0.050 bohr
 Integration scheme           = HPC                                 
    Redo corrector integration= Yes                                 
    DWI Weight Power          =  2
    DWI will use Hessian update vectors when possible.
    Max correction cycles     =  20
 Initial Hessian              = CalcFC
 Hessian evaluation           = Analytic every   2 predictor steps
                              = Update at all corrector steps
 Hessian updating method      = Bofill                              
 ------------------------------------------------------------------------
 IRC-IRC-IRC-IRC-IRC-IRC-IRC-IRC-IRC-IRC-IRC-IRC-IRC-IRC-IRC-IRC-IRC-IRC
                          Input orientation:                          
 ---------------------------------------------------------------------
 Center     Atomic      Atomic             Coordinates (Angstroms)
 Number     Number       Type             X           Y           Z
 ---------------------------------------------------------------------
      1          6           0       -1.846959   -0.034492   -0.013004
      2          6           0       -0.975659    1.076030   -0.051503
      3          6           0        0.385730    0.909244   -0.065039
      4          6           0        0.978658   -0.423706   -0.116987
      5          6           0        0.069208   -1.539599    0.015329
      6          6           0       -1.287085   -1.331183    0.050008
      7          1           0        0.486026   -2.538973    0.043678
      8          8           0        2.325639   -0.429177    0.791995
      9          8           0        1.225408    1.972296   -0.008204
     10          1           0       -1.366890    2.087067   -0.024093
     11          6           0        2.365079   -0.607182   -0.606048
     12          1           0        2.644126   -1.604298   -0.950224
     13          1           0        2.035286    1.647651    0.419459
     14          1           0        2.820694    0.197806   -1.185874
     15          1           0       -1.952088   -2.185880    0.116372
     16          6           0       -3.336576    0.174657    0.002882
     17          1           0       -3.640894    0.813625    0.838869
     18          1           0       -3.677067    0.667707   -0.914584
     19          1           0       -3.871953   -0.772280    0.092252
 ---------------------------------------------------------------------
                    Distance matrix (angstroms):
                    1          2          3          4          5
     1  C    0.000000
     2  C    1.412057   0.000000
     3  C    2.424509   1.371634   0.000000
     4  C    2.854192   2.464316   1.459801   0.000000
     5  C    2.436770   2.817397   2.470522   1.445622   0.000000
     6  C    1.413802   2.429396   2.798403   2.446425   1.372651
     7  H    3.423223   3.900491   3.451388   2.177809   1.083185
     8  O    4.267830   3.725011   2.507813   1.625003   2.632058
     9  O    3.669695   2.376944   1.355865   2.411129   3.697399
    10  H    2.175225   1.084439   2.112018   3.437180   3.900851
    11  C    4.291962   3.781700   2.551482   1.481556   2.554708
    12  H    4.848971   4.592897   3.493107   2.204964   2.750760
    13  H    4.253052   3.100701   1.871101   2.386369   3.766609
    14  H    4.818358   4.058370   2.773349   2.218534   3.468738
    15  H    2.157837   3.409054   3.883052   3.427679   2.124506
    16  C    1.504312   2.527718   3.794706   4.358171   3.812898
    17  H    2.159443   2.822250   4.127941   4.876977   4.469982
    18  H    2.157597   2.865177   4.157690   4.848002   4.446517
    19  H    2.157779   3.438813   4.580407   4.867619   4.015899
                    6          7          8          9         10
     6  C    0.000000
     7  H    2.145395   0.000000
     8  O    3.796832   2.897481   0.000000
     9  O    4.150781   4.571753   2.760054   0.000000
    10  H    3.419984   4.983787   4.542274   2.594886   0.000000
    11  C    3.780594   2.772147   1.409881   2.882703   4.639530
    12  H    4.065646   2.553205   2.125481   3.961337   5.529208
    13  H    4.477510   4.479870   2.129860   0.971696   3.458992
    14  H    4.554016   3.801635   2.133109   2.660951   4.738660
    15  H    1.084961   2.464621   4.673481   5.234733   4.315120
    16  C    2.543656   4.688042   5.748738   4.903400   2.745488
    17  H    3.280689   5.376217   6.094774   5.073554   2.745442
    18  H    3.261597   5.341573   6.336249   5.153420   2.853853
    19  H    2.644939   4.702717   6.246399   5.790154   3.803254
                   11         12         13         14         15
    11  C    0.000000
    12  H    1.091130   0.000000
    13  H    2.498940   3.580767   0.000000
    14  H    1.091691   1.826003   2.301306   0.000000
    15  H    4.653183   4.754056   5.539582   5.491562   0.000000
    16  C    5.787136   6.312043   5.585709   6.271017   2.738945
    17  H    6.338627   6.967688   5.752436   6.799334   3.517257
    18  H    6.182885   6.717199   5.947347   6.520376   3.490184
    19  H    6.278172   6.651188   6.392073   6.882310   2.384267
                   16         17         18         19
    16  C    0.000000
    17  H    1.095337   0.000000
    18  H    1.095799   1.759886   0.000000
    19  H    1.091469   1.768027   1.767841   0.000000
 Symmetry turned off by external request.
 Stoichiometry    C8H9O2(2)
 Framework group  C1[X(C8H9O2)]
 Deg. of freedom    51
 Full point group                 C1      NOp   1
 Rotational constants (GHZ):           2.7007502           1.0471977           0.7992670
 Standard basis: 6-311G(d,p) (5D, 7F)
   234 basis functions,   392 primitive gaussians,   244 cartesian basis functions
    37 alpha electrons       36 beta electrons
       nuclear repulsion energy       513.1189490074 Hartrees.
 NAtoms=   19 NActive=   19 NUniq=   19 SFac= 1.00D+00 NAtFMM=   60 NAOKFM=F Big=F
 Integral buffers will be    131072 words long.
 Raffenetti 2 integral format.
 Two-electron integral symmetry is turned off.
 One-electron integrals computed using PRISM.
 NBasis=   234 RedAO= T EigKep=  1.92D-04  NBF=   234
 NBsUse=   234 1.00D-06 EigRej= -1.00D+00 NBFU=   234
 ExpMin= 1.03D-01 ExpMax= 8.59D+03 ExpMxC= 1.30D+03 IAcc=3 IRadAn=         5 AccDes= 0.00D+00
 Harris functional with IExCor=  402 and IRadAn=       5 diagonalized for initial guess.
 HarFok:  IExCor=  402 AccDes= 0.00D+00 IRadAn=         5 IDoV= 1 UseB2=F ITyADJ=14
 ICtDFT=  3500011 ScaDFX=  1.000000  1.000000  1.000000  1.000000
 FoFCou: FMM=F IPFlag=           0 FMFlag=      100000 FMFlg1=           0
         NFxFlg=           0 DoJE=T BraDBF=F KetDBF=T FulRan=T
         wScrn=  0.000000 ICntrl=       500 IOpCl=  0 I1Cent=   200000004 NGrid=           0
         NMat0=    1 NMatS0=      1 NMatT0=    0 NMatD0=    1 NMtDS0=    0 NMtDT0=    0
 Symmetry not used in FoFCou.
 Initial guess <Sx>= 0.0000 <Sy>= 0.0000 <Sz>= 0.5000 <S**2>= 0.7500 S= 0.5000
 Requested convergence on RMS density matrix=1.00D-08 within 128 cycles.
 Requested convergence on MAX density matrix=1.00D-06.
 Requested convergence on             energy=1.00D-06.
 No special actions if energy rises.
 Integral accuracy reduced to 1.0D-05 until final iterations.
 Initial convergence to 1.0D-05 achieved.  Increase integral accuracy.
 SCF Done:  E(UB3LYP) =  -460.750253021     A.U. after   19 cycles
            NFock= 19  Conv=0.35D-08     -V/T= 2.0038
 <Sx>= 0.0000 <Sy>= 0.0000 <Sz>= 0.5000 <S**2>= 0.7802 S= 0.5150
 <L.S>= 0.000000000000E+00
 Annihilation of the first spin contaminant:
 S**2 before annihilation     0.7802,   after     0.7506
 DoSCS=F DFT=T ScalE2(SS,OS)=  1.000000  1.000000
 Range of M.O.s used for correlation:     1   234
 NBasis=   234 NAE=    37 NBE=    36 NFC=     0 NFV=     0
 NROrb=    234 NOA=    37 NOB=    36 NVA=   197 NVB=   198

 **** Warning!!: The largest alpha MO coefficient is  0.15796548D+02


 **** Warning!!: The largest beta MO coefficient is  0.15668552D+02

 Symmetrizing basis deriv contribution to polar:
 IMax=3 JMax=2 DiffMx= 0.00D+00
 G2DrvN: will do    20 centers at a time, making    1 passes.
 Calling FoFCou, ICntrl=  3107 FMM=F I1Cent=   0 AccDes= 0.00D+00.
 End of G2Drv F.D. properties file   721 does not exist.
 End of G2Drv F.D. properties file   722 does not exist.
 End of G2Drv F.D. properties file   788 does not exist.
          IDoAtm=1111111111111111111
          Differentiating once with respect to nuclear coordinates.
 Keep R1 and R2 ints in memory in canonical form, NReq=777448244.
          There are    60 degrees of freedom in the 1st order CPHF.  IDoFFX=6 NUNeed=     0.
     54 vectors produced by pass  0 Test12= 2.40D-14 1.67D-09 XBig12= 3.51D-01 2.64D-01.
 AX will form    54 AO Fock derivatives at one time.
     54 vectors produced by pass  1 Test12= 2.40D-14 1.67D-09 XBig12= 7.28D-02 6.71D-02.
     54 vectors produced by pass  2 Test12= 2.40D-14 1.67D-09 XBig12= 1.63D-03 1.26D-02.
     54 vectors produced by pass  3 Test12= 2.40D-14 1.67D-09 XBig12= 1.81D-05 7.91D-04.
     54 vectors produced by pass  4 Test12= 2.40D-14 1.67D-09 XBig12= 1.19D-07 3.74D-05.
     54 vectors produced by pass  5 Test12= 2.40D-14 1.67D-09 XBig12= 7.54D-10 2.36D-06.
     44 vectors produced by pass  6 Test12= 2.40D-14 1.67D-09 XBig12= 4.48D-12 1.60D-07.
     12 vectors produced by pass  7 Test12= 2.40D-14 1.67D-09 XBig12= 1.96D-14 1.20D-08.
 InvSVY:  IOpt=1 It=  1 EMax= 1.28D-15
 Solved reduced A of dimension   380 with    60 vectors.
 End of Minotr F.D. properties file   721 does not exist.
 End of Minotr F.D. properties file   722 does not exist.
 End of Minotr F.D. properties file   788 does not exist.

 **********************************************************************

            Population analysis using the SCF density.

 **********************************************************************

 Alpha  occ. eigenvalues --  -19.15382 -19.13553 -10.24650 -10.24271 -10.23313
 Alpha  occ. eigenvalues --  -10.19521 -10.18488 -10.17781 -10.17406 -10.17195
 Alpha  occ. eigenvalues --   -1.08122  -1.04580  -0.86270  -0.77871  -0.75620
 Alpha  occ. eigenvalues --   -0.70359  -0.65953  -0.62195  -0.61343  -0.54817
 Alpha  occ. eigenvalues --   -0.51921  -0.50262  -0.46764  -0.44820  -0.44343
 Alpha  occ. eigenvalues --   -0.43776  -0.42408  -0.40500  -0.40049  -0.38467
 Alpha  occ. eigenvalues --   -0.37119  -0.36152  -0.34341  -0.31145  -0.28717
 Alpha  occ. eigenvalues --   -0.25460  -0.17711
 Alpha virt. eigenvalues --   -0.00875   0.02057   0.04703   0.04802   0.05907
 Alpha virt. eigenvalues --    0.08122   0.08955   0.09791   0.11146   0.11910
 Alpha virt. eigenvalues --    0.12600   0.14281   0.16526   0.18779   0.21248
 Alpha virt. eigenvalues --    0.22971   0.24952   0.27726   0.29946   0.30311
 Alpha virt. eigenvalues --    0.30735   0.34361   0.34746   0.37020   0.37663
 Alpha virt. eigenvalues --    0.38326   0.39200   0.41262   0.43437   0.43918
 Alpha virt. eigenvalues --    0.44525   0.45847   0.46913   0.47316   0.48444
 Alpha virt. eigenvalues --    0.50315   0.52705   0.52837   0.54135   0.54830
 Alpha virt. eigenvalues --    0.56210   0.57057   0.59240   0.59598   0.60868
 Alpha virt. eigenvalues --    0.61423   0.63059   0.63262   0.65180   0.66740
 Alpha virt. eigenvalues --    0.70077   0.74284   0.75717   0.77083   0.78219
 Alpha virt. eigenvalues --    0.80093   0.81449   0.81600   0.86241   0.86970
 Alpha virt. eigenvalues --    0.89535   0.92613   0.94108   0.96963   0.98874
 Alpha virt. eigenvalues --    0.99151   1.01715   1.04366   1.06073   1.07664
 Alpha virt. eigenvalues --    1.10439   1.13246   1.16705   1.20182   1.23363
 Alpha virt. eigenvalues --    1.26692   1.33027   1.33540   1.34486   1.39383
 Alpha virt. eigenvalues --    1.40007   1.41074   1.44761   1.45463   1.46736
 Alpha virt. eigenvalues --    1.48869   1.50142   1.51754   1.54175   1.54494
 Alpha virt. eigenvalues --    1.55142   1.56714   1.58041   1.59629   1.61266
 Alpha virt. eigenvalues --    1.64935   1.65740   1.67217   1.68665   1.71051
 Alpha virt. eigenvalues --    1.72397   1.74392   1.76949   1.77618   1.79571
 Alpha virt. eigenvalues --    1.83180   1.84325   1.86991   1.90561   1.91716
 Alpha virt. eigenvalues --    1.92648   1.94604   1.98318   1.99858   2.01487
 Alpha virt. eigenvalues --    2.03206   2.05738   2.09838   2.10752   2.14776
 Alpha virt. eigenvalues --    2.18404   2.22875   2.23868   2.28207   2.30142
 Alpha virt. eigenvalues --    2.33736   2.34374   2.35539   2.40342   2.42953
 Alpha virt. eigenvalues --    2.44575   2.48507   2.51025   2.53283   2.54564
 Alpha virt. eigenvalues --    2.55050   2.57604   2.59324   2.62446   2.63730
 Alpha virt. eigenvalues --    2.65873   2.67732   2.69053   2.70350   2.71728
 Alpha virt. eigenvalues --    2.75783   2.80619   2.81153   2.83869   2.85262
 Alpha virt. eigenvalues --    2.87400   2.91132   2.99411   3.01413   3.04301
 Alpha virt. eigenvalues --    3.05802   3.07243   3.09397   3.14807   3.18141
 Alpha virt. eigenvalues --    3.19714   3.26512   3.30124   3.36993   3.41766
 Alpha virt. eigenvalues --    3.49024   3.49878   3.58641   3.59564   3.60019
 Alpha virt. eigenvalues --    3.71132   3.77367   3.79258   3.81991   3.88667
 Alpha virt. eigenvalues --    3.98915   4.08599   4.10892   4.29704   4.42919
 Alpha virt. eigenvalues --    4.77709   4.85744   4.93576   5.11395   5.33135
 Alpha virt. eigenvalues --    5.46409   5.68579  23.50916  23.80801  23.83635
 Alpha virt. eigenvalues --   23.87099  23.90777  23.96390  24.11394  24.16909
 Alpha virt. eigenvalues --   49.86624  49.90856
  Beta  occ. eigenvalues --  -19.15216 -19.12810 -10.24395 -10.24223 -10.23146
  Beta  occ. eigenvalues --  -10.18929 -10.18040 -10.17950 -10.17442 -10.17396
  Beta  occ. eigenvalues --   -1.07578  -1.03401  -0.85617  -0.77080  -0.75213
  Beta  occ. eigenvalues --   -0.69958  -0.65372  -0.61736  -0.61018  -0.54239
  Beta  occ. eigenvalues --   -0.51530  -0.49821  -0.46311  -0.44435  -0.44070
  Beta  occ. eigenvalues --   -0.42864  -0.41688  -0.39980  -0.39445  -0.37981
  Beta  occ. eigenvalues --   -0.36710  -0.35251  -0.33714  -0.29308  -0.28054
  Beta  occ. eigenvalues --   -0.24421
  Beta virt. eigenvalues --   -0.09662   0.00690   0.03591   0.04803   0.05120
  Beta virt. eigenvalues --    0.06159   0.08226   0.09027   0.10010   0.11453
  Beta virt. eigenvalues --    0.12100   0.12792   0.14437   0.17593   0.19293
  Beta virt. eigenvalues --    0.21611   0.23313   0.25217   0.28054   0.30226
  Beta virt. eigenvalues --    0.30557   0.30855   0.34819   0.34825   0.37308
  Beta virt. eigenvalues --    0.37901   0.38640   0.39829   0.41621   0.43719
  Beta virt. eigenvalues --    0.44256   0.44788   0.46290   0.47058   0.47953
  Beta virt. eigenvalues --    0.48618   0.50614   0.52931   0.53479   0.54868
  Beta virt. eigenvalues --    0.55205   0.56772   0.57183   0.59364   0.59804
  Beta virt. eigenvalues --    0.60922   0.61537   0.63237   0.63427   0.65647
  Beta virt. eigenvalues --    0.67061   0.70582   0.74634   0.76325   0.77332
  Beta virt. eigenvalues --    0.78475   0.80464   0.81886   0.81964   0.86355
  Beta virt. eigenvalues --    0.87287   0.89885   0.92831   0.94516   0.97413
  Beta virt. eigenvalues --    0.99221   0.99330   1.02098   1.04984   1.06510
  Beta virt. eigenvalues --    1.08242   1.10937   1.13476   1.17433   1.20560
  Beta virt. eigenvalues --    1.23664   1.27218   1.33153   1.34077   1.34884
  Beta virt. eigenvalues --    1.39660   1.40402   1.41288   1.44984   1.45846
  Beta virt. eigenvalues --    1.46944   1.49254   1.50440   1.52032   1.54403
  Beta virt. eigenvalues --    1.54895   1.55304   1.57193   1.58423   1.60026
  Beta virt. eigenvalues --    1.61641   1.65191   1.65903   1.67476   1.68933
  Beta virt. eigenvalues --    1.71349   1.72756   1.74736   1.77276   1.78068
  Beta virt. eigenvalues --    1.79903   1.83461   1.84809   1.87336   1.91043
  Beta virt. eigenvalues --    1.92101   1.93203   1.94788   1.98649   2.00123
  Beta virt. eigenvalues --    2.01786   2.03692   2.06052   2.10266   2.11094
  Beta virt. eigenvalues --    2.15277   2.18594   2.23111   2.24065   2.28558
  Beta virt. eigenvalues --    2.30499   2.33998   2.34729   2.35719   2.40548
  Beta virt. eigenvalues --    2.43168   2.44844   2.48693   2.51158   2.53653
  Beta virt. eigenvalues --    2.54814   2.55727   2.57779   2.59587   2.62576
  Beta virt. eigenvalues --    2.63735   2.66611   2.67863   2.69520   2.70521
  Beta virt. eigenvalues --    2.71976   2.76189   2.80945   2.81556   2.84837
  Beta virt. eigenvalues --    2.86491   2.87705   2.91451   3.00585   3.02147
  Beta virt. eigenvalues --    3.05595   3.06962   3.07589   3.09908   3.15256
  Beta virt. eigenvalues --    3.18508   3.20341   3.26880   3.30406   3.37268
  Beta virt. eigenvalues --    3.41968   3.49404   3.50159   3.58924   3.59639
  Beta virt. eigenvalues --    3.61294   3.71329   3.77567   3.79437   3.82108
  Beta virt. eigenvalues --    3.89341   3.99110   4.08849   4.11272   4.30257
  Beta virt. eigenvalues --    4.43585   4.78279   4.86429   4.94184   5.13797
  Beta virt. eigenvalues --    5.33502   5.46979   5.68811  23.51152  23.81033
  Beta virt. eigenvalues --   23.83793  23.87201  23.90879  23.96731  24.11420
  Beta virt. eigenvalues --   24.17013  49.87278  49.91110
          Condensed to atoms (all electrons):
               1          2          3          4          5          6
     1  C    5.125637   0.479668  -0.050930  -0.051781  -0.053503   0.495556
     2  C    0.479668   4.855250   0.560183  -0.051259  -0.037789  -0.053988
     3  C   -0.050930   0.560183   4.835296   0.220286   0.024097  -0.047747
     4  C   -0.051781  -0.051259   0.220286   5.654763   0.331690  -0.034014
     5  C   -0.053503  -0.037789   0.024097   0.331690   4.899278   0.536759
     6  C    0.495556  -0.053988  -0.047747  -0.034014   0.536759   4.834869
     7  H    0.008652  -0.000607   0.004608  -0.048175   0.421842  -0.034951
     8  O    0.000417   0.001027  -0.012139   0.025875   0.002287   0.000941
     9  O    0.004110  -0.051694   0.374251  -0.083572   0.005174  -0.000395
    10  H   -0.050526   0.399906  -0.035120   0.015367  -0.001644   0.007457
    11  C    0.000407   0.002015  -0.078233   0.251467  -0.055390   0.004551
    12  H   -0.000011   0.000190   0.008907  -0.015006  -0.009123  -0.000860
    13  H   -0.000156   0.006948  -0.037927  -0.026439   0.000049  -0.000118
    14  H   -0.000199  -0.000902  -0.017894  -0.020800   0.007110   0.000381
    15  H   -0.048655   0.007587  -0.000574   0.010456  -0.036095   0.412171
    16  C    0.364019  -0.054961   0.005163  -0.000023   0.006181  -0.056473
    17  H   -0.039527  -0.004001   0.000354  -0.000074  -0.000250   0.001753
    18  H   -0.039001  -0.004605   0.000246   0.000025  -0.000198   0.001336
    19  H   -0.035339   0.006926  -0.000377   0.000040   0.000526  -0.007594
               7          8          9         10         11         12
     1  C    0.008652   0.000417   0.004110  -0.050526   0.000407  -0.000011
     2  C   -0.000607   0.001027  -0.051694   0.399906   0.002015   0.000190
     3  C    0.004608  -0.012139   0.374251  -0.035120  -0.078233   0.008907
     4  C   -0.048175   0.025875  -0.083572   0.015367   0.251467  -0.015006
     5  C    0.421842   0.002287   0.005174  -0.001644  -0.055390  -0.009123
     6  C   -0.034951   0.000941  -0.000395   0.007457   0.004551  -0.000860
     7  H    0.573607   0.002744  -0.000074   0.000082  -0.005761   0.000314
     8  O    0.002744   8.230045  -0.013711  -0.000111   0.145300  -0.024380
     9  O   -0.000074  -0.013711   7.781151   0.004913   0.005887   0.000015
    10  H    0.000082  -0.000111   0.004913   0.570738  -0.000412  -0.000001
    11  C   -0.005761   0.145300   0.005887  -0.000412   4.880950   0.383286
    12  H    0.000314  -0.024380   0.000015  -0.000001   0.383286   0.598536
    13  H   -0.000066   0.043564   0.317483  -0.000746  -0.003818   0.001878
    14  H    0.000302  -0.035651   0.013080  -0.000007   0.391127  -0.053728
    15  H   -0.009537  -0.000055   0.000008  -0.000307  -0.000314   0.000011
    16  C   -0.000322   0.000001  -0.000084  -0.006317   0.000019   0.000000
    17  H    0.000013  -0.000002  -0.000013   0.001031   0.000003   0.000000
    18  H    0.000023   0.000001   0.000000   0.000835  -0.000006   0.000001
    19  H   -0.000028   0.000000   0.000002   0.000117  -0.000001   0.000000
              13         14         15         16         17         18
     1  C   -0.000156  -0.000199  -0.048655   0.364019  -0.039527  -0.039001
     2  C    0.006948  -0.000902   0.007587  -0.054961  -0.004001  -0.004605
     3  C   -0.037927  -0.017894  -0.000574   0.005163   0.000354   0.000246
     4  C   -0.026439  -0.020800   0.010456  -0.000023  -0.000074   0.000025
     5  C    0.000049   0.007110  -0.036095   0.006181  -0.000250  -0.000198
     6  C   -0.000118   0.000381   0.412171  -0.056473   0.001753   0.001336
     7  H   -0.000066   0.000302  -0.009537  -0.000322   0.000013   0.000023
     8  O    0.043564  -0.035651  -0.000055   0.000001  -0.000002   0.000001
     9  O    0.317483   0.013080   0.000008  -0.000084  -0.000013   0.000000
    10  H   -0.000746  -0.000007  -0.000307  -0.006317   0.001031   0.000835
    11  C   -0.003818   0.391127  -0.000314   0.000019   0.000003  -0.000006
    12  H    0.001878  -0.053728   0.000011   0.000000   0.000000   0.000001
    13  H    0.457936  -0.011997  -0.000001   0.000021  -0.000002   0.000002
    14  H   -0.011997   0.620212   0.000001   0.000001   0.000000   0.000000
    15  H   -0.000001   0.000001   0.583000  -0.009127   0.000011   0.000134
    16  C    0.000021   0.000001  -0.009127   4.797505   0.402053   0.400433
    17  H   -0.000002   0.000000   0.000011   0.402053   0.572780  -0.032999
    18  H    0.000002   0.000000   0.000134   0.400433  -0.032999   0.574843
    19  H   -0.000002   0.000000   0.003935   0.408122  -0.026679  -0.026760
              19
     1  C   -0.035339
     2  C    0.006926
     3  C   -0.000377
     4  C    0.000040
     5  C    0.000526
     6  C   -0.007594
     7  H   -0.000028
     8  O    0.000000
     9  O    0.000002
    10  H    0.000117
    11  C   -0.000001
    12  H    0.000000
    13  H   -0.000002
    14  H    0.000000
    15  H    0.003935
    16  C    0.408122
    17  H   -0.026679
    18  H   -0.026760
    19  H    0.569500
          Atomic-Atomic Spin Densities.
               1          2          3          4          5          6
     1  C    0.481575  -0.021467  -0.020358  -0.002068  -0.023468   0.029181
     2  C   -0.021467  -0.169082   0.023316   0.002080   0.002845   0.000437
     3  C   -0.020358   0.023316   0.310994   0.018191   0.010577  -0.000413
     4  C   -0.002068   0.002080   0.018191  -0.112075   0.011388  -0.000570
     5  C   -0.023468   0.002845   0.010577   0.011388   0.382347  -0.023677
     6  C    0.029181   0.000437  -0.000413  -0.000570  -0.023677  -0.155664
     7  H   -0.000316  -0.000071  -0.000200  -0.000420   0.003562   0.000813
     8  O    0.000401  -0.000645  -0.008846  -0.041082  -0.007416  -0.000088
     9  O    0.000492  -0.000309  -0.042800   0.000938  -0.000277   0.000002
    10  H   -0.000366   0.000000   0.000084   0.000045  -0.000020  -0.000072
    11  C    0.000422   0.000255  -0.014342   0.052747  -0.016790   0.001040
    12  H   -0.000026  -0.000018   0.000339  -0.001748   0.001936  -0.000057
    13  H    0.000009  -0.000345  -0.002719   0.000441   0.000055   0.000007
    14  H   -0.000003   0.000011   0.001000  -0.001794   0.000376  -0.000042
    15  H   -0.000171   0.000039  -0.000019  -0.000007  -0.000323   0.000066
    16  C   -0.009994   0.002705  -0.000253  -0.000069   0.000004  -0.000304
    17  H   -0.011698   0.000840   0.000318  -0.000036   0.000143  -0.000429
    18  H   -0.011708   0.000394   0.000215   0.000067   0.000171  -0.000262
    19  H   -0.000738  -0.000081   0.000000   0.000001   0.000020   0.000331
               7          8          9         10         11         12
     1  C   -0.000316   0.000401   0.000492  -0.000366   0.000422  -0.000026
     2  C   -0.000071  -0.000645  -0.000309   0.000000   0.000255  -0.000018
     3  C   -0.000200  -0.008846  -0.042800   0.000084  -0.014342   0.000339
     4  C   -0.000420  -0.041082   0.000938   0.000045   0.052747  -0.001748
     5  C    0.003562  -0.007416  -0.000277  -0.000020  -0.016790   0.001936
     6  C    0.000813  -0.000088   0.000002  -0.000072   0.001040  -0.000057
     7  H   -0.023350   0.000661   0.000003  -0.000002  -0.000782   0.000225
     8  O    0.000661   0.361879   0.000917   0.000012  -0.074024   0.002674
     9  O    0.000003   0.000917   0.082919  -0.000022   0.002526  -0.000061
    10  H   -0.000002   0.000012  -0.000022   0.006751  -0.000018   0.000001
    11  C   -0.000782  -0.074024   0.002526  -0.000018   0.132679  -0.003981
    12  H    0.000225   0.002674  -0.000061   0.000001  -0.003981  -0.001725
    13  H    0.000008   0.000166   0.001335   0.000008  -0.002110  -0.000006
    14  H    0.000012   0.002166  -0.000611   0.000001  -0.001430   0.001539
    15  H    0.000379   0.000019   0.000000   0.000001  -0.000042   0.000003
    16  C    0.000006   0.000000   0.000001   0.000250   0.000003   0.000000
    17  H   -0.000005  -0.000003  -0.000012  -0.000120   0.000009   0.000000
    18  H    0.000006   0.000002   0.000002   0.000022  -0.000014   0.000001
    19  H    0.000000   0.000000   0.000000   0.000001   0.000000   0.000000
              13         14         15         16         17         18
     1  C    0.000009  -0.000003  -0.000171  -0.009994  -0.011698  -0.011708
     2  C   -0.000345   0.000011   0.000039   0.002705   0.000840   0.000394
     3  C   -0.002719   0.001000  -0.000019  -0.000253   0.000318   0.000215
     4  C    0.000441  -0.001794  -0.000007  -0.000069  -0.000036   0.000067
     5  C    0.000055   0.000376  -0.000323   0.000004   0.000143   0.000171
     6  C    0.000007  -0.000042   0.000066  -0.000304  -0.000429  -0.000262
     7  H    0.000008   0.000012   0.000379   0.000006  -0.000005   0.000006
     8  O    0.000166   0.002166   0.000019   0.000000  -0.000003   0.000002
     9  O    0.001335  -0.000611   0.000000   0.000001  -0.000012   0.000002
    10  H    0.000008   0.000001   0.000001   0.000250  -0.000120   0.000022
    11  C   -0.002110  -0.001430  -0.000042   0.000003   0.000009  -0.000014
    12  H   -0.000006   0.001539   0.000003   0.000000   0.000000   0.000001
    13  H    0.002387   0.000476   0.000000   0.000000  -0.000001   0.000001
    14  H    0.000476  -0.001281   0.000001   0.000000   0.000000   0.000000
    15  H    0.000000   0.000001   0.006274   0.000098  -0.000093   0.000072
    16  C    0.000000   0.000000   0.000098  -0.036311   0.004762   0.003494
    17  H   -0.000001   0.000000  -0.000093   0.004762   0.035629  -0.010453
    18  H    0.000001   0.000000   0.000072   0.003494  -0.010453   0.038968
    19  H    0.000000   0.000000  -0.000026   0.001435  -0.000175  -0.000351
              19
     1  C   -0.000738
     2  C   -0.000081
     3  C    0.000000
     4  C    0.000001
     5  C    0.000020
     6  C    0.000331
     7  H    0.000000
     8  O    0.000000
     9  O    0.000000
    10  H    0.000001
    11  C    0.000000
    12  H    0.000000
    13  H    0.000000
    14  H    0.000000
    15  H   -0.000026
    16  C    0.001435
    17  H   -0.000175
    18  H   -0.000351
    19  H    0.000413
 Mulliken charges and spin densities:
               1          2
     1  C   -0.108838   0.409700
     2  C   -0.059893  -0.159095
     3  C    0.247552   0.275084
     4  C   -0.178823  -0.073970
     5  C   -0.041003   0.341454
     6  C   -0.059633  -0.149699
     7  H    0.087334  -0.019473
     8  O   -0.366154   0.236794
     9  O   -0.356529   0.045041
    10  H    0.094745   0.006557
    11  C    0.078925   0.076151
    12  H    0.109972  -0.000904
    13  H    0.253392  -0.000289
    14  H    0.108962   0.000421
    15  H    0.087351   0.006272
    16  C   -0.256211  -0.034173
    17  H    0.125547   0.018674
    18  H    0.125691   0.020626
    19  H    0.107613   0.000829
 Sum of Mulliken charges =   0.00000   1.00000
 Mulliken charges and spin densities with hydrogens summed into heavy atoms:
               1          2
     1  C   -0.108838   0.409700
     2  C    0.034852  -0.152539
     3  C    0.247552   0.275084
     4  C   -0.178823  -0.073970
     5  C    0.046331   0.321982
     6  C    0.027718  -0.143427
     8  O   -0.366154   0.236794
     9  O   -0.103138   0.044752
    11  C    0.297859   0.075668
    16  C    0.102640   0.005956
 APT charges:
               1
     1  C    0.071804
     2  C   -0.459549
     3  C   -0.219126
     4  C    0.064784
     5  C   -0.602683
     6  C   -0.499485
     7  H    0.510580
     8  O   -0.311460
     9  O   -0.347894
    10  H    0.469716
    11  C   -0.728258
    12  H    0.484473
    13  H    0.521526
    14  H    0.408605
    15  H    0.558677
    16  C   -1.300741
    17  H    0.433270
    18  H    0.442761
    19  H    0.503001
 Sum of APT charges =   0.00000
 APT charges with hydrogens summed into heavy atoms:
               1
     1  C    0.071804
     2  C    0.010167
     3  C   -0.219126
     4  C    0.064784
     5  C   -0.092103
     6  C    0.059192
     8  O   -0.311460
     9  O    0.173632
    11  C    0.164820
    16  C    0.078291
 Electronic spatial extent (au):  <R**2>=           1457.2774
 Charge=              0.0000 electrons
 Dipole moment (field-independent basis, Debye):
    X=             -0.9040    Y=             -0.8469    Z=             -1.3011  Tot=              1.7964
 Quadrupole moment (field-independent basis, Debye-Ang):
   XX=            -52.9564   YY=            -57.9369   ZZ=            -62.1123
   XY=             -0.0484   XZ=             -4.0426   YZ=              2.0227
 Traceless Quadrupole moment (field-independent basis, Debye-Ang):
   XX=              4.7121   YY=             -0.2683   ZZ=             -4.4438
   XY=             -0.0484   XZ=             -4.0426   YZ=              2.0227
 Octapole moment (field-independent basis, Debye-Ang**2):
  XXX=              9.4402  YYY=             -8.5414  ZZZ=              1.5997  XYY=              2.3260
  XXY=              7.2721  XXZ=             -8.9302  XZZ=              5.1275  YZZ=              5.2902
  YYZ=              2.4618  XYZ=              5.7112
 Hexadecapole moment (field-independent basis, Debye-Ang**3):
 XXXX=          -1268.7909 YYYY=           -491.6942 ZZZZ=           -114.0861 XXXY=             26.6837
 XXXZ=            -20.3509 YYYX=             -5.4918 YYYZ=              3.2696 ZZZX=              3.1298
 ZZZY=              0.8720 XXYY=           -277.5762 XXZZ=           -242.2702 YYZZ=           -106.1578
 XXYZ=             11.4863 YYXZ=              1.9467 ZZXY=              1.7206
 N-N= 5.131189490074D+02 E-N=-2.101624950354D+03  KE= 4.590232548297D+02
  Exact polarizability:   0.000   0.000   0.000   0.000   0.000   0.000
 Approx polarizability: 216.192  -2.347 153.366   4.946  -1.626  87.639
                          Isotropic Fermi Contact Couplings
        Atom                 a.u.       MegaHertz       Gauss      10(-4) cm-1
     1  C(13)              0.02860      32.15658      11.47427      10.72628
     2  C(13)             -0.02309     -25.96130      -9.26364      -8.65976
     3  C(13)              0.01881      21.14087       7.54359       7.05184
     4  C(13)             -0.01046     -11.75464      -4.19435      -3.92093
     5  C(13)              0.02081      23.39269       8.34709       7.80296
     6  C(13)             -0.02351     -26.43398      -9.43230      -8.81743
     7  H(1)              -0.00462     -20.63128      -7.36175      -6.88185
     8  O(17)              0.03185     -19.30783      -6.88951      -6.44040
     9  O(17)              0.00932      -5.65192      -2.01675      -1.88528
    10  H(1)               0.00158       7.08366       2.52763       2.36286
    11  C(13)              0.02668      29.98794      10.70044      10.00290
    12  H(1)              -0.00054      -2.41253      -0.86085      -0.80473
    13  H(1)               0.00091       4.06454       1.45033       1.35578
    14  H(1)               0.00062       2.74946       0.98107       0.91712
    15  H(1)               0.00145       6.46790       2.30791       2.15746
    16  C(13)             -0.01333     -14.98614      -5.34743      -4.99884
    17  H(1)               0.00915      40.90281      14.59514      13.64371
    18  H(1)               0.00997      44.58271      15.90822      14.87119
    19  H(1)               0.00026       1.17921       0.42077       0.39334
 --------------------------------------------------------
       Center         ----  Spin Dipole Couplings  ----
                      3XX-RR        3YY-RR        3ZZ-RR
 --------------------------------------------------------
     1   Atom       -0.230004     -0.239556      0.469560
     2   Atom        0.076253      0.062806     -0.139059
     3   Atom       -0.174016     -0.167763      0.341779
     4   Atom        0.075157      0.023046     -0.098203
     5   Atom       -0.190345     -0.179134      0.369479
     6   Atom        0.062665      0.055135     -0.117800
     7   Atom       -0.017627      0.020604     -0.002977
     8   Atom        1.000880     -0.553368     -0.447512
     9   Atom       -0.111582     -0.144638      0.256219
    10   Atom        0.007199     -0.001337     -0.005862
    11   Atom        0.127514     -0.071238     -0.056275
    12   Atom        0.000407      0.004048     -0.004455
    13   Atom        0.008931     -0.000206     -0.008725
    14   Atom        0.000450     -0.000778      0.000328
    15   Atom        0.001755      0.004109     -0.005864
    16   Atom        0.004646     -0.007392      0.002746
    17   Atom        0.004199     -0.001582     -0.002616
    18   Atom        0.004553     -0.002355     -0.002198
    19   Atom        0.006104     -0.003063     -0.003040
 --------------------------------------------------------
                        XY            XZ            YZ
 --------------------------------------------------------
     1   Atom       -0.001430      0.013292      0.040711
     2   Atom        0.005372      0.002319      0.000893
     3   Atom        0.001722     -0.009790     -0.023703
     4   Atom       -0.005801     -0.017719     -0.001549
     5   Atom       -0.001033      0.002266      0.013670
     6   Atom       -0.009604     -0.008825     -0.009523
     7   Atom       -0.014330      0.002337     -0.001677
     8   Atom        0.040947      0.439452      0.013432
     9   Atom       -0.000962     -0.111659     -0.013448
    10   Atom        0.002765      0.000173     -0.000626
    11   Atom       -0.005100      0.026779      0.001615
    12   Atom       -0.005260     -0.003643      0.008022
    13   Atom       -0.003561      0.005550     -0.001411
    14   Atom        0.002875     -0.005910     -0.007915
    15   Atom       -0.003930     -0.000015     -0.000140
    16   Atom       -0.002574      0.000450      0.000374
    17   Atom       -0.003759     -0.002450      0.001814
    18   Atom       -0.003349      0.002655     -0.001736
    19   Atom        0.002912     -0.000390     -0.000076
 --------------------------------------------------------


 ---------------------------------------------------------------------------------
              Anisotropic Spin Dipole Couplings in Principal Axis System
 ---------------------------------------------------------------------------------

       Atom             a.u.   MegaHertz   Gauss  10(-4) cm-1        Axes

              Baa    -0.2423   -32.512   -11.601   -10.845  0.1788  0.9821 -0.0595
     1 C(13)  Bbb    -0.2299   -30.844   -11.006   -10.289  0.9837 -0.1796 -0.0082
              Bcc     0.4721    63.356    22.607    21.133  0.0188  0.0571  0.9982
 
              Baa    -0.1391   -18.664    -6.660    -6.226 -0.0107 -0.0041  0.9999
     2 C(13)  Bbb     0.0609     8.175     2.917     2.727 -0.3308  0.9437  0.0004
              Bcc     0.0782    10.489     3.743     3.499  0.9437  0.3307  0.0114
 
              Baa    -0.1745   -23.415    -8.355    -7.810  0.9754 -0.2201  0.0084
     3 C(13)  Bbb    -0.1686   -22.622    -8.072    -7.546  0.2195  0.9744  0.0495
              Bcc     0.3431    46.036    16.427    15.356 -0.0191 -0.0464  0.9987
 
              Baa    -0.1000   -13.423    -4.790    -4.478  0.1012  0.0173  0.9947
     4 C(13)  Bbb     0.0225     3.020     1.078     1.007  0.1003  0.9946 -0.0275
              Bcc     0.0775    10.404     3.712     3.470  0.9898 -0.1026 -0.0989
 
              Baa    -0.1905   -25.558    -9.120    -8.525  0.9951  0.0985 -0.0064
     5 C(13)  Bbb    -0.1794   -24.069    -8.589    -8.029 -0.0986  0.9948 -0.0244
              Bcc     0.3698    49.627    17.708    16.554  0.0040  0.0249  0.9997
 
              Baa    -0.1188   -15.942    -5.689    -5.318  0.0515  0.0574  0.9970
     6 C(13)  Bbb     0.0496     6.652     2.373     2.219  0.5556  0.8279 -0.0764
              Bcc     0.0692     9.291     3.315     3.099  0.8298 -0.5579 -0.0108
 
              Baa    -0.0225   -12.031    -4.293    -4.013  0.9465  0.3109 -0.0864
     7 H(1)   Bbb    -0.0030    -1.612    -0.575    -0.538  0.0562  0.1046  0.9929
              Bcc     0.0256    13.643     4.868     4.551 -0.3178  0.9447 -0.0815
 
              Baa    -0.5706    41.291    14.734    13.773 -0.2646 -0.1170  0.9572
     8 O(17)  Bbb    -0.5542    40.105    14.310    13.378 -0.0561  0.9928  0.1059
              Bcc     1.1249   -81.396   -29.044   -27.151  0.9627  0.0256  0.2693
 
              Baa    -0.1486    10.752     3.837     3.587  0.5900  0.7850  0.1888
     9 O(17)  Bbb    -0.1392    10.075     3.595     3.361  0.7612 -0.6188  0.1939
              Bcc     0.2878   -20.828    -7.432    -6.947 -0.2691 -0.0293  0.9627
 
              Baa    -0.0060    -3.187    -1.137    -1.063 -0.0468  0.1611  0.9858
    10 H(1)   Bbb    -0.0020    -1.090    -0.389    -0.364 -0.2797  0.9453 -0.1678
              Bcc     0.0080     4.277     1.526     1.427  0.9590  0.2836 -0.0008
 
              Baa    -0.0718    -9.636    -3.439    -3.214  0.0505  0.9807 -0.1889
    11 C(13)  Bbb    -0.0596    -8.003    -2.856    -2.669 -0.1338  0.1941  0.9718
              Bcc     0.1315    17.639     6.294     5.884  0.9897 -0.0238  0.1410
 
              Baa    -0.0093    -4.965    -1.772    -1.656  0.0548 -0.4983  0.8653
    12 H(1)   Bbb    -0.0030    -1.600    -0.571    -0.534  0.8793  0.4347  0.1947
              Bcc     0.0123     6.565     2.343     2.190 -0.4731  0.7502  0.4619
 
              Baa    -0.0103    -5.516    -1.968    -1.840 -0.2699  0.0391  0.9621
    13 H(1)   Bbb    -0.0014    -0.751    -0.268    -0.251  0.3030  0.9519  0.0463
              Bcc     0.0117     6.268     2.236     2.091  0.9140 -0.3040  0.2687
 
              Baa    -0.0087    -4.647    -1.658    -1.550  0.2730  0.6282  0.7286
    14 H(1)   Bbb    -0.0027    -1.427    -0.509    -0.476  0.8193 -0.5488  0.1661
              Bcc     0.0114     6.074     2.167     2.026 -0.5042 -0.5516  0.6645
 
              Baa    -0.0059    -3.130    -1.117    -1.044  0.0115  0.0186  0.9998
    15 H(1)   Bbb    -0.0012    -0.623    -0.222    -0.208  0.8021  0.5968 -0.0204
              Bcc     0.0070     3.754     1.339     1.252 -0.5970  0.8022 -0.0080
 
              Baa    -0.0079    -1.065    -0.380    -0.355  0.2017  0.9785 -0.0427
    16 C(13)  Bbb     0.0027     0.364     0.130     0.121 -0.1352  0.0710  0.9883
              Bcc     0.0052     0.701     0.250     0.234  0.9701 -0.1935  0.1467
 
              Baa    -0.0040    -2.144    -0.765    -0.715 -0.1034 -0.6919  0.7146
    17 H(1)   Bbb    -0.0030    -1.585    -0.566    -0.529  0.5180  0.5758  0.6325
              Bcc     0.0070     3.729     1.331     1.244  0.8491 -0.4356 -0.2988
 
              Baa    -0.0041    -2.192    -0.782    -0.731  0.1562  0.8293  0.5365
    18 H(1)   Bbb    -0.0029    -1.527    -0.545    -0.509 -0.4673 -0.4165  0.7798
              Bcc     0.0070     3.719     1.327     1.241  0.8702 -0.3725  0.3225
 
              Baa    -0.0039    -2.087    -0.745    -0.696 -0.2804  0.9590 -0.0417
    19 H(1)   Bbb    -0.0031    -1.630    -0.582    -0.544  0.0263  0.0511  0.9983
              Bcc     0.0070     3.717     1.326     1.240  0.9595  0.2789 -0.0396
 

 ---------------------------------------------------------------------------------

 Calling FoFJK, ICntrl=    100147 FMM=F ISym2X=0 I1Cent= 0 IOpClX= 1 NMat=1 NMatS=1 NMatT=0.
 -------------------------------------------------------------------
 Center     Atomic                   Forces (Hartrees/Bohr)
 Number     Number              X              Y              Z
 -------------------------------------------------------------------
      1        6           0.000047125   -0.000014028    0.000013874
      2        6          -0.000001678    0.000000154   -0.000012472
      3        6           0.000031129   -0.000006792   -0.000024478
      4        6           0.000009414    0.000002737   -0.000024626
      5        6           0.000011492    0.000014102    0.000008879
      6        6          -0.000048475   -0.000012987   -0.000010173
      7        1           0.000005210    0.000002555    0.000000186
      8        8          -0.000010069   -0.000006768    0.000005081
      9        8           0.000013883    0.000011567    0.000013028
     10        1          -0.000018387   -0.000006125   -0.000000896
     11        6           0.000008848    0.000004772    0.000003706
     12        1          -0.000001146    0.000007027    0.000002010
     13        1          -0.000002487    0.000002295    0.000000843
     14        1          -0.000017863   -0.000008324    0.000016047
     15        1           0.000002061    0.000007862   -0.000001744
     16        6           0.000015701    0.000000615   -0.000010312
     17        1          -0.000003974   -0.000002507    0.000001198
     18        1          -0.000018753   -0.000002873    0.000001481
     19        1          -0.000022031    0.000006717    0.000018367
 -------------------------------------------------------------------
 Cartesian Forces:  Max     0.000048475 RMS     0.000014327
 IRC-IRC-IRC-IRC-IRC-IRC-IRC-IRC-IRC-IRC-IRC-IRC-IRC-IRC-IRC-IRC-IRC-IRC
          ******** Start new reaction path calculation ********
 Supplied step size of   0.0500 bohr.
    Integration on MW PES will use step size of   0.1622 sqrt(amu)*bohr.
 Point Number:   0          Path Number:   1
 Calculating another point on the path.
 IRC-IRC-IRC-IRC-IRC-IRC-IRC-IRC-IRC-IRC-IRC-IRC-IRC-IRC-IRC-IRC-IRC-IRC
                          Input orientation:                          
 ---------------------------------------------------------------------
 Center     Atomic      Atomic             Coordinates (Angstroms)
 Number     Number       Type             X           Y           Z
 ---------------------------------------------------------------------
      1          6           0       -1.893459   -0.047052   -0.025354
      2          6           0       -1.021255    1.064170   -0.063685
      3          6           0        0.339087    0.898784   -0.074546
      4          6           0        0.939486   -0.435461   -0.116635
      5          6           0        0.023604   -1.553014    0.008763
      6          6           0       -1.331939   -1.343776    0.037877
      7          1           0        0.439811   -2.552542    0.041031
      8          8           0        2.265076   -0.443510    0.775335
      9          8           0        1.178858    1.962147   -0.019186
     10          1           0       -1.412982    2.075100   -0.037644
     11          6           0        2.319382   -0.619430   -0.625235
     12          1           0        2.599433   -1.616475   -0.966805
     13          1           0        1.988640    1.639785    0.409697
     14          1           0        2.777098    0.188318   -1.198258
     15          1           0       -1.996951   -2.198744    0.102310
     16          6           0       -3.382936    0.162153   -0.008982
     17          1           0       -3.687143    0.800938    0.827339
     18          1           0       -3.724360    0.655478   -0.926074
     19          1           0       -3.918347   -0.784804    0.080472
 ---------------------------------------------------------------------
                    Distance matrix (angstroms):
                    1          2          3          4          5
     1  C    0.000000
     2  C    1.413161   0.000000
     3  C    2.425137   1.370402   0.000000
     4  C    2.860905   2.469049   1.463715   0.000000
     5  C    2.438076   2.818977   2.473415   1.450341   0.000000
     6  C    1.414495   2.430030   2.798936   2.451180   1.371906
     7  H    3.424330   3.902087   3.454730   2.180956   1.083202
     8  O    4.253434   3.711742   2.496695   1.597768   2.615880
     9  O    3.670974   2.376729   1.356105   2.411497   3.700236
    10  H    2.175900   1.084485   2.110646   3.441404   3.902454
    11  C    4.293659   3.782817   2.555348   1.482104   2.558150
    12  H    4.851340   4.594656   3.497402   2.207489   2.755115
    13  H    4.255042   3.100789   1.872057   2.384197   3.770421
    14  H    4.821329   4.059786   2.776939   2.221672   3.474315
    15  H    2.157959   3.409713   3.883688   3.432167   2.123290
    16  C    1.504186   2.528668   3.794783   4.364867   3.814004
    17  H    2.159507   2.823149   4.127166   4.881134   4.469988
    18  H    2.158018   2.866622   4.158834   4.857654   4.449561
    19  H    2.157695   3.439858   4.580856   4.874365   4.016748
                    6          7          8          9         10
     6  C    0.000000
     7  H    2.144813   0.000000
     8  O    3.780588   2.884235   0.000000
     9  O    4.151685   4.575176   2.756505   0.000000
    10  H    3.420671   4.985389   4.531274   2.594366   0.000000
    11  C    3.781077   2.777341   1.412619   2.886629   4.640722
    12  H    4.066871   2.560454   2.126663   3.965167   5.530872
    13  H    4.479524   4.484461   2.133126   0.971393   3.458417
    14  H    4.556263   3.809339   2.134582   2.662903   4.739593
    15  H    1.085063   2.463075   4.658185   5.235794   4.315826
    16  C    2.544918   4.688866   5.734285   4.904085   2.746071
    17  H    3.281773   5.375486   6.081140   5.073754   2.746542
    18  H    3.263418   5.344811   6.322651   5.154743   2.854313
    19  H    2.646463   4.703189   6.231696   5.791128   3.803926
                   11         12         13         14         15
    11  C    0.000000
    12  H    1.090504   0.000000
    13  H    2.506895   3.587625   0.000000
    14  H    1.091016   1.828226   2.305199   0.000000
    15  H    4.653417   4.754871   5.541997   5.493732   0.000000
    16  C    5.788529   6.314245   5.586816   6.273841   2.739922
    17  H    6.340801   6.970213   5.752617   6.801820   3.518594
    18  H    6.184070   6.719657   5.949077   6.523901   3.491145
    19  H    6.279700   6.653565   6.393709   6.885572   2.385679
                   16         17         18         19
    16  C    0.000000
    17  H    1.095454   0.000000
    18  H    1.095901   1.759830   0.000000
    19  H    1.091510   1.768005   1.767817   0.000000
 Symmetry turned off by external request.
 Stoichiometry    C8H9O2(2)
 Framework group  C1[X(C8H9O2)]
 Deg. of freedom    51
 Full point group                 C1      NOp   1
 Rotational constants (GHZ):           2.6970757           1.0491947           0.8000309
 Standard basis: 6-311G(d,p) (5D, 7F)
   234 basis functions,   392 primitive gaussians,   244 cartesian basis functions
    37 alpha electrons       36 beta electrons
       nuclear repulsion energy       513.3190031013 Hartrees.
 NAtoms=   19 NActive=   19 NUniq=   19 SFac= 1.00D+00 NAtFMM=   60 NAOKFM=F Big=F
 Integral buffers will be    131072 words long.
 Raffenetti 2 integral format.
 Two-electron integral symmetry is turned off.
 One-electron integrals computed using PRISM.
 NBasis=   234 RedAO= T EigKep=  1.93D-04  NBF=   234
 NBsUse=   234 1.00D-06 EigRej= -1.00D+00 NBFU=   234
 Initial guess from the checkpoint file:  "SR-14-ts-SR-15.chk"
 B after Tr=    -0.088830   -0.022925   -0.021370
         Rot=    1.000000    0.000018    0.000006   -0.000019 Ang=   0.00 deg.
 Initial guess <Sx>= 0.0000 <Sy>= 0.0000 <Sz>= 0.5000 <S**2>= 0.7800 S= 0.5149
 ExpMin= 1.03D-01 ExpMax= 8.59D+03 ExpMxC= 1.30D+03 IAcc=2 IRadAn=         4 AccDes= 0.00D+00
 Harris functional with IExCor=  402 and IRadAn=       4 diagonalized for initial guess.
 HarFok:  IExCor=  402 AccDes= 0.00D+00 IRadAn=         4 IDoV= 1 UseB2=F ITyADJ=14
 ICtDFT=  3500011 ScaDFX=  1.000000  1.000000  1.000000  1.000000
 FoFCou: FMM=F IPFlag=           0 FMFlag=      100000 FMFlg1=           0
         NFxFlg=           0 DoJE=T BraDBF=F KetDBF=T FulRan=T
         wScrn=  0.000000 ICntrl=       500 IOpCl=  0 I1Cent=   200000004 NGrid=           0
         NMat0=    1 NMatS0=      1 NMatT0=    0 NMatD0=    1 NMtDS0=    0 NMtDT0=    0
 Symmetry not used in FoFCou.
 Requested convergence on RMS density matrix=1.00D-08 within 128 cycles.
 Requested convergence on MAX density matrix=1.00D-06.
 Requested convergence on             energy=1.00D-06.
 No special actions if energy rises.
 Integral accuracy reduced to 1.0D-05 until final iterations.
 Initial convergence to 1.0D-05 achieved.  Increase integral accuracy.
 SCF Done:  E(UB3LYP) =  -460.750304598     A.U. after   15 cycles
            NFock= 15  Conv=0.68D-08     -V/T= 2.0038
 <Sx>= 0.0000 <Sy>= 0.0000 <Sz>= 0.5000 <S**2>= 0.7798 S= 0.5148
 <L.S>= 0.000000000000E+00
 Annihilation of the first spin contaminant:
 S**2 before annihilation     0.7798,   after     0.7506
 DoSCS=F DFT=T ScalE2(SS,OS)=  1.000000  1.000000
 Range of M.O.s used for correlation:     1   234
 NBasis=   234 NAE=    37 NBE=    36 NFC=     0 NFV=     0
 NROrb=    234 NOA=    37 NOB=    36 NVA=   197 NVB=   198

 **** Warning!!: The largest alpha MO coefficient is  0.15243503D+02


 **** Warning!!: The largest beta MO coefficient is  0.15028485D+02

 Symmetrizing basis deriv contribution to polar:
 IMax=3 JMax=2 DiffMx= 0.00D+00
 Calling FoFJK, ICntrl=      2147 FMM=F ISym2X=0 I1Cent= 0 IOpClX= 1 NMat=1 NMatS=1 NMatT=0.
 -------------------------------------------------------------------
 Center     Atomic                   Forces (Hartrees/Bohr)
 Number     Number              X              Y              Z
 -------------------------------------------------------------------
      1        6           0.000155821   -0.000053158   -0.000096828
      2        6           0.000094115    0.000028415   -0.000102114
      3        6           0.000147689    0.000072103    0.000157634
      4        6           0.000404410    0.000050576    0.000937071
      5        6           0.000214710   -0.000041604    0.000471030
      6        6           0.000142420   -0.000054713   -0.000096062
      7        1           0.000010575   -0.000011158    0.000079288
      8        8          -0.001467837   -0.000313775   -0.000609389
      9        8           0.000082197    0.000297250    0.000062056
     10        1          -0.000013558   -0.000003916   -0.000022215
     11        6           0.000140171    0.000007658   -0.000707987
     12        1           0.000012114    0.000006496   -0.000031202
     13        1           0.000002922    0.000043552    0.000012131
     14        1          -0.000002535    0.000012828    0.000026738
     15        1           0.000018756    0.000003719   -0.000023320
     16        6           0.000086009   -0.000034685   -0.000069949
     17        1           0.000005276   -0.000008306   -0.000002021
     18        1          -0.000018067   -0.000004893    0.000001156
     19        1          -0.000015186    0.000003612    0.000013984
 -------------------------------------------------------------------
 Cartesian Forces:  Max     0.001467837 RMS     0.000287937
 IRC-IRC-IRC-IRC-IRC-IRC-IRC-IRC-IRC-IRC-IRC-IRC-IRC-IRC-IRC-IRC-IRC-IRC
 Pt  1 Step number   1 out of a maximum of  20
 Modified Bulirsch-Stoer Extrapolation Cycles:
    EPS =    0.000010000000000
      PEZero:  N= 2 I= 1 D=  4.22D-04 Err=  4.27D-03
      PEZero:  N= 3 I= 2 D=  4.22D-04 Err=  5.18D-04
      PEZero:  N= 3 I= 1 D=  8.45D-04 Err=  3.49D-03
      PEZero:  N= 4 I= 3 D=  2.11D-04 Err=  3.88D-04
      PEZero:  N= 4 I= 2 D=  6.34D-04 Err=  1.23D-06
      PEZero:  N= 4 I= 1 D=  1.06D-03 Err=  3.12D-04
 Maximum DWI energy   std dev =  0.000000947 at pt    31
 Maximum DWI gradient std dev =  0.092475956 at pt     1
 CORRECTOR INTEGRATION CONVERGENCE:
   Recorrection delta-x convergence threshold:    0.010000
   Delta-x Convergence Met
 Point Number:   1          Path Number:   1
   CHANGE IN THE REACTION COORDINATE =    0.16205
   NET REACTION COORDINATE UP TO THIS POINT =    0.16205
  # OF POINTS ALONG THE PATH =   1
  # OF STEPS =   1

 Calculating another point on the path.
 IRC-IRC-IRC-IRC-IRC-IRC-IRC-IRC-IRC-IRC-IRC-IRC-IRC-IRC-IRC-IRC-IRC-IRC
                          Input orientation:                          
 ---------------------------------------------------------------------
 Center     Atomic      Atomic             Coordinates (Angstroms)
 Number     Number       Type             X           Y           Z
 ---------------------------------------------------------------------
      1          6           0       -1.892550   -0.047601   -0.026839
      2          6           0       -1.019752    1.064493   -0.064964
      3          6           0        0.339662    0.900639   -0.072579
      4          6           0        0.946612   -0.434853   -0.105236
      5          6           0        0.025220   -1.554095    0.014326
      6          6           0       -1.329662   -1.344370    0.037032
      7          1           0        0.441278   -2.553557    0.051685
      8          8           0        2.251931   -0.446437    0.769824
      9          8           0        1.179425    1.964540   -0.018612
     10          1           0       -1.412438    2.075145   -0.040623
     11          6           0        2.320269   -0.619306   -0.633271
     12          1           0        2.601100   -1.616031   -0.973148
     13          1           0        1.989127    1.644778    0.411660
     14          1           0        2.779743    0.191695   -1.198980
     15          1           0       -1.994704   -2.199529    0.099846
     16          6           0       -3.381941    0.161696   -0.009649
     17          1           0       -3.685543    0.801193    0.826489
     18          1           0       -3.724908    0.654289   -0.926680
     19          1           0       -3.917522   -0.785078    0.081359
 ---------------------------------------------------------------------
                    Distance matrix (angstroms):
                    1          2          3          4          5
     1  C    0.000000
     2  C    1.414208   0.000000
     3  C    2.425700   1.369275   0.000000
     4  C    2.866522   2.473105   1.467308   0.000000
     5  C    2.439070   2.820507   2.476317   1.454634   0.000000
     6  C    1.415108   2.430857   2.799772   2.455378   1.371205
     7  H    3.425308   3.903653   3.457925   2.183780   1.083247
     8  O    4.239158   3.699147   2.486168   1.571535   2.599216
     9  O    3.672303   2.376682   1.356466   2.412217   3.703251
    10  H    2.176407   1.084533   2.109582   3.445196   3.904006
    11  C    4.294467   3.783371   2.558792   1.483165   2.561340
    12  H    4.852666   4.595713   3.501251   2.210381   2.759366
    13  H    4.257211   3.101170   1.873223   2.383041   3.774598
    14  H    4.823018   4.060041   2.779456   2.224682   3.479553
    15  H    2.158073   3.410503   3.884590   3.436201   2.122261
    16  C    1.504124   2.529435   3.794777   4.370512   3.814874
    17  H    2.159501   2.823200   4.125589   4.883930   4.469536
    18  H    2.158680   2.868570   4.160638   4.866631   4.452630
    19  H    2.157797   3.440842   4.581370   4.880294   4.017598
                    6          7          8          9         10
     6  C    0.000000
     7  H    2.144429   0.000000
     8  O    3.764448   2.869520   0.000000
     9  O    4.153011   4.578538   2.754035   0.000000
    10  H    3.421398   4.986950   4.521371   2.594315   0.000000
    11  C    3.781139   2.782283   1.415356   2.890605   4.641594
    12  H    4.067573   2.567893   2.127868   3.968978   5.531986
    13  H    4.482154   4.489035   2.137879   0.971081   3.458384
    14  H    4.557897   3.816936   2.135882   2.664069   4.739573
    15  H    1.085138   2.462044   4.642855   5.237232   4.316434
    16  C    2.546030   4.689709   5.719958   4.904732   2.746123
    17  H    3.282812   5.374506   6.067403   5.073016   2.746243
    18  H    3.265055   5.348325   6.309701   5.156921   2.855075
    19  H    2.647979   4.703991   6.216977   5.792173   3.804103
                   11         12         13         14         15
    11  C    0.000000
    12  H    1.089881   0.000000
    13  H    2.515475   3.595146   0.000000
    14  H    1.090352   1.830515   2.308828   0.000000
    15  H    4.653338   4.755334   5.544982   5.495475   0.000000
    16  C    5.789134   6.315491   5.587970   6.275489   2.740767
    17  H    6.341805   6.971624   5.752008   6.802495   3.520125
    18  H    6.184845   6.721227   5.951674   6.526762   3.491653
    19  H    6.280781   6.655441   6.395451   6.888157   2.387099
                   16         17         18         19
    16  C    0.000000
    17  H    1.095562   0.000000
    18  H    1.096002   1.759754   0.000000
    19  H    1.091563   1.767848   1.767772   0.000000
 Symmetry turned off by external request.
 Stoichiometry    C8H9O2(2)
 Framework group  C1[X(C8H9O2)]
 Deg. of freedom    51
 Full point group                 C1      NOp   1
 Rotational constants (GHZ):           2.6928686           1.0513155           0.8008324
 Standard basis: 6-311G(d,p) (5D, 7F)
   234 basis functions,   392 primitive gaussians,   244 cartesian basis functions
    37 alpha electrons       36 beta electrons
       nuclear repulsion energy       513.5245490728 Hartrees.
 NAtoms=   19 NActive=   19 NUniq=   19 SFac= 1.00D+00 NAtFMM=   60 NAOKFM=F Big=F
 Integral buffers will be    131072 words long.
 Raffenetti 2 integral format.
 Two-electron integral symmetry is turned off.
 One-electron integrals computed using PRISM.
 NBasis=   234 RedAO= T EigKep=  1.95D-04  NBF=   234
 NBsUse=   234 1.00D-06 EigRej= -1.00D+00 NBFU=   234
 Initial guess from the checkpoint file:  "SR-14-ts-SR-15.chk"
 B after Tr=     0.000145    0.000083   -0.000008
         Rot=    1.000000    0.000041    0.000003   -0.000025 Ang=   0.01 deg.
 Initial guess <Sx>= 0.0000 <Sy>= 0.0000 <Sz>= 0.5000 <S**2>= 0.7797 S= 0.5147
 ExpMin= 1.03D-01 ExpMax= 8.59D+03 ExpMxC= 1.30D+03 IAcc=2 IRadAn=         4 AccDes= 0.00D+00
 Harris functional with IExCor=  402 and IRadAn=       4 diagonalized for initial guess.
 HarFok:  IExCor=  402 AccDes= 0.00D+00 IRadAn=         4 IDoV= 1 UseB2=F ITyADJ=14
 ICtDFT=  3500011 ScaDFX=  1.000000  1.000000  1.000000  1.000000
 FoFCou: FMM=F IPFlag=           0 FMFlag=      100000 FMFlg1=           0
         NFxFlg=           0 DoJE=T BraDBF=F KetDBF=T FulRan=T
         wScrn=  0.000000 ICntrl=       500 IOpCl=  0 I1Cent=   200000004 NGrid=           0
         NMat0=    1 NMatS0=      1 NMatT0=    0 NMatD0=    1 NMtDS0=    0 NMtDT0=    0
 Symmetry not used in FoFCou.
 Requested convergence on RMS density matrix=1.00D-08 within 128 cycles.
 Requested convergence on MAX density matrix=1.00D-06.
 Requested convergence on             energy=1.00D-06.
 No special actions if energy rises.
 Integral accuracy reduced to 1.0D-05 until final iterations.
 Initial convergence to 1.0D-05 achieved.  Increase integral accuracy.
 SCF Done:  E(UB3LYP) =  -460.750421670     A.U. after   14 cycles
            NFock= 14  Conv=0.10D-07     -V/T= 2.0038
 <Sx>= 0.0000 <Sy>= 0.0000 <Sz>= 0.5000 <S**2>= 0.7795 S= 0.5146
 <L.S>= 0.000000000000E+00
 Annihilation of the first spin contaminant:
 S**2 before annihilation     0.7795,   after     0.7506
 DoSCS=F DFT=T ScalE2(SS,OS)=  1.000000  1.000000
 Range of M.O.s used for correlation:     1   234
 NBasis=   234 NAE=    37 NBE=    36 NFC=     0 NFV=     0
 NROrb=    234 NOA=    37 NOB=    36 NVA=   197 NVB=   198

 **** Warning!!: The largest alpha MO coefficient is  0.14299470D+02


 **** Warning!!: The largest beta MO coefficient is  0.13976584D+02

 Symmetrizing basis deriv contribution to polar:
 IMax=3 JMax=2 DiffMx= 0.00D+00
 G2DrvN: will do    20 centers at a time, making    1 passes.
 Calling FoFCou, ICntrl=  3107 FMM=F I1Cent=   0 AccDes= 0.00D+00.
 End of G2Drv F.D. properties file   721 does not exist.
 End of G2Drv F.D. properties file   722 does not exist.
 End of G2Drv F.D. properties file   788 does not exist.
          IDoAtm=1111111111111111111
          Differentiating once with respect to nuclear coordinates.
 Keep R1 and R2 ints in memory in canonical form, NReq=777448244.
          There are    60 degrees of freedom in the 1st order CPHF.  IDoFFX=6 NUNeed=     0.
     54 vectors produced by pass  0 Test12= 2.40D-14 1.67D-09 XBig12= 3.55D-01 2.72D-01.
 AX will form    54 AO Fock derivatives at one time.
     54 vectors produced by pass  1 Test12= 2.40D-14 1.67D-09 XBig12= 6.83D-02 6.57D-02.
     54 vectors produced by pass  2 Test12= 2.40D-14 1.67D-09 XBig12= 1.63D-03 1.27D-02.
     54 vectors produced by pass  3 Test12= 2.40D-14 1.67D-09 XBig12= 1.81D-05 8.09D-04.
     54 vectors produced by pass  4 Test12= 2.40D-14 1.67D-09 XBig12= 1.18D-07 2.95D-05.
     54 vectors produced by pass  5 Test12= 2.40D-14 1.67D-09 XBig12= 7.53D-10 2.24D-06.
     44 vectors produced by pass  6 Test12= 2.40D-14 1.67D-09 XBig12= 4.33D-12 1.62D-07.
     13 vectors produced by pass  7 Test12= 2.40D-14 1.67D-09 XBig12= 1.88D-14 1.34D-08.
 InvSVY:  IOpt=1 It=  1 EMax= 9.44D-16
 Solved reduced A of dimension   381 with    60 vectors.
 End of Minotr F.D. properties file   721 does not exist.
 End of Minotr F.D. properties file   722 does not exist.
 End of Minotr F.D. properties file   788 does not exist.
 Calling FoFJK, ICntrl=    100147 FMM=F ISym2X=0 I1Cent= 0 IOpClX= 1 NMat=1 NMatS=1 NMatT=0.
 -------------------------------------------------------------------
 Center     Atomic                   Forces (Hartrees/Bohr)
 Number     Number              X              Y              Z
 -------------------------------------------------------------------
      1        6           0.000211442   -0.000062214   -0.000207576
      2        6           0.000116310    0.000044218   -0.000164027
      3        6           0.000224574    0.000094682    0.000316671
      4        6           0.000275900    0.000068746    0.001288281
      5        6           0.000344554   -0.000032713    0.000767014
      6        6           0.000285821   -0.000067449   -0.000116733
      7        1           0.000007601   -0.000011689    0.000130404
      8        8          -0.001909470   -0.000539251   -0.000846969
      9        8           0.000090638    0.000476093    0.000105326
     10        1           0.000004950    0.000001909   -0.000037839
     11        6           0.000136742    0.000031725   -0.001064668
     12        1           0.000009092   -0.000001061   -0.000054635
     13        1           0.000010474    0.000062454    0.000019321
     14        1           0.000009486    0.000028578    0.000025993
     15        1           0.000023221   -0.000005154   -0.000027549
     16        6           0.000124078   -0.000068037   -0.000116386
     17        1           0.000018245   -0.000006854   -0.000010098
     18        1           0.000002878   -0.000009107   -0.000002862
     19        1           0.000013463   -0.000004874   -0.000003668
 -------------------------------------------------------------------
 Cartesian Forces:  Max     0.001909470 RMS     0.000396454
 IRC-IRC-IRC-IRC-IRC-IRC-IRC-IRC-IRC-IRC-IRC-IRC-IRC-IRC-IRC-IRC-IRC-IRC
 Pt  2 Step number   1 out of a maximum of  20
 Modified Bulirsch-Stoer Extrapolation Cycles:
    EPS =    0.000010000000000
      PEZero:  N= 2 I= 1 D=  8.44D-04 Err=  4.48D-03
      PEZero:  N= 3 I= 2 D=  8.44D-04 Err=  3.51D-05
      PEZero:  N= 3 I= 1 D=  1.69D-03 Err=  4.53D-03
      PEZero:  N= 4 I= 3 D=  4.22D-04 Err=  2.63D-05
      PEZero:  N= 4 I= 2 D=  1.27D-03 Err=  7.83D-08
      PEZero:  N= 4 I= 1 D=  2.11D-03 Err=  2.11D-05
 Maximum DWI energy   std dev =  0.000003819 at pt    65
 Maximum DWI gradient std dev =  0.048523026 at pt    33
 CORRECTOR INTEGRATION CONVERGENCE:
   Recorrection delta-x convergence threshold:    0.010000
   Delta-x Convergence Met
 Point Number:   2          Path Number:   1
   CHANGE IN THE REACTION COORDINATE =    0.16196
   NET REACTION COORDINATE UP TO THIS POINT =    0.32402
  # OF POINTS ALONG THE PATH =   2
  # OF STEPS =   1

 Calculating another point on the path.
 IRC-IRC-IRC-IRC-IRC-IRC-IRC-IRC-IRC-IRC-IRC-IRC-IRC-IRC-IRC-IRC-IRC-IRC
                          Input orientation:                          
 ---------------------------------------------------------------------
 Center     Atomic      Atomic             Coordinates (Angstroms)
 Number     Number       Type             X           Y           Z
 ---------------------------------------------------------------------
      1          6           0       -1.891102   -0.048212   -0.029101
      2          6           0       -1.018268    1.065008   -0.066530
      3          6           0        0.340356    0.902689   -0.069619
      4          6           0        0.951891   -0.433983   -0.094254
      5          6           0        0.027039   -1.554894    0.021730
      6          6           0       -1.327185   -1.345038    0.036480
      7          1           0        0.443535   -2.553950    0.065891
      8          8           0        2.240148   -0.450538    0.763853
      9          8           0        1.179936    1.967480   -0.017610
     10          1           0       -1.412130    2.075303   -0.044683
     11          6           0        2.319776   -0.618938   -0.641868
     12          1           0        2.600554   -1.615113   -0.981613
     13          1           0        1.989882    1.650764    0.413783
     14          1           0        2.780537    0.195737   -1.200031
     15          1           0       -1.992384   -2.200240    0.098152
     16          6           0       -3.380444    0.160894   -0.011199
     17          1           0       -3.683612    0.800242    0.825325
     18          1           0       -3.724712    0.653573   -0.927775
     19          1           0       -3.915863   -0.785959    0.080263
 ---------------------------------------------------------------------
                    Distance matrix (angstroms):
                    1          2          3          4          5
     1  C    0.000000
     2  C    1.415097   0.000000
     3  C    2.425955   1.368289   0.000000
     4  C    2.869787   2.475736   1.470128   0.000000
     5  C    2.439660   2.822117   2.479159   1.457823   0.000000
     6  C    1.415648   2.431946   2.800755   2.457906   1.370467
     7  H    3.426116   3.905285   3.460833   2.185939   1.083296
     8  O    4.225857   3.688318   2.476916   1.547975   2.582286
     9  O    3.673476   2.376752   1.356974   2.413484   3.706459
    10  H    2.176918   1.084574   2.108756   3.447836   3.905630
    11  C    4.293333   3.782753   2.561430   1.484991   2.563790
    12  H    4.851539   4.595247   3.504220   2.213722   2.762843
    13  H    4.259660   3.102060   1.874628   2.383631   3.779247
    14  H    4.822323   4.058494   2.780665   2.227832   3.484130
    15  H    2.158165   3.411431   3.885613   3.438814   2.121410
    16  C    1.504056   2.529893   3.794473   4.373775   3.815227
    17  H    2.159400   2.823041   4.123558   4.884345   4.467813
    18  H    2.159223   2.869819   4.162122   4.873208   4.455841
    19  H    2.157751   3.441465   4.581419   4.883582   4.017606
                    6          7          8          9         10
     6  C    0.000000
     7  H    2.144244   0.000000
     8  O    3.749009   2.852947   0.000000
     9  O    4.154679   4.581767   2.753461   0.000000
    10  H    3.422358   4.988556   4.513617   2.594449   0.000000
    11  C    3.779908   2.786660   1.418009   2.894562   4.641410
    12  H    4.066521   2.575152   2.129032   3.972711   5.531604
    13  H    4.485546   4.493533   2.144914   0.970784   3.458918
    14  H    4.558106   3.824254   2.136944   2.664417   4.737727
    15  H    1.085202   2.461676   4.628060   5.238979   4.317101
    16  C    2.546758   4.690323   5.706628   4.905187   2.745968
    17  H    3.282871   5.372213   6.054680   5.072187   2.746329
    18  H    3.266859   5.352556   6.297636   5.158519   2.854680
    19  H    2.648724   4.704290   6.202924   5.792942   3.804091
                   11         12         13         14         15
    11  C    0.000000
    12  H    1.089325   0.000000
    13  H    2.524832   3.603610   0.000000
    14  H    1.089744   1.832834   2.312280   0.000000
    15  H    4.652190   4.754297   5.548720   5.496068   0.000000
    16  C    5.787779   6.314131   5.589340   6.274729   2.741099
    17  H    6.340929   6.970631   5.751633   6.800934   3.520216
    18  H    6.183596   6.720032   5.954053   6.527021   3.492526
    19  H    6.279535   6.654229   6.397396   6.888008   2.387526
                   16         17         18         19
    16  C    0.000000
    17  H    1.095649   0.000000
    18  H    1.096068   1.759705   0.000000
    19  H    1.091591   1.767793   1.767749   0.000000
 Symmetry turned off by external request.
 Stoichiometry    C8H9O2(2)
 Framework group  C1[X(C8H9O2)]
 Deg. of freedom    51
 Full point group                 C1      NOp   1
 Rotational constants (GHZ):           2.6879095           1.0536867           0.8017297
 Standard basis: 6-311G(d,p) (5D, 7F)
   234 basis functions,   392 primitive gaussians,   244 cartesian basis functions
    37 alpha electrons       36 beta electrons
       nuclear repulsion energy       513.7388072752 Hartrees.
 NAtoms=   19 NActive=   19 NUniq=   19 SFac= 1.00D+00 NAtFMM=   60 NAOKFM=F Big=F
 Integral buffers will be    131072 words long.
 Raffenetti 2 integral format.
 Two-electron integral symmetry is turned off.
 One-electron integrals computed using PRISM.
 NBasis=   234 RedAO= T EigKep=  1.96D-04  NBF=   234
 NBsUse=   234 1.00D-06 EigRej= -1.00D+00 NBFU=   234
 Initial guess from the checkpoint file:  "SR-14-ts-SR-15.chk"
 B after Tr=     0.000121    0.000103   -0.000031
         Rot=    1.000000    0.000054    0.000005   -0.000030 Ang=   0.01 deg.
 Initial guess <Sx>= 0.0000 <Sy>= 0.0000 <Sz>= 0.5000 <S**2>= 0.7794 S= 0.5146
 ExpMin= 1.03D-01 ExpMax= 8.59D+03 ExpMxC= 1.30D+03 IAcc=2 IRadAn=         4 AccDes= 0.00D+00
 Harris functional with IExCor=  402 and IRadAn=       4 diagonalized for initial guess.
 HarFok:  IExCor=  402 AccDes= 0.00D+00 IRadAn=         4 IDoV= 1 UseB2=F ITyADJ=14
 ICtDFT=  3500011 ScaDFX=  1.000000  1.000000  1.000000  1.000000
 FoFCou: FMM=F IPFlag=           0 FMFlag=      100000 FMFlg1=           0
         NFxFlg=           0 DoJE=T BraDBF=F KetDBF=T FulRan=T
         wScrn=  0.000000 ICntrl=       500 IOpCl=  0 I1Cent=   200000004 NGrid=           0
         NMat0=    1 NMatS0=      1 NMatT0=    0 NMatD0=    1 NMtDS0=    0 NMtDT0=    0
 Symmetry not used in FoFCou.
 Requested convergence on RMS density matrix=1.00D-08 within 128 cycles.
 Requested convergence on MAX density matrix=1.00D-06.
 Requested convergence on             energy=1.00D-06.
 No special actions if energy rises.
 Integral accuracy reduced to 1.0D-05 until final iterations.
 Initial convergence to 1.0D-05 achieved.  Increase integral accuracy.
 SCF Done:  E(UB3LYP) =  -460.750548239     A.U. after   13 cycles
            NFock= 13  Conv=0.87D-08     -V/T= 2.0038
 <Sx>= 0.0000 <Sy>= 0.0000 <Sz>= 0.5000 <S**2>= 0.7794 S= 0.5146
 <L.S>= 0.000000000000E+00
 Annihilation of the first spin contaminant:
 S**2 before annihilation     0.7794,   after     0.7506
 DoSCS=F DFT=T ScalE2(SS,OS)=  1.000000  1.000000
 Range of M.O.s used for correlation:     1   234
 NBasis=   234 NAE=    37 NBE=    36 NFC=     0 NFV=     0
 NROrb=    234 NOA=    37 NOB=    36 NVA=   197 NVB=   198

 **** Warning!!: The largest alpha MO coefficient is  0.12667468D+02


 **** Warning!!: The largest beta MO coefficient is  0.12112885D+02

 Symmetrizing basis deriv contribution to polar:
 IMax=3 JMax=2 DiffMx= 0.00D+00
 Calling FoFJK, ICntrl=      2147 FMM=F ISym2X=0 I1Cent= 0 IOpClX= 1 NMat=1 NMatS=1 NMatT=0.
 -------------------------------------------------------------------
 Center     Atomic                   Forces (Hartrees/Bohr)
 Number     Number              X              Y              Z
 -------------------------------------------------------------------
      1        6           0.000190516   -0.000064028   -0.000264504
      2        6           0.000116981    0.000055220   -0.000180383
      3        6           0.000132293    0.000178116    0.000350688
      4        6           0.000236944    0.000080103    0.001032270
      5        6           0.000237406   -0.000029801    0.000831293
      6        6           0.000252603   -0.000069784   -0.000033825
      7        1           0.000013872    0.000005004    0.000137804
      8        8          -0.001367767   -0.000616666   -0.000760637
      9        8           0.000063056    0.000444004    0.000179140
     10        1           0.000001472    0.000000354   -0.000041682
     11        6          -0.000082607    0.000055419   -0.000939597
     12        1          -0.000013193    0.000006040   -0.000077479
     13        1           0.000008896    0.000053898    0.000020519
     14        1          -0.000003873    0.000029118    0.000002403
     15        1           0.000019286   -0.000005411   -0.000011257
     16        6           0.000155690   -0.000094055   -0.000204379
     17        1           0.000017779   -0.000011574   -0.000014285
     18        1           0.000004723   -0.000007210   -0.000011143
     19        1           0.000015922   -0.000008746   -0.000014947
 -------------------------------------------------------------------
 Cartesian Forces:  Max     0.001367767 RMS     0.000333559
 IRC-IRC-IRC-IRC-IRC-IRC-IRC-IRC-IRC-IRC-IRC-IRC-IRC-IRC-IRC-IRC-IRC-IRC
 Pt  3 Step number   1 out of a maximum of  20
 Modified Bulirsch-Stoer Extrapolation Cycles:
    EPS =    0.000010000000000
      PEZero:  N= 2 I= 1 D=  8.44D-04 Err=  1.11D-04
      PEZero:  N= 3 I= 2 D=  8.44D-04 Err=  7.41D-05
      PEZero:  N= 3 I= 1 D=  1.69D-03 Err=  1.79D-05
      PEZero:  N= 4 I= 3 D=  4.22D-04 Err=  5.55D-05
      PEZero:  N= 4 I= 2 D=  1.27D-03 Err=  1.15D-07
      PEZero:  N= 4 I= 1 D=  2.11D-03 Err=  1.07D-05
 Maximum DWI energy   std dev =  0.000001239 at pt    42
 Maximum DWI gradient std dev =  0.044845567 at pt    29
 CORRECTOR INTEGRATION CONVERGENCE:
   Recorrection delta-x convergence threshold:    0.010000
   Delta-x Convergence Met
 Point Number:   3          Path Number:   1
   CHANGE IN THE REACTION COORDINATE =    0.16182
   NET REACTION COORDINATE UP TO THIS POINT =    0.48583
  # OF POINTS ALONG THE PATH =   3
  # OF STEPS =   1

 Calculating another point on the path.
 IRC-IRC-IRC-IRC-IRC-IRC-IRC-IRC-IRC-IRC-IRC-IRC-IRC-IRC-IRC-IRC-IRC-IRC
                          Input orientation:                          
 ---------------------------------------------------------------------
 Center     Atomic      Atomic             Coordinates (Angstroms)
 Number     Number       Type             X           Y           Z
 ---------------------------------------------------------------------
      1          6           0       -1.889554   -0.048849   -0.032081
      2          6           0       -1.016998    1.065661   -0.068495
      3          6           0        0.340927    0.904989   -0.065902
      4          6           0        0.956046   -0.432881   -0.083881
      5          6           0        0.028720   -1.555343    0.030745
      6          6           0       -1.324881   -1.345670    0.036864
      7          1           0        0.446211   -2.553667    0.083387
      8          8           0        2.231050   -0.455527    0.757417
      9          8           0        1.180318    1.970629   -0.015698
     10          1           0       -1.412322    2.075498   -0.049943
     11          6           0        2.317851   -0.618361   -0.650992
     12          1           0        2.597462   -1.613688   -0.992672
     13          1           0        1.990693    1.656782    0.416396
     14          1           0        2.779070    0.200080   -1.202323
     15          1           0       -1.990225   -2.200833    0.098322
     16          6           0       -3.378803    0.159796   -0.014087
     17          1           0       -3.681933    0.798534    0.823020
     18          1           0       -3.724091    0.652911   -0.930112
     19          1           0       -3.913883   -0.787292    0.077203
 ---------------------------------------------------------------------
                    Distance matrix (angstroms):
                    1          2          3          4          5
     1  C    0.000000
     2  C    1.415914   0.000000
     3  C    2.426108   1.367400   0.000000
     4  C    2.871865   2.477654   1.472613   0.000000
     5  C    2.439928   2.823657   2.481944   1.460478   0.000000
     6  C    1.416105   2.433189   2.801953   2.459755   1.369757
     7  H    3.426841   3.906864   3.463476   2.187611   1.083383
     8  O    4.215220   3.680484   2.470106   1.527721   2.566692
     9  O    3.674599   2.376963   1.357456   2.414914   3.709558
    10  H    2.177365   1.084617   2.108134   3.449969   3.907188
    11  C    4.290648   3.781065   2.563426   1.486786   2.565702
    12  H    4.848172   4.593184   3.506363   2.216856   2.765724
    13  H    4.262232   3.103344   1.876041   2.384840   3.783625
    14  H    4.819490   4.055234   2.780807   2.230463   3.488036
    15  H    2.158280   3.412475   3.886820   3.440838   2.120698
    16  C    1.503902   2.530153   3.793994   4.375735   3.815092
    17  H    2.159138   2.822771   4.121277   4.883616   4.465129
    18  H    2.159734   2.870731   4.163505   4.878395   4.459061
    19  H    2.157579   3.441890   4.581234   4.885465   4.016986
                    6          7          8          9         10
     6  C    0.000000
     7  H    2.144338   0.000000
     8  O    3.735800   2.835870   0.000000
     9  O    4.156516   4.584537   2.754629   0.000000
    10  H    3.423386   4.990099   4.509111   2.594986   0.000000
    11  C    3.777781   2.790656   1.420446   2.898353   4.640294
    12  H    4.064057   2.582508   2.130353   3.976192   5.529665
    13  H    4.489075   4.497132   2.153118   0.970521   3.460246
    14  H    4.557119   3.831240   2.137926   2.664382   4.734230
    15  H    1.085248   2.461896   4.615156   5.240843   4.317749
    16  C    2.547081   4.690748   5.695990   4.905579   2.745587
    17  H    3.281973   5.368973   6.044861   5.071365   2.746605
    18  H    3.268880   5.357307   6.288092   5.160016   2.853546
    19  H    2.648838   4.704310   6.191362   5.793586   3.803885
                   11         12         13         14         15
    11  C    0.000000
    12  H    1.088854   0.000000
    13  H    2.534290   3.612425   0.000000
    14  H    1.089281   1.834854   2.315981   0.000000
    15  H    4.650292   4.752040   5.552483   5.495655   0.000000
    16  C    5.784726   6.310200   5.590865   6.271597   2.741050
    17  H    6.338590   6.967522   5.751575   6.797405   3.518986
    18  H    6.180543   6.715908   5.956475   6.524588   3.493969
    19  H    6.276410   6.650201   6.399419   6.885325   2.387259
                   16         17         18         19
    16  C    0.000000
    17  H    1.095728   0.000000
    18  H    1.096124   1.759674   0.000000
    19  H    1.091613   1.767735   1.767735   0.000000
 Symmetry turned off by external request.
 Stoichiometry    C8H9O2(2)
 Framework group  C1[X(C8H9O2)]
 Deg. of freedom    51
 Full point group                 C1      NOp   1
 Rotational constants (GHZ):           2.6826032           1.0559138           0.8025452
 Standard basis: 6-311G(d,p) (5D, 7F)
   234 basis functions,   392 primitive gaussians,   244 cartesian basis functions
    37 alpha electrons       36 beta electrons
       nuclear repulsion energy       513.9231524399 Hartrees.
 NAtoms=   19 NActive=   19 NUniq=   19 SFac= 1.00D+00 NAtFMM=   60 NAOKFM=F Big=F
 Integral buffers will be    131072 words long.
 Raffenetti 2 integral format.
 Two-electron integral symmetry is turned off.
 One-electron integrals computed using PRISM.
 NBasis=   234 RedAO= T EigKep=  1.97D-04  NBF=   234
 NBsUse=   234 1.00D-06 EigRej= -1.00D+00 NBFU=   234
 Initial guess from the checkpoint file:  "SR-14-ts-SR-15.chk"
 B after Tr=     0.000074    0.000117   -0.000081
         Rot=    1.000000    0.000077    0.000007   -0.000035 Ang=   0.01 deg.
 Initial guess <Sx>= 0.0000 <Sy>= 0.0000 <Sz>= 0.5000 <S**2>= 0.7793 S= 0.5145
 ExpMin= 1.03D-01 ExpMax= 8.59D+03 ExpMxC= 1.30D+03 IAcc=2 IRadAn=         4 AccDes= 0.00D+00
 Harris functional with IExCor=  402 and IRadAn=       4 diagonalized for initial guess.
 HarFok:  IExCor=  402 AccDes= 0.00D+00 IRadAn=         4 IDoV= 1 UseB2=F ITyADJ=14
 ICtDFT=  3500011 ScaDFX=  1.000000  1.000000  1.000000  1.000000
 FoFCou: FMM=F IPFlag=           0 FMFlag=      100000 FMFlg1=           0
         NFxFlg=           0 DoJE=T BraDBF=F KetDBF=T FulRan=T
         wScrn=  0.000000 ICntrl=       500 IOpCl=  0 I1Cent=   200000004 NGrid=           0
         NMat0=    1 NMatS0=      1 NMatT0=    0 NMatD0=    1 NMtDS0=    0 NMtDT0=    0
 Symmetry not used in FoFCou.
 Requested convergence on RMS density matrix=1.00D-08 within 128 cycles.
 Requested convergence on MAX density matrix=1.00D-06.
 Requested convergence on             energy=1.00D-06.
 No special actions if energy rises.
 Integral accuracy reduced to 1.0D-05 until final iterations.
 Initial convergence to 1.0D-05 achieved.  Increase integral accuracy.
 SCF Done:  E(UB3LYP) =  -460.750639697     A.U. after   14 cycles
            NFock= 14  Conv=0.63D-08     -V/T= 2.0038
 <Sx>= 0.0000 <Sy>= 0.0000 <Sz>= 0.5000 <S**2>= 0.7793 S= 0.5145
 <L.S>= 0.000000000000E+00
 Annihilation of the first spin contaminant:
 S**2 before annihilation     0.7793,   after     0.7506
 DoSCS=F DFT=T ScalE2(SS,OS)=  1.000000  1.000000
 Range of M.O.s used for correlation:     1   234
 NBasis=   234 NAE=    37 NBE=    36 NFC=     0 NFV=     0
 NROrb=    234 NOA=    37 NOB=    36 NVA=   197 NVB=   198

 **** Warning!!: The largest alpha MO coefficient is  0.11541506D+02


 **** Warning!!: The largest beta MO coefficient is  0.11813985D+02

 Symmetrizing basis deriv contribution to polar:
 IMax=3 JMax=2 DiffMx= 0.00D+00
 G2DrvN: will do    20 centers at a time, making    1 passes.
 Calling FoFCou, ICntrl=  3107 FMM=F I1Cent=   0 AccDes= 0.00D+00.
 End of G2Drv F.D. properties file   721 does not exist.
 End of G2Drv F.D. properties file   722 does not exist.
 End of G2Drv F.D. properties file   788 does not exist.
          IDoAtm=1111111111111111111
          Differentiating once with respect to nuclear coordinates.
 Keep R1 and R2 ints in memory in canonical form, NReq=777448244.
          There are    60 degrees of freedom in the 1st order CPHF.  IDoFFX=6 NUNeed=     0.
     54 vectors produced by pass  0 Test12= 2.40D-14 1.67D-09 XBig12= 3.56D-01 2.77D-01.
 AX will form    54 AO Fock derivatives at one time.
     54 vectors produced by pass  1 Test12= 2.40D-14 1.67D-09 XBig12= 6.58D-02 6.84D-02.
     54 vectors produced by pass  2 Test12= 2.40D-14 1.67D-09 XBig12= 1.63D-03 1.28D-02.
     54 vectors produced by pass  3 Test12= 2.40D-14 1.67D-09 XBig12= 1.83D-05 8.25D-04.
     54 vectors produced by pass  4 Test12= 2.40D-14 1.67D-09 XBig12= 1.16D-07 3.00D-05.
     54 vectors produced by pass  5 Test12= 2.40D-14 1.67D-09 XBig12= 7.56D-10 2.22D-06.
     44 vectors produced by pass  6 Test12= 2.40D-14 1.67D-09 XBig12= 4.07D-12 1.76D-07.
     11 vectors produced by pass  7 Test12= 2.40D-14 1.67D-09 XBig12= 1.68D-14 1.49D-08.
 InvSVY:  IOpt=1 It=  1 EMax= 1.22D-15
 Solved reduced A of dimension   379 with    60 vectors.
 End of Minotr F.D. properties file   721 does not exist.
 End of Minotr F.D. properties file   722 does not exist.
 End of Minotr F.D. properties file   788 does not exist.
 Calling FoFJK, ICntrl=    100147 FMM=F ISym2X=0 I1Cent= 0 IOpClX= 1 NMat=1 NMatS=1 NMatT=0.
 -------------------------------------------------------------------
 Center     Atomic                   Forces (Hartrees/Bohr)
 Number     Number              X              Y              Z
 -------------------------------------------------------------------
      1        6           0.000198574   -0.000050436   -0.000265268
      2        6           0.000027571    0.000042861   -0.000174440
      3        6           0.000151025    0.000087947    0.000361244
      4        6          -0.000362797    0.000035604    0.000398877
      5        6           0.000193421    0.000067160    0.000761520
      6        6           0.000156774   -0.000044511    0.000077321
      7        1          -0.000004745    0.000040154    0.000103484
      8        8          -0.000206336   -0.000523969   -0.000437651
      9        8           0.000015712    0.000358888    0.000261850
     10        1          -0.000001295   -0.000005477   -0.000037028
     11        6          -0.000257527    0.000081717   -0.000669414
     12        1          -0.000038975    0.000006241   -0.000054687
     13        1           0.000007690    0.000026827    0.000015718
     14        1          -0.000033404    0.000005237    0.000007613
     15        1           0.000004539    0.000000108    0.000013046
     16        6           0.000119899   -0.000100446   -0.000297181
     17        1           0.000007594   -0.000014477   -0.000020442
     18        1           0.000010708   -0.000004869   -0.000016826
     19        1           0.000011573   -0.000008560   -0.000027737
 -------------------------------------------------------------------
 Cartesian Forces:  Max     0.000761520 RMS     0.000214220
 IRC-IRC-IRC-IRC-IRC-IRC-IRC-IRC-IRC-IRC-IRC-IRC-IRC-IRC-IRC-IRC-IRC-IRC
 Reaction path inflection point has been passed.
   Previous lowest Hessian eigenvalue=   -0.0000419095
   Current lowest Hessian eigenvalue =    0.0000233857
 Pt  4 Step number   1 out of a maximum of  20
 Modified Bulirsch-Stoer Extrapolation Cycles:
    EPS =    0.000010000000000
      PEZero:  N= 2 I= 1 D=  8.44D-04 Err=  3.66D-02
      PEZero:  N= 3 I= 2 D=  8.44D-04 Err=  1.53D-03
      PEZero:  N= 3 I= 1 D=  1.69D-03 Err=  3.49D-02
      PEZero:  N= 4 I= 3 D=  4.22D-04 Err=  1.39D-04
      PEZero:  N= 4 I= 2 D=  1.27D-03 Err=  1.53D-03
      PEZero:  N= 5 I= 4 D=  4.22D-04 Err=  9.24D-05
      PEZero:  N= 5 I= 3 D=  8.44D-04 Err=  1.86D-07
      PEZero:  N= 5 I= 2 D=  1.69D-03 Err=  7.67D-04
 Maximum DWI energy   std dev =  0.000002623 at pt    35
 Maximum DWI gradient std dev =  0.086139110 at pt    44
 CORRECTOR INTEGRATION CONVERGENCE:
   Recorrection delta-x convergence threshold:    0.010000
   Delta-x Convergence NOT Met
 IRC-IRC-IRC-IRC-IRC-IRC-IRC-IRC-IRC-IRC-IRC-IRC-IRC-IRC-IRC-IRC-IRC-IRC
                          Input orientation:                          
 ---------------------------------------------------------------------
 Center     Atomic      Atomic             Coordinates (Angstroms)
 Number     Number       Type             X           Y           Z
 ---------------------------------------------------------------------
      1          6           0       -1.889366   -0.048893   -0.032385
      2          6           0       -1.017042    1.065700   -0.068656
      3          6           0        0.340958    0.905053   -0.065557
      4          6           0        0.955117   -0.432813   -0.084484
      5          6           0        0.028695   -1.555165    0.031345
      6          6           0       -1.324912   -1.345702    0.037093
      7          1           0        0.446414   -2.553315    0.084076
      8          8           0        2.232191   -0.455818    0.757420
      9          8           0        1.180299    1.970765   -0.015420
     10          1           0       -1.412515    2.075465   -0.050305
     11          6           0        2.317143   -0.618293   -0.650989
     12          1           0        2.596355   -1.613575   -0.993247
     13          1           0        1.990785    1.656792    0.416420
     14          1           0        2.778130    0.200060   -1.202633
     15          1           0       -1.990329   -2.200774    0.098862
     16          6           0       -3.378641    0.159664   -0.014476
     17          1           0       -3.681816    0.798301    0.822687
     18          1           0       -3.723894    0.652857   -0.930454
     19          1           0       -3.913689   -0.787446    0.076726
 ---------------------------------------------------------------------
                    Distance matrix (angstroms):
                    1          2          3          4          5
     1  C    0.000000
     2  C    1.415832   0.000000
     3  C    2.425996   1.367473   0.000000
     4  C    2.870747   2.476934   1.472221   0.000000
     5  C    2.439647   2.823562   2.481848   1.459914   0.000000
     6  C    1.416033   2.433275   2.802063   2.459000   1.369730
     7  H    3.426596   3.906699   3.463209   2.187172   1.083315
     8  O    4.216232   3.681703   2.471038   1.529788   2.567322
     9  O    3.674527   2.377033   1.357479   2.415091   3.709524
    10  H    2.177293   1.084602   2.108261   3.449392   3.907074
    11  C    4.289709   3.780441   2.562932   1.486757   2.565210
    12  H    4.846976   4.592387   3.505839   2.216689   2.765154
    13  H    4.262201   3.103500   1.875991   2.385364   3.783484
    14  H    4.818399   4.054450   2.780245   2.230282   3.487536
    15  H    2.158243   3.412506   3.886913   3.440197   2.120808
    16  C    1.503914   2.530017   3.793894   4.374630   3.814798
    17  H    2.159112   2.822590   4.121054   4.882597   4.464630
    18  H    2.159740   2.870572   4.163493   4.877242   4.458963
    19  H    2.157603   3.441780   4.581137   4.884365   4.016696
                    6          7          8          9         10
     6  C    0.000000
     7  H    2.144325   0.000000
     8  O    3.736810   2.835822   0.000000
     9  O    4.156657   4.584298   2.755371   0.000000
    10  H    3.423405   4.989918   4.510399   2.595161   0.000000
    11  C    3.777187   2.790028   1.420293   2.898204   4.639774
    12  H    4.063212   2.581856   2.130223   3.976035   5.528941
    13  H    4.489177   4.496725   2.153527   0.970543   3.460574
    14  H    4.556452   3.830612   2.137763   2.664195   4.733551
    15  H    1.085238   2.462157   4.616086   5.240962   4.317678
    16  C    2.546879   4.690524   5.697024   4.905509   2.745401
    17  H    3.281601   5.368534   6.045871   5.071218   2.746450
    18  H    3.268869   5.357264   6.289121   5.159969   2.853235
    19  H    2.648582   4.704130   6.192347   5.793525   3.803718
                   11         12         13         14         15
    11  C    0.000000
    12  H    1.088892   0.000000
    13  H    2.534144   3.612364   0.000000
    14  H    1.089275   1.834709   2.315882   0.000000
    15  H    4.649821   4.751334   5.552560   5.495097   0.000000
    16  C    5.783798   6.308958   5.590868   6.270500   2.740789
    17  H    6.337663   6.966362   5.751562   6.796375   3.518452
    18  H    6.179648   6.714626   5.956469   6.523452   3.493988
    19  H    6.275464   6.648910   6.399415   6.884211   2.386902
                   16         17         18         19
    16  C    0.000000
    17  H    1.095725   0.000000
    18  H    1.096109   1.759667   0.000000
    19  H    1.091610   1.767716   1.767740   0.000000
 Symmetry turned off by external request.
 Stoichiometry    C8H9O2(2)
 Framework group  C1[X(C8H9O2)]
 Deg. of freedom    51
 Full point group                 C1      NOp   1
 Rotational constants (GHZ):           2.6824918           1.0559336           0.8025543
 Standard basis: 6-311G(d,p) (5D, 7F)
   234 basis functions,   392 primitive gaussians,   244 cartesian basis functions
    37 alpha electrons       36 beta electrons
       nuclear repulsion energy       513.9164619924 Hartrees.
 NAtoms=   19 NActive=   19 NUniq=   19 SFac= 1.00D+00 NAtFMM=   60 NAOKFM=F Big=F
 Integral buffers will be    131072 words long.
 Raffenetti 2 integral format.
 Two-electron integral symmetry is turned off.
 One-electron integrals computed using PRISM.
 NBasis=   234 RedAO= T EigKep=  1.97D-04  NBF=   234
 NBsUse=   234 1.00D-06 EigRej= -1.00D+00 NBFU=   234
 Initial guess from the checkpoint file:  "SR-14-ts-SR-15.chk"
 B after Tr=    -0.000019    0.000002   -0.000015
         Rot=    1.000000    0.000007    0.000000   -0.000001 Ang=   0.00 deg.
 Initial guess <Sx>= 0.0000 <Sy>= 0.0000 <Sz>= 0.5000 <S**2>= 0.7793 S= 0.5145
 ExpMin= 1.03D-01 ExpMax= 8.59D+03 ExpMxC= 1.30D+03 IAcc=2 IRadAn=         4 AccDes= 0.00D+00
 Harris functional with IExCor=  402 and IRadAn=       4 diagonalized for initial guess.
 HarFok:  IExCor=  402 AccDes= 0.00D+00 IRadAn=         4 IDoV= 1 UseB2=F ITyADJ=14
 ICtDFT=  3500011 ScaDFX=  1.000000  1.000000  1.000000  1.000000
 FoFCou: FMM=F IPFlag=           0 FMFlag=      100000 FMFlg1=           0
         NFxFlg=           0 DoJE=T BraDBF=F KetDBF=T FulRan=T
         wScrn=  0.000000 ICntrl=       500 IOpCl=  0 I1Cent=   200000004 NGrid=           0
         NMat0=    1 NMatS0=      1 NMatT0=    0 NMatD0=    1 NMtDS0=    0 NMtDT0=    0
 Symmetry not used in FoFCou.
 Requested convergence on RMS density matrix=1.00D-08 within 128 cycles.
 Requested convergence on MAX density matrix=1.00D-06.
 Requested convergence on             energy=1.00D-06.
 No special actions if energy rises.
 Integral accuracy reduced to 1.0D-05 until final iterations.
 Initial convergence to 1.0D-05 achieved.  Increase integral accuracy.
 SCF Done:  E(UB3LYP) =  -460.750641664     A.U. after   10 cycles
            NFock= 10  Conv=0.58D-08     -V/T= 2.0038
 <Sx>= 0.0000 <Sy>= 0.0000 <Sz>= 0.5000 <S**2>= 0.7793 S= 0.5145
 <L.S>= 0.000000000000E+00
 Annihilation of the first spin contaminant:
 S**2 before annihilation     0.7793,   after     0.7506
 DoSCS=F DFT=T ScalE2(SS,OS)=  1.000000  1.000000
 Range of M.O.s used for correlation:     1   234
 NBasis=   234 NAE=    37 NBE=    36 NFC=     0 NFV=     0
 NROrb=    234 NOA=    37 NOB=    36 NVA=   197 NVB=   198

 **** Warning!!: The largest alpha MO coefficient is  0.11519648D+02


 **** Warning!!: The largest beta MO coefficient is  0.11801623D+02

 Symmetrizing basis deriv contribution to polar:
 IMax=3 JMax=2 DiffMx= 0.00D+00
 Calling FoFJK, ICntrl=      2147 FMM=F ISym2X=0 I1Cent= 0 IOpClX= 1 NMat=1 NMatS=1 NMatT=0.
 -------------------------------------------------------------------
 Center     Atomic                   Forces (Hartrees/Bohr)
 Number     Number              X              Y              Z
 -------------------------------------------------------------------
      1        6           0.000104248   -0.000040335   -0.000235656
      2        6           0.000058063    0.000048438   -0.000148698
      3        6           0.000026258    0.000150922    0.000294274
      4        6           0.000126698    0.000081136    0.000543448
      5        6           0.000083637    0.000005896    0.000672422
      6        6           0.000116947   -0.000033605    0.000111395
      7        1           0.000015068    0.000006388    0.000103413
      8        8          -0.000376517   -0.000463673   -0.000565667
      9        8           0.000018283    0.000264852    0.000272511
     10        1          -0.000004282    0.000001046   -0.000033494
     11        6          -0.000256019    0.000040278   -0.000579263
     12        1          -0.000036091    0.000008708   -0.000069729
     13        1           0.000005299    0.000027599    0.000015000
     14        1          -0.000025830    0.000020537   -0.000022748
     15        1           0.000008542   -0.000001645    0.000014905
     16        6           0.000110803   -0.000090212   -0.000298383
     17        1           0.000005645   -0.000013903   -0.000021053
     18        1           0.000007318   -0.000002783   -0.000021818
     19        1           0.000011927   -0.000009644   -0.000030858
 -------------------------------------------------------------------
 Cartesian Forces:  Max     0.000672422 RMS     0.000203805
 IRC-IRC-IRC-IRC-IRC-IRC-IRC-IRC-IRC-IRC-IRC-IRC-IRC-IRC-IRC-IRC-IRC-IRC
 Error in corrector energy =          -0.0000001054
 Magnitude of corrector gradient =     0.0015471592
 Magnitude of analytic gradient =      0.0015386957
 Magnitude of difference =             0.0000435565
 Angle between gradients (degrees)=    1.5867
 Pt  4 Step number   2 out of a maximum of  20
 Modified Bulirsch-Stoer Extrapolation Cycles:
    EPS =    0.000010000000000
      PEZero:  N= 2 I= 1 D=  8.44D-04 Err=  3.55D-02
      PEZero:  N= 3 I= 2 D=  8.44D-04 Err=  1.52D-03
      PEZero:  N= 3 I= 1 D=  1.69D-03 Err=  3.41D-02
      PEZero:  N= 4 I= 3 D=  4.22D-04 Err=  1.68D-04
      PEZero:  N= 4 I= 2 D=  1.27D-03 Err=  1.52D-03
      PEZero:  N= 5 I= 4 D=  4.22D-04 Err=  1.12D-04
      PEZero:  N= 5 I= 3 D=  8.44D-04 Err=  1.73D-07
      PEZero:  N= 5 I= 2 D=  1.69D-03 Err=  7.58D-04
 Maximum DWI energy   std dev =  0.000002283 at pt    38
 Maximum DWI gradient std dev =  0.106909809 at pt    28
 CORRECTOR INTEGRATION CONVERGENCE:
   Recorrection delta-x convergence threshold:    0.010000
   Delta-x Convergence Met
 Point Number:   4          Path Number:   1
   CHANGE IN THE REACTION COORDINATE =    0.16063
   NET REACTION COORDINATE UP TO THIS POINT =    0.64646
  # OF POINTS ALONG THE PATH =   4
  # OF STEPS =   2

 Calculating another point on the path.
 IRC-IRC-IRC-IRC-IRC-IRC-IRC-IRC-IRC-IRC-IRC-IRC-IRC-IRC-IRC-IRC-IRC-IRC
                          Input orientation:                          
 ---------------------------------------------------------------------
 Center     Atomic      Atomic             Coordinates (Angstroms)
 Number     Number       Type             X           Y           Z
 ---------------------------------------------------------------------
      1          6           0       -1.888237   -0.049316   -0.035847
      2          6           0       -1.016505    1.066389   -0.070816
      3          6           0        0.341160    0.906999   -0.060617
      4          6           0        0.956409   -0.431738   -0.077080
      5          6           0        0.029589   -1.554796    0.042335
      6          6           0       -1.323638   -1.345889    0.040340
      7          1           0        0.448581   -2.551995    0.103205
      8          8           0        2.231247   -0.460358    0.750240
      9          8           0        1.180373    1.973162   -0.010874
     10          1           0       -1.413385    2.075698   -0.056541
     11          6           0        2.312423   -0.617966   -0.660215
     12          1           0        2.588322   -1.612506   -1.006562
     13          1           0        1.991904    1.660050    0.419362
     14          1           0        2.771504    0.202822   -1.209366
     15          1           0       -1.989224   -2.200719    0.103848
     16          6           0       -3.377491    0.158318   -0.020954
     17          1           0       -3.682732    0.795300    0.816812
     18          1           0       -3.721660    0.652838   -0.936634
     19          1           0       -3.912068   -0.789303    0.067810
 ---------------------------------------------------------------------
                    Distance matrix (angstroms):
                    1          2          3          4          5
     1  C    0.000000
     2  C    1.416311   0.000000
     3  C    2.425977   1.367027   0.000000
     4  C    2.870533   2.477260   1.473439   0.000000
     5  C    2.439392   2.824487   2.483568   1.460998   0.000000
     6  C    1.416220   2.434291   2.803079   2.459283   1.369258
     7  H    3.426872   3.907616   3.464537   2.187666   1.083359
     8  O    4.213909   3.681438   2.469734   1.520029   2.558559
     9  O    3.675243   2.377415   1.357739   2.416214   3.711283
    10  H    2.177521   1.084629   2.108151   3.450157   3.907996
    11  C    4.284710   3.777063   2.563379   1.487783   2.565650
    12  H    4.839982   4.587688   3.506060   2.218397   2.765977
    13  H    4.264345   3.105355   1.876811   2.386269   3.785243
    14  H    4.811851   4.048587   2.778860   2.231436   3.489137
    15  H    2.158297   3.413310   3.887885   3.440753   2.120520
    16  C    1.503733   2.530086   3.793476   4.374244   3.814047
    17  H    2.158846   2.823143   4.119959   4.881219   4.461400
    18  H    2.160064   2.870283   4.163953   4.878470   4.461378
    19  H    2.157364   3.441961   4.580817   4.883741   4.015382
                    6          7          8          9         10
     6  C    0.000000
     7  H    2.144621   0.000000
     8  O    3.731665   2.823384   0.000000
     9  O    4.157980   4.585366   2.757835   0.000000
    10  H    3.424134   4.990789   4.512850   2.596186   0.000000
    11  C    3.773803   2.792345   1.421554   2.901228   4.637013
    12  H    4.058388   2.587028   2.131033   3.978786   5.524405
    13  H    4.491341   4.497013   2.159374   0.970425   3.463414
    14  H    4.553071   3.835079   2.138163   2.664993   4.727575
    15  H    1.085252   2.462983   4.610754   5.242213   4.317992
    16  C    2.546510   4.690420   5.695212   4.905903   2.745054
    17  H    3.279165   5.364826   6.046176   5.071707   2.748108
    18  H    3.271070   5.361262   6.286640   5.160447   2.850829
    19  H    2.647738   4.703573   6.189849   5.793994   3.803565
                   11         12         13         14         15
    11  C    0.000000
    12  H    1.088663   0.000000
    13  H    2.541176   3.619199   0.000000
    14  H    1.089043   1.835784   2.320355   0.000000
    15  H    4.646834   4.746886   5.554680   5.492365   0.000000
    16  C    5.778096   6.300648   5.592806   6.262942   2.740058
    17  H    6.334099   6.960484   5.753890   6.790699   3.514601
    18  H    6.172641   6.704665   5.958020   6.514451   3.496673
    19  H    6.269264   6.639805   6.401547   6.876455   2.385524
                   16         17         18         19
    16  C    0.000000
    17  H    1.095797   0.000000
    18  H    1.096117   1.759655   0.000000
    19  H    1.091622   1.767644   1.767748   0.000000
 Symmetry turned off by external request.
 Stoichiometry    C8H9O2(2)
 Framework group  C1[X(C8H9O2)]
 Deg. of freedom    51
 Full point group                 C1      NOp   1
 Rotational constants (GHZ):           2.6786550           1.0571963           0.8029819
 Standard basis: 6-311G(d,p) (5D, 7F)
   234 basis functions,   392 primitive gaussians,   244 cartesian basis functions
    37 alpha electrons       36 beta electrons
       nuclear repulsion energy       514.0007331409 Hartrees.
 NAtoms=   19 NActive=   19 NUniq=   19 SFac= 1.00D+00 NAtFMM=   60 NAOKFM=F Big=F
 Integral buffers will be    131072 words long.
 Raffenetti 2 integral format.
 Two-electron integral symmetry is turned off.
 One-electron integrals computed using PRISM.
 NBasis=   234 RedAO= T EigKep=  1.99D-04  NBF=   234
 NBsUse=   234 1.00D-06 EigRej= -1.00D+00 NBFU=   234
 Initial guess from the checkpoint file:  "SR-14-ts-SR-15.chk"
 B after Tr=    -0.000121    0.000044   -0.000253
         Rot=    1.000000    0.000101    0.000022   -0.000018 Ang=   0.01 deg.
 Initial guess <Sx>= 0.0000 <Sy>= 0.0000 <Sz>= 0.5000 <S**2>= 0.7793 S= 0.5145
 ExpMin= 1.03D-01 ExpMax= 8.59D+03 ExpMxC= 1.30D+03 IAcc=2 IRadAn=         4 AccDes= 0.00D+00
 Harris functional with IExCor=  402 and IRadAn=       4 diagonalized for initial guess.
 HarFok:  IExCor=  402 AccDes= 0.00D+00 IRadAn=         4 IDoV= 1 UseB2=F ITyADJ=14
 ICtDFT=  3500011 ScaDFX=  1.000000  1.000000  1.000000  1.000000
 FoFCou: FMM=F IPFlag=           0 FMFlag=      100000 FMFlg1=           0
         NFxFlg=           0 DoJE=T BraDBF=F KetDBF=T FulRan=T
         wScrn=  0.000000 ICntrl=       500 IOpCl=  0 I1Cent=   200000004 NGrid=           0
         NMat0=    1 NMatS0=      1 NMatT0=    0 NMatD0=    1 NMtDS0=    0 NMtDT0=    0
 Symmetry not used in FoFCou.
 Requested convergence on RMS density matrix=1.00D-08 within 128 cycles.
 Requested convergence on MAX density matrix=1.00D-06.
 Requested convergence on             energy=1.00D-06.
 No special actions if energy rises.
 Integral accuracy reduced to 1.0D-05 until final iterations.
 Initial convergence to 1.0D-05 achieved.  Increase integral accuracy.
 SCF Done:  E(UB3LYP) =  -460.750701410     A.U. after   12 cycles
            NFock= 12  Conv=0.84D-08     -V/T= 2.0038
 <Sx>= 0.0000 <Sy>= 0.0000 <Sz>= 0.5000 <S**2>= 0.7793 S= 0.5145
 <L.S>= 0.000000000000E+00
 Annihilation of the first spin contaminant:
 S**2 before annihilation     0.7793,   after     0.7506
 DoSCS=F DFT=T ScalE2(SS,OS)=  1.000000  1.000000
 Range of M.O.s used for correlation:     1   234
 NBasis=   234 NAE=    37 NBE=    36 NFC=     0 NFV=     0
 NROrb=    234 NOA=    37 NOB=    36 NVA=   197 NVB=   198

 **** Warning!!: The largest alpha MO coefficient is  0.12014566D+02


 **** Warning!!: The largest beta MO coefficient is  0.12254104D+02

 Symmetrizing basis deriv contribution to polar:
 IMax=3 JMax=2 DiffMx= 0.00D+00
 Calling FoFJK, ICntrl=      2147 FMM=F ISym2X=0 I1Cent= 0 IOpClX= 1 NMat=1 NMatS=1 NMatT=0.
 -------------------------------------------------------------------
 Center     Atomic                   Forces (Hartrees/Bohr)
 Number     Number              X              Y              Z
 -------------------------------------------------------------------
      1        6           0.000044673   -0.000018905   -0.000129045
      2        6           0.000010893    0.000020639   -0.000076858
      3        6           0.000007478    0.000053619    0.000223936
      4        6           0.000003835    0.000009379    0.000220465
      5        6           0.000025046    0.000032044    0.000480229
      6        6           0.000039033    0.000006820    0.000196455
      7        1          -0.000003482    0.000024134    0.000068364
      8        8           0.000157779   -0.000171228   -0.000427887
      9        8          -0.000002295    0.000091647    0.000324189
     10        1           0.000001300   -0.000004565   -0.000022411
     11        6          -0.000252410    0.000002108   -0.000372290
     12        1          -0.000037541    0.000010294   -0.000040978
     13        1           0.000002896    0.000005070    0.000010485
     14        1          -0.000029598    0.000004974   -0.000028118
     15        1           0.000001442    0.000003265    0.000024348
     16        6           0.000022941   -0.000052425   -0.000348599
     17        1          -0.000009639   -0.000013267   -0.000030208
     18        1           0.000012869    0.000001142   -0.000028540
     19        1           0.000004780   -0.000004747   -0.000043535
 -------------------------------------------------------------------
 Cartesian Forces:  Max     0.000480229 RMS     0.000138484
 IRC-IRC-IRC-IRC-IRC-IRC-IRC-IRC-IRC-IRC-IRC-IRC-IRC-IRC-IRC-IRC-IRC-IRC
 Pt  5 Step number   1 out of a maximum of  20
 Modified Bulirsch-Stoer Extrapolation Cycles:
    EPS =    0.000010000000000
      PEZero:  N= 2 I= 1 D=  8.37D-04 Err=  2.48D-02
      PEZero:  N= 3 I= 2 D=  8.37D-04 Err=  3.34D-02
      PEZero:  N= 3 I= 1 D=  1.67D-03 Err=  2.53D-02
      PEZero:  N= 4 I= 3 D=  4.19D-04 Err=  1.76D-02
      PEZero:  N= 4 I= 2 D=  1.26D-03 Err=  9.97D-03
      PEZero:  N= 4 I= 1 D=  2.09D-03 Err=  2.71D-02
      PEZero:  N= 5 I= 4 D=  4.19D-04 Err=  5.69D-05
      PEZero:  N= 5 I= 3 D=  8.37D-04 Err=  1.75D-02
      PEZero:  N= 6 I= 5 D=  2.09D-04 Err=  4.26D-05
      PEZero:  N= 6 I= 4 D=  6.28D-04 Err=  7.97D-08
      PEZero:  N= 6 I= 3 D=  1.05D-03 Err=  5.98D-03
 Maximum DWI energy   std dev =  0.000000104 at pt    23
 Maximum DWI gradient std dev =  0.030441386 at pt    80
 CORRECTOR INTEGRATION CONVERGENCE:
   Recorrection delta-x convergence threshold:    0.010000
   Delta-x Convergence Met
 Point Number:   5          Path Number:   1
   CHANGE IN THE REACTION COORDINATE =    0.15924
   NET REACTION COORDINATE UP TO THIS POINT =    0.80570
  # OF POINTS ALONG THE PATH =   5
  # OF STEPS =   1

 Calculating another point on the path.
 IRC-IRC-IRC-IRC-IRC-IRC-IRC-IRC-IRC-IRC-IRC-IRC-IRC-IRC-IRC-IRC-IRC-IRC
                          Input orientation:                          
 ---------------------------------------------------------------------
 Center     Atomic      Atomic             Coordinates (Angstroms)
 Number     Number       Type             X           Y           Z
 ---------------------------------------------------------------------
      1          6           0       -1.887886   -0.049466   -0.038125
      2          6           0       -1.016426    1.066773   -0.071947
      3          6           0        0.341093    0.907905   -0.055946
      4          6           0        0.956684   -0.431281   -0.072274
      5          6           0        0.029862   -1.554273    0.052843
      6          6           0       -1.323212   -1.345648    0.045524
      7          1           0        0.449460   -2.550812    0.120268
      8          8           0        2.234690   -0.461939    0.742836
      9          8           0        1.180416    1.973900   -0.004889
     10          1           0       -1.413973    2.075874   -0.061142
     11          6           0        2.307426   -0.618130   -0.668804
     12          1           0        2.580148   -1.612504   -1.017796
     13          1           0        1.993151    1.659576    0.422217
     14          1           0        2.763061    0.203491   -1.219396
     15          1           0       -1.988887   -2.200236    0.111433
     16          6           0       -3.377260    0.157387   -0.029753
     17          1           0       -3.686855    0.792328    0.808048
     18          1           0       -3.717540    0.653716   -0.945902
     19          1           0       -3.911692   -0.790749    0.054491
 ---------------------------------------------------------------------
                    Distance matrix (angstroms):
                    1          2          3          4          5
     1  C    0.000000
     2  C    1.416536   0.000000
     3  C    2.425948   1.366877   0.000000
     4  C    2.870284   2.477363   1.473987   0.000000
     5  C    2.439359   2.824919   2.484153   1.461425   0.000000
     6  C    1.416313   2.434685   2.803339   2.459242   1.369082
     7  H    3.427099   3.908029   3.464898   2.187867   1.083375
     8  O    4.216120   3.683828   2.469865   1.516128   2.555494
     9  O    3.675539   2.377707   1.357724   2.416504   3.711483
    10  H    2.177658   1.084641   2.108183   3.450502   3.908403
    11  C    4.280395   3.774007   2.563366   1.488377   2.566016
    12  H    4.833857   4.583503   3.505850   2.219220   2.766517
    13  H    4.265582   3.106955   1.876951   2.385470   3.784147
    14  H    4.805278   4.043070   2.777722   2.231999   3.489799
    15  H    2.158328   3.413598   3.888105   3.440834   2.120389
    16  C    1.503693   2.530276   3.793429   4.373946   3.813801
    17  H    2.158915   2.825049   4.121190   4.882074   4.459916
    18  H    2.160130   2.868873   4.162828   4.877378   4.462704
    19  H    2.157283   3.442229   4.580808   4.883275   4.014825
                    6          7          8          9         10
     6  C    0.000000
     7  H    2.144848   0.000000
     8  O    3.731736   2.817451   0.000000
     9  O    4.158136   4.585082   2.757516   0.000000
    10  H    3.424387   4.991144   4.516593   2.597001   0.000000
    11  C    3.771085   2.794626   1.422117   2.903370   4.634191
    12  H    4.054391   2.591417   2.131424   3.980895   5.520174
    13  H    4.491273   4.494611   2.159158   0.970442   3.466329
    14  H    4.549448   3.838442   2.138300   2.667234   4.721756
    15  H    1.085259   2.463436   4.610743   5.242272   4.318034
    16  C    2.546349   4.690483   5.698635   4.906398   2.745190
    17  H    3.277071   5.362717   6.053275   5.074180   2.751177
    18  H    3.273101   5.363731   6.286937   5.159299   2.848115
    19  H    2.647305   4.703382   6.193541   5.794512   3.803879
                   11         12         13         14         15
    11  C    0.000000
    12  H    1.088555   0.000000
    13  H    2.545004   3.622805   0.000000
    14  H    1.088951   1.836284   2.325476   0.000000
    15  H    4.644366   4.743065   5.554400   5.489081   0.000000
    16  C    5.772821   6.292810   5.594833   6.254671   2.739690
    17  H    6.332606   6.956454   5.758772   6.786654   3.510528
    18  H    6.163976   6.693415   5.957810   6.501976   3.500177
    19  H    6.263417   6.630918   6.403631   6.867578   2.384759
                   16         17         18         19
    16  C    0.000000
    17  H    1.095861   0.000000
    18  H    1.096112   1.759687   0.000000
    19  H    1.091640   1.767634   1.767756   0.000000
 Symmetry turned off by external request.
 Stoichiometry    C8H9O2(2)
 Framework group  C1[X(C8H9O2)]
 Deg. of freedom    51
 Full point group                 C1      NOp   1
 Rotational constants (GHZ):           2.6775168           1.0574923           0.8031082
 Standard basis: 6-311G(d,p) (5D, 7F)
   234 basis functions,   392 primitive gaussians,   244 cartesian basis functions
    37 alpha electrons       36 beta electrons
       nuclear repulsion energy       514.0273651507 Hartrees.
 NAtoms=   19 NActive=   19 NUniq=   19 SFac= 1.00D+00 NAtFMM=   60 NAOKFM=F Big=F
 Integral buffers will be    131072 words long.
 Raffenetti 2 integral format.
 Two-electron integral symmetry is turned off.
 One-electron integrals computed using PRISM.
 NBasis=   234 RedAO= T EigKep=  2.00D-04  NBF=   234
 NBsUse=   234 1.00D-06 EigRej= -1.00D+00 NBFU=   234
 Initial guess from the checkpoint file:  "SR-14-ts-SR-15.chk"
 B after Tr=    -0.000185   -0.000011   -0.000380
         Rot=    1.000000    0.000123    0.000051   -0.000004 Ang=   0.02 deg.
 Initial guess <Sx>= 0.0000 <Sy>= 0.0000 <Sz>= 0.5000 <S**2>= 0.7793 S= 0.5145
 ExpMin= 1.03D-01 ExpMax= 8.59D+03 ExpMxC= 1.30D+03 IAcc=2 IRadAn=         4 AccDes= 0.00D+00
 Harris functional with IExCor=  402 and IRadAn=       4 diagonalized for initial guess.
 HarFok:  IExCor=  402 AccDes= 0.00D+00 IRadAn=         4 IDoV= 1 UseB2=F ITyADJ=14
 ICtDFT=  3500011 ScaDFX=  1.000000  1.000000  1.000000  1.000000
 FoFCou: FMM=F IPFlag=           0 FMFlag=      100000 FMFlg1=           0
         NFxFlg=           0 DoJE=T BraDBF=F KetDBF=T FulRan=T
         wScrn=  0.000000 ICntrl=       500 IOpCl=  0 I1Cent=   200000004 NGrid=           0
         NMat0=    1 NMatS0=      1 NMatT0=    0 NMatD0=    1 NMtDS0=    0 NMtDT0=    0
 Symmetry not used in FoFCou.
 Requested convergence on RMS density matrix=1.00D-08 within 128 cycles.
 Requested convergence on MAX density matrix=1.00D-06.
 Requested convergence on             energy=1.00D-06.
 No special actions if energy rises.
 Integral accuracy reduced to 1.0D-05 until final iterations.
 Initial convergence to 1.0D-05 achieved.  Increase integral accuracy.
 SCF Done:  E(UB3LYP) =  -460.750746965     A.U. after   11 cycles
            NFock= 11  Conv=0.78D-08     -V/T= 2.0038
 <Sx>= 0.0000 <Sy>= 0.0000 <Sz>= 0.5000 <S**2>= 0.7792 S= 0.5145
 <L.S>= 0.000000000000E+00
 Annihilation of the first spin contaminant:
 S**2 before annihilation     0.7792,   after     0.7506
 DoSCS=F DFT=T ScalE2(SS,OS)=  1.000000  1.000000
 Range of M.O.s used for correlation:     1   234
 NBasis=   234 NAE=    37 NBE=    36 NFC=     0 NFV=     0
 NROrb=    234 NOA=    37 NOB=    36 NVA=   197 NVB=   198

 **** Warning!!: The largest alpha MO coefficient is  0.12254130D+02


 **** Warning!!: The largest beta MO coefficient is  0.12477758D+02

 Symmetrizing basis deriv contribution to polar:
 IMax=3 JMax=2 DiffMx= 0.00D+00
 G2DrvN: will do    20 centers at a time, making    1 passes.
 Calling FoFCou, ICntrl=  3107 FMM=F I1Cent=   0 AccDes= 0.00D+00.
 End of G2Drv F.D. properties file   721 does not exist.
 End of G2Drv F.D. properties file   722 does not exist.
 End of G2Drv F.D. properties file   788 does not exist.
          IDoAtm=1111111111111111111
          Differentiating once with respect to nuclear coordinates.
 Keep R1 and R2 ints in memory in canonical form, NReq=777448244.
          There are    60 degrees of freedom in the 1st order CPHF.  IDoFFX=6 NUNeed=     0.
     54 vectors produced by pass  0 Test12= 2.40D-14 1.67D-09 XBig12= 3.57D-01 2.79D-01.
 AX will form    54 AO Fock derivatives at one time.
     54 vectors produced by pass  1 Test12= 2.40D-14 1.67D-09 XBig12= 6.63D-02 7.25D-02.
     54 vectors produced by pass  2 Test12= 2.40D-14 1.67D-09 XBig12= 1.62D-03 1.30D-02.
     54 vectors produced by pass  3 Test12= 2.40D-14 1.67D-09 XBig12= 1.87D-05 8.40D-04.
     54 vectors produced by pass  4 Test12= 2.40D-14 1.67D-09 XBig12= 1.15D-07 3.13D-05.
     54 vectors produced by pass  5 Test12= 2.40D-14 1.67D-09 XBig12= 7.62D-10 2.23D-06.
     44 vectors produced by pass  6 Test12= 2.40D-14 1.67D-09 XBig12= 4.06D-12 1.65D-07.
     12 vectors produced by pass  7 Test12= 2.40D-14 1.67D-09 XBig12= 1.68D-14 1.55D-08.
 InvSVY:  IOpt=1 It=  1 EMax= 1.11D-15
 Solved reduced A of dimension   380 with    60 vectors.
 End of Minotr F.D. properties file   721 does not exist.
 End of Minotr F.D. properties file   722 does not exist.
 End of Minotr F.D. properties file   788 does not exist.
 Calling FoFJK, ICntrl=    100147 FMM=F ISym2X=0 I1Cent= 0 IOpClX= 1 NMat=1 NMatS=1 NMatT=0.
 -------------------------------------------------------------------
 Center     Atomic                   Forces (Hartrees/Bohr)
 Number     Number              X              Y              Z
 -------------------------------------------------------------------
      1        6           0.000017590   -0.000022177   -0.000064571
      2        6           0.000001926    0.000008724   -0.000022772
      3        6          -0.000004750    0.000016465    0.000167743
      4        6           0.000046699   -0.000010150    0.000124764
      5        6           0.000020045    0.000019390    0.000380294
      6        6           0.000006091    0.000022129    0.000204638
      7        1          -0.000010970    0.000029184    0.000042578
      8        8           0.000189488   -0.000028583   -0.000400238
      9        8           0.000013441    0.000008539    0.000310240
     10        1           0.000003544   -0.000006164   -0.000009827
     11        6          -0.000235356   -0.000007858   -0.000267211
     12        1          -0.000027785    0.000004782   -0.000019136
     13        1          -0.000005024   -0.000002259    0.000001797
     14        1          -0.000029061    0.000000598   -0.000024705
     15        1          -0.000000435    0.000006289    0.000022835
     16        6           0.000002206   -0.000030663   -0.000344106
     17        1          -0.000011817   -0.000013549   -0.000038890
     18        1           0.000017081    0.000000073   -0.000021173
     19        1           0.000007088    0.000005230   -0.000042259
 -------------------------------------------------------------------
 Cartesian Forces:  Max     0.000400238 RMS     0.000117717
 IRC-IRC-IRC-IRC-IRC-IRC-IRC-IRC-IRC-IRC-IRC-IRC-IRC-IRC-IRC-IRC-IRC-IRC
 Pt  6 Step number   1 out of a maximum of  20
 Modified Bulirsch-Stoer Extrapolation Cycles:
    EPS =    0.000010000000000
      PEZero:  N= 2 I= 1 D=  8.43D-04 Err=  1.76D-02
      PEZero:  N= 3 I= 2 D=  8.43D-04 Err=  2.53D-02
      PEZero:  N= 3 I= 1 D=  1.69D-03 Err=  2.04D-02
      PEZero:  N= 4 I= 3 D=  4.21D-04 Err=  3.86D-02
      PEZero:  N= 4 I= 2 D=  1.26D-03 Err=  2.61D-02
      PEZero:  N= 4 I= 1 D=  2.11D-03 Err=  1.91D-02
      PEZero:  N= 5 I= 4 D=  4.21D-04 Err=  1.07D-02
      PEZero:  N= 5 I= 3 D=  8.43D-04 Err=  2.26D-02
      PEZero:  N= 6 I= 5 D=  2.11D-04 Err=  1.76D-05
      PEZero:  N= 6 I= 4 D=  6.32D-04 Err=  1.07D-02
      PEZero:  N= 7 I= 6 D=  2.11D-04 Err=  1.18D-05
      PEZero:  N= 7 I= 5 D=  4.21D-04 Err=  2.25D-08
      PEZero:  N= 7 I= 4 D=  8.43D-04 Err=  1.31D-02
 Maximum DWI energy   std dev =  0.000000078 at pt    88
 Maximum DWI gradient std dev =  0.038564277 at pt   130
 CORRECTOR INTEGRATION CONVERGENCE:
   Recorrection delta-x convergence threshold:    0.010000
   Delta-x Convergence Met
 Point Number:   6          Path Number:   1
   CHANGE IN THE REACTION COORDINATE =    0.16150
   NET REACTION COORDINATE UP TO THIS POINT =    0.96720
  # OF POINTS ALONG THE PATH =   6
  # OF STEPS =   1

 Calculating another point on the path.
 IRC-IRC-IRC-IRC-IRC-IRC-IRC-IRC-IRC-IRC-IRC-IRC-IRC-IRC-IRC-IRC-IRC-IRC
                          Input orientation:                          
 ---------------------------------------------------------------------
 Center     Atomic      Atomic             Coordinates (Angstroms)
 Number     Number       Type             X           Y           Z
 ---------------------------------------------------------------------
      1          6           0       -1.887717   -0.049580   -0.039592
      2          6           0       -1.016414    1.067022   -0.072155
      3          6           0        0.340954    0.908386   -0.051562
      4          6           0        0.956774   -0.431116   -0.068435
      5          6           0        0.029978   -1.553822    0.062917
      6          6           0       -1.323020   -1.345313    0.051306
      7          1           0        0.449840   -2.549843    0.135731
      8          8           0        2.238767   -0.461974    0.735283
      9          8           0        1.180639    1.973846    0.001458
     10          1           0       -1.414350    2.075992   -0.064015
     11          6           0        2.302428   -0.618536   -0.677116
     12          1           0        2.572511   -1.613085   -1.027384
     13          1           0        1.994580    1.657380    0.424785
     14          1           0        2.754187    0.203278   -1.230488
     15          1           0       -1.988805   -2.199637    0.119493
     16          6           0       -3.377175    0.156682   -0.039462
     17          1           0       -3.692060    0.790250    0.797460
     18          1           0       -3.712305    0.654221   -0.956828
     19          1           0       -3.911684   -0.791798    0.040267
 ---------------------------------------------------------------------
                    Distance matrix (angstroms):
                    1          2          3          4          5
     1  C    0.000000
     2  C    1.416697   0.000000
     3  C    2.425864   1.366761   0.000000
     4  C    2.870110   2.477479   1.474377   0.000000
     5  C    2.439427   2.825245   2.484408   1.461737   0.000000
     6  C    1.416358   2.434874   2.803310   2.459177   1.369019
     7  H    3.427276   3.908303   3.465008   2.188074   1.083348
     8  O    4.218811   3.685917   2.469556   1.513413   2.554008
     9  O    3.675697   2.377980   1.357604   2.416370   3.711098
    10  H    2.177780   1.084638   2.108210   3.450774   3.908676
    11  C    4.276384   3.771180   2.563238   1.488759   2.566406
    12  H    4.828448   4.579936   3.505694   2.219738   2.767082
    13  H    4.266332   3.108305   1.876800   2.383720   3.781856
    14  H    4.798900   4.037973   2.776822   2.232379   3.490217
    15  H    2.158304   3.413699   3.888039   3.440846   2.120321
    16  C    1.503672   2.530412   3.793374   4.373724   3.813790
    17  H    2.159080   2.826998   4.123105   4.883971   4.459573
    18  H    2.160042   2.867208   4.160891   4.875193   4.463185
    19  H    2.157245   3.442447   4.580828   4.883011   4.014710
                    6          7          8          9         10
     6  C    0.000000
     7  H    2.145006   0.000000
     8  O    3.732885   2.814058   0.000000
     9  O    4.157837   4.584306   2.755241   0.000000
    10  H    3.424466   4.991337   4.519448   2.597824   0.000000
    11  C    3.768644   2.796918   1.422475   2.905051   4.631503
    12  H    4.050979   2.595397   2.131534   3.982700   5.516559
    13  H    4.490225   4.491158   2.155851   0.970494   3.469146
    14  H    4.545849   3.841386   2.138335   2.669954   4.716399
    15  H    1.085261   2.463716   4.612054   5.241877   4.317948
    16  C    2.546327   4.690630   5.702786   4.906876   2.745366
    17  H    3.275626   5.361850   6.061900   5.077176   2.753767
    18  H    3.274623   5.364994   6.286842   5.157580   2.845899
    19  H    2.647203   4.703480   6.198377   5.795002   3.804177
                   11         12         13         14         15
    11  C    0.000000
    12  H    1.088467   0.000000
    13  H    2.547302   3.624739   0.000000
    14  H    1.088892   1.836690   2.330524   0.000000
    15  H    4.642106   4.739723   5.553120   5.485657   0.000000
    16  C    5.767622   6.285445   5.596729   6.246144   2.739540
    17  H    6.331899   6.953483   5.764432   6.783157   3.507156
    18  H    6.154280   6.681659   5.956822   6.487971   3.503345
    19  H    6.257783   6.622626   6.405489   6.858486   2.384482
                   16         17         18         19
    16  C    0.000000
    17  H    1.095902   0.000000
    18  H    1.096092   1.759671   0.000000
    19  H    1.091636   1.767612   1.767745   0.000000
 Symmetry turned off by external request.
 Stoichiometry    C8H9O2(2)
 Framework group  C1[X(C8H9O2)]
 Deg. of freedom    51
 Full point group                 C1      NOp   1
 Rotational constants (GHZ):           2.6774923           1.0575960           0.8032362
 Standard basis: 6-311G(d,p) (5D, 7F)
   234 basis functions,   392 primitive gaussians,   244 cartesian basis functions
    37 alpha electrons       36 beta electrons
       nuclear repulsion energy       514.0604737471 Hartrees.
 NAtoms=   19 NActive=   19 NUniq=   19 SFac= 1.00D+00 NAtFMM=   60 NAOKFM=F Big=F
 Integral buffers will be    131072 words long.
 Raffenetti 2 integral format.
 Two-electron integral symmetry is turned off.
 One-electron integrals computed using PRISM.
 NBasis=   234 RedAO= T EigKep=  2.00D-04  NBF=   234
 NBsUse=   234 1.00D-06 EigRej= -1.00D+00 NBFU=   234
 Initial guess from the checkpoint file:  "SR-14-ts-SR-15.chk"
 B after Tr=    -0.000194   -0.000045   -0.000423
         Rot=    1.000000    0.000127    0.000066    0.000006 Ang=   0.02 deg.
 Initial guess <Sx>= 0.0000 <Sy>= 0.0000 <Sz>= 0.5000 <S**2>= 0.7792 S= 0.5145
 ExpMin= 1.03D-01 ExpMax= 8.59D+03 ExpMxC= 1.30D+03 IAcc=2 IRadAn=         4 AccDes= 0.00D+00
 Harris functional with IExCor=  402 and IRadAn=       4 diagonalized for initial guess.
 HarFok:  IExCor=  402 AccDes= 0.00D+00 IRadAn=         4 IDoV= 1 UseB2=F ITyADJ=14
 ICtDFT=  3500011 ScaDFX=  1.000000  1.000000  1.000000  1.000000
 FoFCou: FMM=F IPFlag=           0 FMFlag=      100000 FMFlg1=           0
         NFxFlg=           0 DoJE=T BraDBF=F KetDBF=T FulRan=T
         wScrn=  0.000000 ICntrl=       500 IOpCl=  0 I1Cent=   200000004 NGrid=           0
         NMat0=    1 NMatS0=      1 NMatT0=    0 NMatD0=    1 NMtDS0=    0 NMtDT0=    0
 Symmetry not used in FoFCou.
 Requested convergence on RMS density matrix=1.00D-08 within 128 cycles.
 Requested convergence on MAX density matrix=1.00D-06.
 Requested convergence on             energy=1.00D-06.
 No special actions if energy rises.
 Integral accuracy reduced to 1.0D-05 until final iterations.
 Initial convergence to 1.0D-05 achieved.  Increase integral accuracy.
 SCF Done:  E(UB3LYP) =  -460.750785412     A.U. after   11 cycles
            NFock= 11  Conv=0.58D-08     -V/T= 2.0038
 <Sx>= 0.0000 <Sy>= 0.0000 <Sz>= 0.5000 <S**2>= 0.7792 S= 0.5145
 <L.S>= 0.000000000000E+00
 Annihilation of the first spin contaminant:
 S**2 before annihilation     0.7792,   after     0.7506
 DoSCS=F DFT=T ScalE2(SS,OS)=  1.000000  1.000000
 Range of M.O.s used for correlation:     1   234
 NBasis=   234 NAE=    37 NBE=    36 NFC=     0 NFV=     0
 NROrb=    234 NOA=    37 NOB=    36 NVA=   197 NVB=   198

 **** Warning!!: The largest alpha MO coefficient is  0.12374069D+02


 **** Warning!!: The largest beta MO coefficient is  0.12579232D+02

 Symmetrizing basis deriv contribution to polar:
 IMax=3 JMax=2 DiffMx= 0.00D+00
 Calling FoFJK, ICntrl=      2147 FMM=F ISym2X=0 I1Cent= 0 IOpClX= 1 NMat=1 NMatS=1 NMatT=0.
 -------------------------------------------------------------------
 Center     Atomic                   Forces (Hartrees/Bohr)
 Number     Number              X              Y              Z
 -------------------------------------------------------------------
      1        6           0.000002905   -0.000009817   -0.000037154
      2        6          -0.000001387    0.000006351    0.000002407
      3        6          -0.000002305    0.000010517    0.000132952
      4        6           0.000019901   -0.000005292    0.000099947
      5        6           0.000009379    0.000015952    0.000302047
      6        6           0.000001753    0.000015442    0.000177227
      7        1          -0.000003129    0.000010962    0.000038653
      8        8           0.000164476    0.000007516   -0.000324542
      9        8           0.000017966   -0.000012508    0.000261203
     10        1           0.000000521   -0.000001437   -0.000006455
     11        6          -0.000172192   -0.000006324   -0.000230565
     12        1          -0.000020512    0.000000078   -0.000020714
     13        1          -0.000003993   -0.000003058    0.000001756
     14        1          -0.000026889   -0.000003833   -0.000022851
     15        1          -0.000000013    0.000003278    0.000020530
     16        6           0.000003113   -0.000018621   -0.000300436
     17        1          -0.000011154   -0.000008336   -0.000036406
     18        1           0.000017035   -0.000002604   -0.000021127
     19        1           0.000004526    0.000001732   -0.000036472
 -------------------------------------------------------------------
 Cartesian Forces:  Max     0.000324542 RMS     0.000096920
 IRC-IRC-IRC-IRC-IRC-IRC-IRC-IRC-IRC-IRC-IRC-IRC-IRC-IRC-IRC-IRC-IRC-IRC
 Pt  7 Step number   1 out of a maximum of  20
 Modified Bulirsch-Stoer Extrapolation Cycles:
    EPS =    0.000010000000000
      PEZero:  N= 2 I= 1 D=  8.44D-04 Err=  1.32D-02
      PEZero:  N= 3 I= 2 D=  8.44D-04 Err=  2.02D-02
      PEZero:  N= 3 I= 1 D=  1.69D-03 Err=  1.71D-02
      PEZero:  N= 4 I= 3 D=  4.22D-04 Err=  3.15D-02
      PEZero:  N= 4 I= 2 D=  1.27D-03 Err=  2.18D-02
      PEZero:  N= 4 I= 1 D=  2.11D-03 Err=  1.59D-02
      PEZero:  N= 5 I= 4 D=  4.22D-04 Err=  2.83D-02
      PEZero:  N= 5 I= 3 D=  8.44D-04 Err=  1.12D-02
      PEZero:  N= 5 I= 2 D=  1.69D-03 Err=  4.49D-04
      PEZero:  N= 5 I= 1 D=  2.53D-03 Err=  5.30D-03
      PEZero:  N= 6 I= 5 D=  2.11D-04 Err=  4.66D-06
      PEZero:  N= 6 I= 4 D=  6.33D-04 Err=  2.83D-02
 Maximum DWI energy   std dev =  0.000000007 at pt    47
 Maximum DWI gradient std dev =  0.030863183 at pt   157
 CORRECTOR INTEGRATION CONVERGENCE:
   Recorrection delta-x convergence threshold:    0.010000
   Delta-x Convergence Met
 Point Number:   7          Path Number:   1
   CHANGE IN THE REACTION COORDINATE =    0.16209
   NET REACTION COORDINATE UP TO THIS POINT =    1.12929
  # OF POINTS ALONG THE PATH =   7
  # OF STEPS =   1

 Calculating another point on the path.
 IRC-IRC-IRC-IRC-IRC-IRC-IRC-IRC-IRC-IRC-IRC-IRC-IRC-IRC-IRC-IRC-IRC-IRC
                          Input orientation:                          
 ---------------------------------------------------------------------
 Center     Atomic      Atomic             Coordinates (Angstroms)
 Number     Number       Type             X           Y           Z
 ---------------------------------------------------------------------
      1          6           0       -1.887590   -0.049669   -0.040706
      2          6           0       -1.016422    1.067267   -0.071903
      3          6           0        0.340798    0.908775   -0.047232
      4          6           0        0.956791   -0.431025   -0.064850
      5          6           0        0.030050   -1.553432    0.072791
      6          6           0       -1.322885   -1.344976    0.057216
      7          1           0        0.450137   -2.548971    0.150875
      8          8           0        2.242899   -0.461662    0.727726
      9          8           0        1.180963    1.973576    0.007778
     10          1           0       -1.414701    2.076125   -0.066176
     11          6           0        2.297486   -0.618943   -0.685359
     12          1           0        2.565103   -1.613711   -1.036680
     13          1           0        1.996074    1.654780    0.427265
     14          1           0        2.745235    0.202962   -1.241759
     15          1           0       -1.988786   -2.199037    0.127653
     16          6           0       -3.377110    0.156036   -0.049514
     17          1           0       -3.697589    0.789307    0.785573
     18          1           0       -3.706699    0.653629   -0.968865
     19          1           0       -3.911743   -0.792676    0.026632
 ---------------------------------------------------------------------
                    Distance matrix (angstroms):
                    1          2          3          4          5
     1  C    0.000000
     2  C    1.416846   0.000000
     3  C    2.425772   1.366666   0.000000
     4  C    2.869933   2.477599   1.474727   0.000000
     5  C    2.439575   2.825615   2.484639   1.462050   0.000000
     6  C    1.416440   2.435058   2.803238   2.459091   1.368988
     7  H    3.427563   3.908658   3.465142   2.188363   1.083360
     8  O    4.221512   3.687845   2.469138   1.511023   2.552959
     9  O    3.675852   2.378286   1.357463   2.416119   3.710608
    10  H    2.177905   1.084644   2.108280   3.451054   3.909002
    11  C    4.272530   3.768504   2.563154   1.489231   2.566969
    12  H    4.823346   4.576654   3.505635   2.220331   2.767861
    13  H    4.266964   3.109577   1.876595   2.381779   3.779355
    14  H    4.792642   4.033069   2.776037   2.232842   3.490729
    15  H    2.158326   3.413805   3.887936   3.440836   2.120263
    16  C    1.503683   2.530552   3.793344   4.373508   3.813919
    17  H    2.159332   2.828636   4.125095   4.886275   4.460020
    18  H    2.159922   2.865873   4.158935   4.872561   4.463122
    19  H    2.157264   3.442671   4.580883   4.882805   4.014799
                    6          7          8          9         10
     6  C    0.000000
     7  H    2.145224   0.000000
     8  O    3.734253   2.811336   0.000000
     9  O    4.157461   4.583450   2.752529   0.000000
    10  H    3.424557   4.991618   4.522022   2.598742   0.000000
    11  C    3.766382   2.799463   1.422858   2.906581   4.628943
    12  H    4.047873   2.599630   2.131703   3.984390   5.513221
    13  H    4.488982   4.487520   2.151866   0.970569   3.471945
    14  H    4.542361   3.844481   2.138442   2.672707   4.711242
    15  H    1.085268   2.464009   4.613645   5.241410   4.317888
    16  C    2.546422   4.690953   5.707027   4.907419   2.745555
    17  H    3.274888   5.361957   6.071051   5.080131   2.755531
    18  H    3.275642   5.365608   6.286494   5.156097   2.844573
    19  H    2.647292   4.703829   6.203283   5.795529   3.804451
                   11         12         13         14         15
    11  C    0.000000
    12  H    1.088397   0.000000
    13  H    2.549235   3.626288   0.000000
    14  H    1.088847   1.837064   2.335521   0.000000
    15  H    4.640024   4.736685   5.551647   5.482321   0.000000
    16  C    5.762459   6.278248   5.598630   6.237528   2.739562
    17  H    6.331488   6.951001   5.770201   6.779665   3.504721
    18  H    6.144107   6.669403   5.955930   6.473409   3.505892
    19  H    6.252331   6.614701   6.407249   6.849486   2.384496
                   16         17         18         19
    16  C    0.000000
    17  H    1.095952   0.000000
    18  H    1.096099   1.759700   0.000000
    19  H    1.091643   1.767633   1.767726   0.000000
 Symmetry turned off by external request.
 Stoichiometry    C8H9O2(2)
 Framework group  C1[X(C8H9O2)]
 Deg. of freedom    51
 Full point group                 C1      NOp   1
 Rotational constants (GHZ):           2.6775756           1.0576350           0.8033654
 Standard basis: 6-311G(d,p) (5D, 7F)
   234 basis functions,   392 primitive gaussians,   244 cartesian basis functions
    37 alpha electrons       36 beta electrons
       nuclear repulsion energy       514.0870096752 Hartrees.
 NAtoms=   19 NActive=   19 NUniq=   19 SFac= 1.00D+00 NAtFMM=   60 NAOKFM=F Big=F
 Integral buffers will be    131072 words long.
 Raffenetti 2 integral format.
 Two-electron integral symmetry is turned off.
 One-electron integrals computed using PRISM.
 NBasis=   234 RedAO= T EigKep=  2.01D-04  NBF=   234
 NBsUse=   234 1.00D-06 EigRej= -1.00D+00 NBFU=   234
 Initial guess from the checkpoint file:  "SR-14-ts-SR-15.chk"
 B after Tr=    -0.000194   -0.000052   -0.000437
         Rot=    1.000000    0.000135    0.000074    0.000009 Ang=   0.02 deg.
 Initial guess <Sx>= 0.0000 <Sy>= 0.0000 <Sz>= 0.5000 <S**2>= 0.7792 S= 0.5145
 ExpMin= 1.03D-01 ExpMax= 8.59D+03 ExpMxC= 1.30D+03 IAcc=2 IRadAn=         4 AccDes= 0.00D+00
 Harris functional with IExCor=  402 and IRadAn=       4 diagonalized for initial guess.
 HarFok:  IExCor=  402 AccDes= 0.00D+00 IRadAn=         4 IDoV= 1 UseB2=F ITyADJ=14
 ICtDFT=  3500011 ScaDFX=  1.000000  1.000000  1.000000  1.000000
 FoFCou: FMM=F IPFlag=           0 FMFlag=      100000 FMFlg1=           0
         NFxFlg=           0 DoJE=T BraDBF=F KetDBF=T FulRan=T
         wScrn=  0.000000 ICntrl=       500 IOpCl=  0 I1Cent=   200000004 NGrid=           0
         NMat0=    1 NMatS0=      1 NMatT0=    0 NMatD0=    1 NMtDS0=    0 NMtDT0=    0
 Symmetry not used in FoFCou.
 Requested convergence on RMS density matrix=1.00D-08 within 128 cycles.
 Requested convergence on MAX density matrix=1.00D-06.
 Requested convergence on             energy=1.00D-06.
 No special actions if energy rises.
 Integral accuracy reduced to 1.0D-05 until final iterations.
 Initial convergence to 1.0D-05 achieved.  Increase integral accuracy.
 SCF Done:  E(UB3LYP) =  -460.750817191     A.U. after   11 cycles
            NFock= 11  Conv=0.55D-08     -V/T= 2.0038
 <Sx>= 0.0000 <Sy>= 0.0000 <Sz>= 0.5000 <S**2>= 0.7792 S= 0.5145
 <L.S>= 0.000000000000E+00
 Annihilation of the first spin contaminant:
 S**2 before annihilation     0.7792,   after     0.7506
 DoSCS=F DFT=T ScalE2(SS,OS)=  1.000000  1.000000
 Range of M.O.s used for correlation:     1   234
 NBasis=   234 NAE=    37 NBE=    36 NFC=     0 NFV=     0
 NROrb=    234 NOA=    37 NOB=    36 NVA=   197 NVB=   198

 **** Warning!!: The largest alpha MO coefficient is  0.12412714D+02


 **** Warning!!: The largest beta MO coefficient is  0.12591791D+02

 Symmetrizing basis deriv contribution to polar:
 IMax=3 JMax=2 DiffMx= 0.00D+00
 G2DrvN: will do    20 centers at a time, making    1 passes.
 Calling FoFCou, ICntrl=  3107 FMM=F I1Cent=   0 AccDes= 0.00D+00.
 End of G2Drv F.D. properties file   721 does not exist.
 End of G2Drv F.D. properties file   722 does not exist.
 End of G2Drv F.D. properties file   788 does not exist.
          IDoAtm=1111111111111111111
          Differentiating once with respect to nuclear coordinates.
 Keep R1 and R2 ints in memory in canonical form, NReq=777448244.
          There are    60 degrees of freedom in the 1st order CPHF.  IDoFFX=6 NUNeed=     0.
     54 vectors produced by pass  0 Test12= 2.40D-14 1.67D-09 XBig12= 3.57D-01 2.79D-01.
 AX will form    54 AO Fock derivatives at one time.
     54 vectors produced by pass  1 Test12= 2.40D-14 1.67D-09 XBig12= 6.67D-02 7.48D-02.
     54 vectors produced by pass  2 Test12= 2.40D-14 1.67D-09 XBig12= 1.62D-03 1.31D-02.
     54 vectors produced by pass  3 Test12= 2.40D-14 1.67D-09 XBig12= 1.89D-05 8.51D-04.
     54 vectors produced by pass  4 Test12= 2.40D-14 1.67D-09 XBig12= 1.16D-07 3.15D-05.
     54 vectors produced by pass  5 Test12= 2.40D-14 1.67D-09 XBig12= 7.70D-10 2.26D-06.
     44 vectors produced by pass  6 Test12= 2.40D-14 1.67D-09 XBig12= 4.09D-12 1.51D-07.
     12 vectors produced by pass  7 Test12= 2.40D-14 1.67D-09 XBig12= 1.72D-14 1.50D-08.
 InvSVY:  IOpt=1 It=  1 EMax= 1.67D-15
 Solved reduced A of dimension   380 with    60 vectors.
 End of Minotr F.D. properties file   721 does not exist.
 End of Minotr F.D. properties file   722 does not exist.
 End of Minotr F.D. properties file   788 does not exist.
 Calling FoFJK, ICntrl=    100147 FMM=F ISym2X=0 I1Cent= 0 IOpClX= 1 NMat=1 NMatS=1 NMatT=0.
 -------------------------------------------------------------------
 Center     Atomic                   Forces (Hartrees/Bohr)
 Number     Number              X              Y              Z
 -------------------------------------------------------------------
      1        6          -0.000003926   -0.000013353   -0.000023368
      2        6          -0.000003772    0.000003936    0.000010061
      3        6           0.000003292    0.000004888    0.000109134
      4        6           0.000037920   -0.000013869    0.000064145
      5        6           0.000016652    0.000017628    0.000241272
      6        6          -0.000003719    0.000019085    0.000144297
      7        1          -0.000006644    0.000018576    0.000029888
      8        8           0.000127094    0.000008763   -0.000287258
      9        8           0.000024282   -0.000018396    0.000216354
     10        1           0.000001778   -0.000002933   -0.000004287
     11        6          -0.000166546    0.000002800   -0.000160069
     12        1          -0.000018002    0.000001376   -0.000012762
     13        1          -0.000013113    0.000001555   -0.000004930
     14        1          -0.000027783   -0.000008082   -0.000010731
     15        1           0.000000074    0.000005006    0.000016377
     16        6           0.000010052   -0.000010069   -0.000250217
     17        1          -0.000004066   -0.000009739   -0.000042947
     18        1           0.000019219   -0.000009708   -0.000007891
     19        1           0.000007208    0.000002538   -0.000027069
 -------------------------------------------------------------------
 Cartesian Forces:  Max     0.000287258 RMS     0.000080322
 IRC-IRC-IRC-IRC-IRC-IRC-IRC-IRC-IRC-IRC-IRC-IRC-IRC-IRC-IRC-IRC-IRC-IRC
 Pt  8 Step number   1 out of a maximum of  20
 Modified Bulirsch-Stoer Extrapolation Cycles:
    EPS =    0.000010000000000
      PEZero:  N= 2 I= 1 D=  8.45D-04 Err=  1.08D-02
      PEZero:  N= 3 I= 2 D=  8.45D-04 Err=  1.68D-02
      PEZero:  N= 3 I= 1 D=  1.69D-03 Err=  1.44D-02
      PEZero:  N= 4 I= 3 D=  4.22D-04 Err=  2.65D-02
      PEZero:  N= 4 I= 2 D=  1.27D-03 Err=  1.85D-02
      PEZero:  N= 4 I= 1 D=  2.11D-03 Err=  1.36D-02
      PEZero:  N= 5 I= 4 D=  4.22D-04 Err=  3.54D-02
      PEZero:  N= 5 I= 3 D=  8.45D-04 Err=  2.66D-02
      PEZero:  N= 5 I= 2 D=  1.69D-03 Err=  1.74D-02
      PEZero:  N= 5 I= 1 D=  2.53D-03 Err=  1.29D-02
      PEZero:  N= 6 I= 5 D=  2.11D-04 Err=  1.34D-02
      PEZero:  N= 6 I= 4 D=  6.33D-04 Err=  1.76D-02
      PEZero:  N= 7 I= 6 D=  2.11D-04 Err=  3.95D-06
      PEZero:  N= 7 I= 5 D=  4.22D-04 Err=  1.34D-02
 Maximum DWI energy   std dev =  0.000000006 at pt    96
 Maximum DWI gradient std dev =  0.056255177 at pt   263
 CORRECTOR INTEGRATION CONVERGENCE:
   Recorrection delta-x convergence threshold:    0.010000
   Delta-x Convergence Met
 Point Number:   8          Path Number:   1
   CHANGE IN THE REACTION COORDINATE =    0.16214
   NET REACTION COORDINATE UP TO THIS POINT =    1.29143
  # OF POINTS ALONG THE PATH =   8
  # OF STEPS =   1

 Calculating another point on the path.
 IRC-IRC-IRC-IRC-IRC-IRC-IRC-IRC-IRC-IRC-IRC-IRC-IRC-IRC-IRC-IRC-IRC-IRC
                          Input orientation:                          
 ---------------------------------------------------------------------
 Center     Atomic      Atomic             Coordinates (Angstroms)
 Number     Number       Type             X           Y           Z
 ---------------------------------------------------------------------
      1          6           0       -1.887411   -0.049753   -0.041612
      2          6           0       -1.016399    1.067519   -0.071377
      3          6           0        0.340666    0.909154   -0.042892
      4          6           0        0.956756   -0.430936   -0.061446
      5          6           0        0.030121   -1.552977    0.082509
      6          6           0       -1.322750   -1.344598    0.063154
      7          1           0        0.450414   -2.547999    0.165723
      8          8           0        2.246955   -0.461330    0.720161
      9          8           0        1.181315    1.973279    0.014065
     10          1           0       -1.415001    2.076260   -0.067898
     11          6           0        2.292380   -0.619364   -0.693466
     12          1           0        2.557538   -1.614357   -1.045797
     13          1           0        1.997620    1.652175    0.429572
     14          1           0        2.736099    0.202589   -1.252894
     15          1           0       -1.988781   -2.198374    0.135810
     16          6           0       -3.376895    0.155322   -0.059760
     17          1           0       -3.702956    0.790112    0.772019
     18          1           0       -3.700929    0.650951   -0.982132
     19          1           0       -3.911580   -0.793477    0.014824
 ---------------------------------------------------------------------
                    Distance matrix (angstroms):
                    1          2          3          4          5
     1  C    0.000000
     2  C    1.416984   0.000000
     3  C    2.425661   1.366572   0.000000
     4  C    2.869665   2.477662   1.475043   0.000000
     5  C    2.439675   2.825931   2.484804   1.462310   0.000000
     6  C    1.416489   2.435212   2.803140   2.458953   1.368961
     7  H    3.427776   3.908929   3.465180   2.188594   1.083347
     8  O    4.224059   3.689633   2.468686   1.508790   2.551988
     9  O    3.675981   2.378582   1.357313   2.415860   3.710042
    10  H    2.178025   1.084644   2.108348   3.451275   3.909266
    11  C    4.268492   3.765713   2.562967   1.489580   2.567409
    12  H    4.818085   4.573290   3.505488   2.220797   2.768516
    13  H    4.267556   3.110802   1.876379   2.379884   3.776838
    14  H    4.786201   4.028068   2.775146   2.233151   3.491079
    15  H    2.158316   3.413870   3.887800   3.440776   2.120223
    16  C    1.503646   2.530648   3.793259   4.373127   3.813960
    17  H    2.159531   2.829463   4.126637   4.888613   4.461093
    18  H    2.159725   2.865258   4.157322   4.869514   4.462229
    19  H    2.157214   3.442791   4.580817   4.882413   4.014777
                    6          7          8          9         10
     6  C    0.000000
     7  H    2.145415   0.000000
     8  O    3.735587   2.808762   0.000000
     9  O    4.157049   4.582485   2.749815   0.000000
    10  H    3.424610   4.991806   4.524414   2.599650   0.000000
    11  C    3.763988   2.801906   1.423159   2.908068   4.626273
    12  H    4.044648   2.603736   2.131793   3.986029   5.509810
    13  H    4.487735   4.483851   2.147909   0.970622   3.474667
    14  H    4.538725   3.847409   2.138457   2.675422   4.706006
    15  H    1.085270   2.464307   4.615219   5.240899   4.317779
    16  C    2.546445   4.691171   5.711062   4.907922   2.745741
    17  H    3.274883   5.362935   6.080316   5.082370   2.755789
    18  H    3.275756   5.365119   6.285880   5.155314   2.844783
    19  H    2.647285   4.704053   6.207687   5.795906   3.804621
                   11         12         13         14         15
    11  C    0.000000
    12  H    1.088328   0.000000
    13  H    2.551075   3.627733   0.000000
    14  H    1.088784   1.837407   2.340372   0.000000
    15  H    4.637814   4.733529   5.550173   5.478833   0.000000
    16  C    5.756945   6.270689   5.600485   6.228523   2.739525
    17  H    6.330745   6.948361   5.775552   6.775462   3.503456
    18  H    6.133252   6.656131   5.955570   6.458302   3.507121
    19  H    6.246689   6.606683   6.408735   6.840387   2.384435
                   16         17         18         19
    16  C    0.000000
    17  H    1.095961   0.000000
    18  H    1.096091   1.759663   0.000000
    19  H    1.091637   1.767660   1.767673   0.000000
 Symmetry turned off by external request.
 Stoichiometry    C8H9O2(2)
 Framework group  C1[X(C8H9O2)]
 Deg. of freedom    51
 Full point group                 C1      NOp   1
 Rotational constants (GHZ):           2.6776281           1.0577284           0.8035462
 Standard basis: 6-311G(d,p) (5D, 7F)
   234 basis functions,   392 primitive gaussians,   244 cartesian basis functions
    37 alpha electrons       36 beta electrons
       nuclear repulsion energy       514.1224644887 Hartrees.
 NAtoms=   19 NActive=   19 NUniq=   19 SFac= 1.00D+00 NAtFMM=   60 NAOKFM=F Big=F
 Integral buffers will be    131072 words long.
 Raffenetti 2 integral format.
 Two-electron integral symmetry is turned off.
 One-electron integrals computed using PRISM.
 NBasis=   234 RedAO= T EigKep=  2.02D-04  NBF=   234
 NBsUse=   234 1.00D-06 EigRej= -1.00D+00 NBFU=   234
 Initial guess from the checkpoint file:  "SR-14-ts-SR-15.chk"
 B after Tr=    -0.000190   -0.000053   -0.000446
         Rot=    1.000000    0.000153    0.000079    0.000011 Ang=   0.02 deg.
 Initial guess <Sx>= 0.0000 <Sy>= 0.0000 <Sz>= 0.5000 <S**2>= 0.7792 S= 0.5145
 ExpMin= 1.03D-01 ExpMax= 8.59D+03 ExpMxC= 1.30D+03 IAcc=2 IRadAn=         4 AccDes= 0.00D+00
 Harris functional with IExCor=  402 and IRadAn=       4 diagonalized for initial guess.
 HarFok:  IExCor=  402 AccDes= 0.00D+00 IRadAn=         4 IDoV= 1 UseB2=F ITyADJ=14
 ICtDFT=  3500011 ScaDFX=  1.000000  1.000000  1.000000  1.000000
 FoFCou: FMM=F IPFlag=           0 FMFlag=      100000 FMFlg1=           0
         NFxFlg=           0 DoJE=T BraDBF=F KetDBF=T FulRan=T
         wScrn=  0.000000 ICntrl=       500 IOpCl=  0 I1Cent=   200000004 NGrid=           0
         NMat0=    1 NMatS0=      1 NMatT0=    0 NMatD0=    1 NMtDS0=    0 NMtDT0=    0
 Symmetry not used in FoFCou.
 Requested convergence on RMS density matrix=1.00D-08 within 128 cycles.
 Requested convergence on MAX density matrix=1.00D-06.
 Requested convergence on             energy=1.00D-06.
 No special actions if energy rises.
 Integral accuracy reduced to 1.0D-05 until final iterations.
 Initial convergence to 1.0D-05 achieved.  Increase integral accuracy.
 SCF Done:  E(UB3LYP) =  -460.750842370     A.U. after   11 cycles
            NFock= 11  Conv=0.53D-08     -V/T= 2.0038
 <Sx>= 0.0000 <Sy>= 0.0000 <Sz>= 0.5000 <S**2>= 0.7791 S= 0.5145
 <L.S>= 0.000000000000E+00
 Annihilation of the first spin contaminant:
 S**2 before annihilation     0.7791,   after     0.7505
 DoSCS=F DFT=T ScalE2(SS,OS)=  1.000000  1.000000
 Range of M.O.s used for correlation:     1   234
 NBasis=   234 NAE=    37 NBE=    36 NFC=     0 NFV=     0
 NROrb=    234 NOA=    37 NOB=    36 NVA=   197 NVB=   198

 **** Warning!!: The largest alpha MO coefficient is  0.12379151D+02


 **** Warning!!: The largest beta MO coefficient is  0.12521855D+02

 Symmetrizing basis deriv contribution to polar:
 IMax=3 JMax=2 DiffMx= 0.00D+00
 Calling FoFJK, ICntrl=      2147 FMM=F ISym2X=0 I1Cent= 0 IOpClX= 1 NMat=1 NMatS=1 NMatT=0.
 -------------------------------------------------------------------
 Center     Atomic                   Forces (Hartrees/Bohr)
 Number     Number              X              Y              Z
 -------------------------------------------------------------------
      1        6          -0.000001881   -0.000005070   -0.000014887
      2        6          -0.000001434    0.000003932    0.000011953
      3        6           0.000000848    0.000005390    0.000083142
      4        6           0.000018316   -0.000006213    0.000053749
      5        6           0.000008643    0.000012158    0.000181814
      6        6          -0.000001127    0.000012114    0.000111162
      7        1          -0.000003114    0.000009442    0.000022866
      8        8           0.000097085    0.000006193   -0.000209870
      9        8           0.000016151   -0.000011766    0.000163065
     10        1           0.000000625   -0.000001006   -0.000002643
     11        6          -0.000116749   -0.000001238   -0.000132379
     12        1          -0.000013173    0.000000341   -0.000011397
     13        1          -0.000006076   -0.000000503   -0.000001439
     14        1          -0.000018950   -0.000004389   -0.000011397
     15        1           0.000000009    0.000002644    0.000012672
     16        6           0.000008476   -0.000006328   -0.000195167
     17        1          -0.000003358   -0.000003335   -0.000033514
     18        1           0.000014144   -0.000011273   -0.000011111
     19        1           0.000001565   -0.000001091   -0.000016618
 -------------------------------------------------------------------
 Cartesian Forces:  Max     0.000209870 RMS     0.000060666
 IRC-IRC-IRC-IRC-IRC-IRC-IRC-IRC-IRC-IRC-IRC-IRC-IRC-IRC-IRC-IRC-IRC-IRC
 Pt  9 Step number   1 out of a maximum of  20
 Modified Bulirsch-Stoer Extrapolation Cycles:
    EPS =    0.000010000000000
      PEZero:  N= 2 I= 1 D=  8.45D-04 Err=  7.91D-03
      PEZero:  N= 3 I= 2 D=  8.45D-04 Err=  1.31D-02
      PEZero:  N= 3 I= 1 D=  1.69D-03 Err=  1.17D-02
      PEZero:  N= 4 I= 3 D=  4.22D-04 Err=  2.12D-02
      PEZero:  N= 4 I= 2 D=  1.27D-03 Err=  1.52D-02
      PEZero:  N= 4 I= 1 D=  2.11D-03 Err=  1.12D-02
      PEZero:  N= 5 I= 4 D=  4.22D-04 Err=  2.87D-02
      PEZero:  N= 5 I= 3 D=  8.45D-04 Err=  2.18D-02
      PEZero:  N= 5 I= 2 D=  1.69D-03 Err=  1.42D-02
      PEZero:  N= 5 I= 1 D=  2.53D-03 Err=  1.04D-02
      PEZero:  N= 6 I= 5 D=  2.11D-04 Err=  4.25D-02
      PEZero:  N= 6 I= 4 D=  6.33D-04 Err=  2.80D-02
      PEZero:  N= 6 I= 3 D=  1.06D-03 Err=  2.06D-02
      PEZero:  N= 6 I= 2 D=  1.90D-03 Err=  1.36D-02
      PEZero:  N= 6 I= 1 D=  2.74D-03 Err=  1.01D-02
      PEZero:  N= 7 I= 6 D=  2.11D-04 Err=  3.87D-03
      PEZero:  N= 7 I= 5 D=  4.22D-04 Err=  3.67D-02
      PEZero:  N= 8 I= 7 D=  1.06D-04 Err=  4.62D-06
      PEZero:  N= 8 I= 6 D=  3.17D-04 Err=  3.87D-03
 Maximum DWI energy   std dev =  0.000000005 at pt    95
 Maximum DWI gradient std dev =  0.052540796 at pt   316
 CORRECTOR INTEGRATION CONVERGENCE:
   Recorrection delta-x convergence threshold:    0.010000
   Delta-x Convergence Met
 Point Number:   9          Path Number:   1
   CHANGE IN THE REACTION COORDINATE =    0.16212
   NET REACTION COORDINATE UP TO THIS POINT =    1.45355
  # OF POINTS ALONG THE PATH =   9
  # OF STEPS =   1

 PES minimum detected on this side of the pathway.
    Magnitude of the gradient =      0.0001349
 Calculation of FORWARD path complete.
 Beginning calculation of the REVERSE path.
 
 Calculating another point on the path.
 IRC-IRC-IRC-IRC-IRC-IRC-IRC-IRC-IRC-IRC-IRC-IRC-IRC-IRC-IRC-IRC-IRC-IRC
                          Input orientation:                          
 ---------------------------------------------------------------------
 Center     Atomic      Atomic             Coordinates (Angstroms)
 Number     Number       Type             X           Y           Z
 ---------------------------------------------------------------------
      1          6           0       -1.894631   -0.046250   -0.023242
      2          6           0       -1.024235    1.063572   -0.061908
      3          6           0        0.338201    0.895386   -0.078120
      4          6           0        0.923657   -0.436269   -0.139927
      5          6           0        0.020640   -1.550502   -0.000693
      6          6           0       -1.336403   -1.342908    0.039551
      7          1           0        0.438069   -2.549722    0.023737
      8          8           0        2.292030   -0.439162    0.786067
      9          8           0        1.177786    1.958127   -0.019809
     10          1           0       -1.414970    2.074716   -0.033129
     11          6           0        2.316603   -0.619252   -0.609449
     12          1           0        2.594646   -1.616439   -0.956230
     13          1           0        1.987760    1.631199    0.406633
     14          1           0        2.770117    0.182976   -1.196078
     15          1           0       -2.001397   -2.197334    0.107847
     16          6           0       -3.384388    0.162843   -0.007842
     17          1           0       -3.688818    0.801995    0.827811
     18          1           0       -3.723946    0.655618   -0.925682
     19          1           0       -3.919732   -0.784074    0.081444
 ---------------------------------------------------------------------
                    Distance matrix (angstroms):
                    1          2          3          4          5
     1  C    0.000000
     2  C    1.410954   0.000000
     3  C    2.423887   1.372873   0.000000
     4  C    2.847539   2.459653   1.455982   0.000000
     5  C    2.435476   2.815830   2.467632   1.440952   0.000000
     6  C    1.413111   2.428763   2.797875   2.441737   1.373419
     7  H    3.422144   3.898918   3.448060   2.174687   1.083182
     8  O    4.282229   3.738300   2.518985   1.652246   2.648260
     9  O    3.668417   2.377161   1.355626   2.410838   3.694568
    10  H    2.174550   1.084395   2.113398   3.433020   3.899261
    11  C    4.290276   3.780595   2.547649   1.481294   2.551325
    12  H    4.846604   4.591141   3.488824   2.202580   2.746436
    13  H    4.251069   3.100620   1.870148   2.388612   3.762805
    14  H    4.815389   4.056957   2.769761   2.215476   3.463166
    15  H    2.157717   3.408397   3.882424   3.423256   2.125748
    16  C    1.504438   2.526769   3.794632   4.351510   3.811800
    17  H    2.159379   2.821351   4.128718   4.872857   4.469981
    18  H    2.157176   2.863734   4.156548   4.838372   4.443478
    19  H    2.157864   3.437768   4.579960   4.860904   4.015057
                    6          7          8          9         10
     6  C    0.000000
     7  H    2.146020   0.000000
     8  O    3.813078   2.910804   0.000000
     9  O    4.149880   4.568345   2.763688   0.000000
    10  H    3.419299   4.982209   4.553297   2.595410   0.000000
    11  C    3.780124   2.767043   1.407303   2.878796   4.638346
    12  H    4.064425   2.546013   2.124420   3.957512   5.527546
    13  H    4.475502   4.475294   2.126722   0.972005   3.459577
    14  H    4.551770   3.793948   2.131789   2.659001   4.737730
    15  H    1.084862   2.466221   4.688781   5.233675   4.314415
    16  C    2.542396   4.687236   5.763196   4.902716   2.744905
    17  H    3.279606   5.376963   6.108416   5.073355   2.744343
    18  H    3.259777   5.338349   6.349850   5.152098   2.853394
    19  H    2.643414   4.702262   6.261105   5.789180   3.802583
                   11         12         13         14         15
    11  C    0.000000
    12  H    1.091763   0.000000
    13  H    2.491003   3.573914   0.000000
    14  H    1.092419   1.823791   2.297415   0.000000
    15  H    4.652954   4.753242   5.537175   5.489394   0.000000
    16  C    5.785751   6.309845   5.584607   6.268194   2.737971
    17  H    6.336461   6.965166   5.752261   6.796849   3.515922
    18  H    6.181710   6.714744   5.945621   6.516852   3.489225
    19  H    6.276653   6.648814   6.390442   6.879050   2.382857
                   16         17         18         19
    16  C    0.000000
    17  H    1.095221   0.000000
    18  H    1.095699   1.759943   0.000000
    19  H    1.091428   1.768049   1.767866   0.000000
 Symmetry turned off by external request.
 Stoichiometry    C8H9O2(2)
 Framework group  C1[X(C8H9O2)]
 Deg. of freedom    51
 Full point group                 C1      NOp   1
 Rotational constants (GHZ):           2.7043439           1.0451775           0.7984933
 Standard basis: 6-311G(d,p) (5D, 7F)
   234 basis functions,   392 primitive gaussians,   244 cartesian basis functions
    37 alpha electrons       36 beta electrons
       nuclear repulsion energy       512.9211553708 Hartrees.
 NAtoms=   19 NActive=   19 NUniq=   19 SFac= 1.00D+00 NAtFMM=   60 NAOKFM=F Big=F
 Integral buffers will be    131072 words long.
 Raffenetti 2 integral format.
 Two-electron integral symmetry is turned off.
 One-electron integrals computed using PRISM.
 NBasis=   234 RedAO= T EigKep=  1.91D-04  NBF=   234
 NBsUse=   234 1.00D-06 EigRej= -1.00D+00 NBFU=   234
 Initial guess from the checkpoint file:  "SR-14-ts-SR-15.chk"
 B after Tr=     0.000264   -0.000302    0.002138
         Rot=    1.000000   -0.000886   -0.000277    0.000110 Ang=  -0.11 deg.
 Initial guess <Sx>= 0.0000 <Sy>= 0.0000 <Sz>= 0.5000 <S**2>= 0.7795 S= 0.5146
 ExpMin= 1.03D-01 ExpMax= 8.59D+03 ExpMxC= 1.30D+03 IAcc=2 IRadAn=         4 AccDes= 0.00D+00
 Harris functional with IExCor=  402 and IRadAn=       4 diagonalized for initial guess.
 HarFok:  IExCor=  402 AccDes= 0.00D+00 IRadAn=         4 IDoV= 1 UseB2=F ITyADJ=14
 ICtDFT=  3500011 ScaDFX=  1.000000  1.000000  1.000000  1.000000
 FoFCou: FMM=F IPFlag=           0 FMFlag=      100000 FMFlg1=           0
         NFxFlg=           0 DoJE=T BraDBF=F KetDBF=T FulRan=T
         wScrn=  0.000000 ICntrl=       500 IOpCl=  0 I1Cent=   200000004 NGrid=           0
         NMat0=    1 NMatS0=      1 NMatT0=    0 NMatD0=    1 NMtDS0=    0 NMtDT0=    0
 Symmetry not used in FoFCou.
 Requested convergence on RMS density matrix=1.00D-08 within 128 cycles.
 Requested convergence on MAX density matrix=1.00D-06.
 Requested convergence on             energy=1.00D-06.
 No special actions if energy rises.
 Integral accuracy reduced to 1.0D-05 until final iterations.
 Initial convergence to 1.0D-05 achieved.  Increase integral accuracy.
 SCF Done:  E(UB3LYP) =  -460.750323117     A.U. after   17 cycles
            NFock= 17  Conv=0.74D-08     -V/T= 2.0037
 <Sx>= 0.0000 <Sy>= 0.0000 <Sz>= 0.5000 <S**2>= 0.7806 S= 0.5152
 <L.S>= 0.000000000000E+00
 Annihilation of the first spin contaminant:
 S**2 before annihilation     0.7806,   after     0.7507
 DoSCS=F DFT=T ScalE2(SS,OS)=  1.000000  1.000000
 Range of M.O.s used for correlation:     1   234
 NBasis=   234 NAE=    37 NBE=    36 NFC=     0 NFV=     0
 NROrb=    234 NOA=    37 NOB=    36 NVA=   197 NVB=   198

 **** Warning!!: The largest alpha MO coefficient is  0.16102386D+02


 **** Warning!!: The largest beta MO coefficient is  0.16056522D+02

 Symmetrizing basis deriv contribution to polar:
 IMax=3 JMax=2 DiffMx= 0.00D+00
 Calling FoFJK, ICntrl=      2147 FMM=F ISym2X=0 I1Cent= 0 IOpClX= 1 NMat=1 NMatS=1 NMatT=0.
 -------------------------------------------------------------------
 Center     Atomic                   Forces (Hartrees/Bohr)
 Number     Number              X              Y              Z
 -------------------------------------------------------------------
      1        6           0.000026866    0.000029699    0.000126532
      2        6          -0.000213415   -0.000032427    0.000085271
      3        6           0.000042569   -0.000282440   -0.000223813
      4        6          -0.001201021   -0.000030580   -0.001476683
      5        6          -0.000108435    0.000215116   -0.000529348
      6        6          -0.000324940    0.000034871    0.000078972
      7        1          -0.000004978    0.000013853   -0.000072819
      8        8           0.002267836    0.000298274    0.000862717
      9        8          -0.000065154   -0.000269521   -0.000024324
     10        1          -0.000031120   -0.000007285    0.000018360
     11        6          -0.000148322    0.000025469    0.000952958
     12        1          -0.000030089    0.000007393    0.000063849
     13        1          -0.000006052   -0.000030151   -0.000015647
     14        1          -0.000063796   -0.000034308    0.000047500
     15        1          -0.000020530    0.000016099    0.000025960
     16        6          -0.000067053    0.000038199    0.000050940
     17        1          -0.000009952    0.000001339    0.000002427
     18        1          -0.000014809   -0.000003607    0.000004510
     19        1          -0.000027605    0.000010006    0.000022641
 -------------------------------------------------------------------
 Cartesian Forces:  Max     0.002267836 RMS     0.000445154
 IRC-IRC-IRC-IRC-IRC-IRC-IRC-IRC-IRC-IRC-IRC-IRC-IRC-IRC-IRC-IRC-IRC-IRC
 Pt 10 Step number   1 out of a maximum of  20
 Modified Bulirsch-Stoer Extrapolation Cycles:
    EPS =    0.000010000000000
      PEZero:  N= 2 I= 1 D=  4.22D-04 Err=  8.00D-04
      PEZero:  N= 3 I= 2 D=  4.22D-04 Err=  5.34D-04
      PEZero:  N= 3 I= 1 D=  8.45D-04 Err=  1.29D-07
 Maximum DWI energy   std dev =  0.000001171 at pt    53
 Maximum DWI gradient std dev =  0.151787457 at pt     1
 CORRECTOR INTEGRATION CONVERGENCE:
   Recorrection delta-x convergence threshold:    0.010000
   Delta-x Convergence Met
 Point Number:   1          Path Number:   2
   CHANGE IN THE REACTION COORDINATE =    0.16216
   NET REACTION COORDINATE UP TO THIS POINT =    0.16216
  # OF POINTS ALONG THE PATH =  10
  # OF STEPS =   1

 Calculating another point on the path.
 IRC-IRC-IRC-IRC-IRC-IRC-IRC-IRC-IRC-IRC-IRC-IRC-IRC-IRC-IRC-IRC-IRC-IRC
                          Input orientation:                          
 ---------------------------------------------------------------------
 Center     Atomic      Atomic             Coordinates (Angstroms)
 Number     Number       Type             X           Y           Z
 ---------------------------------------------------------------------
      1          6           0       -1.894985   -0.045956   -0.022426
      2          6           0       -1.025702    1.063277   -0.061234
      3          6           0        0.337877    0.893752   -0.079809
      4          6           0        0.915220   -0.436548   -0.151675
      5          6           0        0.019249   -1.549131   -0.004910
      6          6           0       -1.338618   -1.342593    0.040327
      7          1           0        0.437573   -2.548062    0.016348
      8          8           0        2.305615   -0.437430    0.791304
      9          8           0        1.177286    1.956377   -0.019984
     10          1           0       -1.416296    2.074394   -0.031275
     11          6           0        2.314932   -0.619047   -0.601627
     12          1           0        2.591866   -1.616166   -0.951458
     13          1           0        1.987384    1.627446    0.405347
     14          1           0        2.766073    0.180778   -1.194652
     15          1           0       -2.003632   -2.196681    0.110718
     16          6           0       -3.384948    0.163124   -0.007318
     17          1           0       -3.689196    0.802875    0.827786
     18          1           0       -3.723975    0.655148   -0.925636
     19          1           0       -3.920413   -0.783623    0.082687
 ---------------------------------------------------------------------
                    Distance matrix (angstroms):
                    1          2          3          4          5
     1  C    0.000000
     2  C    1.409808   0.000000
     3  C    2.423224   1.374202   0.000000
     4  C    2.840162   2.454554   1.451960   0.000000
     5  C    2.433954   2.814209   2.464714   1.436017   0.000000
     6  C    1.412356   2.428260   2.797554   2.436713   1.374230
     7  H    3.420945   3.897302   3.444600   2.171375   1.083194
     8  O    4.296562   3.751882   2.530391   1.680003   2.664077
     9  O    3.667177   2.377495   1.355491   2.410832   3.691865
    10  H    2.173731   1.084352   2.115040   3.428600   3.897618
    11  C    4.288043   3.779163   2.543541   1.481539   2.547801
    12  H    4.843603   4.588977   3.484240   2.200521   2.742044
    13  H    4.249241   3.100753   1.869373   2.391627   3.759323
    14  H    4.811547   4.054750   2.765383   2.212363   3.457328
    15  H    2.157579   3.407821   3.881976   3.418569   2.127143
    16  C    1.504637   2.525712   3.794535   4.344179   3.810561
    17  H    2.159298   2.819994   4.129080   4.867870   4.469661
    18  H    2.156974   2.862593   4.155839   4.828348   4.440530
    19  H    2.158138   3.436729   4.579632   4.853734   4.014301
                    6          7          8          9         10
     6  C    0.000000
     7  H    2.146762   0.000000
     8  O    3.829324   2.923167   0.000000
     9  O    4.149291   4.564917   2.767965   0.000000
    10  H    3.418621   4.980583   4.564923   2.596290   0.000000
    11  C    3.779425   2.761787   1.404752   2.874953   4.637024
    12  H    4.062903   2.538908   2.123341   3.953700   5.525607
    13  H    4.473999   4.470805   2.124605   0.972297   3.460555
    14  H    4.549101   3.786159   2.130311   2.656472   4.736185
    15  H    1.084741   2.468169   4.704017   5.232897   4.313607
    16  C    2.541047   4.686444   5.777627   4.902029   2.743923
    17  H    3.278466   5.377493   6.121882   5.072664   2.742411
    18  H    3.257910   5.335388   6.363770   5.151287   2.852985
    19  H    2.641951   4.702094   6.275780   5.788322   3.801559
                   11         12         13         14         15
    11  C    0.000000
    12  H    1.092392   0.000000
    13  H    2.483549   3.567539   0.000000
    14  H    1.093127   1.821674   2.293295   0.000000
    15  H    4.652565   4.752243   5.535247   5.486929   0.000000
    16  C    5.783911   6.307105   5.583590   6.264593   2.736904
    17  H    6.333612   6.961982   5.751689   6.793214   3.514633
    18  H    6.180368   6.711883   5.944451   6.512920   3.488056
    19  H    6.274943   6.646229   6.389008   6.875374   2.381506
                   16         17         18         19
    16  C    0.000000
    17  H    1.095102   0.000000
    18  H    1.095597   1.759978   0.000000
    19  H    1.091400   1.767939   1.767870   0.000000
 Symmetry turned off by external request.
 Stoichiometry    C8H9O2(2)
 Framework group  C1[X(C8H9O2)]
 Deg. of freedom    51
 Full point group                 C1      NOp   1
 Rotational constants (GHZ):           2.7075991           1.0432394           0.7977439
 Standard basis: 6-311G(d,p) (5D, 7F)
   234 basis functions,   392 primitive gaussians,   244 cartesian basis functions
    37 alpha electrons       36 beta electrons
       nuclear repulsion energy       512.7304651113 Hartrees.
 NAtoms=   19 NActive=   19 NUniq=   19 SFac= 1.00D+00 NAtFMM=   60 NAOKFM=F Big=F
 Integral buffers will be    131072 words long.
 Raffenetti 2 integral format.
 Two-electron integral symmetry is turned off.
 One-electron integrals computed using PRISM.
 NBasis=   234 RedAO= T EigKep=  1.90D-04  NBF=   234
 NBsUse=   234 1.00D-06 EigRej= -1.00D+00 NBFU=   234
 Initial guess from the checkpoint file:  "SR-14-ts-SR-15.chk"
 B after Tr=    -0.000159   -0.000040    0.000044
         Rot=    1.000000   -0.000006   -0.000008    0.000016 Ang=   0.00 deg.
 Initial guess <Sx>= 0.0000 <Sy>= 0.0000 <Sz>= 0.5000 <S**2>= 0.7807 S= 0.5152
 ExpMin= 1.03D-01 ExpMax= 8.59D+03 ExpMxC= 1.30D+03 IAcc=2 IRadAn=         4 AccDes= 0.00D+00
 Harris functional with IExCor=  402 and IRadAn=       4 diagonalized for initial guess.
 HarFok:  IExCor=  402 AccDes= 0.00D+00 IRadAn=         4 IDoV= 1 UseB2=F ITyADJ=14
 ICtDFT=  3500011 ScaDFX=  1.000000  1.000000  1.000000  1.000000
 FoFCou: FMM=F IPFlag=           0 FMFlag=      100000 FMFlg1=           0
         NFxFlg=           0 DoJE=T BraDBF=F KetDBF=T FulRan=T
         wScrn=  0.000000 ICntrl=       500 IOpCl=  0 I1Cent=   200000004 NGrid=           0
         NMat0=    1 NMatS0=      1 NMatT0=    0 NMatD0=    1 NMtDS0=    0 NMtDT0=    0
 Symmetry not used in FoFCou.
 Requested convergence on RMS density matrix=1.00D-08 within 128 cycles.
 Requested convergence on MAX density matrix=1.00D-06.
 Requested convergence on             energy=1.00D-06.
 No special actions if energy rises.
 Integral accuracy reduced to 1.0D-05 until final iterations.
 Initial convergence to 1.0D-05 achieved.  Increase integral accuracy.
 SCF Done:  E(UB3LYP) =  -460.750561187     A.U. after   15 cycles
            NFock= 15  Conv=0.93D-08     -V/T= 2.0037
 <Sx>= 0.0000 <Sy>= 0.0000 <Sz>= 0.5000 <S**2>= 0.7809 S= 0.5154
 <L.S>= 0.000000000000E+00
 Annihilation of the first spin contaminant:
 S**2 before annihilation     0.7809,   after     0.7507
 DoSCS=F DFT=T ScalE2(SS,OS)=  1.000000  1.000000
 Range of M.O.s used for correlation:     1   234
 NBasis=   234 NAE=    37 NBE=    36 NFC=     0 NFV=     0
 NROrb=    234 NOA=    37 NOB=    36 NVA=   197 NVB=   198

 **** Warning!!: The largest alpha MO coefficient is  0.16215222D+02


 **** Warning!!: The largest beta MO coefficient is  0.16252925D+02

 Symmetrizing basis deriv contribution to polar:
 IMax=3 JMax=2 DiffMx= 0.00D+00
 G2DrvN: will do    20 centers at a time, making    1 passes.
 Calling FoFCou, ICntrl=  3107 FMM=F I1Cent=   0 AccDes= 0.00D+00.
 End of G2Drv F.D. properties file   721 does not exist.
 End of G2Drv F.D. properties file   722 does not exist.
 End of G2Drv F.D. properties file   788 does not exist.
          IDoAtm=1111111111111111111
          Differentiating once with respect to nuclear coordinates.
 Keep R1 and R2 ints in memory in canonical form, NReq=777448244.
          There are    60 degrees of freedom in the 1st order CPHF.  IDoFFX=6 NUNeed=     0.
     54 vectors produced by pass  0 Test12= 2.40D-14 1.67D-09 XBig12= 3.52D-01 2.54D-01.
 AX will form    54 AO Fock derivatives at one time.
     54 vectors produced by pass  1 Test12= 2.40D-14 1.67D-09 XBig12= 7.79D-02 7.00D-02.
     54 vectors produced by pass  2 Test12= 2.40D-14 1.67D-09 XBig12= 1.60D-03 1.25D-02.
     54 vectors produced by pass  3 Test12= 2.40D-14 1.67D-09 XBig12= 1.77D-05 7.52D-04.
     54 vectors produced by pass  4 Test12= 2.40D-14 1.67D-09 XBig12= 1.17D-07 4.28D-05.
     54 vectors produced by pass  5 Test12= 2.40D-14 1.67D-09 XBig12= 7.53D-10 2.18D-06.
     45 vectors produced by pass  6 Test12= 2.40D-14 1.67D-09 XBig12= 4.46D-12 1.61D-07.
     12 vectors produced by pass  7 Test12= 2.40D-14 1.67D-09 XBig12= 1.93D-14 1.38D-08.
 InvSVY:  IOpt=1 It=  1 EMax= 1.39D-15
 Solved reduced A of dimension   381 with    60 vectors.
 End of Minotr F.D. properties file   721 does not exist.
 End of Minotr F.D. properties file   722 does not exist.
 End of Minotr F.D. properties file   788 does not exist.
 Calling FoFJK, ICntrl=    100147 FMM=F ISym2X=0 I1Cent= 0 IOpClX= 1 NMat=1 NMatS=1 NMatT=0.
 -------------------------------------------------------------------
 Center     Atomic                   Forces (Hartrees/Bohr)
 Number     Number              X              Y              Z
 -------------------------------------------------------------------
      1        6          -0.000049949    0.000089666    0.000229310
      2        6          -0.000468653   -0.000065822    0.000200742
      3        6          -0.000014929   -0.000597456   -0.000456461
      4        6          -0.002681647   -0.000044485   -0.003298706
      5        6          -0.000312030    0.000443777   -0.001187862
      6        6          -0.000629755    0.000097141    0.000209831
      7        1          -0.000017736    0.000026889   -0.000156048
      8        8           0.005219925    0.000625259    0.001904793
      9        8          -0.000178781   -0.000625158   -0.000061992
     10        1          -0.000031293   -0.000002998    0.000042356
     11        6          -0.000410520    0.000055430    0.002186330
     12        1          -0.000071596    0.000006235    0.000136807
     13        1          -0.000010095   -0.000066273   -0.000036681
     14        1          -0.000107627   -0.000052790    0.000071835
     15        1          -0.000051338    0.000018627    0.000066184
     16        6          -0.000168823    0.000078225    0.000130669
     17        1          -0.000010496    0.000012946    0.000000055
     18        1           0.000006833   -0.000006601    0.000003558
     19        1          -0.000011490    0.000007389    0.000015280
 -------------------------------------------------------------------
 Cartesian Forces:  Max     0.005219925 RMS     0.001007910
 IRC-IRC-IRC-IRC-IRC-IRC-IRC-IRC-IRC-IRC-IRC-IRC-IRC-IRC-IRC-IRC-IRC-IRC
 Pt 11 Step number   1 out of a maximum of  20
 Modified Bulirsch-Stoer Extrapolation Cycles:
    EPS =    0.000010000000000
      PEZero:  N= 2 I= 1 D=  8.44D-04 Err=  1.21D-05
      PEZero:  N= 3 I= 2 D=  8.44D-04 Err=  8.06D-06
      PEZero:  N= 3 I= 1 D=  1.69D-03 Err=  2.25D-08
 Maximum DWI energy   std dev =  0.000002821 at pt    66
 Maximum DWI gradient std dev =  0.020373637 at pt    61
 CORRECTOR INTEGRATION CONVERGENCE:
   Recorrection delta-x convergence threshold:    0.010000
   Delta-x Convergence Met
 Point Number:   2          Path Number:   2
   CHANGE IN THE REACTION COORDINATE =    0.16212
   NET REACTION COORDINATE UP TO THIS POINT =    0.32428
  # OF POINTS ALONG THE PATH =  11
  # OF STEPS =   1

 Calculating another point on the path.
 IRC-IRC-IRC-IRC-IRC-IRC-IRC-IRC-IRC-IRC-IRC-IRC-IRC-IRC-IRC-IRC-IRC-IRC
                          Input orientation:                          
 ---------------------------------------------------------------------
 Center     Atomic      Atomic             Coordinates (Angstroms)
 Number     Number       Type             X           Y           Z
 ---------------------------------------------------------------------
      1          6           0       -1.895239   -0.045642   -0.021702
      2          6           0       -1.027190    1.063037   -0.060549
      3          6           0        0.337597    0.892007   -0.081316
      4          6           0        0.906364   -0.436748   -0.163294
      5          6           0        0.017934   -1.547716   -0.008872
      6          6           0       -1.340761   -1.342269    0.041075
      7          1           0        0.437130   -2.546377    0.009892
      8          8           0        2.319356   -0.435921    0.796310
      9          8           0        1.176747    1.954747   -0.020162
     10          1           0       -1.417508    2.074188   -0.029561
     11          6           0        2.313165   -0.618811   -0.593859
     12          1           0        2.588841   -1.615889   -0.946726
     13          1           0        1.987120    1.624303    0.404037
     14          1           0        2.761885    0.178841   -1.192917
     15          1           0       -2.005815   -2.196003    0.113587
     16          6           0       -3.385443    0.163357   -0.006918
     17          1           0       -3.689624    0.803357    0.827846
     18          1           0       -3.723691    0.654976   -0.925598
     19          1           0       -3.920830   -0.783372    0.083208
 ---------------------------------------------------------------------
                    Distance matrix (angstroms):
                    1          2          3          4          5
     1  C    0.000000
     2  C    1.408611   0.000000
     3  C    2.422456   1.375618   0.000000
     4  C    2.832312   2.449192   1.447690   0.000000
     5  C    2.432411   2.812647   2.461642   1.430876   0.000000
     6  C    1.411605   2.427787   2.797116   2.431318   1.375047
     7  H    3.419740   3.895775   3.441034   2.168112   1.083236
     8  O    4.310948   3.765694   2.541848   1.708036   2.679730
     9  O    3.665877   2.377838   1.355481   2.410984   3.689204
    10  H    2.173008   1.084313   2.116748   3.423895   3.896037
    11  C    4.285622   3.777698   2.539319   1.482438   2.544241
    12  H    4.840281   4.586680   3.479451   2.198834   2.737478
    13  H    4.247668   3.101117   1.868891   2.395376   3.756314
    14  H    4.807384   4.052302   2.760695   2.209532   3.451410
    15  H    2.157448   3.407252   3.881414   3.413566   2.128575
    16  C    1.504861   2.524610   3.794402   4.336379   3.809297
    17  H    2.159247   2.818729   4.129521   4.862440   4.469186
    18  H    2.156648   2.861108   4.154883   4.817715   4.437566
    19  H    2.158303   3.435556   4.579101   4.845897   4.013298
                    6          7          8          9         10
     6  C    0.000000
     7  H    2.147497   0.000000
     8  O    3.845557   2.935175   0.000000
     9  O    4.148725   4.561585   2.772630   0.000000
    10  H    3.418049   4.979041   4.576774   2.597019   0.000000
    11  C    3.778586   2.756725   1.402161   2.871199   4.635579
    12  H    4.061083   2.531953   2.122055   3.949934   5.523467
    13  H    4.472928   4.466810   2.123389   0.972545   3.461487
    14  H    4.546232   3.778630   2.128565   2.653651   4.734244
    15  H    1.084627   2.470121   4.719227   5.232143   4.312902
    16  C    2.539672   4.685616   5.792153   4.901309   2.743092
    17  H    3.277175   5.377719   6.135523   5.072117   2.740925
    18  H    3.256040   5.332563   6.377573   5.150098   2.852284
    19  H    2.640245   4.701636   6.290402   5.787337   3.800656
                   11         12         13         14         15
    11  C    0.000000
    12  H    1.093012   0.000000
    13  H    2.476623   3.561667   0.000000
    14  H    1.093833   1.819783   2.289079   0.000000
    15  H    4.652054   4.750965   5.533772   5.484324   0.000000
    16  C    5.781904   6.304048   5.582802   6.260709   2.735776
    17  H    6.330662   6.958519   5.751434   6.789365   3.513052
    18  H    6.178690   6.708602   5.943138   6.508522   3.486987
    19  H    6.272814   6.643017   6.387778   6.871174   2.379859
                   16         17         18         19
    16  C    0.000000
    17  H    1.094969   0.000000
    18  H    1.095479   1.760041   0.000000
    19  H    1.091356   1.767951   1.767880   0.000000
 Symmetry turned off by external request.
 Stoichiometry    C8H9O2(2)
 Framework group  C1[X(C8H9O2)]
 Deg. of freedom    51
 Full point group                 C1      NOp   1
 Rotational constants (GHZ):           2.7107502           1.0413388           0.7970003
 Standard basis: 6-311G(d,p) (5D, 7F)
   234 basis functions,   392 primitive gaussians,   244 cartesian basis functions
    37 alpha electrons       36 beta electrons
       nuclear repulsion energy       512.5481401694 Hartrees.
 NAtoms=   19 NActive=   19 NUniq=   19 SFac= 1.00D+00 NAtFMM=   60 NAOKFM=F Big=F
 Integral buffers will be    131072 words long.
 Raffenetti 2 integral format.
 Two-electron integral symmetry is turned off.
 One-electron integrals computed using PRISM.
 NBasis=   234 RedAO= T EigKep=  1.90D-04  NBF=   234
 NBsUse=   234 1.00D-06 EigRej= -1.00D+00 NBFU=   234
 Initial guess from the checkpoint file:  "SR-14-ts-SR-15.chk"
 B after Tr=    -0.000151   -0.000029    0.000050
         Rot=    1.000000   -0.000005   -0.000005    0.000014 Ang=   0.00 deg.
 Initial guess <Sx>= 0.0000 <Sy>= 0.0000 <Sz>= 0.5000 <S**2>= 0.7811 S= 0.5154
 ExpMin= 1.03D-01 ExpMax= 8.59D+03 ExpMxC= 1.30D+03 IAcc=2 IRadAn=         4 AccDes= 0.00D+00
 Harris functional with IExCor=  402 and IRadAn=       4 diagonalized for initial guess.
 HarFok:  IExCor=  402 AccDes= 0.00D+00 IRadAn=         4 IDoV= 1 UseB2=F ITyADJ=14
 ICtDFT=  3500011 ScaDFX=  1.000000  1.000000  1.000000  1.000000
 FoFCou: FMM=F IPFlag=           0 FMFlag=      100000 FMFlg1=           0
         NFxFlg=           0 DoJE=T BraDBF=F KetDBF=T FulRan=T
         wScrn=  0.000000 ICntrl=       500 IOpCl=  0 I1Cent=   200000004 NGrid=           0
         NMat0=    1 NMatS0=      1 NMatT0=    0 NMatD0=    1 NMtDS0=    0 NMtDT0=    0
 Symmetry not used in FoFCou.
 Requested convergence on RMS density matrix=1.00D-08 within 128 cycles.
 Requested convergence on MAX density matrix=1.00D-06.
 Requested convergence on             energy=1.00D-06.
 No special actions if energy rises.
 Integral accuracy reduced to 1.0D-05 until final iterations.
 Initial convergence to 1.0D-05 achieved.  Increase integral accuracy.
 SCF Done:  E(UB3LYP) =  -460.750997897     A.U. after   16 cycles
            NFock= 16  Conv=0.18D-08     -V/T= 2.0037
 <Sx>= 0.0000 <Sy>= 0.0000 <Sz>= 0.5000 <S**2>= 0.7811 S= 0.5154
 <L.S>= 0.000000000000E+00
 Annihilation of the first spin contaminant:
 S**2 before annihilation     0.7811,   after     0.7507
 DoSCS=F DFT=T ScalE2(SS,OS)=  1.000000  1.000000
 Range of M.O.s used for correlation:     1   234
 NBasis=   234 NAE=    37 NBE=    36 NFC=     0 NFV=     0
 NROrb=    234 NOA=    37 NOB=    36 NVA=   197 NVB=   198

 **** Warning!!: The largest alpha MO coefficient is  0.16174253D+02


 **** Warning!!: The largest beta MO coefficient is  0.16305172D+02

 Symmetrizing basis deriv contribution to polar:
 IMax=3 JMax=2 DiffMx= 0.00D+00
 Calling FoFJK, ICntrl=      2147 FMM=F ISym2X=0 I1Cent= 0 IOpClX= 1 NMat=1 NMatS=1 NMatT=0.
 -------------------------------------------------------------------
 Center     Atomic                   Forces (Hartrees/Bohr)
 Number     Number              X              Y              Z
 -------------------------------------------------------------------
      1        6          -0.000127343    0.000144704    0.000342862
      2        6          -0.000700808   -0.000101193    0.000324845
      3        6          -0.000150642   -0.000834273   -0.000723093
      4        6          -0.004095597   -0.000071416   -0.005387897
      5        6          -0.000639882    0.000653864   -0.001879569
      6        6          -0.001010889    0.000147412    0.000350975
      7        1          -0.000020150    0.000061050   -0.000251842
      8        8           0.008584328    0.000943554    0.003074804
      9        8          -0.000325733   -0.001023571   -0.000101300
     10        1          -0.000049469   -0.000006708    0.000069614
     11        6          -0.000806593    0.000106598    0.003628978
     12        1          -0.000122497    0.000013621    0.000200955
     13        1          -0.000015630   -0.000113773   -0.000056725
     14        1          -0.000170238   -0.000080472    0.000086358
     15        1          -0.000086584    0.000027704    0.000114906
     16        6          -0.000237937    0.000111071    0.000183172
     17        1          -0.000018551    0.000018366    0.000002621
     18        1           0.000010980   -0.000006095    0.000001956
     19        1          -0.000016766    0.000009556    0.000018380
 -------------------------------------------------------------------
 Cartesian Forces:  Max     0.008584328 RMS     0.001636719
 IRC-IRC-IRC-IRC-IRC-IRC-IRC-IRC-IRC-IRC-IRC-IRC-IRC-IRC-IRC-IRC-IRC-IRC
 Pt 12 Step number   1 out of a maximum of  20
 Modified Bulirsch-Stoer Extrapolation Cycles:
    EPS =    0.000010000000000
      PEZero:  N= 2 I= 1 D=  8.45D-04 Err=  7.04D-06
 Maximum DWI energy   std dev =  0.000000363 at pt    49
 Maximum DWI gradient std dev =  0.005300416 at pt    37
 CORRECTOR INTEGRATION CONVERGENCE:
   Recorrection delta-x convergence threshold:    0.010000
   Delta-x Convergence Met
 Point Number:   3          Path Number:   2
   CHANGE IN THE REACTION COORDINATE =    0.16214
   NET REACTION COORDINATE UP TO THIS POINT =    0.48642
  # OF POINTS ALONG THE PATH =  12
  # OF STEPS =   1

 Calculating another point on the path.
 IRC-IRC-IRC-IRC-IRC-IRC-IRC-IRC-IRC-IRC-IRC-IRC-IRC-IRC-IRC-IRC-IRC-IRC
                          Input orientation:                          
 ---------------------------------------------------------------------
 Center     Atomic      Atomic             Coordinates (Angstroms)
 Number     Number       Type             X           Y           Z
 ---------------------------------------------------------------------
      1          6           0       -1.895519   -0.045326   -0.020990
      2          6           0       -1.028684    1.062812   -0.059860
      3          6           0        0.337272    0.890287   -0.082835
      4          6           0        0.897615   -0.436927   -0.174833
      5          6           0        0.016556   -1.546321   -0.012846
      6          6           0       -1.342934   -1.341954    0.041823
      7          1           0        0.436650   -2.544697    0.003521
      8          8           0        2.333190   -0.434446    0.801266
      9          8           0        1.176187    1.953127   -0.020334
     10          1           0       -1.418739    2.073992   -0.027812
     11          6           0        2.311381   -0.618577   -0.586070
     12          1           0        2.585749   -1.615619   -0.941955
     13          1           0        1.986851    1.621234    0.402716
     14          1           0        2.757681    0.176905   -1.191140
     15          1           0       -2.008041   -2.195320    0.116528
     16          6           0       -3.385938    0.163585   -0.006543
     17          1           0       -3.690087    0.803791    0.827909
     18          1           0       -3.723403    0.654846   -0.925567
     19          1           0       -3.921244   -0.783136    0.083640
 ---------------------------------------------------------------------
                    Distance matrix (angstroms):
                    1          2          3          4          5
     1  C    0.000000
     2  C    1.407439   0.000000
     3  C    2.421684   1.377000   0.000000
     4  C    2.824645   2.443986   1.443588   0.000000
     5  C    2.430861   2.811106   2.458621   1.425924   0.000000
     6  C    1.410865   2.427343   2.796700   2.426123   1.375851
     7  H    3.418548   3.894271   3.437507   2.164947   1.083283
     8  O    4.325448   3.779619   2.553476   1.735986   2.695522
     9  O    3.664587   2.378168   1.355475   2.411189   3.686589
    10  H    2.172297   1.084276   2.118433   3.419331   3.894478
    11  C    4.283216   3.776242   2.535158   1.483525   2.540770
    12  H    4.836916   4.584344   3.474666   2.197177   2.732910
    13  H    4.246145   3.101494   1.868463   2.399172   3.753420
    14  H    4.803218   4.049837   2.756017   2.206697   3.445526
    15  H    2.157324   3.406711   3.880878   3.408765   2.130008
    16  C    1.505059   2.523509   3.794234   4.328714   3.807990
    17  H    2.159191   2.817498   4.129959   4.857148   4.468680
    18  H    2.156307   2.859614   4.153879   4.807222   4.434579
    19  H    2.158442   3.434388   4.578539   4.838190   4.012236
                    6          7          8          9         10
     6  C    0.000000
     7  H    2.148250   0.000000
     8  O    3.861892   2.947273   0.000000
     9  O    4.148180   4.558279   2.777442   0.000000
    10  H    3.417496   4.977523   4.588747   2.597750   0.000000
    11  C    3.777769   2.751758   1.399672   2.867470   4.634153
    12  H    4.059219   2.525022   2.120796   3.946163   5.521305
    13  H    4.471934   4.462899   2.122407   0.972780   3.462426
    14  H    4.543365   3.771142   2.126881   2.650825   4.732309
    15  H    1.084519   2.472115   4.734536   5.231411   4.312207
    16  C    2.538278   4.684771   5.806774   4.900575   2.742257
    17  H    3.275864   5.377913   6.149293   5.071599   2.739469
    18  H    3.254180   5.329758   6.391465   5.148880   2.851564
    19  H    2.638506   4.701145   6.305118   5.786342   3.799754
                   11         12         13         14         15
    11  C    0.000000
    12  H    1.093629   0.000000
    13  H    2.469772   3.555846   0.000000
    14  H    1.094570   1.817910   2.284872   0.000000
    15  H    4.651577   4.749668   5.532373   5.481747   0.000000
    16  C    5.779885   6.300922   5.582034   6.256796   2.734626
    17  H    6.327724   6.955004   5.751229   6.785518   3.511411
    18  H    6.177012   6.705272   5.941822   6.504106   3.485953
    19  H    6.270662   6.639717   6.386580   6.866934   2.378170
                   16         17         18         19
    16  C    0.000000
    17  H    1.094842   0.000000
    18  H    1.095365   1.760106   0.000000
    19  H    1.091314   1.767967   1.767888   0.000000
 Symmetry turned off by external request.
 Stoichiometry    C8H9O2(2)
 Framework group  C1[X(C8H9O2)]
 Deg. of freedom    51
 Full point group                 C1      NOp   1
 Rotational constants (GHZ):           2.7138127           1.0393987           0.7962305
 Standard basis: 6-311G(d,p) (5D, 7F)
   234 basis functions,   392 primitive gaussians,   244 cartesian basis functions
    37 alpha electrons       36 beta electrons
       nuclear repulsion energy       512.3656818263 Hartrees.
 NAtoms=   19 NActive=   19 NUniq=   19 SFac= 1.00D+00 NAtFMM=   60 NAOKFM=F Big=F
 Integral buffers will be    131072 words long.
 Raffenetti 2 integral format.
 Two-electron integral symmetry is turned off.
 One-electron integrals computed using PRISM.
 NBasis=   234 RedAO= T EigKep=  1.90D-04  NBF=   234
 NBsUse=   234 1.00D-06 EigRej= -1.00D+00 NBFU=   234
 Initial guess from the checkpoint file:  "SR-14-ts-SR-15.chk"
 B after Tr=    -0.000154   -0.000029    0.000052
         Rot=    1.000000   -0.000005   -0.000005    0.000014 Ang=   0.00 deg.
 Initial guess <Sx>= 0.0000 <Sy>= 0.0000 <Sz>= 0.5000 <S**2>= 0.7812 S= 0.5155
 ExpMin= 1.03D-01 ExpMax= 8.59D+03 ExpMxC= 1.30D+03 IAcc=2 IRadAn=         4 AccDes= 0.00D+00
 Harris functional with IExCor=  402 and IRadAn=       4 diagonalized for initial guess.
 HarFok:  IExCor=  402 AccDes= 0.00D+00 IRadAn=         4 IDoV= 1 UseB2=F ITyADJ=14
 ICtDFT=  3500011 ScaDFX=  1.000000  1.000000  1.000000  1.000000
 FoFCou: FMM=F IPFlag=           0 FMFlag=      100000 FMFlg1=           0
         NFxFlg=           0 DoJE=T BraDBF=F KetDBF=T FulRan=T
         wScrn=  0.000000 ICntrl=       500 IOpCl=  0 I1Cent=   200000004 NGrid=           0
         NMat0=    1 NMatS0=      1 NMatT0=    0 NMatD0=    1 NMtDS0=    0 NMtDT0=    0
 Symmetry not used in FoFCou.
 Requested convergence on RMS density matrix=1.00D-08 within 128 cycles.
 Requested convergence on MAX density matrix=1.00D-06.
 Requested convergence on             energy=1.00D-06.
 No special actions if energy rises.
 Integral accuracy reduced to 1.0D-05 until final iterations.
 Initial convergence to 1.0D-05 achieved.  Increase integral accuracy.
 SCF Done:  E(UB3LYP) =  -460.751644354     A.U. after   15 cycles
            NFock= 15  Conv=0.97D-08     -V/T= 2.0037
 <Sx>= 0.0000 <Sy>= 0.0000 <Sz>= 0.5000 <S**2>= 0.7808 S= 0.5153
 <L.S>= 0.000000000000E+00
 Annihilation of the first spin contaminant:
 S**2 before annihilation     0.7808,   after     0.7506
 DoSCS=F DFT=T ScalE2(SS,OS)=  1.000000  1.000000
 Range of M.O.s used for correlation:     1   234
 NBasis=   234 NAE=    37 NBE=    36 NFC=     0 NFV=     0
 NROrb=    234 NOA=    37 NOB=    36 NVA=   197 NVB=   198

 **** Warning!!: The largest alpha MO coefficient is  0.15973755D+02


 **** Warning!!: The largest beta MO coefficient is  0.16221599D+02

 Symmetrizing basis deriv contribution to polar:
 IMax=3 JMax=2 DiffMx= 0.00D+00
 G2DrvN: will do    20 centers at a time, making    1 passes.
 Calling FoFCou, ICntrl=  3107 FMM=F I1Cent=   0 AccDes= 0.00D+00.
 End of G2Drv F.D. properties file   721 does not exist.
 End of G2Drv F.D. properties file   722 does not exist.
 End of G2Drv F.D. properties file   788 does not exist.
          IDoAtm=1111111111111111111
          Differentiating once with respect to nuclear coordinates.
 Keep R1 and R2 ints in memory in canonical form, NReq=777448244.
          There are    60 degrees of freedom in the 1st order CPHF.  IDoFFX=6 NUNeed=     0.
     54 vectors produced by pass  0 Test12= 2.40D-14 1.67D-09 XBig12= 3.51D-01 2.41D-01.
 AX will form    54 AO Fock derivatives at one time.
     54 vectors produced by pass  1 Test12= 2.40D-14 1.67D-09 XBig12= 8.32D-02 7.28D-02.
     54 vectors produced by pass  2 Test12= 2.40D-14 1.67D-09 XBig12= 1.56D-03 1.20D-02.
     54 vectors produced by pass  3 Test12= 2.40D-14 1.67D-09 XBig12= 1.68D-05 7.42D-04.
     54 vectors produced by pass  4 Test12= 2.40D-14 1.67D-09 XBig12= 1.12D-07 4.56D-05.
     54 vectors produced by pass  5 Test12= 2.40D-14 1.67D-09 XBig12= 7.43D-10 2.47D-06.
     45 vectors produced by pass  6 Test12= 2.40D-14 1.67D-09 XBig12= 4.32D-12 1.56D-07.
     11 vectors produced by pass  7 Test12= 2.40D-14 1.67D-09 XBig12= 1.87D-14 1.39D-08.
 InvSVY:  IOpt=1 It=  1 EMax= 7.77D-16
 Solved reduced A of dimension   380 with    60 vectors.
 End of Minotr F.D. properties file   721 does not exist.
 End of Minotr F.D. properties file   722 does not exist.
 End of Minotr F.D. properties file   788 does not exist.
 Calling FoFJK, ICntrl=    100147 FMM=F ISym2X=0 I1Cent= 0 IOpClX= 1 NMat=1 NMatS=1 NMatT=0.
 -------------------------------------------------------------------
 Center     Atomic                   Forces (Hartrees/Bohr)
 Number     Number              X              Y              Z
 -------------------------------------------------------------------
      1        6          -0.000184001    0.000191775    0.000458015
      2        6          -0.000963175   -0.000117874    0.000442939
      3        6          -0.000265987   -0.001156703   -0.001017340
      4        6          -0.005616522   -0.000053926   -0.007400077
      5        6          -0.000962528    0.000882647   -0.002595854
      6        6          -0.001407671    0.000182750    0.000472225
      7        1          -0.000028313    0.000086000   -0.000329195
      8        8           0.012015660    0.001238425    0.004151266
      9        8          -0.000449137   -0.001395910   -0.000122371
     10        1          -0.000072191   -0.000008750    0.000097357
     11        6          -0.001142073    0.000154870    0.005055991
     12        1          -0.000176981    0.000023572    0.000294814
     13        1          -0.000025549   -0.000134188   -0.000082218
     14        1          -0.000243094   -0.000110278    0.000146071
     15        1          -0.000122195    0.000039366    0.000163032
     16        6          -0.000321486    0.000149305    0.000237504
     17        1          -0.000026583    0.000024059    0.000004366
     18        1           0.000014592   -0.000007201    0.000001876
     19        1          -0.000022767    0.000012059    0.000021599
 -------------------------------------------------------------------
 Cartesian Forces:  Max     0.012015660 RMS     0.002269742
 IRC-IRC-IRC-IRC-IRC-IRC-IRC-IRC-IRC-IRC-IRC-IRC-IRC-IRC-IRC-IRC-IRC-IRC
 Pt 13 Step number   1 out of a maximum of  20
 Modified Bulirsch-Stoer Extrapolation Cycles:
    EPS =    0.000010000000000
      PEZero:  N= 2 I= 1 D=  8.45D-04 Err=  6.97D-06
 Maximum DWI energy   std dev =  0.000000298 at pt    11
 Maximum DWI gradient std dev =  0.004889586 at pt    43
 CORRECTOR INTEGRATION CONVERGENCE:
   Recorrection delta-x convergence threshold:    0.010000
   Delta-x Convergence Met
 Point Number:   4          Path Number:   2
   CHANGE IN THE REACTION COORDINATE =    0.16215
   NET REACTION COORDINATE UP TO THIS POINT =    0.64857
  # OF POINTS ALONG THE PATH =  13
  # OF STEPS =   1

 Calculating another point on the path.
 IRC-IRC-IRC-IRC-IRC-IRC-IRC-IRC-IRC-IRC-IRC-IRC-IRC-IRC-IRC-IRC-IRC-IRC
                          Input orientation:                          
 ---------------------------------------------------------------------
 Center     Atomic      Atomic             Coordinates (Angstroms)
 Number     Number       Type             X           Y           Z
 ---------------------------------------------------------------------
      1          6           0       -1.895814   -0.045022   -0.020295
      2          6           0       -1.030197    1.062627   -0.059183
      3          6           0        0.336881    0.888541   -0.084405
      4          6           0        0.888945   -0.437038   -0.186201
      5          6           0        0.015067   -1.544959   -0.016854
      6          6           0       -1.345146   -1.341677    0.042533
      7          1           0        0.436091   -2.543041   -0.002423
      8          8           0        2.347183   -0.433040    0.806070
      9          8           0        1.175618    1.951540   -0.020492
     10          1           0       -1.420040    2.073818   -0.026021
     11          6           0        2.309599   -0.618341   -0.578215
     12          1           0        2.582586   -1.615388   -0.936842
     13          1           0        1.986633    1.618587    0.401410
     14          1           0        2.753466    0.175112   -1.188905
     15          1           0       -2.010338   -2.194633    0.119546
     16          6           0       -3.386437    0.163814   -0.006179
     17          1           0       -3.690577    0.804213    0.827972
     18          1           0       -3.723135    0.654720   -0.925540
     19          1           0       -3.921664   -0.782905    0.084031
 ---------------------------------------------------------------------
                    Distance matrix (angstroms):
                    1          2          3          4          5
     1  C    0.000000
     2  C    1.406305   0.000000
     3  C    2.420863   1.378348   0.000000
     4  C    2.817105   2.438900   1.439547   0.000000
     5  C    2.429257   2.809604   2.455616   1.421207   0.000000
     6  C    1.410140   2.426977   2.796283   2.421126   1.376601
     7  H    3.417338   3.892822   3.433995   2.161967   1.083345
     8  O    4.340099   3.793729   2.565315   1.763825   2.711518
     9  O    3.663326   2.378504   1.355556   2.411420   3.684074
    10  H    2.171606   1.084243   2.120155   3.414888   3.892963
    11  C    4.280825   3.774822   2.531039   1.484858   2.537444
    12  H    4.833443   4.581948   3.469799   2.195539   2.728276
    13  H    4.244858   3.102015   1.868332   2.403289   3.751005
    14  H    4.798949   4.047228   2.751143   2.203765   3.439647
    15  H    2.157197   3.406225   3.880335   3.404183   2.131420
    16  C    1.505247   2.522409   3.794001   4.321148   3.806607
    17  H    2.159151   2.816282   4.130370   4.851935   4.468125
    18  H    2.155971   2.858125   4.152819   4.796857   4.431530
    19  H    2.158569   3.433232   4.577914   4.830590   4.011079
                    6          7          8          9         10
     6  C    0.000000
     7  H    2.148977   0.000000
     8  O    3.878389   2.959398   0.000000
     9  O    4.147710   4.555050   2.782444   0.000000
    10  H    3.417003   4.976059   4.600943   2.598542   0.000000
    11  C    3.776996   2.747005   1.397138   2.863784   4.632800
    12  H    4.057237   2.518158   2.119223   3.942364   5.519134
    13  H    4.471320   4.459417   2.122008   0.972936   3.463430
    14  H    4.540452   3.763817   2.124816   2.647733   4.730278
    15  H    1.084411   2.474122   4.750002   5.230744   4.311533
    16  C    2.536877   4.683888   5.821545   4.899849   2.741391
    17  H    3.274569   5.378016   6.163264   5.071105   2.737981
    18  H    3.252322   5.327005   6.405502   5.147682   2.850828
    19  H    2.636739   4.700594   6.319983   5.785360   3.798828
                   11         12         13         14         15
    11  C    0.000000
    12  H    1.094184   0.000000
    13  H    2.463294   3.550306   0.000000
    14  H    1.095229   1.816211   2.280517   0.000000
    15  H    4.651174   4.748308   5.531354   5.479194   0.000000
    16  C    5.777873   6.297693   5.581431   6.252790   2.733447
    17  H    6.324803   6.951375   5.751163   6.781538   3.509722
    18  H    6.175370   6.701913   5.940647   6.499673   3.484924
    19  H    6.268515   6.636299   6.385598   6.862617   2.376426
                   16         17         18         19
    16  C    0.000000
    17  H    1.094723   0.000000
    18  H    1.095253   1.760174   0.000000
    19  H    1.091275   1.767991   1.767884   0.000000
 Symmetry turned off by external request.
 Stoichiometry    C8H9O2(2)
 Framework group  C1[X(C8H9O2)]
 Deg. of freedom    51
 Full point group                 C1      NOp   1
 Rotational constants (GHZ):           2.7168081           1.0374162           0.7954211
 Standard basis: 6-311G(d,p) (5D, 7F)
   234 basis functions,   392 primitive gaussians,   244 cartesian basis functions
    37 alpha electrons       36 beta electrons
       nuclear repulsion energy       512.1835777289 Hartrees.
 NAtoms=   19 NActive=   19 NUniq=   19 SFac= 1.00D+00 NAtFMM=   60 NAOKFM=F Big=F
 Integral buffers will be    131072 words long.
 Raffenetti 2 integral format.
 Two-electron integral symmetry is turned off.
 One-electron integrals computed using PRISM.
 NBasis=   234 RedAO= T EigKep=  1.90D-04  NBF=   234
 NBsUse=   234 1.00D-06 EigRej= -1.00D+00 NBFU=   234
 Initial guess from the checkpoint file:  "SR-14-ts-SR-15.chk"
 B after Tr=    -0.000158   -0.000022    0.000069
         Rot=    1.000000   -0.000001   -0.000003    0.000013 Ang=   0.00 deg.
 Initial guess <Sx>= 0.0000 <Sy>= 0.0000 <Sz>= 0.5000 <S**2>= 0.7810 S= 0.5154
 ExpMin= 1.03D-01 ExpMax= 8.59D+03 ExpMxC= 1.30D+03 IAcc=2 IRadAn=         4 AccDes= 0.00D+00
 Harris functional with IExCor=  402 and IRadAn=       4 diagonalized for initial guess.
 HarFok:  IExCor=  402 AccDes= 0.00D+00 IRadAn=         4 IDoV= 1 UseB2=F ITyADJ=14
 ICtDFT=  3500011 ScaDFX=  1.000000  1.000000  1.000000  1.000000
 FoFCou: FMM=F IPFlag=           0 FMFlag=      100000 FMFlg1=           0
         NFxFlg=           0 DoJE=T BraDBF=F KetDBF=T FulRan=T
         wScrn=  0.000000 ICntrl=       500 IOpCl=  0 I1Cent=   200000004 NGrid=           0
         NMat0=    1 NMatS0=      1 NMatT0=    0 NMatD0=    1 NMtDS0=    0 NMtDT0=    0
 Symmetry not used in FoFCou.
 Requested convergence on RMS density matrix=1.00D-08 within 128 cycles.
 Requested convergence on MAX density matrix=1.00D-06.
 Requested convergence on             energy=1.00D-06.
 No special actions if energy rises.
 Integral accuracy reduced to 1.0D-05 until final iterations.
 Initial convergence to 1.0D-05 achieved.  Increase integral accuracy.
 SCF Done:  E(UB3LYP) =  -460.752492161     A.U. after   15 cycles
            NFock= 15  Conv=0.99D-08     -V/T= 2.0037
 <Sx>= 0.0000 <Sy>= 0.0000 <Sz>= 0.5000 <S**2>= 0.7800 S= 0.5149
 <L.S>= 0.000000000000E+00
 Annihilation of the first spin contaminant:
 S**2 before annihilation     0.7800,   after     0.7506
 DoSCS=F DFT=T ScalE2(SS,OS)=  1.000000  1.000000
 Range of M.O.s used for correlation:     1   234
 NBasis=   234 NAE=    37 NBE=    36 NFC=     0 NFV=     0
 NROrb=    234 NOA=    37 NOB=    36 NVA=   197 NVB=   198

 **** Warning!!: The largest alpha MO coefficient is  0.15585295D+02


 **** Warning!!: The largest beta MO coefficient is  0.15990278D+02

 Symmetrizing basis deriv contribution to polar:
 IMax=3 JMax=2 DiffMx= 0.00D+00
 Calling FoFJK, ICntrl=      2147 FMM=F ISym2X=0 I1Cent= 0 IOpClX= 1 NMat=1 NMatS=1 NMatT=0.
 -------------------------------------------------------------------
 Center     Atomic                   Forces (Hartrees/Bohr)
 Number     Number              X              Y              Z
 -------------------------------------------------------------------
      1        6          -0.000271688    0.000243751    0.000565162
      2        6          -0.001212292   -0.000134998    0.000549123
      3        6          -0.000393234   -0.001394461   -0.001303516
      4        6          -0.006903351   -0.000065427   -0.009177609
      5        6          -0.001300179    0.001064896   -0.003285650
      6        6          -0.001801512    0.000211010    0.000567173
      7        1          -0.000039666    0.000113122   -0.000399606
      8        8           0.015226240    0.001512717    0.005148583
      9        8          -0.000610265   -0.001731299   -0.000161690
     10        1          -0.000090906   -0.000011056    0.000125006
     11        6          -0.001451372    0.000191320    0.006391527
     12        1          -0.000219641    0.000022355    0.000365777
     13        1          -0.000023658   -0.000165743   -0.000094925
     14        1          -0.000291237   -0.000129644    0.000173975
     15        1          -0.000158465    0.000047483    0.000208243
     16        6          -0.000409844    0.000188469    0.000295763
     17        1          -0.000035891    0.000030103    0.000005385
     18        1           0.000016572   -0.000008066    0.000001210
     19        1          -0.000029610    0.000015467    0.000026069
 -------------------------------------------------------------------
 Cartesian Forces:  Max     0.015226240 RMS     0.002850367
 IRC-IRC-IRC-IRC-IRC-IRC-IRC-IRC-IRC-IRC-IRC-IRC-IRC-IRC-IRC-IRC-IRC-IRC
 Pt 14 Step number   1 out of a maximum of  20
 Modified Bulirsch-Stoer Extrapolation Cycles:
    EPS =    0.000010000000000
      PEZero:  N= 2 I= 1 D=  8.45D-04 Err=  7.42D-06
 Maximum DWI energy   std dev =  0.000000650 at pt    22
 Maximum DWI gradient std dev =  0.004288179 at pt    38
 CORRECTOR INTEGRATION CONVERGENCE:
   Recorrection delta-x convergence threshold:    0.010000
   Delta-x Convergence Met
 Point Number:   5          Path Number:   2
   CHANGE IN THE REACTION COORDINATE =    0.16215
   NET REACTION COORDINATE UP TO THIS POINT =    0.81072
  # OF POINTS ALONG THE PATH =  14
  # OF STEPS =   1

 Calculating another point on the path.
 IRC-IRC-IRC-IRC-IRC-IRC-IRC-IRC-IRC-IRC-IRC-IRC-IRC-IRC-IRC-IRC-IRC-IRC
                          Input orientation:                          
 ---------------------------------------------------------------------
 Center     Atomic      Atomic             Coordinates (Angstroms)
 Number     Number       Type             X           Y           Z
 ---------------------------------------------------------------------
      1          6           0       -1.896159   -0.044715   -0.019603
      2          6           0       -1.031725    1.062461   -0.058511
      3          6           0        0.336427    0.886827   -0.086018
      4          6           0        0.880429   -0.437136   -0.197438
      5          6           0        0.013481   -1.543637   -0.020921
      6          6           0       -1.347406   -1.341417    0.043215
      7          1           0        0.435448   -2.541410   -0.008239
      8          8           0        2.361306   -0.431649    0.810828
      9          8           0        1.175022    1.949960   -0.020652
     10          1           0       -1.421366    2.073657   -0.024177
     11          6           0        2.307834   -0.618114   -0.570331
     12          1           0        2.579418   -1.615186   -0.931618
     13          1           0        1.986399    1.616044    0.400122
     14          1           0        2.749329    0.173308   -1.186572
     15          1           0       -2.012698   -2.193950    0.122604
     16          6           0       -3.386957    0.164050   -0.005812
     17          1           0       -3.691111    0.804646    0.828033
     18          1           0       -3.722896    0.654600   -0.925515
     19          1           0       -3.922107   -0.782667    0.084417
 ---------------------------------------------------------------------
                    Distance matrix (angstroms):
                    1          2          3          4          5
     1  C    0.000000
     2  C    1.405204   0.000000
     3  C    2.420046   1.379654   0.000000
     4  C    2.809815   2.434014   1.435699   0.000000
     5  C    2.427652   2.808134   2.452690   1.416722   0.000000
     6  C    1.409436   2.426650   2.795902   2.416379   1.377324
     7  H    3.416139   3.891402   3.430549   2.159114   1.083405
     8  O    4.354922   3.807989   2.577373   1.791543   2.727747
     9  O    3.662087   2.378828   1.355642   2.411694   3.681630
    10  H    2.170932   1.084212   2.121845   3.410624   3.891479
    11  C    4.278509   3.773453   2.527024   1.486367   2.534265
    12  H    4.830004   4.579570   3.464984   2.193943   2.723696
    13  H    4.243647   3.102559   1.868287   2.407445   3.748768
    14  H    4.794779   4.044686   2.746347   2.200867   3.433876
    15  H    2.157085   3.405778   3.879833   3.399854   2.132817
    16  C    1.505408   2.521317   3.793736   4.313784   3.805182
    17  H    2.159109   2.815095   4.130776   4.846915   4.467567
    18  H    2.155618   2.856650   4.151721   4.786710   4.428437
    19  H    2.158671   3.432089   4.577267   4.823193   4.009867
                    6          7          8          9         10
     6  C    0.000000
     7  H    2.149698   0.000000
     8  O    3.895055   2.971681   0.000000
     9  O    4.147275   4.551871   2.787597   0.000000
    10  H    3.416539   4.974621   4.613285   2.599335   0.000000
    11  C    3.776293   2.742416   1.394714   2.860142   4.631505
    12  H    4.055268   2.511399   2.117652   3.938586   5.516999
    13  H    4.470818   4.456077   2.121858   0.973080   3.464434
    14  H    4.537621   3.756621   2.122768   2.644675   4.728338
    15  H    1.084310   2.476140   4.765635   5.230112   4.310879
    16  C    2.535469   4.682981   5.836463   4.899117   2.740526
    17  H    3.273297   5.378097   6.177417   5.070627   2.736493
    18  H    3.250458   5.324256   6.419684   5.146488   2.850118
    19  H    2.634954   4.700006   6.334996   5.784377   3.797905
                   11         12         13         14         15
    11  C    0.000000
    12  H    1.094733   0.000000
    13  H    2.456941   3.544862   0.000000
    14  H    1.095910   1.814548   2.276213   0.000000
    15  H    4.650851   4.746987   5.530447   5.476746   0.000000
    16  C    5.775908   6.294477   5.580862   6.248863   2.732260
    17  H    6.321946   6.947769   5.751138   6.777646   3.508030
    18  H    6.173789   6.698592   5.939507   6.495344   3.483901
    19  H    6.266414   6.632891   6.384664   6.858379   2.374662
                   16         17         18         19
    16  C    0.000000
    17  H    1.094609   0.000000
    18  H    1.095147   1.760242   0.000000
    19  H    1.091238   1.768017   1.767875   0.000000
 Symmetry turned off by external request.
 Stoichiometry    C8H9O2(2)
 Framework group  C1[X(C8H9O2)]
 Deg. of freedom    51
 Full point group                 C1      NOp   1
 Rotational constants (GHZ):           2.7197049           1.0353742           0.7945706
 Standard basis: 6-311G(d,p) (5D, 7F)
   234 basis functions,   392 primitive gaussians,   244 cartesian basis functions
    37 alpha electrons       36 beta electrons
       nuclear repulsion energy       511.9972901870 Hartrees.
 NAtoms=   19 NActive=   19 NUniq=   19 SFac= 1.00D+00 NAtFMM=   60 NAOKFM=F Big=F
 Integral buffers will be    131072 words long.
 Raffenetti 2 integral format.
 Two-electron integral symmetry is turned off.
 One-electron integrals computed using PRISM.
 NBasis=   234 RedAO= T EigKep=  1.90D-04  NBF=   234
 NBsUse=   234 1.00D-06 EigRej= -1.00D+00 NBFU=   234
 Initial guess from the checkpoint file:  "SR-14-ts-SR-15.chk"
 B after Tr=    -0.000160   -0.000021    0.000075
         Rot=    1.000000    0.000000   -0.000002    0.000014 Ang=   0.00 deg.
 Initial guess <Sx>= 0.0000 <Sy>= 0.0000 <Sz>= 0.5000 <S**2>= 0.7802 S= 0.5150
 ExpMin= 1.03D-01 ExpMax= 8.59D+03 ExpMxC= 1.30D+03 IAcc=2 IRadAn=         4 AccDes= 0.00D+00
 Harris functional with IExCor=  402 and IRadAn=       4 diagonalized for initial guess.
 HarFok:  IExCor=  402 AccDes= 0.00D+00 IRadAn=         4 IDoV= 1 UseB2=F ITyADJ=14
 ICtDFT=  3500011 ScaDFX=  1.000000  1.000000  1.000000  1.000000
 FoFCou: FMM=F IPFlag=           0 FMFlag=      100000 FMFlg1=           0
         NFxFlg=           0 DoJE=T BraDBF=F KetDBF=T FulRan=T
         wScrn=  0.000000 ICntrl=       500 IOpCl=  0 I1Cent=   200000004 NGrid=           0
         NMat0=    1 NMatS0=      1 NMatT0=    0 NMatD0=    1 NMtDS0=    0 NMtDT0=    0
 Symmetry not used in FoFCou.
 Requested convergence on RMS density matrix=1.00D-08 within 128 cycles.
 Requested convergence on MAX density matrix=1.00D-06.
 Requested convergence on             energy=1.00D-06.
 No special actions if energy rises.
 Integral accuracy reduced to 1.0D-05 until final iterations.
 Initial convergence to 1.0D-05 achieved.  Increase integral accuracy.
 SCF Done:  E(UB3LYP) =  -460.753514492     A.U. after   15 cycles
            NFock= 15  Conv=0.96D-08     -V/T= 2.0036
 <Sx>= 0.0000 <Sy>= 0.0000 <Sz>= 0.5000 <S**2>= 0.7787 S= 0.5143
 <L.S>= 0.000000000000E+00
 Annihilation of the first spin contaminant:
 S**2 before annihilation     0.7787,   after     0.7505
 DoSCS=F DFT=T ScalE2(SS,OS)=  1.000000  1.000000
 Range of M.O.s used for correlation:     1   234
 NBasis=   234 NAE=    37 NBE=    36 NFC=     0 NFV=     0
 NROrb=    234 NOA=    37 NOB=    36 NVA=   197 NVB=   198

 **** Warning!!: The largest alpha MO coefficient is  0.14946249D+02


 **** Warning!!: The largest beta MO coefficient is  0.15557535D+02

 Symmetrizing basis deriv contribution to polar:
 IMax=3 JMax=2 DiffMx= 0.00D+00
 G2DrvN: will do    20 centers at a time, making    1 passes.
 Calling FoFCou, ICntrl=  3107 FMM=F I1Cent=   0 AccDes= 0.00D+00.
 End of G2Drv F.D. properties file   721 does not exist.
 End of G2Drv F.D. properties file   722 does not exist.
 End of G2Drv F.D. properties file   788 does not exist.
          IDoAtm=1111111111111111111
          Differentiating once with respect to nuclear coordinates.
 Keep R1 and R2 ints in memory in canonical form, NReq=777448244.
          There are    60 degrees of freedom in the 1st order CPHF.  IDoFFX=6 NUNeed=     0.
     54 vectors produced by pass  0 Test12= 2.40D-14 1.67D-09 XBig12= 3.40D-01 2.35D-01.
 AX will form    54 AO Fock derivatives at one time.
     54 vectors produced by pass  1 Test12= 2.40D-14 1.67D-09 XBig12= 8.75D-02 7.15D-02.
     54 vectors produced by pass  2 Test12= 2.40D-14 1.67D-09 XBig12= 1.50D-03 1.11D-02.
     54 vectors produced by pass  3 Test12= 2.40D-14 1.67D-09 XBig12= 1.55D-05 7.43D-04.
     54 vectors produced by pass  4 Test12= 2.40D-14 1.67D-09 XBig12= 1.05D-07 4.63D-05.
     54 vectors produced by pass  5 Test12= 2.40D-14 1.67D-09 XBig12= 7.12D-10 2.67D-06.
     44 vectors produced by pass  6 Test12= 2.40D-14 1.67D-09 XBig12= 4.05D-12 1.54D-07.
     11 vectors produced by pass  7 Test12= 2.40D-14 1.67D-09 XBig12= 1.80D-14 1.27D-08.
 InvSVY:  IOpt=1 It=  1 EMax= 9.44D-16
 Solved reduced A of dimension   379 with    60 vectors.
 End of Minotr F.D. properties file   721 does not exist.
 End of Minotr F.D. properties file   722 does not exist.
 End of Minotr F.D. properties file   788 does not exist.
 Calling FoFJK, ICntrl=    100147 FMM=F ISym2X=0 I1Cent= 0 IOpClX= 1 NMat=1 NMatS=1 NMatT=0.
 -------------------------------------------------------------------
 Center     Atomic                   Forces (Hartrees/Bohr)
 Number     Number              X              Y              Z
 -------------------------------------------------------------------
      1        6          -0.000400544    0.000280500    0.000667606
      2        6          -0.001402671   -0.000119672    0.000637337
      3        6          -0.000620407   -0.001582711   -0.001605756
      4        6          -0.007739634   -0.000027119   -0.010532465
      5        6          -0.001728734    0.001146115   -0.003941227
      6        6          -0.002140233    0.000211070    0.000624835
      7        1          -0.000054780    0.000132057   -0.000449845
      8        8           0.018000228    0.001755962    0.005875407
      9        8          -0.000723614   -0.002042929   -0.000178027
     10        1          -0.000110734   -0.000011756    0.000153756
     11        6          -0.001681747    0.000212516    0.007511807
     12        1          -0.000259515    0.000029350    0.000464594
     13        1          -0.000034723   -0.000163249   -0.000115898
     14        1          -0.000336587   -0.000156922    0.000244146
     15        1          -0.000191286    0.000056392    0.000248451
     16        6          -0.000503505    0.000232204    0.000356207
     17        1          -0.000048040    0.000038864    0.000007677
     18        1           0.000014554   -0.000009194    0.000000503
     19        1          -0.000038028    0.000018522    0.000030890
 -------------------------------------------------------------------
 Cartesian Forces:  Max     0.018000228 RMS     0.003327698
 IRC-IRC-IRC-IRC-IRC-IRC-IRC-IRC-IRC-IRC-IRC-IRC-IRC-IRC-IRC-IRC-IRC-IRC
 Pt 15 Step number   1 out of a maximum of  20
 Modified Bulirsch-Stoer Extrapolation Cycles:
    EPS =    0.000010000000000
      PEZero:  N= 2 I= 1 D=  8.45D-04 Err=  1.06D-05
      PEZero:  N= 3 I= 2 D=  8.45D-04 Err=  7.05D-06
      PEZero:  N= 3 I= 1 D=  1.69D-03 Err=  2.82D-08
 Maximum DWI energy   std dev =  0.000002177 at pt    65
 Maximum DWI gradient std dev =  0.005764935 at pt    33
 CORRECTOR INTEGRATION CONVERGENCE:
   Recorrection delta-x convergence threshold:    0.010000
   Delta-x Convergence Met
 Point Number:   6          Path Number:   2
   CHANGE IN THE REACTION COORDINATE =    0.16215
   NET REACTION COORDINATE UP TO THIS POINT =    0.97288
  # OF POINTS ALONG THE PATH =  15
  # OF STEPS =   1

 Calculating another point on the path.
 IRC-IRC-IRC-IRC-IRC-IRC-IRC-IRC-IRC-IRC-IRC-IRC-IRC-IRC-IRC-IRC-IRC-IRC
                          Input orientation:                          
 ---------------------------------------------------------------------
 Center     Atomic      Atomic             Coordinates (Angstroms)
 Number     Number       Type             X           Y           Z
 ---------------------------------------------------------------------
      1          6           0       -1.896618   -0.044407   -0.018889
      2          6           0       -1.033271    1.062344   -0.057839
      3          6           0        0.335792    0.885161   -0.087761
      4          6           0        0.872319   -0.437186   -0.208415
      5          6           0        0.011642   -1.542430   -0.025172
      6          6           0       -1.349746   -1.341200    0.043846
      7          1           0        0.434612   -2.539853   -0.013835
      8          8           0        2.375671   -0.430243    0.815471
      9          8           0        1.174400    1.948355   -0.020811
     10          1           0       -1.422755    2.073524   -0.022186
     11          6           0        2.306110   -0.617908   -0.562361
     12          1           0        2.576260   -1.615072   -0.925853
     13          1           0        1.986173    1.613833    0.398835
     14          1           0        2.745373    0.171512   -1.183755
     15          1           0       -2.015177   -2.193263    0.125751
     16          6           0       -3.387525    0.164309   -0.005420
     17          1           0       -3.691746    0.805137    0.828096
     18          1           0       -3.722732    0.654473   -0.925485
     19          1           0       -3.922614   -0.782405    0.084828
 ---------------------------------------------------------------------
                    Distance matrix (angstroms):
                    1          2          3          4          5
     1  C    0.000000
     2  C    1.404202   0.000000
     3  C    2.419193   1.380805   0.000000
     4  C    2.803071   2.429514   1.432138   0.000000
     5  C    2.426019   2.806734   2.449936   1.412766   0.000000
     6  C    1.408785   2.426421   2.795539   2.412146   1.377909
     7  H    3.414954   3.890044   3.427237   2.156538   1.083460
     8  O    4.370066   3.822483   2.589830   1.818917   2.744499
     9  O    3.660909   2.379117   1.355776   2.411898   3.679348
    10  H    2.170298   1.084184   2.123439   3.406716   3.890068
    11  C    4.276352   3.772169   2.523215   1.487849   2.531383
    12  H    4.826615   4.577196   3.460240   2.192156   2.719149
    13  H    4.242679   3.103182   1.868555   2.411660   3.747072
    14  H    4.790784   4.042205   2.741638   2.197757   3.428294
    15  H    2.156979   3.405411   3.879347   3.396043   2.134093
    16  C    1.505506   2.520263   3.793349   4.306887   3.803641
    17  H    2.159072   2.813988   4.131133   4.842356   4.467014
    18  H    2.155236   2.855235   4.150496   4.777070   4.425211
    19  H    2.158717   3.430999   4.576525   4.816279   4.008504
                    6          7          8          9         10
     6  C    0.000000
     7  H    2.150356   0.000000
     8  O    3.912030   2.984278   0.000000
     9  O    4.146886   4.548774   2.792874   0.000000
    10  H    3.416143   4.973242   4.625857   2.600170   0.000000
    11  C    3.775701   2.738112   1.392292   2.856528   4.630338
    12  H    4.053251   2.504726   2.115718   3.934758   5.514932
    13  H    4.470637   4.453173   2.122154   0.973131   3.465453
    14  H    4.534898   3.749644   2.120305   2.641508   4.726540
    15  H    1.084213   2.478120   4.781579   5.229520   4.310258
    16  C    2.534074   4.682019   5.851648   4.898389   2.739655
    17  H    3.272121   5.378163   6.191920   5.070204   2.734979
    18  H    3.248596   5.321498   6.434132   5.145334   2.849483
    19  H    2.633170   4.699338   6.350295   5.783404   3.796983
                   11         12         13         14         15
    11  C    0.000000
    12  H    1.095191   0.000000
    13  H    2.450903   3.539608   0.000000
    14  H    1.096480   1.813007   2.271842   0.000000
    15  H    4.650673   4.745679   5.529860   5.474468   0.000000
    16  C    5.774039   6.291274   5.580428   6.245075   2.731060
    17  H    6.319233   6.944181   5.751263   6.773886   3.506362
    18  H    6.172337   6.695381   5.938501   6.491251   3.482878
    19  H    6.264417   6.629493   6.383911   6.854292   2.372870
                   16         17         18         19
    16  C    0.000000
    17  H    1.094513   0.000000
    18  H    1.095054   1.760315   0.000000
    19  H    1.091207   1.768060   1.767853   0.000000
 Symmetry turned off by external request.
 Stoichiometry    C8H9O2(2)
 Framework group  C1[X(C8H9O2)]
 Deg. of freedom    51
 Full point group                 C1      NOp   1
 Rotational constants (GHZ):           2.7225240           1.0332363           0.7936475
 Standard basis: 6-311G(d,p) (5D, 7F)
   234 basis functions,   392 primitive gaussians,   244 cartesian basis functions
    37 alpha electrons       36 beta electrons
       nuclear repulsion energy       511.8038330921 Hartrees.
 NAtoms=   19 NActive=   19 NUniq=   19 SFac= 1.00D+00 NAtFMM=   60 NAOKFM=F Big=F
 Integral buffers will be    131072 words long.
 Raffenetti 2 integral format.
 Two-electron integral symmetry is turned off.
 One-electron integrals computed using PRISM.
 NBasis=   234 RedAO= T EigKep=  1.91D-04  NBF=   234
 NBsUse=   234 1.00D-06 EigRej= -1.00D+00 NBFU=   234
 Initial guess from the checkpoint file:  "SR-14-ts-SR-15.chk"
 B after Tr=    -0.000166   -0.000017    0.000094
         Rot=    1.000000    0.000004    0.000000    0.000014 Ang=   0.00 deg.
 Initial guess <Sx>= 0.0000 <Sy>= 0.0000 <Sz>= 0.5000 <S**2>= 0.7788 S= 0.5143
 ExpMin= 1.03D-01 ExpMax= 8.59D+03 ExpMxC= 1.30D+03 IAcc=2 IRadAn=         4 AccDes= 0.00D+00
 Harris functional with IExCor=  402 and IRadAn=       4 diagonalized for initial guess.
 HarFok:  IExCor=  402 AccDes= 0.00D+00 IRadAn=         4 IDoV= 1 UseB2=F ITyADJ=14
 ICtDFT=  3500011 ScaDFX=  1.000000  1.000000  1.000000  1.000000
 FoFCou: FMM=F IPFlag=           0 FMFlag=      100000 FMFlg1=           0
         NFxFlg=           0 DoJE=T BraDBF=F KetDBF=T FulRan=T
         wScrn=  0.000000 ICntrl=       500 IOpCl=  0 I1Cent=   200000004 NGrid=           0
         NMat0=    1 NMatS0=      1 NMatT0=    0 NMatD0=    1 NMtDS0=    0 NMtDT0=    0
 Symmetry not used in FoFCou.
 Requested convergence on RMS density matrix=1.00D-08 within 128 cycles.
 Requested convergence on MAX density matrix=1.00D-06.
 Requested convergence on             energy=1.00D-06.
 No special actions if energy rises.
 Integral accuracy reduced to 1.0D-05 until final iterations.
 Initial convergence to 1.0D-05 achieved.  Increase integral accuracy.
 SCF Done:  E(UB3LYP) =  -460.754671864     A.U. after   15 cycles
            NFock= 15  Conv=0.85D-08     -V/T= 2.0036
 <Sx>= 0.0000 <Sy>= 0.0000 <Sz>= 0.5000 <S**2>= 0.7769 S= 0.5134
 <L.S>= 0.000000000000E+00
 Annihilation of the first spin contaminant:
 S**2 before annihilation     0.7769,   after     0.7504
 DoSCS=F DFT=T ScalE2(SS,OS)=  1.000000  1.000000
 Range of M.O.s used for correlation:     1   234
 NBasis=   234 NAE=    37 NBE=    36 NFC=     0 NFV=     0
 NROrb=    234 NOA=    37 NOB=    36 NVA=   197 NVB=   198

 **** Warning!!: The largest alpha MO coefficient is  0.14053289D+02


 **** Warning!!: The largest beta MO coefficient is  0.14880214D+02

 Symmetrizing basis deriv contribution to polar:
 IMax=3 JMax=2 DiffMx= 0.00D+00
 Calling FoFJK, ICntrl=      2147 FMM=F ISym2X=0 I1Cent= 0 IOpClX= 1 NMat=1 NMatS=1 NMatT=0.
 -------------------------------------------------------------------
 Center     Atomic                   Forces (Hartrees/Bohr)
 Number     Number              X              Y              Z
 -------------------------------------------------------------------
      1        6          -0.000547186    0.000323118    0.000757470
      2        6          -0.001603877   -0.000103640    0.000699492
      3        6          -0.000773749   -0.001694001   -0.001873642
      4        6          -0.008224930   -0.000038899   -0.011334659
      5        6          -0.002058674    0.001190405   -0.004518678
      6        6          -0.002465822    0.000210589    0.000633355
      7        1          -0.000079951    0.000137317   -0.000487998
      8        8           0.020115647    0.001979975    0.006410370
      9        8          -0.000873985   -0.002262560   -0.000218177
     10        1          -0.000123958   -0.000010664    0.000179905
     11        6          -0.001776701    0.000200420    0.008327163
     12        1          -0.000277107    0.000014711    0.000527488
     13        1          -0.000029399   -0.000179819   -0.000118260
     14        1          -0.000342862   -0.000168487    0.000268809
     15        1          -0.000221159    0.000060754    0.000277725
     16        6          -0.000618363    0.000281414    0.000423125
     17        1          -0.000060865    0.000046723    0.000007091
     18        1           0.000010639   -0.000010894    0.000001824
     19        1          -0.000047696    0.000023538    0.000037598
 -------------------------------------------------------------------
 Cartesian Forces:  Max     0.020115647 RMS     0.003674445
 IRC-IRC-IRC-IRC-IRC-IRC-IRC-IRC-IRC-IRC-IRC-IRC-IRC-IRC-IRC-IRC-IRC-IRC
 Pt 16 Step number   1 out of a maximum of  20
 Modified Bulirsch-Stoer Extrapolation Cycles:
    EPS =    0.000010000000000
      PEZero:  N= 2 I= 1 D=  8.45D-04 Err=  1.29D-05
      PEZero:  N= 3 I= 2 D=  8.45D-04 Err=  8.56D-06
      PEZero:  N= 3 I= 1 D=  1.69D-03 Err=  2.94D-08
 Maximum DWI energy   std dev =  0.000001106 at pt    21
 Maximum DWI gradient std dev =  0.004713948 at pt    38
 CORRECTOR INTEGRATION CONVERGENCE:
   Recorrection delta-x convergence threshold:    0.010000
   Delta-x Convergence Met
 Point Number:   7          Path Number:   2
   CHANGE IN THE REACTION COORDINATE =    0.16215
   NET REACTION COORDINATE UP TO THIS POINT =    1.13503
  # OF POINTS ALONG THE PATH =  16
  # OF STEPS =   1

 Calculating another point on the path.
 IRC-IRC-IRC-IRC-IRC-IRC-IRC-IRC-IRC-IRC-IRC-IRC-IRC-IRC-IRC-IRC-IRC-IRC
                          Input orientation:                          
 ---------------------------------------------------------------------
 Center     Atomic      Atomic             Coordinates (Angstroms)
 Number     Number       Type             X           Y           Z
 ---------------------------------------------------------------------
      1          6           0       -1.897178   -0.044087   -0.018153
      2          6           0       -1.034860    1.062250   -0.057172
      3          6           0        0.335068    0.883531   -0.089592
      4          6           0        0.864488   -0.437245   -0.219144
      5          6           0        0.009661   -1.541288   -0.029579
      6          6           0       -1.352173   -1.340998    0.044423
      7          1           0        0.433575   -2.538383   -0.019407
      8          8           0        2.390215   -0.428796    0.820075
      9          8           0        1.173736    1.946736   -0.020981
     10          1           0       -1.424174    2.073417   -0.020091
     11          6           0        2.304472   -0.617739   -0.554369
     12          1           0        2.573172   -1.615056   -0.919862
     13          1           0        1.985910    1.611678    0.397565
     14          1           0        2.741630    0.169643   -1.180844
     15          1           0       -2.017758   -2.192578    0.128915
     16          6           0       -3.388157    0.164593   -0.004997
     17          1           0       -3.692476    0.805685    0.828159
     18          1           0       -3.722635    0.654339   -0.925446
     19          1           0       -3.923193   -0.782113    0.085285
 ---------------------------------------------------------------------
                    Distance matrix (angstroms):
                    1          2          3          4          5
     1  C    0.000000
     2  C    1.403244   0.000000
     3  C    2.418367   1.381918   0.000000
     4  C    2.796743   2.425334   1.428817   0.000000
     5  C    2.424413   2.805387   2.447292   1.409105   0.000000
     6  C    1.408164   2.426233   2.795223   2.408283   1.378472
     7  H    3.413785   3.888738   3.424051   2.154150   1.083515
     8  O    4.385472   3.837176   2.602561   1.846047   2.761628
     9  O    3.659767   2.379396   1.355905   2.412109   3.677154
    10  H    2.169691   1.084158   2.124992   3.403089   3.888710
    11  C    4.274397   3.771035   2.519599   1.489466   2.528736
    12  H    4.823386   4.574942   3.455632   2.190399   2.714707
    13  H    4.241787   3.103823   1.868904   2.415783   3.745559
    14  H    4.787073   4.039958   2.737153   2.194730   3.422916
    15  H    2.156892   3.405087   3.878915   3.392592   2.135352
    16  C    1.505569   2.519229   3.792945   4.300356   3.802079
    17  H    2.159039   2.812927   4.131518   4.838144   4.466522
    18  H    2.154825   2.853844   4.149233   4.767821   4.421922
    19  H    2.158731   3.429932   4.575778   4.809730   4.007104
                    6          7          8          9         10
     6  C    0.000000
     7  H    2.150977   0.000000
     8  O    3.929277   2.997253   0.000000
     9  O    4.146528   4.545782   2.798276   0.000000
    10  H    3.415783   4.971914   4.638589   2.600996   0.000000
    11  C    3.775276   2.734102   1.390017   2.852998   4.629316
    12  H    4.051332   2.498245   2.113780   3.931002   5.513002
    13  H    4.470549   4.450463   2.122619   0.973176   3.466455
    14  H    4.532388   3.742921   2.117852   2.638491   4.724999
    15  H    1.084126   2.480043   4.797797   5.228960   4.309670
    16  C    2.532682   4.681017   5.867064   4.897669   2.738808
    17  H    3.271010   5.378239   6.206701   5.069818   2.733472
    18  H    3.246707   5.318690   6.448795   5.144200   2.848925
    19  H    2.631381   4.698603   6.365836   5.782439   3.796084
                   11         12         13         14         15
    11  C    0.000000
    12  H    1.095640   0.000000
    13  H    2.444987   3.534446   0.000000
    14  H    1.097063   1.811530   2.267588   0.000000
    15  H    4.650663   4.744482   5.529367   5.472415   0.000000
    16  C    5.772338   6.288209   5.580028   6.241549   2.729868
    17  H    6.316716   6.940743   5.751444   6.770403   3.504740
    18  H    6.171053   6.692337   5.937537   6.487440   3.481841
    19  H    6.262587   6.626226   6.383202   6.850459   2.371075
                   16         17         18         19
    16  C    0.000000
    17  H    1.094422   0.000000
    18  H    1.094967   1.760382   0.000000
    19  H    1.091177   1.768105   1.767822   0.000000
 Symmetry turned off by external request.
 Stoichiometry    C8H9O2(2)
 Framework group  C1[X(C8H9O2)]
 Deg. of freedom    51
 Full point group                 C1      NOp   1
 Rotational constants (GHZ):           2.7252498           1.0310006           0.7926596
 Standard basis: 6-311G(d,p) (5D, 7F)
   234 basis functions,   392 primitive gaussians,   244 cartesian basis functions
    37 alpha electrons       36 beta electrons
       nuclear repulsion energy       511.6001555589 Hartrees.
 NAtoms=   19 NActive=   19 NUniq=   19 SFac= 1.00D+00 NAtFMM=   60 NAOKFM=F Big=F
 Integral buffers will be    131072 words long.
 Raffenetti 2 integral format.
 Two-electron integral symmetry is turned off.
 One-electron integrals computed using PRISM.
 NBasis=   234 RedAO= T EigKep=  1.92D-04  NBF=   234
 NBsUse=   234 1.00D-06 EigRej= -1.00D+00 NBFU=   234
 Initial guess from the checkpoint file:  "SR-14-ts-SR-15.chk"
 B after Tr=    -0.000170   -0.000019    0.000101
         Rot=    1.000000    0.000005    0.000001    0.000015 Ang=   0.00 deg.
 Initial guess <Sx>= 0.0000 <Sy>= 0.0000 <Sz>= 0.5000 <S**2>= 0.7770 S= 0.5134
 ExpMin= 1.03D-01 ExpMax= 8.59D+03 ExpMxC= 1.30D+03 IAcc=2 IRadAn=         4 AccDes= 0.00D+00
 Harris functional with IExCor=  402 and IRadAn=       4 diagonalized for initial guess.
 HarFok:  IExCor=  402 AccDes= 0.00D+00 IRadAn=         4 IDoV= 1 UseB2=F ITyADJ=14
 ICtDFT=  3500011 ScaDFX=  1.000000  1.000000  1.000000  1.000000
 FoFCou: FMM=F IPFlag=           0 FMFlag=      100000 FMFlg1=           0
         NFxFlg=           0 DoJE=T BraDBF=F KetDBF=T FulRan=T
         wScrn=  0.000000 ICntrl=       500 IOpCl=  0 I1Cent=   200000004 NGrid=           0
         NMat0=    1 NMatS0=      1 NMatT0=    0 NMatD0=    1 NMtDS0=    0 NMtDT0=    0
 Symmetry not used in FoFCou.
 Requested convergence on RMS density matrix=1.00D-08 within 128 cycles.
 Requested convergence on MAX density matrix=1.00D-06.
 Requested convergence on             energy=1.00D-06.
 No special actions if energy rises.
 Integral accuracy reduced to 1.0D-05 until final iterations.
 Initial convergence to 1.0D-05 achieved.  Increase integral accuracy.
 SCF Done:  E(UB3LYP) =  -460.755917401     A.U. after   15 cycles
            NFock= 15  Conv=0.79D-08     -V/T= 2.0036
 <Sx>= 0.0000 <Sy>= 0.0000 <Sz>= 0.5000 <S**2>= 0.7748 S= 0.5123
 <L.S>= 0.000000000000E+00
 Annihilation of the first spin contaminant:
 S**2 before annihilation     0.7748,   after     0.7504
 DoSCS=F DFT=T ScalE2(SS,OS)=  1.000000  1.000000
 Range of M.O.s used for correlation:     1   234
 NBasis=   234 NAE=    37 NBE=    36 NFC=     0 NFV=     0
 NROrb=    234 NOA=    37 NOB=    36 NVA=   197 NVB=   198

 **** Warning!!: The largest alpha MO coefficient is  0.12965960D+02


 **** Warning!!: The largest beta MO coefficient is  0.13924035D+02

 Symmetrizing basis deriv contribution to polar:
 IMax=3 JMax=2 DiffMx= 0.00D+00
 G2DrvN: will do    20 centers at a time, making    1 passes.
 Calling FoFCou, ICntrl=  3107 FMM=F I1Cent=   0 AccDes= 0.00D+00.
 End of G2Drv F.D. properties file   721 does not exist.
 End of G2Drv F.D. properties file   722 does not exist.
 End of G2Drv F.D. properties file   788 does not exist.
          IDoAtm=1111111111111111111
          Differentiating once with respect to nuclear coordinates.
 Keep R1 and R2 ints in memory in canonical form, NReq=777448244.
          There are    60 degrees of freedom in the 1st order CPHF.  IDoFFX=6 NUNeed=     0.
     54 vectors produced by pass  0 Test12= 2.40D-14 1.67D-09 XBig12= 3.30D-01 2.33D-01.
 AX will form    54 AO Fock derivatives at one time.
     54 vectors produced by pass  1 Test12= 2.40D-14 1.67D-09 XBig12= 9.02D-02 6.20D-02.
     54 vectors produced by pass  2 Test12= 2.40D-14 1.67D-09 XBig12= 1.46D-03 9.19D-03.
     54 vectors produced by pass  3 Test12= 2.40D-14 1.67D-09 XBig12= 1.41D-05 6.83D-04.
     54 vectors produced by pass  4 Test12= 2.40D-14 1.67D-09 XBig12= 9.60D-08 4.61D-05.
     54 vectors produced by pass  5 Test12= 2.40D-14 1.67D-09 XBig12= 6.79D-10 2.44D-06.
     44 vectors produced by pass  6 Test12= 2.40D-14 1.67D-09 XBig12= 3.68D-12 1.51D-07.
     13 vectors produced by pass  7 Test12= 2.40D-14 1.67D-09 XBig12= 1.66D-14 1.12D-08.
 InvSVY:  IOpt=1 It=  1 EMax= 2.11D-15
 Solved reduced A of dimension   381 with    60 vectors.
 End of Minotr F.D. properties file   721 does not exist.
 End of Minotr F.D. properties file   722 does not exist.
 End of Minotr F.D. properties file   788 does not exist.
 Calling FoFJK, ICntrl=    100147 FMM=F ISym2X=0 I1Cent= 0 IOpClX= 1 NMat=1 NMatS=1 NMatT=0.
 -------------------------------------------------------------------
 Center     Atomic                   Forces (Hartrees/Bohr)
 Number     Number              X              Y              Z
 -------------------------------------------------------------------
      1        6          -0.000755262    0.000349848    0.000838736
      2        6          -0.001694929   -0.000062163    0.000734692
      3        6          -0.001069189   -0.001691117   -0.002127692
      4        6          -0.008071807   -0.000017956   -0.011590884
      5        6          -0.002501638    0.001089715   -0.005009337
      6        6          -0.002686336    0.000186128    0.000592719
      7        1          -0.000105269    0.000140538   -0.000509631
      8        8           0.021556477    0.002176740    0.006636794
      9        8          -0.000965781   -0.002456639   -0.000236115
     10        1          -0.000135288   -0.000009365    0.000204159
     11        6          -0.001787989    0.000164261    0.008814338
     12        1          -0.000286815    0.000012654    0.000609391
     13        1          -0.000040626   -0.000162705   -0.000129780
     14        1          -0.000340291   -0.000193733    0.000326956
     15        1          -0.000243800    0.000065295    0.000295980
     16        6          -0.000735610    0.000333959    0.000493272
     17        1          -0.000077433    0.000058461    0.000009392
     18        1           0.000001188   -0.000011825    0.000001849
     19        1          -0.000059601    0.000027905    0.000045160
 -------------------------------------------------------------------
 Cartesian Forces:  Max     0.021556477 RMS     0.003876531
 IRC-IRC-IRC-IRC-IRC-IRC-IRC-IRC-IRC-IRC-IRC-IRC-IRC-IRC-IRC-IRC-IRC-IRC
 Pt 17 Step number   1 out of a maximum of  20
 Modified Bulirsch-Stoer Extrapolation Cycles:
    EPS =    0.000010000000000
      PEZero:  N= 2 I= 1 D=  8.45D-04 Err=  1.90D-05
      PEZero:  N= 3 I= 2 D=  8.45D-04 Err=  1.26D-05
      PEZero:  N= 3 I= 1 D=  1.69D-03 Err=  4.25D-08
 Maximum DWI energy   std dev =  0.000003256 at pt    33
 Maximum DWI gradient std dev =  0.006618654 at pt    65
 CORRECTOR INTEGRATION CONVERGENCE:
   Recorrection delta-x convergence threshold:    0.010000
   Delta-x Convergence Met
 Point Number:   8          Path Number:   2
   CHANGE IN THE REACTION COORDINATE =    0.16215
   NET REACTION COORDINATE UP TO THIS POINT =    1.29717
  # OF POINTS ALONG THE PATH =  17
  # OF STEPS =   1

 Calculating another point on the path.
 IRC-IRC-IRC-IRC-IRC-IRC-IRC-IRC-IRC-IRC-IRC-IRC-IRC-IRC-IRC-IRC-IRC-IRC
                          Input orientation:                          
 ---------------------------------------------------------------------
 Center     Atomic      Atomic             Coordinates (Angstroms)
 Number     Number       Type             X           Y           Z
 ---------------------------------------------------------------------
      1          6           0       -1.897937   -0.043751   -0.017365
      2          6           0       -1.036485    1.062206   -0.056506
      3          6           0        0.334095    0.881993   -0.091602
      4          6           0        0.857301   -0.437294   -0.229455
      5          6           0        0.007342   -1.540312   -0.034288
      6          6           0       -1.354722   -1.340831    0.044914
      7          1           0        0.432214   -2.537049   -0.024947
      8          8           0        2.405062   -0.427256    0.824594
      9          8           0        1.173022    1.945057   -0.021163
     10          1           0       -1.425645    2.073345   -0.017793
     11          6           0        2.302945   -0.617628   -0.546328
     12          1           0        2.570199   -1.615200   -0.913229
     13          1           0        1.985613    1.609753    0.396293
     14          1           0        2.738270    0.167648   -1.177511
     15          1           0       -2.020495   -2.191888    0.132116
     16          6           0       -3.388895    0.164923   -0.004515
     17          1           0       -3.693382    0.806350    0.828230
     18          1           0       -3.722669    0.654194   -0.925389
     19          1           0       -3.923901   -0.781767    0.085826
 ---------------------------------------------------------------------
                    Distance matrix (angstroms):
                    1          2          3          4          5
     1  C    0.000000
     2  C    1.402417   0.000000
     3  C    2.417536   1.382823   0.000000
     4  C    2.791272   2.421742   1.425926   0.000000
     5  C    2.422824   2.804135   2.444916   1.406119   0.000000
     6  C    1.407615   2.426138   2.794939   2.405141   1.378870
     7  H    3.412653   3.887507   3.421098   2.152091   1.083553
     8  O    4.401339   3.852153   2.615809   1.872615   2.779503
     9  O    3.658710   2.379621   1.356048   2.412190   3.675158
    10  H    2.169137   1.084134   2.126371   3.399993   3.887448
    11  C    4.272769   3.770088   2.516349   1.490912   2.526525
    12  H    4.820401   4.572816   3.451261   2.188385   2.710421
    13  H    4.241126   3.104498   1.869542   2.419720   3.744578
    14  H    4.783831   4.038027   2.733046   2.191531   3.417902
    15  H    2.156817   3.404847   3.878516   3.389844   2.136437
    16  C    1.505544   2.518263   3.792417   4.294583   3.800413
    17  H    2.159010   2.811996   4.131875   4.834673   4.466109
    18  H    2.154362   2.852545   4.147822   4.759390   4.418473
    19  H    2.158667   3.428945   4.574943   4.803952   4.005558
                    6          7          8          9         10
     6  C    0.000000
     7  H    2.151501   0.000000
     8  O    3.946960   3.010826   0.000000
     9  O    4.146193   4.542916   2.803766   0.000000
    10  H    3.415488   4.970656   4.651553   2.601834   0.000000
    11  C    3.775065   2.730503   1.387840   2.849541   4.628507
    12  H    4.049483   2.491953   2.111518   3.927254   5.511256
    13  H    4.470709   4.448196   2.123390   0.973141   3.467429
    14  H    4.530166   3.736533   2.115033   2.635588   4.723856
    15  H    1.084046   2.481851   4.814458   5.228419   4.309122
    16  C    2.531323   4.679951   5.882860   4.896962   2.737992
    17  H    3.270062   5.378362   6.221963   5.069518   2.731970
    18  H    3.244809   5.315813   6.463827   5.143125   2.848515
    19  H    2.629621   4.697768   6.381789   5.781491   3.795219
                   11         12         13         14         15
    11  C    0.000000
    12  H    1.095988   0.000000
    13  H    2.439357   3.529435   0.000000
    14  H    1.097523   1.810150   2.263408   0.000000
    15  H    4.650883   4.743393   5.529119   5.470683   0.000000
    16  C    5.770874   6.285332   5.579741   6.238435   2.728689
    17  H    6.314513   6.937509   5.751783   6.767354   3.503222
    18  H    6.170028   6.689580   5.936700   6.484136   3.480789
    19  H    6.261005   6.623145   6.382641   6.847038   2.369291
                   16         17         18         19
    16  C    0.000000
    17  H    1.094352   0.000000
    18  H    1.094897   1.760451   0.000000
    19  H    1.091153   1.768168   1.767776   0.000000
 Symmetry turned off by external request.
 Stoichiometry    C8H9O2(2)
 Framework group  C1[X(C8H9O2)]
 Deg. of freedom    51
 Full point group                 C1      NOp   1
 Rotational constants (GHZ):           2.7278824           1.0286171           0.7915673
 Standard basis: 6-311G(d,p) (5D, 7F)
   234 basis functions,   392 primitive gaussians,   244 cartesian basis functions
    37 alpha electrons       36 beta electrons
       nuclear repulsion energy       511.3808394329 Hartrees.
 NAtoms=   19 NActive=   19 NUniq=   19 SFac= 1.00D+00 NAtFMM=   60 NAOKFM=F Big=F
 Integral buffers will be    131072 words long.
 Raffenetti 2 integral format.
 Two-electron integral symmetry is turned off.
 One-electron integrals computed using PRISM.
 NBasis=   234 RedAO= T EigKep=  1.93D-04  NBF=   234
 NBsUse=   234 1.00D-06 EigRej= -1.00D+00 NBFU=   234
 Initial guess from the checkpoint file:  "SR-14-ts-SR-15.chk"
 B after Tr=    -0.000176   -0.000019    0.000120
         Rot=    1.000000    0.000008    0.000004    0.000016 Ang=   0.00 deg.
 Initial guess <Sx>= 0.0000 <Sy>= 0.0000 <Sz>= 0.5000 <S**2>= 0.7748 S= 0.5123
 ExpMin= 1.03D-01 ExpMax= 8.59D+03 ExpMxC= 1.30D+03 IAcc=2 IRadAn=         4 AccDes= 0.00D+00
 Harris functional with IExCor=  402 and IRadAn=       4 diagonalized for initial guess.
 HarFok:  IExCor=  402 AccDes= 0.00D+00 IRadAn=         4 IDoV= 1 UseB2=F ITyADJ=14
 ICtDFT=  3500011 ScaDFX=  1.000000  1.000000  1.000000  1.000000
 FoFCou: FMM=F IPFlag=           0 FMFlag=      100000 FMFlg1=           0
         NFxFlg=           0 DoJE=T BraDBF=F KetDBF=T FulRan=T
         wScrn=  0.000000 ICntrl=       500 IOpCl=  0 I1Cent=   200000004 NGrid=           0
         NMat0=    1 NMatS0=      1 NMatT0=    0 NMatD0=    1 NMtDS0=    0 NMtDT0=    0
 Symmetry not used in FoFCou.
 Requested convergence on RMS density matrix=1.00D-08 within 128 cycles.
 Requested convergence on MAX density matrix=1.00D-06.
 Requested convergence on             energy=1.00D-06.
 No special actions if energy rises.
 Integral accuracy reduced to 1.0D-05 until final iterations.
 Initial convergence to 1.0D-05 achieved.  Increase integral accuracy.
 SCF Done:  E(UB3LYP) =  -460.757204802     A.U. after   15 cycles
            NFock= 15  Conv=0.69D-08     -V/T= 2.0036
 <Sx>= 0.0000 <Sy>= 0.0000 <Sz>= 0.5000 <S**2>= 0.7725 S= 0.5112
 <L.S>= 0.000000000000E+00
 Annihilation of the first spin contaminant:
 S**2 before annihilation     0.7725,   after     0.7503
 DoSCS=F DFT=T ScalE2(SS,OS)=  1.000000  1.000000
 Range of M.O.s used for correlation:     1   234
 NBasis=   234 NAE=    37 NBE=    36 NFC=     0 NFV=     0
 NROrb=    234 NOA=    37 NOB=    36 NVA=   197 NVB=   198

 **** Warning!!: The largest alpha MO coefficient is  0.12844195D+02


 **** Warning!!: The largest beta MO coefficient is  0.12848238D+02

 Symmetrizing basis deriv contribution to polar:
 IMax=3 JMax=2 DiffMx= 0.00D+00
 Calling FoFJK, ICntrl=      2147 FMM=F ISym2X=0 I1Cent= 0 IOpClX= 1 NMat=1 NMatS=1 NMatT=0.
 -------------------------------------------------------------------
 Center     Atomic                   Forces (Hartrees/Bohr)
 Number     Number              X              Y              Z
 -------------------------------------------------------------------
      1        6          -0.000949144    0.000384594    0.000903269
      2        6          -0.001821175   -0.000032210    0.000738000
      3        6          -0.001204865   -0.001669060   -0.002316229
      4        6          -0.007706206   -0.000062061   -0.011278037
      5        6          -0.002742674    0.001007760   -0.005389723
      6        6          -0.002893782    0.000177792    0.000494903
      7        1          -0.000140966    0.000123240   -0.000523327
      8        8           0.022253101    0.002360714    0.006680451
      9        8          -0.001092125   -0.002533718   -0.000279776
     10        1          -0.000139607   -0.000005575    0.000221971
     11        6          -0.001629043    0.000086705    0.008958127
     12        1          -0.000273937   -0.000013662    0.000646739
     13        1          -0.000037324   -0.000170614   -0.000123469
     14        1          -0.000302921   -0.000201728    0.000329942
     15        1          -0.000261973    0.000065272    0.000298135
     16        6          -0.000882184    0.000393327    0.000570354
     17        1          -0.000093033    0.000068455    0.000008260
     18        1          -0.000009484   -0.000013726    0.000005301
     19        1          -0.000072657    0.000034496    0.000055109
 -------------------------------------------------------------------
 Cartesian Forces:  Max     0.022253101 RMS     0.003944247
 IRC-IRC-IRC-IRC-IRC-IRC-IRC-IRC-IRC-IRC-IRC-IRC-IRC-IRC-IRC-IRC-IRC-IRC
 Pt 18 Step number   1 out of a maximum of  20
 Modified Bulirsch-Stoer Extrapolation Cycles:
    EPS =    0.000010000000000
      PEZero:  N= 2 I= 1 D=  8.45D-04 Err=  2.09D-05
      PEZero:  N= 3 I= 2 D=  8.45D-04 Err=  1.40D-05
      PEZero:  N= 3 I= 1 D=  1.69D-03 Err=  4.16D-08
 Maximum DWI energy   std dev =  0.000001038 at pt    31
 Maximum DWI gradient std dev =  0.004505695 at pt    29
 CORRECTOR INTEGRATION CONVERGENCE:
   Recorrection delta-x convergence threshold:    0.010000
   Delta-x Convergence Met
 Point Number:   9          Path Number:   2
   CHANGE IN THE REACTION COORDINATE =    0.16214
   NET REACTION COORDINATE UP TO THIS POINT =    1.45932
  # OF POINTS ALONG THE PATH =  18
  # OF STEPS =   1

 Calculating another point on the path.
 IRC-IRC-IRC-IRC-IRC-IRC-IRC-IRC-IRC-IRC-IRC-IRC-IRC-IRC-IRC-IRC-IRC-IRC
                          Input orientation:                          
 ---------------------------------------------------------------------
 Center     Atomic      Atomic             Coordinates (Angstroms)
 Number     Number       Type             X           Y           Z
 ---------------------------------------------------------------------
      1          6           0       -1.898856   -0.043388   -0.016534
      2          6           0       -1.038182    1.062181   -0.055851
      3          6           0        0.333021    0.880484   -0.093729
      4          6           0        0.850519   -0.437385   -0.239339
      5          6           0        0.004855   -1.539419   -0.039243
      6          6           0       -1.357399   -1.340665    0.045301
      7          1           0        0.430519   -2.535869   -0.030614
      8          8           0        2.420133   -0.425611    0.829079
      9          8           0        1.172242    1.943353   -0.021370
     10          1           0       -1.427141    2.073307   -0.015370
     11          6           0        2.301596   -0.617594   -0.538300
     12          1           0        2.567384   -1.615529   -0.906288
     13          1           0        1.985243    1.607825    0.395033
     14          1           0        2.735252    0.165490   -1.174151
     15          1           0       -2.023368   -2.191198    0.135246
     16          6           0       -3.389756    0.165303   -0.003970
     17          1           0       -3.694444    0.807128    0.828306
     18          1           0       -3.722826    0.654035   -0.925306
     19          1           0       -3.924746   -0.781360    0.086475
 ---------------------------------------------------------------------
                    Distance matrix (angstroms):
                    1          2          3          4          5
     1  C    0.000000
     2  C    1.401638   0.000000
     3  C    2.416769   1.383707   0.000000
     4  C    2.786385   2.418586   1.423301   0.000000
     5  C    2.421309   2.802949   2.442660   1.403447   0.000000
     6  C    1.407099   2.426067   2.794700   2.402464   1.379270
     7  H    3.411546   3.886346   3.418327   2.150256   1.083595
     8  O    4.417558   3.867372   2.629352   1.898774   2.797877
     9  O    3.657705   2.379838   1.356179   2.412246   3.673256
    10  H    2.168621   1.084115   2.127708   3.397275   3.886254
    11  C    4.271505   3.769419   2.513398   1.492474   2.524646
    12  H    4.817737   4.570938   3.447131   2.186428   2.706310
    13  H    4.240532   3.105176   1.870228   2.423409   3.743751
    14  H    4.781074   4.036515   2.729330   2.188505   3.413180
    15  H    2.156763   3.404641   3.878173   3.387535   2.137510
    16  C    1.505488   2.517337   3.791914   4.289355   3.798777
    17  H    2.158997   2.811141   4.132312   4.831704   4.465841
    18  H    2.153864   2.851289   4.146407   4.751551   4.414969
    19  H    2.158575   3.427996   4.574143   4.798712   4.004026
                    6          7          8          9         10
     6  C    0.000000
     7  H    2.151958   0.000000
     8  O    3.965019   3.025033   0.000000
     9  O    4.145878   4.540228   2.809356   0.000000
    10  H    3.415224   4.969471   4.664676   2.602637   0.000000
    11  C    3.775138   2.727353   1.385868   2.846244   4.627947
    12  H    4.047838   2.485966   2.109285   3.923664   5.509762
    13  H    4.470924   4.446183   2.124238   0.973109   3.468353
    14  H    4.528284   3.730525   2.112257   2.633003   4.723141
    15  H    1.083979   2.483519   4.831501   5.227902   4.308616
    16  C    2.529989   4.678840   5.898979   4.896284   2.737237
    17  H    3.269235   5.378540   6.237603   5.069279   2.730506
    18  H    3.242862   5.312837   6.479154   5.142094   2.848242
    19  H    2.627887   4.696844   6.398086   5.780570   3.794408
                   11         12         13         14         15
    11  C    0.000000
    12  H    1.096327   0.000000
    13  H    2.433861   3.524533   0.000000
    14  H    1.097991   1.808855   2.259466   0.000000
    15  H    4.651366   4.742488   5.528926   5.469274   0.000000
    16  C    5.769742   6.282759   5.579488   6.235788   2.727543
    17  H    6.312681   6.934593   5.752189   6.764801   3.501826
    18  H    6.169317   6.687154   5.935912   6.481309   3.479695
    19  H    6.259753   6.620361   6.382114   6.844069   2.367543
                   16         17         18         19
    16  C    0.000000
    17  H    1.094284   0.000000
    18  H    1.094831   1.760512   0.000000
    19  H    1.091131   1.768233   1.767720   0.000000
 Symmetry turned off by external request.
 Stoichiometry    C8H9O2(2)
 Framework group  C1[X(C8H9O2)]
 Deg. of freedom    51
 Full point group                 C1      NOp   1
 Rotational constants (GHZ):           2.7304335           1.0260940           0.7903843
 Standard basis: 6-311G(d,p) (5D, 7F)
   234 basis functions,   392 primitive gaussians,   244 cartesian basis functions
    37 alpha electrons       36 beta electrons
       nuclear repulsion energy       511.1448600611 Hartrees.
 NAtoms=   19 NActive=   19 NUniq=   19 SFac= 1.00D+00 NAtFMM=   60 NAOKFM=F Big=F
 Integral buffers will be    131072 words long.
 Raffenetti 2 integral format.
 Two-electron integral symmetry is turned off.
 One-electron integrals computed using PRISM.
 NBasis=   234 RedAO= T EigKep=  1.94D-04  NBF=   234
 NBsUse=   234 1.00D-06 EigRej= -1.00D+00 NBFU=   234
 Initial guess from the checkpoint file:  "SR-14-ts-SR-15.chk"
 B after Tr=    -0.000183   -0.000023    0.000126
         Rot=    1.000000    0.000008    0.000004    0.000018 Ang=   0.00 deg.
 Initial guess <Sx>= 0.0000 <Sy>= 0.0000 <Sz>= 0.5000 <S**2>= 0.7726 S= 0.5112
 ExpMin= 1.03D-01 ExpMax= 8.59D+03 ExpMxC= 1.30D+03 IAcc=2 IRadAn=         4 AccDes= 0.00D+00
 Harris functional with IExCor=  402 and IRadAn=       4 diagonalized for initial guess.
 HarFok:  IExCor=  402 AccDes= 0.00D+00 IRadAn=         4 IDoV= 1 UseB2=F ITyADJ=14
 ICtDFT=  3500011 ScaDFX=  1.000000  1.000000  1.000000  1.000000
 FoFCou: FMM=F IPFlag=           0 FMFlag=      100000 FMFlg1=           0
         NFxFlg=           0 DoJE=T BraDBF=F KetDBF=T FulRan=T
         wScrn=  0.000000 ICntrl=       500 IOpCl=  0 I1Cent=   200000004 NGrid=           0
         NMat0=    1 NMatS0=      1 NMatT0=    0 NMatD0=    1 NMtDS0=    0 NMtDT0=    0
 Symmetry not used in FoFCou.
 Requested convergence on RMS density matrix=1.00D-08 within 128 cycles.
 Requested convergence on MAX density matrix=1.00D-06.
 Requested convergence on             energy=1.00D-06.
 No special actions if energy rises.
 Integral accuracy reduced to 1.0D-05 until final iterations.
 Initial convergence to 1.0D-05 achieved.  Increase integral accuracy.
 SCF Done:  E(UB3LYP) =  -460.758491181     A.U. after   15 cycles
            NFock= 15  Conv=0.59D-08     -V/T= 2.0036
 <Sx>= 0.0000 <Sy>= 0.0000 <Sz>= 0.5000 <S**2>= 0.7702 S= 0.5101
 <L.S>= 0.000000000000E+00
 Annihilation of the first spin contaminant:
 S**2 before annihilation     0.7702,   after     0.7502
 DoSCS=F DFT=T ScalE2(SS,OS)=  1.000000  1.000000
 Range of M.O.s used for correlation:     1   234
 NBasis=   234 NAE=    37 NBE=    36 NFC=     0 NFV=     0
 NROrb=    234 NOA=    37 NOB=    36 NVA=   197 NVB=   198

 **** Warning!!: The largest alpha MO coefficient is  0.13457575D+02


 **** Warning!!: The largest beta MO coefficient is  0.12818597D+02

 Symmetrizing basis deriv contribution to polar:
 IMax=3 JMax=2 DiffMx= 0.00D+00
 G2DrvN: will do    20 centers at a time, making    1 passes.
 Calling FoFCou, ICntrl=  3107 FMM=F I1Cent=   0 AccDes= 0.00D+00.
 End of G2Drv F.D. properties file   721 does not exist.
 End of G2Drv F.D. properties file   722 does not exist.
 End of G2Drv F.D. properties file   788 does not exist.
          IDoAtm=1111111111111111111
          Differentiating once with respect to nuclear coordinates.
 Keep R1 and R2 ints in memory in canonical form, NReq=777448244.
          There are    60 degrees of freedom in the 1st order CPHF.  IDoFFX=6 NUNeed=     0.
     54 vectors produced by pass  0 Test12= 2.40D-14 1.67D-09 XBig12= 3.26D-01 2.23D-01.
 AX will form    54 AO Fock derivatives at one time.
     54 vectors produced by pass  1 Test12= 2.40D-14 1.67D-09 XBig12= 9.10D-02 5.76D-02.
     54 vectors produced by pass  2 Test12= 2.40D-14 1.67D-09 XBig12= 1.40D-03 8.35D-03.
     54 vectors produced by pass  3 Test12= 2.40D-14 1.67D-09 XBig12= 1.28D-05 6.21D-04.
     54 vectors produced by pass  4 Test12= 2.40D-14 1.67D-09 XBig12= 9.46D-08 4.45D-05.
     54 vectors produced by pass  5 Test12= 2.40D-14 1.67D-09 XBig12= 6.37D-10 2.62D-06.
     41 vectors produced by pass  6 Test12= 2.40D-14 1.67D-09 XBig12= 3.25D-12 1.43D-07.
     12 vectors produced by pass  7 Test12= 2.40D-14 1.67D-09 XBig12= 1.44D-14 9.69D-09.
 InvSVY:  IOpt=1 It=  1 EMax= 1.05D-15
 Solved reduced A of dimension   377 with    60 vectors.
 End of Minotr F.D. properties file   721 does not exist.
 End of Minotr F.D. properties file   722 does not exist.
 End of Minotr F.D. properties file   788 does not exist.
 Calling FoFJK, ICntrl=    100147 FMM=F ISym2X=0 I1Cent= 0 IOpClX= 1 NMat=1 NMatS=1 NMatT=0.
 -------------------------------------------------------------------
 Center     Atomic                   Forces (Hartrees/Bohr)
 Number     Number              X              Y              Z
 -------------------------------------------------------------------
      1        6          -0.001187010    0.000405204    0.000955016
      2        6          -0.001827423    0.000005667    0.000713389
      3        6          -0.001459529   -0.001547108   -0.002458669
      4        6          -0.006836034   -0.000088571   -0.010529492
      5        6          -0.003065007    0.000806171   -0.005654727
      6        6          -0.002982236    0.000159533    0.000347205
      7        1          -0.000172219    0.000110736   -0.000528192
      8        8           0.022333623    0.002524509    0.006480062
      9        8          -0.001162718   -0.002586609   -0.000306186
     10        1          -0.000140173   -0.000003497    0.000233996
     11        6          -0.001413122   -0.000013995    0.008801192
     12        1          -0.000254114   -0.000025270    0.000694684
     13        1          -0.000048617   -0.000149652   -0.000126122
     14        1          -0.000262066   -0.000225317    0.000357485
     15        1          -0.000270886    0.000065860    0.000285791
     16        6          -0.001028430    0.000454631    0.000650500
     17        1          -0.000111041    0.000082015    0.000010683
     18        1          -0.000025323   -0.000014500    0.000007037
     19        1          -0.000087676    0.000040193    0.000066350
 -------------------------------------------------------------------
 Cartesian Forces:  Max     0.022333623 RMS     0.003892036
 IRC-IRC-IRC-IRC-IRC-IRC-IRC-IRC-IRC-IRC-IRC-IRC-IRC-IRC-IRC-IRC-IRC-IRC
 Pt 19 Step number   1 out of a maximum of  20
 Modified Bulirsch-Stoer Extrapolation Cycles:
    EPS =    0.000010000000000
      PEZero:  N= 2 I= 1 D=  8.45D-04 Err=  2.60D-05
      PEZero:  N= 3 I= 2 D=  8.45D-04 Err=  1.73D-05
      PEZero:  N= 3 I= 1 D=  1.69D-03 Err=  5.10D-08
 Maximum DWI energy   std dev =  0.000002875 at pt    33
 Maximum DWI gradient std dev =  0.006510092 at pt    43
 CORRECTOR INTEGRATION CONVERGENCE:
   Recorrection delta-x convergence threshold:    0.010000
   Delta-x Convergence Met
 Point Number:  10          Path Number:   2
   CHANGE IN THE REACTION COORDINATE =    0.16214
   NET REACTION COORDINATE UP TO THIS POINT =    1.62146
  # OF POINTS ALONG THE PATH =  19
  # OF STEPS =   1

 Maximum number of steps reached.
 Calculation of REVERSE path complete.
 Reaction path calculation complete.
 
 Energies reported relative to the TS energy of        -460.750253
 --------------------------------------------------------------------------
    Summary of reaction path following
 --------------------------------------------------------------------------
                        Energy    RxCoord
   1                   -0.00824  -1.62146
   2                   -0.00695  -1.45932
   3                   -0.00566  -1.29717
   4                   -0.00442  -1.13503
   5                   -0.00326  -0.97288
   6                   -0.00224  -0.81072
   7                   -0.00139  -0.64857
   8                   -0.00074  -0.48642
   9                   -0.00031  -0.32428
  10                   -0.00007  -0.16216
  11                    0.00000   0.00000
  12                   -0.00005   0.16205
  13                   -0.00017   0.32402
  14                   -0.00030   0.48583
  15                   -0.00039   0.64646
  16                   -0.00045   0.80570
  17                   -0.00049   0.96720
  18                   -0.00053   1.12929
  19                   -0.00056   1.29143
  20                   -0.00059   1.45355
 --------------------------------------------------------------------------
 
 Total number of points:                   19
 Total number of gradient calculations:    21
 Total number of Hessian calculations:     10
 IRC-IRC-IRC-IRC-IRC-IRC-IRC-IRC-IRC-IRC-IRC-IRC-IRC-IRC-IRC-IRC-IRC-IRC
                          Input orientation:                          
 ---------------------------------------------------------------------
 Center     Atomic      Atomic             Coordinates (Angstroms)
 Number     Number       Type             X           Y           Z
 ---------------------------------------------------------------------
      1          6           0       -1.898856   -0.043388   -0.016534
      2          6           0       -1.038182    1.062181   -0.055851
      3          6           0        0.333021    0.880484   -0.093729
      4          6           0        0.850519   -0.437385   -0.239339
      5          6           0        0.004855   -1.539419   -0.039243
      6          6           0       -1.357399   -1.340665    0.045301
      7          1           0        0.430519   -2.535869   -0.030614
      8          8           0        2.420133   -0.425611    0.829079
      9          8           0        1.172242    1.943353   -0.021370
     10          1           0       -1.427141    2.073307   -0.015370
     11          6           0        2.301596   -0.617594   -0.538300
     12          1           0        2.567384   -1.615529   -0.906288
     13          1           0        1.985243    1.607825    0.395033
     14          1           0        2.735252    0.165490   -1.174151
     15          1           0       -2.023368   -2.191198    0.135246
     16          6           0       -3.389756    0.165303   -0.003970
     17          1           0       -3.694444    0.807128    0.828306
     18          1           0       -3.722826    0.654035   -0.925306
     19          1           0       -3.924746   -0.781360    0.086475
 ---------------------------------------------------------------------
                    Distance matrix (angstroms):
                    1          2          3          4          5
     1  C    0.000000
     2  C    1.401638   0.000000
     3  C    2.416769   1.383707   0.000000
     4  C    2.786385   2.418586   1.423301   0.000000
     5  C    2.421309   2.802949   2.442660   1.403447   0.000000
     6  C    1.407099   2.426067   2.794700   2.402464   1.379270
     7  H    3.411546   3.886346   3.418327   2.150256   1.083595
     8  O    4.417558   3.867372   2.629352   1.898774   2.797877
     9  O    3.657705   2.379838   1.356179   2.412246   3.673256
    10  H    2.168621   1.084115   2.127708   3.397275   3.886254
    11  C    4.271505   3.769419   2.513398   1.492474   2.524646
    12  H    4.817737   4.570938   3.447131   2.186428   2.706310
    13  H    4.240532   3.105176   1.870228   2.423409   3.743751
    14  H    4.781074   4.036515   2.729330   2.188505   3.413180
    15  H    2.156763   3.404641   3.878173   3.387535   2.137510
    16  C    1.505488   2.517337   3.791914   4.289355   3.798777
    17  H    2.158997   2.811141   4.132312   4.831704   4.465841
    18  H    2.153864   2.851289   4.146407   4.751551   4.414969
    19  H    2.158575   3.427996   4.574143   4.798712   4.004026
                    6          7          8          9         10
     6  C    0.000000
     7  H    2.151958   0.000000
     8  O    3.965019   3.025033   0.000000
     9  O    4.145878   4.540228   2.809356   0.000000
    10  H    3.415224   4.969471   4.664676   2.602637   0.000000
    11  C    3.775138   2.727353   1.385868   2.846244   4.627947
    12  H    4.047838   2.485966   2.109285   3.923664   5.509762
    13  H    4.470924   4.446183   2.124238   0.973109   3.468353
    14  H    4.528284   3.730525   2.112257   2.633003   4.723141
    15  H    1.083979   2.483519   4.831501   5.227902   4.308616
    16  C    2.529989   4.678840   5.898979   4.896284   2.737237
    17  H    3.269235   5.378540   6.237603   5.069279   2.730506
    18  H    3.242862   5.312837   6.479154   5.142094   2.848242
    19  H    2.627887   4.696844   6.398086   5.780570   3.794408
                   11         12         13         14         15
    11  C    0.000000
    12  H    1.096327   0.000000
    13  H    2.433861   3.524533   0.000000
    14  H    1.097991   1.808855   2.259466   0.000000
    15  H    4.651366   4.742488   5.528926   5.469274   0.000000
    16  C    5.769742   6.282759   5.579488   6.235788   2.727543
    17  H    6.312681   6.934593   5.752189   6.764801   3.501826
    18  H    6.169317   6.687154   5.935912   6.481309   3.479695
    19  H    6.259753   6.620361   6.382114   6.844069   2.367543
                   16         17         18         19
    16  C    0.000000
    17  H    1.094284   0.000000
    18  H    1.094831   1.760512   0.000000
    19  H    1.091131   1.768233   1.767720   0.000000
 Symmetry turned off by external request.
 Stoichiometry    C8H9O2(2)
 Framework group  C1[X(C8H9O2)]
 Deg. of freedom    51
 Full point group                 C1      NOp   1
 Rotational constants (GHZ):           2.7304335           1.0260940           0.7903843

 **********************************************************************

            Population analysis using the SCF density.

 **********************************************************************

 Alpha  occ. eigenvalues --  -19.15418 -19.12612 -10.25147 -10.22826 -10.21524
 Alpha  occ. eigenvalues --  -10.20259 -10.19044 -10.18016 -10.17796 -10.17756
 Alpha  occ. eigenvalues --   -1.07664  -1.01994  -0.87257  -0.79039  -0.75991
 Alpha  occ. eigenvalues --   -0.71409  -0.65363  -0.62577  -0.61300  -0.54356
 Alpha  occ. eigenvalues --   -0.51908  -0.50050  -0.46456  -0.45039  -0.44247
 Alpha  occ. eigenvalues --   -0.44020  -0.42767  -0.40721  -0.40320  -0.38360
 Alpha  occ. eigenvalues --   -0.37696  -0.36204  -0.34307  -0.30865  -0.27731
 Alpha  occ. eigenvalues --   -0.25544  -0.21152
 Alpha virt. eigenvalues --   -0.01796  -0.01161   0.04462   0.05077   0.05961
 Alpha virt. eigenvalues --    0.08290   0.08863   0.09917   0.10711   0.12120
 Alpha virt. eigenvalues --    0.13254   0.14876   0.16469   0.18538   0.21551
 Alpha virt. eigenvalues --    0.22981   0.24913   0.28065   0.29537   0.30306
 Alpha virt. eigenvalues --    0.31583   0.34249   0.34872   0.37351   0.38072
 Alpha virt. eigenvalues --    0.39079   0.40215   0.41636   0.43188   0.43974
 Alpha virt. eigenvalues --    0.44212   0.46200   0.46726   0.47550   0.49350
 Alpha virt. eigenvalues --    0.50589   0.52152   0.52879   0.53838   0.54609
 Alpha virt. eigenvalues --    0.56378   0.57369   0.58789   0.59334   0.60402
 Alpha virt. eigenvalues --    0.61192   0.62793   0.63632   0.65803   0.66634
 Alpha virt. eigenvalues --    0.70952   0.74104   0.75589   0.76780   0.78324
 Alpha virt. eigenvalues --    0.79504   0.80806   0.82443   0.85581   0.86425
 Alpha virt. eigenvalues --    0.87925   0.91066   0.93441   0.97012   0.97943
 Alpha virt. eigenvalues --    0.98870   1.02945   1.05062   1.05899   1.08809
 Alpha virt. eigenvalues --    1.10363   1.10889   1.13355   1.20835   1.22838
 Alpha virt. eigenvalues --    1.28614   1.33592   1.34350   1.36271   1.39652
 Alpha virt. eigenvalues --    1.39763   1.41979   1.44366   1.44836   1.47283
 Alpha virt. eigenvalues --    1.49238   1.50546   1.52572   1.53891   1.54517
 Alpha virt. eigenvalues --    1.55449   1.56224   1.57950   1.58835   1.60763
 Alpha virt. eigenvalues --    1.64199   1.64914   1.67425   1.67759   1.69971
 Alpha virt. eigenvalues --    1.71116   1.74285   1.76754   1.77506   1.80068
 Alpha virt. eigenvalues --    1.84393   1.84981   1.87883   1.89129   1.91025
 Alpha virt. eigenvalues --    1.93969   1.95225   1.97846   2.00545   2.01055
 Alpha virt. eigenvalues --    2.03419   2.05101   2.09640   2.12038   2.18107
 Alpha virt. eigenvalues --    2.20628   2.23645   2.26377   2.29206   2.31352
 Alpha virt. eigenvalues --    2.33974   2.34302   2.35709   2.38004   2.42105
 Alpha virt. eigenvalues --    2.44276   2.49227   2.50603   2.53348   2.54644
 Alpha virt. eigenvalues --    2.55758   2.58278   2.59675   2.61949   2.63886
 Alpha virt. eigenvalues --    2.67318   2.68634   2.70006   2.72056   2.73927
 Alpha virt. eigenvalues --    2.76145   2.80662   2.84263   2.85627   2.87452
 Alpha virt. eigenvalues --    2.91903   2.92503   2.94608   3.00628   3.03137
 Alpha virt. eigenvalues --    3.04107   3.09204   3.09939   3.14942   3.18386
 Alpha virt. eigenvalues --    3.20944   3.27785   3.31012   3.34360   3.38184
 Alpha virt. eigenvalues --    3.41658   3.50446   3.55540   3.59640   3.65312
 Alpha virt. eigenvalues --    3.72766   3.77348   3.79053   3.82010   3.89728
 Alpha virt. eigenvalues --    3.99067   4.09425   4.11405   4.27542   4.37721
 Alpha virt. eigenvalues --    4.78215   4.86301   4.90965   4.96529   5.32238
 Alpha virt. eigenvalues --    5.45535   5.68920  23.49229  23.82594  23.85879
 Alpha virt. eigenvalues --   23.88053  23.93735  24.00581  24.09725  24.16080
 Alpha virt. eigenvalues --   49.85856  49.92707
  Beta  occ. eigenvalues --  -19.15319 -19.10923 -10.24914 -10.22762 -10.21429
  Beta  occ. eigenvalues --  -10.19968 -10.18826 -10.18094 -10.17872 -10.17813
  Beta  occ. eigenvalues --   -1.07343  -0.98979  -0.86787  -0.78356  -0.75771
  Beta  occ. eigenvalues --   -0.70791  -0.64583  -0.62320  -0.61085  -0.53921
  Beta  occ. eigenvalues --   -0.51392  -0.49582  -0.45952  -0.44290  -0.43638
  Beta  occ. eigenvalues --   -0.43504  -0.42310  -0.40281  -0.39599  -0.37902
  Beta  occ. eigenvalues --   -0.37144  -0.35745  -0.33394  -0.27303  -0.26330
  Beta  occ. eigenvalues --   -0.24650
  Beta virt. eigenvalues --   -0.11189  -0.00502   0.00346   0.04514   0.05187
  Beta virt. eigenvalues --    0.06088   0.08369   0.08887   0.10268   0.10870
  Beta virt. eigenvalues --    0.12223   0.13430   0.15168   0.17053   0.18795
  Beta virt. eigenvalues --    0.21855   0.23155   0.25049   0.28292   0.29684
  Beta virt. eigenvalues --    0.30424   0.31697   0.34305   0.35156   0.37493
  Beta virt. eigenvalues --    0.38270   0.39456   0.40505   0.41971   0.43493
  Beta virt. eigenvalues --    0.44212   0.44428   0.46544   0.46918   0.47827
  Beta virt. eigenvalues --    0.49512   0.50989   0.52266   0.53372   0.54180
  Beta virt. eigenvalues --    0.54843   0.56629   0.57445   0.59021   0.59392
  Beta virt. eigenvalues --    0.60436   0.61253   0.62894   0.63756   0.65958
  Beta virt. eigenvalues --    0.67017   0.71335   0.74435   0.76070   0.77254
  Beta virt. eigenvalues --    0.78687   0.80075   0.81036   0.82969   0.85909
  Beta virt. eigenvalues --    0.86544   0.88188   0.91318   0.93822   0.97539
  Beta virt. eigenvalues --    0.98269   0.99305   1.03446   1.05375   1.07028
  Beta virt. eigenvalues --    1.09119   1.10779   1.11674   1.13704   1.21356
  Beta virt. eigenvalues --    1.23117   1.28751   1.33885   1.34508   1.36554
  Beta virt. eigenvalues --    1.39842   1.40230   1.42291   1.44495   1.45204
  Beta virt. eigenvalues --    1.47434   1.49444   1.50987   1.52735   1.54175
  Beta virt. eigenvalues --    1.54698   1.55669   1.56408   1.58213   1.59097
  Beta virt. eigenvalues --    1.61092   1.64344   1.65043   1.67558   1.67982
  Beta virt. eigenvalues --    1.70317   1.71347   1.74474   1.76929   1.77690
  Beta virt. eigenvalues --    1.80167   1.84784   1.85204   1.88039   1.89448
  Beta virt. eigenvalues --    1.91265   1.94221   1.95463   1.98061   2.00690
  Beta virt. eigenvalues --    2.01380   2.03650   2.05347   2.09809   2.12299
  Beta virt. eigenvalues --    2.18429   2.20817   2.23721   2.26631   2.29379
  Beta virt. eigenvalues --    2.31757   2.34187   2.34431   2.35815   2.38208
  Beta virt. eigenvalues --    2.42234   2.44496   2.49358   2.50675   2.53523
  Beta virt. eigenvalues --    2.54812   2.56098   2.58545   2.59804   2.62001
  Beta virt. eigenvalues --    2.63926   2.67656   2.69148   2.70269   2.72468
  Beta virt. eigenvalues --    2.74311   2.76551   2.80767   2.84747   2.86431
  Beta virt. eigenvalues --    2.87693   2.92260   2.94561   2.96919   3.03278
  Beta virt. eigenvalues --    3.04044   3.05618   3.09544   3.10992   3.15319
  Beta virt. eigenvalues --    3.18693   3.21402   3.28448   3.32398   3.35239
  Beta virt. eigenvalues --    3.39180   3.42021   3.50588   3.55935   3.59680
  Beta virt. eigenvalues --    3.65838   3.72880   3.77452   3.79177   3.82119
  Beta virt. eigenvalues --    3.90873   3.99172   4.09631   4.11590   4.27873
  Beta virt. eigenvalues --    4.38113   4.78608   4.86774   4.95302   5.00199
  Beta virt. eigenvalues --    5.32519   5.46867   5.69110  23.49371  23.82672
  Beta virt. eigenvalues --   23.86026  23.88221  23.93780  24.00719  24.09741
  Beta virt. eigenvalues --   24.16160  49.87070  49.93294
          Condensed to atoms (all electrons):
               1          2          3          4          5          6
     1  C    5.069162   0.499234  -0.043897  -0.060493  -0.052604   0.512069
     2  C    0.499234   4.875965   0.536081  -0.055809  -0.039230  -0.055568
     3  C   -0.043897   0.536081   4.900573   0.190051  -0.023120  -0.049038
     4  C   -0.060493  -0.055809   0.190051   5.780265   0.378600  -0.042547
     5  C   -0.052604  -0.039230  -0.023120   0.378600   4.850368   0.537022
     6  C    0.512069  -0.055568  -0.049038  -0.042547   0.537022   4.846910
     7  H    0.008130  -0.000261   0.004126  -0.044388   0.419613  -0.036512
     8  O   -0.000142   0.001969   0.016417  -0.094995   0.016732   0.000765
     9  O    0.003923  -0.053542   0.373687  -0.081785   0.005325  -0.000119
    10  H   -0.048831   0.404785  -0.040395   0.015539  -0.001440   0.007187
    11  C    0.001075   0.002649  -0.070554   0.286356  -0.030463   0.003901
    12  H   -0.000016   0.000111   0.018615  -0.011173  -0.025027  -0.000655
    13  H   -0.000079   0.008599  -0.023684  -0.035789  -0.002201   0.000109
    14  H   -0.000237  -0.000910  -0.038179  -0.022793   0.013676   0.000106
    15  H   -0.046620   0.007471  -0.000460   0.010383  -0.039012   0.415661
    16  C    0.360615  -0.057020   0.005851  -0.000529   0.007135  -0.058389
    17  H   -0.036764  -0.004559   0.000205  -0.000063  -0.000353   0.001925
    18  H   -0.036253  -0.005420   0.000203   0.000094  -0.000269   0.000805
    19  H   -0.035191   0.007088  -0.000435   0.000090   0.000460  -0.007446
               7          8          9         10         11         12
     1  C    0.008130  -0.000142   0.003923  -0.048831   0.001075  -0.000016
     2  C   -0.000261   0.001969  -0.053542   0.404785   0.002649   0.000111
     3  C    0.004126   0.016417   0.373687  -0.040395  -0.070554   0.018615
     4  C   -0.044388  -0.094995  -0.081785   0.015539   0.286356  -0.011173
     5  C    0.419613   0.016732   0.005325  -0.001440  -0.030463  -0.025027
     6  C   -0.036512   0.000765  -0.000119   0.007187   0.003901  -0.000655
     7  H    0.565326   0.002343  -0.000081   0.000084  -0.005435   0.001256
     8  O    0.002343   8.249936  -0.015513  -0.000011   0.220129  -0.030254
     9  O   -0.000081  -0.015513   7.788965   0.005235   0.002342  -0.000143
    10  H    0.000084  -0.000011   0.005235   0.564992  -0.000473   0.000003
    11  C   -0.005435   0.220129   0.002342  -0.000473   4.719796   0.374115
    12  H    0.001256  -0.030254  -0.000143   0.000003   0.374115   0.641104
    13  H   -0.000072   0.047102   0.315316  -0.000650  -0.000804   0.002854
    14  H    0.000342  -0.045917   0.014487  -0.000010   0.395952  -0.067604
    15  H   -0.008306  -0.000005   0.000009  -0.000272  -0.000339   0.000009
    16  C   -0.000332   0.000000  -0.000089  -0.006549   0.000021   0.000000
    17  H    0.000013   0.000000  -0.000011   0.001024  -0.000001   0.000000
    18  H    0.000024   0.000000   0.000000   0.000848   0.000001   0.000000
    19  H   -0.000030   0.000000   0.000002   0.000152  -0.000001   0.000000
              13         14         15         16         17         18
     1  C   -0.000079  -0.000237  -0.046620   0.360615  -0.036764  -0.036253
     2  C    0.008599  -0.000910   0.007471  -0.057020  -0.004559  -0.005420
     3  C   -0.023684  -0.038179  -0.000460   0.005851   0.000205   0.000203
     4  C   -0.035789  -0.022793   0.010383  -0.000529  -0.000063   0.000094
     5  C   -0.002201   0.013676  -0.039012   0.007135  -0.000353  -0.000269
     6  C    0.000109   0.000106   0.415661  -0.058389   0.001925   0.000805
     7  H   -0.000072   0.000342  -0.008306  -0.000332   0.000013   0.000024
     8  O    0.047102  -0.045917  -0.000005   0.000000   0.000000   0.000000
     9  O    0.315316   0.014487   0.000009  -0.000089  -0.000011   0.000000
    10  H   -0.000650  -0.000010  -0.000272  -0.006549   0.001024   0.000848
    11  C   -0.000804   0.395952  -0.000339   0.000021  -0.000001   0.000001
    12  H    0.002854  -0.067604   0.000009   0.000000   0.000000   0.000000
    13  H    0.450428  -0.016557  -0.000003   0.000019  -0.000001   0.000001
    14  H   -0.016557   0.663962   0.000005   0.000002   0.000001  -0.000001
    15  H   -0.000003   0.000005   0.577513  -0.009586   0.000066   0.000151
    16  C    0.000019   0.000002  -0.009586   4.803740   0.402339   0.401271
    17  H   -0.000001   0.000001   0.000066   0.402339   0.563706  -0.029464
    18  H    0.000001  -0.000001   0.000151   0.401271  -0.029464   0.565552
    19  H   -0.000002   0.000000   0.003819   0.408336  -0.026314  -0.026483
              19
     1  C   -0.035191
     2  C    0.007088
     3  C   -0.000435
     4  C    0.000090
     5  C    0.000460
     6  C   -0.007446
     7  H   -0.000030
     8  O    0.000000
     9  O    0.000002
    10  H    0.000152
    11  C   -0.000001
    12  H    0.000000
    13  H   -0.000002
    14  H    0.000000
    15  H    0.003819
    16  C    0.408336
    17  H   -0.026314
    18  H   -0.026483
    19  H    0.566659
          Atomic-Atomic Spin Densities.
               1          2          3          4          5          6
     1  C    0.230167  -0.008171  -0.005774  -0.008836  -0.008002   0.021139
     2  C   -0.008171  -0.102440   0.008917   0.008044   0.000357   0.000038
     3  C   -0.005774   0.008917   0.162384   0.015440   0.006847  -0.001198
     4  C   -0.008836   0.008044   0.015440   0.044120   0.009162   0.003655
     5  C   -0.008002   0.000357   0.006847   0.009162   0.174128  -0.019681
     6  C    0.021139   0.000038  -0.001198   0.003655  -0.019681  -0.073078
     7  H   -0.000228   0.000009  -0.000174  -0.001075   0.001878   0.000514
     8  O   -0.000045   0.000135  -0.014616  -0.104757  -0.004129   0.000548
     9  O    0.000109   0.000258  -0.024016   0.001164  -0.000209   0.000031
    10  H   -0.000218   0.000454  -0.001012   0.000390  -0.000105   0.000060
    11  C    0.000234  -0.000314   0.001567   0.045895  -0.004386  -0.000244
    12  H   -0.000031  -0.000005  -0.000728  -0.006269   0.002520   0.000064
    13  H   -0.000079  -0.000370  -0.002309   0.002538   0.000184   0.000025
    14  H    0.000009   0.000007   0.002788  -0.005712  -0.000063  -0.000083
    15  H   -0.000167   0.000234  -0.000210   0.000342  -0.001153   0.000629
    16  C   -0.005539   0.000791   0.000218  -0.000340   0.000321  -0.000692
    17  H   -0.005299  -0.000502   0.000402  -0.000161   0.000192  -0.000496
    18  H   -0.005411   0.001019  -0.000195   0.000230  -0.000084  -0.000019
    19  H   -0.000331  -0.000036  -0.000007   0.000008   0.000000   0.000198
               7          8          9         10         11         12
     1  C   -0.000228  -0.000045   0.000109  -0.000218   0.000234  -0.000031
     2  C    0.000009   0.000135   0.000258   0.000454  -0.000314  -0.000005
     3  C   -0.000174  -0.014616  -0.024016  -0.001012   0.001567  -0.000728
     4  C   -0.001075  -0.104757   0.001164   0.000390   0.045895  -0.006269
     5  C    0.001878  -0.004129  -0.000209  -0.000105  -0.004386   0.002520
     6  C    0.000514   0.000548   0.000031   0.000060  -0.000244   0.000064
     7  H   -0.010118   0.000787   0.000000   0.000001  -0.000555   0.000286
     8  O    0.000787   0.769908   0.001464   0.000047  -0.060409   0.002749
     9  O    0.000000   0.001464   0.048369   0.000050   0.000688  -0.000001
    10  H    0.000001   0.000047   0.000050   0.004451  -0.000025   0.000002
    11  C   -0.000555  -0.060409   0.000688  -0.000025   0.031252   0.003739
    12  H    0.000286   0.002749  -0.000001   0.000002   0.003739  -0.004392
    13  H    0.000003  -0.002585   0.002063   0.000029  -0.000805  -0.000244
    14  H    0.000016   0.003515  -0.001007   0.000001   0.003790   0.003150
    15  H    0.000230   0.000033   0.000000   0.000010  -0.000013   0.000003
    16  C   -0.000002  -0.000001   0.000000  -0.000018   0.000003   0.000000
    17  H   -0.000004  -0.000002  -0.000005  -0.000337   0.000002   0.000000
    18  H    0.000004   0.000001   0.000000   0.000263  -0.000002   0.000000
    19  H    0.000000   0.000000   0.000000   0.000004   0.000000   0.000000
              13         14         15         16         17         18
     1  C   -0.000079   0.000009  -0.000167  -0.005539  -0.005299  -0.005411
     2  C   -0.000370   0.000007   0.000234   0.000791  -0.000502   0.001019
     3  C   -0.002309   0.002788  -0.000210   0.000218   0.000402  -0.000195
     4  C    0.002538  -0.005712   0.000342  -0.000340  -0.000161   0.000230
     5  C    0.000184  -0.000063  -0.001153   0.000321   0.000192  -0.000084
     6  C    0.000025  -0.000083   0.000629  -0.000692  -0.000496  -0.000019
     7  H    0.000003   0.000016   0.000230  -0.000002  -0.000004   0.000004
     8  O   -0.002585   0.003515   0.000033  -0.000001  -0.000002   0.000001
     9  O    0.002063  -0.001007   0.000000   0.000000  -0.000005   0.000000
    10  H    0.000029   0.000001   0.000010  -0.000018  -0.000337   0.000263
    11  C   -0.000805   0.003790  -0.000013   0.000003   0.000002  -0.000002
    12  H   -0.000244   0.003150   0.000003   0.000000   0.000000   0.000000
    13  H   -0.002001   0.001344  -0.000001   0.000001   0.000001  -0.000001
    14  H    0.001344  -0.003978   0.000002   0.000000   0.000000   0.000000
    15  H   -0.000001   0.000002   0.003298  -0.000142  -0.000109   0.000106
    16  C    0.000001   0.000000  -0.000142  -0.016423   0.003873   0.000628
    17  H    0.000001   0.000000  -0.000109   0.003873   0.016560  -0.004699
    18  H   -0.000001   0.000000   0.000106   0.000628  -0.004699   0.018819
    19  H    0.000000   0.000000   0.000009   0.000631  -0.000223  -0.000019
              19
     1  C   -0.000331
     2  C   -0.000036
     3  C   -0.000007
     4  C    0.000008
     5  C    0.000000
     6  C    0.000198
     7  H    0.000000
     8  O    0.000000
     9  O    0.000000
    10  H    0.000004
    11  C    0.000000
    12  H    0.000000
    13  H    0.000000
    14  H    0.000000
    15  H    0.000009
    16  C    0.000631
    17  H   -0.000223
    18  H   -0.000019
    19  H    0.000166
 Mulliken charges and spin densities:
               1          2
     1  C   -0.093081   0.203526
     2  C   -0.071630  -0.091573
     3  C    0.243954   0.148325
     4  C   -0.211012   0.003839
     5  C   -0.015212   0.157778
     6  C   -0.076186  -0.068590
     7  H    0.094158  -0.008427
     8  O   -0.368557   0.592642
     9  O   -0.358008   0.028957
    10  H    0.098781   0.004046
    11  C    0.101734   0.020417
    12  H    0.096805   0.000845
    13  H    0.255413  -0.002206
    14  H    0.103675   0.003779
    15  H    0.089514   0.003101
    16  C   -0.256834  -0.016694
    17  H    0.128252   0.009195
    18  H    0.128939   0.010640
    19  H    0.109295   0.000400
 Sum of Mulliken charges =   0.00000   1.00000
 Mulliken charges and spin densities with hydrogens summed into heavy atoms:
               1          2
     1  C   -0.093081   0.203526
     2  C    0.027151  -0.087527
     3  C    0.243954   0.148325
     4  C   -0.211012   0.003839
     5  C    0.078946   0.149351
     6  C    0.013329  -0.065489
     8  O   -0.368557   0.592642
     9  O   -0.102595   0.026751
    11  C    0.302214   0.025041
    16  C    0.109652   0.003541
 APT charges:
               1
     1  C    0.078126
     2  C   -0.484545
     3  C   -0.202576
     4  C    0.033566
     5  C   -0.537920
     6  C   -0.513619
     7  H    0.511222
     8  O   -0.339409
     9  O   -0.338615
    10  H    0.475784
    11  C   -0.695439
    12  H    0.461958
    13  H    0.506351
    14  H    0.388980
    15  H    0.570486
    16  C   -1.312757
    17  H    0.439599
    18  H    0.448132
    19  H    0.510676
 Sum of APT charges =   0.00000
 APT charges with hydrogens summed into heavy atoms:
               1
     1  C    0.078126
     2  C   -0.008762
     3  C   -0.202576
     4  C    0.033566
     5  C   -0.026697
     6  C    0.056868
     8  O   -0.339409
     9  O    0.167736
    11  C    0.155498
    16  C    0.085650
 Electronic spatial extent (au):  <R**2>=           1470.7263
 Charge=              0.0000 electrons
 Dipole moment (field-independent basis, Debye):
    X=             -1.6973    Y=             -0.8435    Z=             -1.4158  Tot=              2.3658
 Quadrupole moment (field-independent basis, Debye-Ang):
   XX=            -53.7348   YY=            -57.3818   ZZ=            -62.3720
   XY=              0.0706   XZ=             -4.2938   YZ=              1.9472
 Traceless Quadrupole moment (field-independent basis, Debye-Ang):
   XX=              4.0947   YY=              0.4477   ZZ=             -4.5425
   XY=              0.0706   XZ=             -4.2938   YZ=              1.9472
 Octapole moment (field-independent basis, Debye-Ang**2):
  XXX=             10.3312  YYY=             -6.7786  ZZZ=              3.7480  XYY=              4.2395
  XXY=              8.5607  XXZ=             -8.4936  XZZ=              6.6770  YZZ=              6.1039
  YYZ=              3.1608  XYZ=              5.5688
 Hexadecapole moment (field-independent basis, Debye-Ang**3):
 XXXX=          -1292.7529 YYYY=           -482.0012 ZZZZ=           -115.6994 XXXY=             25.7441
 XXXZ=            -25.6609 YYYX=             -4.3849 YYYZ=              2.1373 ZZZX=             -2.0586
 ZZZY=             -0.3664 XXYY=           -281.5229 XXZZ=           -248.6395 YYZZ=           -105.1850
 XXYZ=             10.2729 YYXZ=             -0.1892 ZZXY=              1.5675
 N-N= 5.111448600611D+02 E-N=-2.097817236012D+03  KE= 4.591181685800D+02
  Exact polarizability:   0.000   0.000   0.000   0.000   0.000   0.000
 Approx polarizability: 228.049  -2.205 164.073  10.733  -2.034  89.835
                          Isotropic Fermi Contact Couplings
        Atom                 a.u.       MegaHertz       Gauss      10(-4) cm-1
     1  C(13)              0.01385      15.56599       5.55433       5.19225
     2  C(13)             -0.01090     -12.25292      -4.37215      -4.08713
     3  C(13)              0.00832       9.34887       3.33591       3.11845
     4  C(13)              0.04932      55.44718      19.78493      18.49519
     5  C(13)              0.00781       8.78254       3.13383       2.92954
     6  C(13)             -0.00947     -10.65076      -3.80046      -3.55271
     7  H(1)              -0.00187      -8.35379      -2.98084      -2.78653
     8  O(17)              0.05849     -35.45863     -12.65252     -11.82772
     9  O(17)              0.00459      -2.78007      -0.99200      -0.92733
    10  H(1)               0.00091       4.05759       1.44785       1.35347
    11  C(13)             -0.00400      -4.49572      -1.60419      -1.49961
    12  H(1)               0.00068       3.01826       1.07699       1.00678
    13  H(1)               0.00046       2.04550       0.72989       0.68231
    14  H(1)               0.00216       9.63766       3.43896       3.21478
    15  H(1)               0.00070       3.12991       1.11683       1.04403
    16  C(13)             -0.00647      -7.27370      -2.59544      -2.42625
    17  H(1)               0.00466      20.83816       7.43557       6.95086
    18  H(1)               0.00512      22.88756       8.16685       7.63447
    19  H(1)               0.00012       0.53143       0.18963       0.17727
 --------------------------------------------------------
       Center         ----  Spin Dipole Couplings  ----
                      3XX-RR        3YY-RR        3ZZ-RR
 --------------------------------------------------------
     1   Atom       -0.110973     -0.119135      0.230107
     2   Atom        0.049096      0.037628     -0.086724
     3   Atom       -0.095123     -0.092753      0.187876
     4   Atom        0.157432     -0.035112     -0.122320
     5   Atom       -0.089153     -0.086754      0.175907
     6   Atom        0.030783      0.023013     -0.053796
     7   Atom       -0.008412      0.012652     -0.004240
     8   Atom        2.486830     -1.266019     -1.220811
     9   Atom       -0.061855     -0.083645      0.145500
    10   Atom        0.005045     -0.001180     -0.003865
    11   Atom        0.079108     -0.060819     -0.018290
    12   Atom       -0.005373      0.002176      0.003197
    13   Atom       -0.000228      0.010662     -0.010434
    14   Atom       -0.005715     -0.004706      0.010421
    15   Atom        0.001179      0.002466     -0.003645
    16   Atom        0.002511     -0.004460      0.001949
    17   Atom        0.002508     -0.000919     -0.001590
    18   Atom        0.002658     -0.001404     -0.001254
    19   Atom        0.003675     -0.001824     -0.001851
 --------------------------------------------------------
                        XY            XZ            YZ
 --------------------------------------------------------
     1   Atom       -0.001366      0.006199      0.021161
     2   Atom        0.000458      0.002170      0.001021
     3   Atom       -0.003614      0.002201     -0.020385
     4   Atom       -0.019016      0.076774     -0.008777
     5   Atom        0.004169      0.004952      0.002675
     6   Atom       -0.004028     -0.012610     -0.003949
     7   Atom       -0.003023      0.003034     -0.000327
     8   Atom        0.018304      0.520193      0.006017
     9   Atom        0.004495     -0.080935     -0.023101
    10   Atom        0.000742      0.000293     -0.000487
    11   Atom       -0.002967      0.008089      0.006934
    12   Atom       -0.003315     -0.003577      0.013013
    13   Atom       -0.004856      0.003849     -0.004591
    14   Atom        0.001741     -0.006044     -0.009380
    15   Atom       -0.000774     -0.000151      0.000159
    16   Atom       -0.001566      0.000452      0.000245
    17   Atom       -0.002157     -0.001282      0.001058
    18   Atom       -0.001890      0.001535     -0.001022
    19   Atom        0.001469     -0.000120     -0.000040
 --------------------------------------------------------


 ---------------------------------------------------------------------------------
              Anisotropic Spin Dipole Couplings in Principal Axis System
 ---------------------------------------------------------------------------------

       Atom             a.u.   MegaHertz   Gauss  10(-4) cm-1        Axes

              Baa    -0.1207   -16.200    -5.781    -5.404  0.1772  0.9822 -0.0624
     1 C(13)  Bbb    -0.1108   -14.864    -5.304    -4.958  0.9840 -0.1779 -0.0068
              Bcc     0.2315    31.064    11.084    10.362  0.0178  0.0602  0.9980
 
              Baa    -0.0868   -11.643    -4.155    -3.884 -0.0159 -0.0081  0.9998
     2 C(13)  Bbb     0.0376     5.048     1.801     1.684 -0.0413  0.9991  0.0075
              Bcc     0.0491     6.595     2.353     2.200  0.9990  0.0412  0.0163
 
              Baa    -0.0982   -13.172    -4.700    -4.394  0.7523  0.6575  0.0411
     3 C(13)  Bbb    -0.0912   -12.239    -4.367    -4.083 -0.6587  0.7500  0.0600
              Bcc     0.1894    25.412     9.068     8.476  0.0086 -0.0722  0.9974
 
              Baa    -0.1421   -19.074    -6.806    -6.362 -0.2460  0.0357  0.9686
     4 C(13)  Bbb    -0.0370    -4.959    -1.770    -1.654  0.1016  0.9948 -0.0109
              Bcc     0.1791    24.033     8.576     8.017  0.9639 -0.0957  0.2483
 
              Baa    -0.0923   -12.387    -4.420    -4.132  0.8020 -0.5973 -0.0089
     5 C(13)  Bbb    -0.0837   -11.234    -4.009    -3.747  0.5971  0.8020 -0.0197
              Bcc     0.1760    23.621     8.429     7.879  0.0188  0.0105  0.9998
 
              Baa    -0.0559    -7.500    -2.676    -2.502  0.1463  0.0569  0.9876
     6 C(13)  Bbb     0.0222     2.973     1.061     0.992  0.2986  0.9492 -0.0989
              Bcc     0.0337     4.527     1.615     1.510  0.9431 -0.3094 -0.1219
 
              Baa    -0.0103    -5.490    -1.959    -1.831  0.8908  0.1111 -0.4407
     7 H(1)   Bbb    -0.0028    -1.505    -0.537    -0.502  0.4307  0.1031  0.8966
              Bcc     0.0131     6.995     2.496     2.333 -0.1450  0.9884 -0.0440
 
              Baa    -1.2929    93.551    33.381    31.205 -0.1346 -0.1284  0.9825
     8 O(17)  Bbb    -1.2657    91.583    32.679    30.549 -0.0224  0.9917  0.1266
              Bcc     2.5585  -185.133   -66.060   -61.754  0.9906  0.0050  0.1364
 
              Baa    -0.0915     6.623     2.363     2.209  0.8105  0.4878  0.3243
     9 O(17)  Bbb    -0.0839     6.072     2.167     2.025 -0.4887  0.8683 -0.0850
              Bcc     0.1754   -12.695    -4.530    -4.235 -0.3230 -0.0896  0.9421
 
              Baa    -0.0040    -2.118    -0.756    -0.707 -0.0471  0.1838  0.9818
    10 H(1)   Bbb    -0.0012    -0.623    -0.222    -0.208 -0.1077  0.9763 -0.1879
              Bcc     0.0051     2.742     0.978     0.914  0.9931  0.1146  0.0262
 
              Baa    -0.0620    -8.326    -2.971    -2.777  0.0300  0.9864 -0.1618
    11 C(13)  Bbb    -0.0178    -2.385    -0.851    -0.795 -0.0771  0.1637  0.9835
              Bcc     0.0798    10.711     3.822     3.573  0.9966 -0.0170  0.0810
 
              Baa    -0.0103    -5.516    -1.968    -1.840 -0.0222  0.7178 -0.6959
    12 H(1)   Bbb    -0.0064    -3.438    -1.227    -1.147  0.9764  0.1652  0.1393
              Bcc     0.0168     8.954     3.195     2.987 -0.2149  0.6764  0.7045
 
              Baa    -0.0121    -6.466    -2.307    -2.157 -0.2532  0.1390  0.9574
    13 H(1)   Bbb    -0.0017    -0.922    -0.329    -0.307  0.8927  0.4150  0.1758
              Bcc     0.0138     7.388     2.636     2.464 -0.3729  0.8991 -0.2291
 
              Baa    -0.0096    -5.147    -1.837    -1.717  0.3994  0.7785  0.4842
    14 H(1)   Bbb    -0.0070    -3.727    -1.330    -1.243  0.8767 -0.4787  0.0464
              Bcc     0.0166     8.874     3.167     2.960 -0.2679 -0.4059  0.8737
 
              Baa    -0.0037    -1.949    -0.695    -0.650  0.0276 -0.0225  0.9994
    15 H(1)   Bbb     0.0008     0.436     0.156     0.145  0.9046  0.4259 -0.0154
              Bcc     0.0028     1.513     0.540     0.505 -0.4253  0.9045  0.0321
 
              Baa    -0.0048    -0.646    -0.230    -0.215  0.2118  0.9761 -0.0495
    16 C(13)  Bbb     0.0018     0.244     0.087     0.081 -0.3367  0.1204  0.9339
              Bcc     0.0030     0.402     0.143     0.134  0.9175 -0.1811  0.3541
 
              Baa    -0.0024    -1.276    -0.455    -0.425 -0.1114 -0.6823  0.7225
    17 H(1)   Bbb    -0.0016    -0.867    -0.310    -0.289  0.5032  0.5882  0.6331
              Bcc     0.0040     2.143     0.765     0.715  0.8570 -0.4341 -0.2778
 
              Baa    -0.0024    -1.283    -0.458    -0.428  0.1441  0.8273  0.5430
    18 H(1)   Bbb    -0.0016    -0.862    -0.308    -0.288 -0.4669 -0.4270  0.7744
              Bcc     0.0040     2.145     0.765     0.716  0.8725 -0.3651  0.3247
 
              Baa    -0.0022    -1.170    -0.417    -0.390 -0.2422  0.9698  0.0284
    19 H(1)   Bbb    -0.0019    -0.989    -0.353    -0.330  0.0277 -0.0223  0.9994
              Bcc     0.0040     2.158     0.770     0.720  0.9698  0.2428 -0.0214
 

 ---------------------------------------------------------------------------------


 This type of calculation cannot be archived.


 The theorems and results in mathematical physics are
 not theorems and results about Nature, but about our
 description of it.
                   --Gerard 't Hooft
 Job cpu time:       0 days  0 hours 38 minutes  3.0 seconds.
 Elapsed time:       0 days  0 hours 37 minutes 52.7 seconds.
 File lengths (MBytes):  RWF=    212 Int=      0 D2E=      0 Chk=      9 Scr=      1
 Normal termination of Gaussian 16 at Tue Jan 13 11:07:13 2026.
