 Entering Link 1 = D:\Gaussian\G16W\l1.exe PID=    114976.
  
 Copyright (c) 1988,1990,1992,1993,1995,1998,2003,2009,2016,
            Gaussian, Inc.  All Rights Reserved.
  
 This is part of the Gaussian(R) 16 program.  It is based on
 the Gaussian(R) 09 system (copyright 2009, Gaussian, Inc.),
 the Gaussian(R) 03 system (copyright 2003, Gaussian, Inc.),
 the Gaussian(R) 98 system (copyright 1998, Gaussian, Inc.),
 the Gaussian(R) 94 system (copyright 1995, Gaussian, Inc.),
 the Gaussian 92(TM) system (copyright 1992, Gaussian, Inc.),
 the Gaussian 90(TM) system (copyright 1990, Gaussian, Inc.),
 the Gaussian 88(TM) system (copyright 1988, Gaussian, Inc.),
 the Gaussian 86(TM) system (copyright 1986, Carnegie Mellon
 University), and the Gaussian 82(TM) system (copyright 1983,
 Carnegie Mellon University). Gaussian is a federally registered
 trademark of Gaussian, Inc.
  
 This software contains proprietary and confidential information,
 including trade secrets, belonging to Gaussian, Inc.
  
 This software is provided under written license and may be
 used, copied, transmitted, or stored only in accord with that
 written license.
  
 The following legend is applicable only to US Government
 contracts under FAR:
  
                    RESTRICTED RIGHTS LEGEND
  
 Use, reproduction and disclosure by the US Government is
 subject to restrictions as set forth in subparagraphs (a)
 and (c) of the Commercial Computer Software - Restricted
 Rights clause in FAR 52.227-19.
  
 Gaussian, Inc.
 340 Quinnipiac St., Bldg. 40, Wallingford CT 06492
  
  
 ---------------------------------------------------------------
 Warning -- This program may not be used in any manner that
 competes with the business of Gaussian, Inc. or will provide
 assistance to any competitor of Gaussian, Inc.  The licensee
 of this program is prohibited from giving any competitor of
 Gaussian, Inc. access to this program.  By using this program,
 the user acknowledges that Gaussian, Inc. is engaged in the
 business of creating and licensing software in the field of
 computational chemistry and represents and warrants to the
 licensee that it is not a competitor of Gaussian, Inc. and that
 it will not use this program in any manner prohibited above.
 ---------------------------------------------------------------
  

 Cite this work as:
 Gaussian 16, Revision A.03,
 M. J. Frisch, G. W. Trucks, H. B. Schlegel, G. E. Scuseria, 
 M. A. Robb, J. R. Cheeseman, G. Scalmani, V. Barone, 
 G. A. Petersson, H. Nakatsuji, X. Li, M. Caricato, A. V. Marenich, 
 J. Bloino, B. G. Janesko, R. Gomperts, B. Mennucci, H. P. Hratchian, 
 J. V. Ortiz, A. F. Izmaylov, J. L. Sonnenberg, D. Williams-Young, 
 F. Ding, F. Lipparini, F. Egidi, J. Goings, B. Peng, A. Petrone, 
 T. Henderson, D. Ranasinghe, V. G. Zakrzewski, J. Gao, N. Rega, 
 G. Zheng, W. Liang, M. Hada, M. Ehara, K. Toyota, R. Fukuda, 
 J. Hasegawa, M. Ishida, T. Nakajima, Y. Honda, O. Kitao, H. Nakai, 
 T. Vreven, K. Throssell, J. A. Montgomery, Jr., J. E. Peralta, 
 F. Ogliaro, M. J. Bearpark, J. J. Heyd, E. N. Brothers, K. N. Kudin, 
 V. N. Staroverov, T. A. Keith, R. Kobayashi, J. Normand, 
 K. Raghavachari, A. P. Rendell, J. C. Burant, S. S. Iyengar, 
 J. Tomasi, M. Cossi, J. M. Millam, M. Klene, C. Adamo, R. Cammi, 
 J. W. Ochterski, R. L. Martin, K. Morokuma, O. Farkas, 
 J. B. Foresman, and D. J. Fox, Gaussian, Inc., Wallingford CT, 2016.
 
 ******************************************
 Gaussian 16:  EM64W-G16RevA.03 17-Dec-2016
                18-Jan-2026 
 ******************************************
 %nprocshared=16
 Will use up to   16 processors via shared memory.
 %mem=60GB
 %chk=SR-11-TS-P2_2.chk
 -----------------------------------------------
 # opt freq ub3lyp/6-311g(d,p) geom=connectivity
 -----------------------------------------------
 1/18=20,19=15,26=3,38=1,57=2/1,3;
 2/9=110,12=2,17=6,18=5,40=1/2;
 3/5=4,6=6,7=101,11=2,25=1,30=1,71=1,74=-5,116=2/1,2,3;
 4//1;
 5/5=2,38=5/2;
 6/7=2,8=2,9=2,10=2,28=1/1;
 7//1,2,3,16;
 1/18=20,19=15,26=3/3(2);
 2/9=110/2;
 99//99;
 2/9=110/2;
 3/5=4,6=6,7=101,11=2,25=1,30=1,71=1,74=-5,116=2/1,2,3;
 4/5=5,16=3,69=1/1;
 5/5=2,38=5/2;
 7//1,2,3,16;
 1/18=20,19=15,26=3/3(-5);
 2/9=110/2;
 6/7=2,8=2,9=2,10=2,19=2,28=1/1;
 99/9=1/99;
 -------------------
 Title Card Required
 -------------------
 Symbolic Z-matrix:
 Charge =  0 Multiplicity = 2
 C                    -1.72414  -0.09417   0.06966 
 C                    -0.94403  -1.23091  -0.13482 
 C                     0.42252  -1.10134  -0.36758 
 C                     1.02255   0.18191  -0.4487 
 C                     0.23562   1.33838  -0.21131 
 C                    -1.11191   1.17981   0.05849 
 O                     2.40626  -0.26578   1.0939 
 H                    -1.72498   2.05694   0.24144 
 O                     1.20443  -2.19782  -0.45799 
 H                     1.78091  -0.29765   1.83374 
 H                     2.05384  -1.91354  -0.06722 
 H                     1.97106   0.28366  -0.95679 
 C                    -3.20189  -0.2106    0.34004 
 H                    -3.53905  -1.24681   0.28804 
 H                    -3.45185   0.17817   1.33255 
 H                    -3.77819   0.3715   -0.38604 
 H                    -1.37187  -2.22478  -0.07841 
 C                     0.89448   2.69025  -0.26724 
 H                     1.29815   2.88995  -1.26553 
 H                     0.19464   3.48989  -0.01883 
 H                     1.7341    2.72826   0.43251 
 
 Add virtual bond connecting atoms C4         and O7         Dist= 4.01D+00.
 Add virtual bond connecting atoms H11        and O7         Dist= 3.87D+00.
 Add virtual bond connecting atoms H12        and O7         Dist= 4.10D+00.

 GradGradGradGradGradGradGradGradGradGradGradGradGradGradGradGradGradGrad
 Berny optimization.
 Initialization pass.
                           ----------------------------
                           !    Initial Parameters    !
                           ! (Angstroms and Degrees)  !
 --------------------------                            --------------------------
 ! Name  Definition              Value          Derivative Info.                !
 --------------------------------------------------------------------------------
 ! R1    R(1,2)                  1.3938         estimate D2E/DX2                !
 ! R2    R(1,6)                  1.4135         estimate D2E/DX2                !
 ! R3    R(1,13)                 1.5068         estimate D2E/DX2                !
 ! R4    R(2,3)                  1.3923         estimate D2E/DX2                !
 ! R5    R(2,17)                 1.0835         estimate D2E/DX2                !
 ! R6    R(3,4)                  1.4189         estimate D2E/DX2                !
 ! R7    R(3,9)                  1.3497         estimate D2E/DX2                !
 ! R8    R(4,5)                  1.4188         estimate D2E/DX2                !
 ! R9    R(4,7)                  2.1201         estimate D2E/DX2                !
 ! R10   R(4,12)                 1.0808         estimate D2E/DX2                !
 ! R11   R(5,6)                  1.3834         estimate D2E/DX2                !
 ! R12   R(5,18)                 1.5049         estimate D2E/DX2                !
 ! R13   R(6,8)                  1.0857         estimate D2E/DX2                !
 ! R14   R(7,10)                 0.9692         estimate D2E/DX2                !
 ! R15   R(7,11)                 2.0463         estimate D2E/DX2                !
 ! R16   R(7,12)                 2.1672         estimate D2E/DX2                !
 ! R17   R(9,11)                 0.9772         estimate D2E/DX2                !
 ! R18   R(13,14)                1.0909         estimate D2E/DX2                !
 ! R19   R(13,15)                1.0948         estimate D2E/DX2                !
 ! R20   R(13,16)                1.0946         estimate D2E/DX2                !
 ! R21   R(18,19)                1.0952         estimate D2E/DX2                !
 ! R22   R(18,20)                1.0913         estimate D2E/DX2                !
 ! R23   R(18,21)                1.0936         estimate D2E/DX2                !
 ! A1    A(2,1,6)              119.4391         estimate D2E/DX2                !
 ! A2    A(2,1,13)             120.8128         estimate D2E/DX2                !
 ! A3    A(6,1,13)             119.7258         estimate D2E/DX2                !
 ! A4    A(1,2,3)              119.8681         estimate D2E/DX2                !
 ! A5    A(1,2,17)             121.2962         estimate D2E/DX2                !
 ! A6    A(3,2,17)             118.7922         estimate D2E/DX2                !
 ! A7    A(2,3,4)              120.5829         estimate D2E/DX2                !
 ! A8    A(2,3,9)              120.278          estimate D2E/DX2                !
 ! A9    A(4,3,9)              119.0702         estimate D2E/DX2                !
 ! A10   A(3,4,5)              119.5409         estimate D2E/DX2                !
 ! A11   A(3,4,7)               92.4887         estimate D2E/DX2                !
 ! A12   A(3,4,12)             118.8894         estimate D2E/DX2                !
 ! A13   A(5,4,7)              114.3542         estimate D2E/DX2                !
 ! A14   A(5,4,12)             119.2531         estimate D2E/DX2                !
 ! A15   A(4,5,6)              118.6508         estimate D2E/DX2                !
 ! A16   A(4,5,18)             118.8918         estimate D2E/DX2                !
 ! A17   A(6,5,18)             122.457          estimate D2E/DX2                !
 ! A18   A(1,6,5)              121.7863         estimate D2E/DX2                !
 ! A19   A(1,6,8)              118.8327         estimate D2E/DX2                !
 ! A20   A(5,6,8)              119.3611         estimate D2E/DX2                !
 ! A21   A(4,7,10)              98.1201         estimate D2E/DX2                !
 ! A22   A(4,7,11)              69.1926         estimate D2E/DX2                !
 ! A23   A(10,7,11)            107.1887         estimate D2E/DX2                !
 ! A24   A(10,7,12)            126.946          estimate D2E/DX2                !
 ! A25   A(11,7,12)             68.4473         estimate D2E/DX2                !
 ! A26   A(3,9,11)             103.9113         estimate D2E/DX2                !
 ! A27   A(7,11,9)             127.6486         estimate D2E/DX2                !
 ! A28   A(1,13,14)            111.5891         estimate D2E/DX2                !
 ! A29   A(1,13,15)            111.0473         estimate D2E/DX2                !
 ! A30   A(1,13,16)            110.8683         estimate D2E/DX2                !
 ! A31   A(14,13,15)           108.0552         estimate D2E/DX2                !
 ! A32   A(14,13,16)           108.106          estimate D2E/DX2                !
 ! A33   A(15,13,16)           106.9955         estimate D2E/DX2                !
 ! A34   A(5,18,19)            111.0417         estimate D2E/DX2                !
 ! A35   A(5,18,20)            111.6545         estimate D2E/DX2                !
 ! A36   A(5,18,21)            110.0937         estimate D2E/DX2                !
 ! A37   A(19,18,20)           108.0743         estimate D2E/DX2                !
 ! A38   A(19,18,21)           107.0927         estimate D2E/DX2                !
 ! A39   A(20,18,21)           108.7373         estimate D2E/DX2                !
 ! D1    D(6,1,2,3)             -0.9704         estimate D2E/DX2                !
 ! D2    D(6,1,2,17)           176.6005         estimate D2E/DX2                !
 ! D3    D(13,1,2,3)          -179.2477         estimate D2E/DX2                !
 ! D4    D(13,1,2,17)           -1.6767         estimate D2E/DX2                !
 ! D5    D(2,1,6,5)              3.0187         estimate D2E/DX2                !
 ! D6    D(2,1,6,8)           -178.6131         estimate D2E/DX2                !
 ! D7    D(13,1,6,5)          -178.685          estimate D2E/DX2                !
 ! D8    D(13,1,6,8)            -0.3168         estimate D2E/DX2                !
 ! D9    D(2,1,13,14)           -3.4219         estimate D2E/DX2                !
 ! D10   D(2,1,13,15)          117.2031         estimate D2E/DX2                !
 ! D11   D(2,1,13,16)         -123.9887         estimate D2E/DX2                !
 ! D12   D(6,1,13,14)          178.3057         estimate D2E/DX2                !
 ! D13   D(6,1,13,15)          -61.0693         estimate D2E/DX2                !
 ! D14   D(6,1,13,16)           57.7389         estimate D2E/DX2                !
 ! D15   D(1,2,3,4)             -2.3733         estimate D2E/DX2                !
 ! D16   D(1,2,3,9)            174.579          estimate D2E/DX2                !
 ! D17   D(17,2,3,4)           179.995          estimate D2E/DX2                !
 ! D18   D(17,2,3,9)            -3.0526         estimate D2E/DX2                !
 ! D19   D(2,3,4,5)              3.7623         estimate D2E/DX2                !
 ! D20   D(2,3,4,7)            123.701          estimate D2E/DX2                !
 ! D21   D(2,3,4,12)          -158.8352         estimate D2E/DX2                !
 ! D22   D(9,3,4,5)           -173.2265         estimate D2E/DX2                !
 ! D23   D(9,3,4,7)            -53.2878         estimate D2E/DX2                !
 ! D24   D(9,3,4,12)            24.176          estimate D2E/DX2                !
 ! D25   D(2,3,9,11)          -145.6573         estimate D2E/DX2                !
 ! D26   D(4,3,9,11)            31.3409         estimate D2E/DX2                !
 ! D27   D(3,4,5,6)             -1.7461         estimate D2E/DX2                !
 ! D28   D(3,4,5,18)           178.4858         estimate D2E/DX2                !
 ! D29   D(7,4,5,6)           -109.8844         estimate D2E/DX2                !
 ! D30   D(7,4,5,18)            70.3475         estimate D2E/DX2                !
 ! D31   D(12,4,5,6)           160.788          estimate D2E/DX2                !
 ! D32   D(12,4,5,18)          -18.9802         estimate D2E/DX2                !
 ! D33   D(3,4,7,10)           -69.1295         estimate D2E/DX2                !
 ! D34   D(3,4,7,11)            36.2446         estimate D2E/DX2                !
 ! D35   D(5,4,7,10)            55.0224         estimate D2E/DX2                !
 ! D36   D(5,4,7,11)           160.3965         estimate D2E/DX2                !
 ! D37   D(4,5,6,1)             -1.6122         estimate D2E/DX2                !
 ! D38   D(4,5,6,8)           -179.972          estimate D2E/DX2                !
 ! D39   D(18,5,6,1)           178.1472         estimate D2E/DX2                !
 ! D40   D(18,5,6,8)            -0.2126         estimate D2E/DX2                !
 ! D41   D(4,5,18,19)           62.1456         estimate D2E/DX2                !
 ! D42   D(4,5,18,20)         -177.1644         estimate D2E/DX2                !
 ! D43   D(4,5,18,21)          -56.2829         estimate D2E/DX2                !
 ! D44   D(6,5,18,19)         -117.6133         estimate D2E/DX2                !
 ! D45   D(6,5,18,20)            3.0768         estimate D2E/DX2                !
 ! D46   D(6,5,18,21)          123.9582         estimate D2E/DX2                !
 ! D47   D(4,7,11,9)           -38.4255         estimate D2E/DX2                !
 ! D48   D(10,7,11,9)           53.9023         estimate D2E/DX2                !
 ! D49   D(12,7,11,9)          -69.759          estimate D2E/DX2                !
 ! D50   D(3,9,11,7)            15.8789         estimate D2E/DX2                !
 --------------------------------------------------------------------------------
 Trust Radius=3.00D-01 FncErr=1.00D-07 GrdErr=1.00D-06 EigMax=2.50D+02 EigMin=1.00D-04
 Number of steps in this run=    122 maximum allowed number of steps=    126.
 GradGradGradGradGradGradGradGradGradGradGradGradGradGradGradGradGradGrad

                          Input orientation:                          
 ---------------------------------------------------------------------
 Center     Atomic      Atomic             Coordinates (Angstroms)
 Number     Number       Type             X           Y           Z
 ---------------------------------------------------------------------
      1          6           0       -1.724144   -0.094165    0.069659
      2          6           0       -0.944030   -1.230906   -0.134815
      3          6           0        0.422524   -1.101340   -0.367577
      4          6           0        1.022554    0.181912   -0.448703
      5          6           0        0.235621    1.338375   -0.211312
      6          6           0       -1.111913    1.179810    0.058491
      7          8           0        2.406258   -0.265775    1.093899
      8          1           0       -1.724978    2.056938    0.241436
      9          8           0        1.204431   -2.197818   -0.457985
     10          1           0        1.780909   -0.297650    1.833736
     11          1           0        2.053840   -1.913536   -0.067223
     12          1           0        1.971062    0.283657   -0.956791
     13          6           0       -3.201892   -0.210600    0.340042
     14          1           0       -3.539054   -1.246813    0.288035
     15          1           0       -3.451854    0.178165    1.332551
     16          1           0       -3.778190    0.371495   -0.386043
     17          1           0       -1.371874   -2.224778   -0.078408
     18          6           0        0.894481    2.690245   -0.267238
     19          1           0        1.298153    2.889949   -1.265532
     20          1           0        0.194636    3.489891   -0.018829
     21          1           0        1.734095    2.728255    0.432512
 ---------------------------------------------------------------------
                    Distance matrix (angstroms):
                    1          2          3          4          5
     1  C    0.000000
     2  C    1.393760   0.000000
     3  C    2.411174   1.392277   0.000000
     4  C    2.808784   2.441727   1.418927   0.000000
     5  C    2.443726   2.828185   2.451848   1.418811   0.000000
     6  C    1.413493   2.424274   2.782027   2.410186   1.383396
     7  O    4.258960   3.696707   2.601784   2.120066   2.998089
     8  H    2.157951   3.400200   3.867477   3.397197   2.136647
     9  O    3.644217   2.378075   1.349747   2.386688   3.674793
    10  H    3.929220   3.488761   2.708672   2.452470   3.040841
    11  H    4.195475   3.075350   1.846907   2.366428   3.728486
    12  H    3.853686   3.386341   2.159481   1.080820   2.163313
    13  C    1.506786   2.522787   3.798754   4.315336   3.810487
    14  H    2.161061   2.629297   4.018095   4.836559   4.602251
    15  H    2.157323   3.229214   4.420223   4.815933   4.162580
    16  H    2.154903   3.265466   4.451470   4.804894   4.132320
    17  H    2.164608   1.083519   2.136725   3.415049   3.911235
    18  C    3.837139   4.332792   3.822163   2.518147   1.504918
    19  H    4.452185   4.825697   4.183711   2.841941   2.155861
    20  H    4.066326   4.857565   4.610093   3.436999   2.160498
    21  H    4.478519   4.813436   4.126277   2.786879   2.142825
                    6          7          8          9         10
     6  C    0.000000
     7  O    3.941994   0.000000
     8  H    1.085666   4.815475   0.000000
     9  O    4.128022   2.754183   5.212828   0.000000
    10  H    3.701730   0.969245   4.513396   3.032318   0.000000
    11  H    4.427932   2.046343   5.489936   0.977245   2.509825
    12  H    3.367287   2.167164   4.270947   2.644664   2.856767
    13  C    2.525970   5.658860   2.707901   4.899139   5.202596
    14  H    3.439797   6.079357   3.769325   4.895059   5.620686
    15  H    2.846374   5.879755   2.775324   5.525604   5.278200
    16  H    2.821350   6.390911   2.729492   5.606519   6.023185
    17  H    3.417242   4.414326   4.308140   2.604257   4.160548
    18  C    2.532416   3.588345   2.742516   4.901593   3.758638
    19  H    3.238214   4.093092   3.479106   5.152309   4.472058
    20  H    2.655094   4.498273   2.409566   5.793322   4.504856
    21  H    3.261493   3.139021   3.528791   5.033858   3.334924
                   11         12         13         14         15
    11  H    0.000000
    12  H    2.371885   0.000000
    13  C    5.539727   5.355886   0.000000
    14  H    5.643686   5.852633   1.090926   0.000000
    15  H    6.053697   5.887294   1.094849   1.768949   0.000000
    16  H    6.271809   5.778180   1.094602   1.769319   1.759954
    17  H    3.439842   4.270717   2.753358   2.405694   3.477249
    18  C    4.751728   2.725101   5.056082   5.955249   5.268823
    19  H    5.008041   2.709407   5.695760   6.551713   6.055277
    20  H    5.714543   3.783570   5.035755   6.039120   5.107900
    21  H    4.679551   2.821768   5.745380   6.605160   5.848683
                   16         17         18         19         20
    16  H    0.000000
    17  H    3.553256   0.000000
    18  C    5.217717   5.415669   0.000000
    19  H    5.734577   5.890564   1.095182   0.000000
    20  H    5.063851   5.925786   1.091295   1.769731   0.000000
    21  H    6.050590   5.868613   1.093639   1.760552   1.775875
                   21
    21  H    0.000000
 Stoichiometry    C8H11O2(2)
 Framework group  C1[X(C8H11O2)]
 Deg. of freedom    57
 Full point group                 C1      NOp   1
 Largest Abelian subgroup         C1      NOp   1
 Largest concise Abelian subgroup C1      NOp   1
                         Standard orientation:                         
 ---------------------------------------------------------------------
 Center     Atomic      Atomic             Coordinates (Angstroms)
 Number     Number       Type             X           Y           Z
 ---------------------------------------------------------------------
      1          6           0       -1.691625   -0.143198    0.062491
      2          6           0       -0.906916   -1.276214   -0.145054
      3          6           0        0.458784   -1.140378   -0.379248
      4          6           0        1.053228    0.145575   -0.458719
      5          6           0        0.261656    1.298222   -0.218212
      6          6           0       -1.084855    1.133400    0.052945
      7          8           0        2.440732   -0.299059    1.081351
      8          1           0       -1.701434    2.007559    0.238274
      9          8           0        1.245254   -2.233335   -0.472654
     10          1           0        1.816437   -0.334979    1.821892
     11          1           0        2.093923   -1.946152   -0.082405
     12          1           0        2.000665    0.252315   -0.967778
     13          6           0       -3.168528   -0.266448    0.334467
     14          1           0       -3.501326   -1.303994    0.280944
     15          1           0       -3.418924    0.119402    1.328003
     16          1           0       -3.748201    0.314526   -0.389827
     17          1           0       -1.330442   -2.272008   -0.089973
     18          6           0        0.914668    2.652996   -0.272428
     19          1           0        1.316252    2.856276   -1.270842
     20          1           0        0.211721    3.449182   -0.021674
     21          1           0        1.754974    2.693294    0.426362
 ---------------------------------------------------------------------
 Rotational constants (GHZ):           1.5919398           1.1935374           0.7595304
 Standard basis: 6-311G(d,p) (5D, 7F)
 There are   256 symmetry adapted cartesian basis functions of A   symmetry.
 There are   246 symmetry adapted basis functions of A   symmetry.
   246 basis functions,   408 primitive gaussians,   256 cartesian basis functions
    38 alpha electrons       37 beta electrons
       nuclear repulsion energy       520.8830288210 Hartrees.
 NAtoms=   21 NActive=   21 NUniq=   21 SFac= 1.00D+00 NAtFMM=   60 NAOKFM=F Big=F
 Integral buffers will be    131072 words long.
 Raffenetti 2 integral format.
 Two-electron integral symmetry is turned on.
 One-electron integrals computed using PRISM.
 NBasis=   246 RedAO= T EigKep=  1.94D-04  NBF=   246
 NBsUse=   246 1.00D-06 EigRej= -1.00D+00 NBFU=   246
 ExpMin= 1.03D-01 ExpMax= 8.59D+03 ExpMxC= 1.30D+03 IAcc=3 IRadAn=         5 AccDes= 0.00D+00
 Harris functional with IExCor=  402 and IRadAn=       5 diagonalized for initial guess.
 HarFok:  IExCor=  402 AccDes= 0.00D+00 IRadAn=         5 IDoV= 1 UseB2=F ITyADJ=14
 ICtDFT=  3500011 ScaDFX=  1.000000  1.000000  1.000000  1.000000
 FoFCou: FMM=F IPFlag=           0 FMFlag=      100000 FMFlg1=           0
         NFxFlg=           0 DoJE=T BraDBF=F KetDBF=T FulRan=T
         wScrn=  0.000000 ICntrl=       500 IOpCl=  0 I1Cent=   200000004 NGrid=           0
         NMat0=    1 NMatS0=      1 NMatT0=    0 NMatD0=    1 NMtDS0=    0 NMtDT0=    0
 Petite list used in FoFCou.
 Initial guess <Sx>= 0.0000 <Sy>= 0.0000 <Sz>= 0.5000 <S**2>= 0.7500 S= 0.5000
 Requested convergence on RMS density matrix=1.00D-08 within 128 cycles.
 Requested convergence on MAX density matrix=1.00D-06.
 Requested convergence on             energy=1.00D-06.
 No special actions if energy rises.
 Integral accuracy reduced to 1.0D-05 until final iterations.
 Initial convergence to 1.0D-05 achieved.  Increase integral accuracy.
 SCF Done:  E(UB3LYP) =  -461.978564339     A.U. after   23 cycles
            NFock= 23  Conv=0.68D-08     -V/T= 2.0038
 <Sx>= 0.0000 <Sy>= 0.0000 <Sz>= 0.5000 <S**2>= 0.7667 S= 0.5083
 <L.S>= 0.000000000000E+00
 Annihilation of the first spin contaminant:
 S**2 before annihilation     0.7667,   after     0.7502

 **********************************************************************

            Population analysis using the SCF density.

 **********************************************************************

 Orbital symmetries:
 Alpha Orbitals:
       Occupied  (A) (A) (A) (A) (A) (A) (A) (A) (A) (A) (A) (A)
                 (A) (A) (A) (A) (A) (A) (A) (A) (A) (A) (A) (A)
                 (A) (A) (A) (A) (A) (A) (A) (A) (A) (A) (A) (A)
                 (A) (A)
       Virtual   (A) (A) (A) (A) (A) (A) (A) (A) (A) (A) (A) (A)
                 (A) (A) (A) (A) (A) (A) (A) (A) (A) (A) (A) (A)
                 (A) (A) (A) (A) (A) (A) (A) (A) (A) (A) (A) (A)
                 (A) (A) (A) (A) (A) (A) (A) (A) (A) (A) (A) (A)
                 (A) (A) (A) (A) (A) (A) (A) (A) (A) (A) (A) (A)
                 (A) (A) (A) (A) (A) (A) (A) (A) (A) (A) (A) (A)
                 (A) (A) (A) (A) (A) (A) (A) (A) (A) (A) (A) (A)
                 (A) (A) (A) (A) (A) (A) (A) (A) (A) (A) (A) (A)
                 (A) (A) (A) (A) (A) (A) (A) (A) (A) (A) (A) (A)
                 (A) (A) (A) (A) (A) (A) (A) (A) (A) (A) (A) (A)
                 (A) (A) (A) (A) (A) (A) (A) (A) (A) (A) (A) (A)
                 (A) (A) (A) (A) (A) (A) (A) (A) (A) (A) (A) (A)
                 (A) (A) (A) (A) (A) (A) (A) (A) (A) (A) (A) (A)
                 (A) (A) (A) (A) (A) (A) (A) (A) (A) (A) (A) (A)
                 (A) (A) (A) (A) (A) (A) (A) (A) (A) (A) (A) (A)
                 (A) (A) (A) (A) (A) (A) (A) (A) (A) (A) (A) (A)
                 (A) (A) (A) (A) (A) (A) (A) (A) (A) (A) (A) (A)
                 (A) (A) (A) (A)
 Beta  Orbitals:
       Occupied  (A) (A) (A) (A) (A) (A) (A) (A) (A) (A) (A) (A)
                 (A) (A) (A) (A) (A) (A) (A) (A) (A) (A) (A) (A)
                 (A) (A) (A) (A) (A) (A) (A) (A) (A) (A) (A) (A)
                 (A)
       Virtual   (A) (A) (A) (A) (A) (A) (A) (A) (A) (A) (A) (A)
                 (A) (A) (A) (A) (A) (A) (A) (A) (A) (A) (A) (A)
                 (A) (A) (A) (A) (A) (A) (A) (A) (A) (A) (A) (A)
                 (A) (A) (A) (A) (A) (A) (A) (A) (A) (A) (A) (A)
                 (A) (A) (A) (A) (A) (A) (A) (A) (A) (A) (A) (A)
                 (A) (A) (A) (A) (A) (A) (A) (A) (A) (A) (A) (A)
                 (A) (A) (A) (A) (A) (A) (A) (A) (A) (A) (A) (A)
                 (A) (A) (A) (A) (A) (A) (A) (A) (A) (A) (A) (A)
                 (A) (A) (A) (A) (A) (A) (A) (A) (A) (A) (A) (A)
                 (A) (A) (A) (A) (A) (A) (A) (A) (A) (A) (A) (A)
                 (A) (A) (A) (A) (A) (A) (A) (A) (A) (A) (A) (A)
                 (A) (A) (A) (A) (A) (A) (A) (A) (A) (A) (A) (A)
                 (A) (A) (A) (A) (A) (A) (A) (A) (A) (A) (A) (A)
                 (A) (A) (A) (A) (A) (A) (A) (A) (A) (A) (A) (A)
                 (A) (A) (A) (A) (A) (A) (A) (A) (A) (A) (A) (A)
                 (A) (A) (A) (A) (A) (A) (A) (A) (A) (A) (A) (A)
                 (A) (A) (A) (A) (A) (A) (A) (A) (A) (A) (A) (A)
                 (A) (A) (A) (A) (A)
 The electronic state is 2-A.
 Alpha  occ. eigenvalues --  -19.14320 -19.10624 -10.24839 -10.20381 -10.19775
 Alpha  occ. eigenvalues --  -10.19727 -10.17930 -10.17700 -10.17464 -10.17305
 Alpha  occ. eigenvalues --   -1.06733  -0.95028  -0.87229  -0.79896  -0.76479
 Alpha  occ. eigenvalues --   -0.70374  -0.69962  -0.61649  -0.59228  -0.53623
 Alpha  occ. eigenvalues --   -0.51325  -0.49177  -0.45131  -0.43849  -0.43157
 Alpha  occ. eigenvalues --   -0.42701  -0.42383  -0.41092  -0.40476  -0.40101
 Alpha  occ. eigenvalues --   -0.37683  -0.36469  -0.35622  -0.33158  -0.32191
 Alpha  occ. eigenvalues --   -0.28370  -0.24898  -0.21696
 Alpha virt. eigenvalues --   -0.01838  -0.01025   0.03741   0.05350   0.06404
 Alpha virt. eigenvalues --    0.07672   0.08642   0.08937   0.10449   0.11533
 Alpha virt. eigenvalues --    0.12905   0.13083   0.13780   0.16704   0.19920
 Alpha virt. eigenvalues --    0.20095   0.23289   0.25262   0.27100   0.28774
 Alpha virt. eigenvalues --    0.29560   0.30609   0.30912   0.33680   0.35283
 Alpha virt. eigenvalues --    0.36098   0.37281   0.39465   0.40096   0.41984
 Alpha virt. eigenvalues --    0.43212   0.44584   0.44778   0.47138   0.47484
 Alpha virt. eigenvalues --    0.48577   0.50500   0.52406   0.52779   0.53880
 Alpha virt. eigenvalues --    0.54292   0.55696   0.56277   0.56592   0.59229
 Alpha virt. eigenvalues --    0.59962   0.60674   0.61357   0.62419   0.64218
 Alpha virt. eigenvalues --    0.65966   0.66411   0.67695   0.69214   0.72757
 Alpha virt. eigenvalues --    0.77001   0.78450   0.81425   0.82505   0.83725
 Alpha virt. eigenvalues --    0.84806   0.86891   0.88506   0.88917   0.91351
 Alpha virt. eigenvalues --    0.93438   0.94217   0.96796   0.97541   0.98781
 Alpha virt. eigenvalues --    0.99724   1.02896   1.05066   1.08472   1.10418
 Alpha virt. eigenvalues --    1.15464   1.18623   1.22936   1.30229   1.30828
 Alpha virt. eigenvalues --    1.33061   1.35101   1.35813   1.37793   1.38849
 Alpha virt. eigenvalues --    1.42014   1.44164   1.44306   1.44941   1.45365
 Alpha virt. eigenvalues --    1.46648   1.48588   1.49283   1.50127   1.52104
 Alpha virt. eigenvalues --    1.54257   1.56498   1.57481   1.58347   1.59194
 Alpha virt. eigenvalues --    1.60230   1.64506   1.65426   1.67804   1.69263
 Alpha virt. eigenvalues --    1.70770   1.72680   1.75717   1.77042   1.80534
 Alpha virt. eigenvalues --    1.81635   1.83391   1.88065   1.90520   1.90605
 Alpha virt. eigenvalues --    1.91932   1.93383   1.95344   1.98624   1.99748
 Alpha virt. eigenvalues --    2.01618   2.02638   2.04005   2.07861   2.08969
 Alpha virt. eigenvalues --    2.11734   2.13029   2.18437   2.20351   2.23929
 Alpha virt. eigenvalues --    2.28275   2.30150   2.34702   2.35306   2.36813
 Alpha virt. eigenvalues --    2.36917   2.41246   2.42154   2.43271   2.46055
 Alpha virt. eigenvalues --    2.46998   2.49100   2.51023   2.52133   2.54530
 Alpha virt. eigenvalues --    2.55288   2.59337   2.60434   2.62447   2.63786
 Alpha virt. eigenvalues --    2.65216   2.67903   2.72823   2.74006   2.75687
 Alpha virt. eigenvalues --    2.80988   2.83357   2.84210   2.86595   2.89839
 Alpha virt. eigenvalues --    2.92519   2.93971   2.95854   3.02285   3.05134
 Alpha virt. eigenvalues --    3.07840   3.10073   3.13718   3.15272   3.17152
 Alpha virt. eigenvalues --    3.18917   3.21147   3.23728   3.33469   3.35573
 Alpha virt. eigenvalues --    3.44131   3.51255   3.57964   3.58904   3.63171
 Alpha virt. eigenvalues --    3.77146   3.77989   3.78518   3.80120   3.80653
 Alpha virt. eigenvalues --    3.82977   4.00967   4.06567   4.09524   4.29728
 Alpha virt. eigenvalues --    4.32834   4.79290   4.86284   4.87621   4.94534
 Alpha virt. eigenvalues --    5.34772   5.46151   5.68524  23.49364  23.83668
 Alpha virt. eigenvalues --   23.88231  23.92562  23.93845  24.00591  24.08493
 Alpha virt. eigenvalues --   24.14198  49.82075  49.92368
  Beta  occ. eigenvalues --  -19.14210 -19.08935 -10.24587 -10.20115 -10.19667
  Beta  occ. eigenvalues --  -10.19572 -10.17943 -10.17750 -10.17573 -10.17314
  Beta  occ. eigenvalues --   -1.06455  -0.90968  -0.86773  -0.79540  -0.76140
  Beta  occ. eigenvalues --   -0.70317  -0.69829  -0.61389  -0.58900  -0.53349
  Beta  occ. eigenvalues --   -0.51158  -0.49029  -0.44536  -0.43349  -0.42575
  Beta  occ. eigenvalues --   -0.42393  -0.42142  -0.41018  -0.39983  -0.39242
  Beta  occ. eigenvalues --   -0.37329  -0.36123  -0.34760  -0.32092  -0.27035
  Beta  occ. eigenvalues --   -0.26683  -0.24084
  Beta virt. eigenvalues --   -0.12174  -0.00228   0.00161   0.03821   0.05449
  Beta virt. eigenvalues --    0.06635   0.07739   0.08683   0.09101   0.10722
  Beta virt. eigenvalues --    0.11696   0.13006   0.13138   0.13828   0.17357
  Beta virt. eigenvalues --    0.20140   0.20279   0.23630   0.25411   0.27216
  Beta virt. eigenvalues --    0.28879   0.29644   0.30689   0.31019   0.33845
  Beta virt. eigenvalues --    0.35440   0.36215   0.37442   0.39666   0.40408
  Beta virt. eigenvalues --    0.42203   0.43388   0.44798   0.44893   0.47200
  Beta virt. eigenvalues --    0.47806   0.49161   0.50719   0.52570   0.53127
  Beta virt. eigenvalues --    0.54156   0.54735   0.56001   0.56369   0.56641
  Beta virt. eigenvalues --    0.59347   0.60073   0.60789   0.61417   0.62642
  Beta virt. eigenvalues --    0.64374   0.66154   0.66534   0.68143   0.69458
  Beta virt. eigenvalues --    0.73060   0.77363   0.78591   0.81669   0.82790
  Beta virt. eigenvalues --    0.84173   0.85708   0.87192   0.88945   0.90229
  Beta virt. eigenvalues --    0.91546   0.93758   0.94824   0.97096   0.98016
  Beta virt. eigenvalues --    0.99365   1.00215   1.03322   1.05475   1.08760
  Beta virt. eigenvalues --    1.10698   1.15786   1.19254   1.23417   1.30575
  Beta virt. eigenvalues --    1.30938   1.33334   1.35317   1.36006   1.37898
  Beta virt. eigenvalues --    1.39012   1.42244   1.44366   1.44573   1.45241
  Beta virt. eigenvalues --    1.45626   1.46863   1.48704   1.49431   1.50293
  Beta virt. eigenvalues --    1.52395   1.54355   1.56670   1.57601   1.58459
  Beta virt. eigenvalues --    1.59388   1.60599   1.64706   1.65685   1.67974
  Beta virt. eigenvalues --    1.69587   1.71002   1.72952   1.75983   1.77184
  Beta virt. eigenvalues --    1.80752   1.81861   1.83544   1.88350   1.90877
  Beta virt. eigenvalues --    1.90979   1.92190   1.93601   1.95535   1.98932
  Beta virt. eigenvalues --    2.00209   2.01901   2.02932   2.04163   2.08044
  Beta virt. eigenvalues --    2.09199   2.11875   2.13149   2.18528   2.20448
  Beta virt. eigenvalues --    2.24174   2.28491   2.30278   2.34841   2.35377
  Beta virt. eigenvalues --    2.36955   2.37073   2.41364   2.42397   2.43406
  Beta virt. eigenvalues --    2.46168   2.47275   2.49316   2.51143   2.52272
  Beta virt. eigenvalues --    2.54627   2.55455   2.59541   2.60618   2.62607
  Beta virt. eigenvalues --    2.64047   2.65229   2.68058   2.73033   2.74538
  Beta virt. eigenvalues --    2.76307   2.81069   2.84224   2.85863   2.86720
  Beta virt. eigenvalues --    2.90027   2.93193   2.94934   2.97649   3.02810
  Beta virt. eigenvalues --    3.07106   3.10163   3.10978   3.14848   3.16151
  Beta virt. eigenvalues --    3.18208   3.19152   3.22600   3.25133   3.33741
  Beta virt. eigenvalues --    3.35863   3.44369   3.51460   3.58058   3.59044
  Beta virt. eigenvalues --    3.63264   3.77249   3.78131   3.78740   3.80633
  Beta virt. eigenvalues --    3.81743   3.83020   4.01115   4.06752   4.09720
  Beta virt. eigenvalues --    4.29949   4.33074   4.79815   4.87089   4.90037
  Beta virt. eigenvalues --    4.99782   5.35032   5.47722   5.68712  23.49510
  Beta virt. eigenvalues --   23.83820  23.88400  23.92562  23.93913  24.00723
  Beta virt. eigenvalues --   24.08500  24.14245  49.83701  49.92554
          Condensed to atoms (all electrons):
               1          2          3          4          5          6
     1  C    5.081878   0.481927  -0.024485  -0.058309  -0.026900   0.469911
     2  C    0.481927   4.915272   0.481671  -0.018861  -0.053247  -0.042167
     3  C   -0.024485   0.481671   4.848496   0.325828  -0.000823  -0.055350
     4  C   -0.058309  -0.018861   0.325828   5.292452   0.298605  -0.037983
     5  C   -0.026900  -0.053247  -0.000823   0.298605   5.152156   0.526027
     6  C    0.469911  -0.042167  -0.055350  -0.037983   0.526027   4.887707
     7  O   -0.000786   0.001061  -0.011144   0.038921  -0.004387   0.001205
     8  H   -0.051269   0.007806  -0.000912   0.010046  -0.039317   0.419438
     9  O    0.005056  -0.055587   0.345505  -0.064378   0.009104  -0.000121
    10  H   -0.000723   0.001721   0.003341  -0.012620  -0.001927   0.001962
    11  H   -0.000024   0.002349  -0.046803  -0.018944   0.002109  -0.000435
    12  H   -0.001026   0.007189  -0.052787   0.426545  -0.034958   0.008026
    13  C    0.358908  -0.055290   0.007254  -0.000457   0.005850  -0.060209
    14  H   -0.034290  -0.006577   0.000859  -0.000102  -0.000271   0.006301
    15  H   -0.036162  -0.000092  -0.000325   0.000014   0.000337  -0.004063
    16  H   -0.037446   0.002202  -0.000492   0.000139   0.000083  -0.004741
    17  H   -0.039299   0.406625  -0.043597   0.011923  -0.002343   0.009240
    18  C    0.007744  -0.000547   0.004646  -0.050817   0.355402  -0.061336
    19  H   -0.000379   0.000054   0.000085  -0.003642  -0.036040   0.001311
    20  H    0.000654   0.000021  -0.000273   0.006945  -0.035605  -0.008034
    21  H   -0.000225   0.000004  -0.000080  -0.009583  -0.035350   0.001570
               7          8          9         10         11         12
     1  C   -0.000786  -0.051269   0.005056  -0.000723  -0.000024  -0.001026
     2  C    0.001061   0.007806  -0.055587   0.001721   0.002349   0.007189
     3  C   -0.011144  -0.000912   0.345505   0.003341  -0.046803  -0.052787
     4  C    0.038921   0.010046  -0.064378  -0.012620  -0.018944   0.426545
     5  C   -0.004387  -0.039317   0.009104  -0.001927   0.002109  -0.034958
     6  C    0.001205   0.419438  -0.000121   0.001962  -0.000435   0.008026
     7  O    8.145322   0.000017  -0.020142   0.262019   0.054642  -0.013425
     8  H    0.000017   0.583490   0.000009   0.000005  -0.000008  -0.000268
     9  O   -0.020142   0.000009   7.804617   0.001872   0.319345   0.001206
    10  H    0.262019   0.000005   0.001872   0.506919  -0.006026   0.001860
    11  H    0.054642  -0.000008   0.319345  -0.006026   0.441861  -0.001332
    12  H   -0.013425  -0.000268   0.001206   0.001860  -0.001332   0.519072
    13  C   -0.000003  -0.004519  -0.000098  -0.000013   0.000034   0.000041
    14  H   -0.000001  -0.000021  -0.000025   0.000000   0.000001  -0.000003
    15  H    0.000000   0.000774   0.000005   0.000004  -0.000002  -0.000004
    16  H    0.000000   0.001649   0.000002  -0.000001  -0.000001   0.000002
    17  H    0.000066  -0.000256   0.005411   0.000048  -0.000690  -0.000319
    18  C   -0.002978  -0.010607  -0.000116  -0.000271   0.000101  -0.004415
    19  H   -0.000272   0.000062  -0.000009   0.000078   0.000009   0.001530
    20  H   -0.000067   0.004059   0.000002   0.000003   0.000003   0.000060
    21  H    0.010430   0.000055   0.000038  -0.000671  -0.000248   0.000467
              13         14         15         16         17         18
     1  C    0.358908  -0.034290  -0.036162  -0.037446  -0.039299   0.007744
     2  C   -0.055290  -0.006577  -0.000092   0.002202   0.406625  -0.000547
     3  C    0.007254   0.000859  -0.000325  -0.000492  -0.043597   0.004646
     4  C   -0.000457  -0.000102   0.000014   0.000139   0.011923  -0.050817
     5  C    0.005850  -0.000271   0.000337   0.000083  -0.002343   0.355402
     6  C   -0.060209   0.006301  -0.004063  -0.004741   0.009240  -0.061336
     7  O   -0.000003  -0.000001   0.000000   0.000000   0.000066  -0.002978
     8  H   -0.004519  -0.000021   0.000774   0.001649  -0.000256  -0.010607
     9  O   -0.000098  -0.000025   0.000005   0.000002   0.005411  -0.000116
    10  H   -0.000013   0.000000   0.000004  -0.000001   0.000048  -0.000271
    11  H    0.000034   0.000001  -0.000002  -0.000001  -0.000690   0.000101
    12  H    0.000041  -0.000003  -0.000004   0.000002  -0.000319  -0.004415
    13  C    4.804806   0.408456   0.401531   0.402242  -0.010775  -0.000214
    14  H    0.408456   0.561906  -0.025999  -0.025993   0.002906   0.000013
    15  H    0.401531  -0.025999   0.565762  -0.029506   0.000132  -0.000005
    16  H    0.402242  -0.025993  -0.029506   0.563946   0.000306  -0.000007
    17  H   -0.010775   0.002906   0.000132   0.000306   0.563581   0.000049
    18  C   -0.000214   0.000013  -0.000005  -0.000007   0.000049   4.813007
    19  H    0.000015  -0.000001   0.000003  -0.000006  -0.000003   0.399186
    20  H   -0.000036   0.000002   0.000001  -0.000005  -0.000003   0.407933
    21  H    0.000017   0.000000  -0.000004   0.000002  -0.000002   0.397197
              19         20         21
     1  C   -0.000379   0.000654  -0.000225
     2  C    0.000054   0.000021   0.000004
     3  C    0.000085  -0.000273  -0.000080
     4  C   -0.003642   0.006945  -0.009583
     5  C   -0.036040  -0.035605  -0.035350
     6  C    0.001311  -0.008034   0.001570
     7  O   -0.000272  -0.000067   0.010430
     8  H    0.000062   0.004059   0.000055
     9  O   -0.000009   0.000002   0.000038
    10  H    0.000078   0.000003  -0.000671
    11  H    0.000009   0.000003  -0.000248
    12  H    0.001530   0.000060   0.000467
    13  C    0.000015  -0.000036   0.000017
    14  H   -0.000001   0.000002   0.000000
    15  H    0.000003   0.000001  -0.000004
    16  H   -0.000006  -0.000005   0.000002
    17  H   -0.000003  -0.000003  -0.000002
    18  C    0.399186   0.407933   0.397197
    19  H    0.571687  -0.026880  -0.029613
    20  H   -0.026880   0.571417  -0.025780
    21  H   -0.029613  -0.025780   0.556977
          Atomic-Atomic Spin Densities.
               1          2          3          4          5          6
     1  C    0.207659  -0.005236  -0.009653  -0.003083  -0.008551   0.022995
     2  C   -0.005236  -0.093648   0.008818  -0.000467   0.001046  -0.000284
     3  C   -0.009653   0.008818   0.169010   0.035021   0.000838  -0.001305
     4  C   -0.003083  -0.000467   0.035021   0.018171   0.035104  -0.003335
     5  C   -0.008551   0.001046   0.000838   0.035104   0.131412  -0.020752
     6  C    0.022995  -0.000284  -0.001305  -0.003335  -0.020752  -0.045118
     7  O    0.000319  -0.000168  -0.015640  -0.084797  -0.006986   0.000920
     8  H    0.000009   0.000025  -0.000036   0.000036  -0.000219   0.000349
     9  O    0.000117   0.000231  -0.025110   0.001397  -0.000242   0.000031
    10  H   -0.000291  -0.000030   0.001716   0.006132   0.001240  -0.000491
    11  H   -0.000072  -0.000088  -0.001011   0.001901  -0.000068   0.000026
    12  H    0.000105   0.000227  -0.001111   0.007948  -0.001983   0.000233
    13  C   -0.008058   0.000730  -0.000017  -0.000116   0.000132  -0.000072
    14  H   -0.000376   0.000169   0.000002   0.000005  -0.000008  -0.000019
    15  H   -0.004756   0.000033   0.000069  -0.000040   0.000139  -0.000725
    16  H   -0.003900   0.000194   0.000012   0.000083   0.000045  -0.000351
    17  H    0.000019  -0.000254   0.000177   0.000028  -0.000018  -0.000009
    18  C   -0.000043   0.000022  -0.000321   0.001596  -0.006745   0.001513
    19  H    0.000058  -0.000006  -0.000014  -0.000278  -0.003072   0.000295
    20  H    0.000017   0.000001  -0.000001  -0.000067  -0.000411   0.000100
    21  H    0.000014   0.000002  -0.000015  -0.001827  -0.001345   0.000121
               7          8          9         10         11         12
     1  C    0.000319   0.000009   0.000117  -0.000291  -0.000072   0.000105
     2  C   -0.000168   0.000025   0.000231  -0.000030  -0.000088   0.000227
     3  C   -0.015640  -0.000036  -0.025110   0.001716  -0.001011  -0.001111
     4  C   -0.084797   0.000036   0.001397   0.006132   0.001901   0.007948
     5  C   -0.006986  -0.000219  -0.000242   0.001240  -0.000068  -0.001983
     6  C    0.000920   0.000349   0.000031  -0.000491   0.000026   0.000233
     7  O    0.728811   0.000027   0.002550  -0.002164  -0.003759  -0.009317
     8  H    0.000027   0.001353   0.000000  -0.000017  -0.000001  -0.000015
     9  O    0.002550   0.000000   0.052150  -0.000575   0.002651   0.000589
    10  H   -0.002164  -0.000017  -0.000575  -0.017527   0.000339   0.000568
    11  H   -0.003759  -0.000001   0.002651   0.000339  -0.002377   0.000036
    12  H   -0.009317  -0.000015   0.000589   0.000568   0.000036   0.016659
    13  C   -0.000002  -0.000028  -0.000001   0.000010   0.000000   0.000004
    14  H    0.000000   0.000000  -0.000001   0.000000   0.000000   0.000000
    15  H   -0.000003  -0.000183  -0.000001   0.000010   0.000001   0.000002
    16  H    0.000001   0.000136   0.000000  -0.000002   0.000000  -0.000003
    17  H    0.000037   0.000003   0.000017  -0.000025  -0.000001  -0.000010
    18  C    0.000075   0.000114   0.000001  -0.000055  -0.000011   0.000658
    19  H   -0.000189  -0.000047   0.000003   0.000025   0.000004   0.000392
    20  H   -0.000009  -0.000063   0.000000   0.000003   0.000000   0.000014
    21  H    0.000684   0.000077  -0.000003  -0.000203   0.000024  -0.000640
              13         14         15         16         17         18
     1  C   -0.008058  -0.000376  -0.004756  -0.003900   0.000019  -0.000043
     2  C    0.000730   0.000169   0.000033   0.000194  -0.000254   0.000022
     3  C   -0.000017   0.000002   0.000069   0.000012   0.000177  -0.000321
     4  C   -0.000116   0.000005  -0.000040   0.000083   0.000028   0.001596
     5  C    0.000132  -0.000008   0.000139   0.000045  -0.000018  -0.006745
     6  C   -0.000072  -0.000019  -0.000725  -0.000351  -0.000009   0.001513
     7  O   -0.000002   0.000000  -0.000003   0.000001   0.000037   0.000075
     8  H   -0.000028   0.000000  -0.000183   0.000136   0.000003   0.000114
     9  O   -0.000001  -0.000001  -0.000001   0.000000   0.000017   0.000001
    10  H    0.000010   0.000000   0.000010  -0.000002  -0.000025  -0.000055
    11  H    0.000000   0.000000   0.000001   0.000000  -0.000001  -0.000011
    12  H    0.000004   0.000000   0.000002  -0.000003  -0.000010   0.000658
    13  C   -0.013183   0.000594   0.003825   0.001899   0.000013   0.000002
    14  H    0.000594   0.000057  -0.000150  -0.000043  -0.000017   0.000000
    15  H    0.003825  -0.000150   0.013412  -0.003249  -0.000047   0.000000
    16  H    0.001899  -0.000043  -0.003249   0.013656   0.000037  -0.000003
    17  H    0.000013  -0.000017  -0.000047   0.000037   0.003578  -0.000001
    18  C    0.000002   0.000000   0.000000  -0.000003  -0.000001  -0.010072
    19  H    0.000001   0.000000   0.000001  -0.000003   0.000000   0.003264
    20  H    0.000000   0.000000   0.000002  -0.000002   0.000000   0.000671
    21  H   -0.000002   0.000000  -0.000003   0.000002   0.000001   0.001587
              19         20         21
     1  C    0.000058   0.000017   0.000014
     2  C   -0.000006   0.000001   0.000002
     3  C   -0.000014  -0.000001  -0.000015
     4  C   -0.000278  -0.000067  -0.001827
     5  C   -0.003072  -0.000411  -0.001345
     6  C    0.000295   0.000100   0.000121
     7  O   -0.000189  -0.000009   0.000684
     8  H   -0.000047  -0.000063   0.000077
     9  O    0.000003   0.000000  -0.000003
    10  H    0.000025   0.000003  -0.000203
    11  H    0.000004   0.000000   0.000024
    12  H    0.000392   0.000014  -0.000640
    13  C    0.000001   0.000000  -0.000002
    14  H    0.000000   0.000000   0.000000
    15  H    0.000001   0.000002  -0.000003
    16  H   -0.000003  -0.000002   0.000002
    17  H    0.000000   0.000000   0.000001
    18  C    0.003264   0.000671   0.001587
    19  H    0.005772   0.000042  -0.001775
    20  H    0.000042  -0.000188  -0.000162
    21  H   -0.001775  -0.000162   0.007030
 Mulliken charges and spin densities:
               1          2
     1  C   -0.094755   0.187291
     2  C   -0.075532  -0.088682
     3  C    0.219384   0.161431
     4  C   -0.135721   0.013412
     5  C   -0.078503   0.119554
     6  C   -0.058260  -0.045876
     7  O   -0.460477   0.610387
     8  H    0.079767   0.001520
     9  O   -0.351696   0.033803
    10  H    0.242423  -0.011337
    11  H    0.254062  -0.002406
    12  H    0.142540   0.014358
    13  C   -0.257539  -0.014271
    14  H    0.112840   0.000213
    15  H    0.127599   0.008335
    16  H    0.127623   0.008507
    17  H    0.096999   0.003528
    18  C   -0.253963  -0.007750
    19  H    0.122827   0.004472
    20  H    0.105582  -0.000054
    21  H    0.134800   0.003566
 Sum of Mulliken charges =   0.00000   1.00000
 Mulliken charges and spin densities with hydrogens summed into heavy atoms:
               1          2
     1  C   -0.094755   0.187291
     2  C    0.021467  -0.085154
     3  C    0.219384   0.161431
     4  C    0.006819   0.027770
     5  C   -0.078503   0.119554
     6  C    0.021507  -0.044356
     7  O   -0.218055   0.599050
     9  O   -0.097634   0.031397
    13  C    0.110524   0.002784
    18  C    0.109246   0.000234
 Electronic spatial extent (au):  <R**2>=           1584.5588
 Charge=              0.0000 electrons
 Dipole moment (field-independent basis, Debye):
    X=             -2.4031    Y=              1.4635    Z=              0.2597  Tot=              2.8257
 Quadrupole moment (field-independent basis, Debye-Ang):
   XX=            -60.1950   YY=            -59.9784   ZZ=            -60.1748
   XY=              1.0566   XZ=             -3.1281   YZ=             -1.8970
 Traceless Quadrupole moment (field-independent basis, Debye-Ang):
   XX=             -0.0789   YY=              0.1377   ZZ=             -0.0587
   XY=              1.0566   XZ=             -3.1281   YZ=             -1.8970
 Octapole moment (field-independent basis, Debye-Ang**2):
  XXX=            -10.7614  YYY=              5.0572  ZZZ=             10.8140  XYY=              1.3000
  XXY=             -6.9623  XXZ=             -6.8618  XZZ=              8.7503  YZZ=             -2.5300
  YYZ=              4.7760  XYZ=             -3.2388
 Hexadecapole moment (field-independent basis, Debye-Ang**3):
 XXXX=          -1114.2672 YYYY=           -827.5410 ZZZZ=           -146.3660 XXXY=            -28.8756
 XXXZ=            -25.9506 YYYX=             -2.1618 YYYZ=             -7.5125 ZZZX=             14.0505
 ZZZY=             -3.1383 XXYY=           -298.0242 XXZZ=           -209.2947 YYZZ=           -169.1712
 XXYZ=             -1.4674 YYXZ=              5.3510 ZZXY=             -4.5554
 N-N= 5.208830288210D+02 E-N=-2.120123559752D+03  KE= 4.602217066962D+02
                          Isotropic Fermi Contact Couplings
        Atom                 a.u.       MegaHertz       Gauss      10(-4) cm-1
     1  C(13)              0.01221      13.72241       4.89650       4.57730
     2  C(13)             -0.01188     -13.35306      -4.76470      -4.45410
     3  C(13)              0.00875       9.83207       3.50833       3.27963
     4  C(13)              0.02361      26.54147       9.47066       8.85328
     5  C(13)              0.00506       5.68390       2.02816       1.89594
     6  C(13)             -0.00846      -9.50560      -3.39183      -3.17073
     7  O(17)              0.08058     -48.84811     -17.43022     -16.29398
     8  H(1)               0.00035       1.54292       0.55055       0.51466
     9  O(17)              0.00591      -3.57967      -1.27731      -1.19405
    10  H(1)              -0.00915     -40.90395     -14.59555     -13.64409
    11  H(1)               0.00107       4.77417       1.70354       1.59249
    12  H(1)               0.00941      42.05488      15.00623      14.02800
    13  C(13)             -0.00579      -6.50845      -2.32238      -2.17099
    14  H(1)               0.00008       0.35443       0.12647       0.11822
    15  H(1)               0.00465      20.79515       7.42023       6.93652
    16  H(1)               0.00453      20.23385       7.21994       6.74929
    17  H(1)               0.00083       3.70429       1.32178       1.23562
    18  C(13)             -0.00381      -4.28413      -1.52868      -1.42903
    19  H(1)               0.00262      11.70575       4.17690       3.90462
    20  H(1)              -0.00001      -0.02660      -0.00949      -0.00887
    21  H(1)               0.00242      10.81318       3.85841       3.60689
 --------------------------------------------------------
       Center         ----  Spin Dipole Couplings  ----
                      3XX-RR        3YY-RR        3ZZ-RR
 --------------------------------------------------------
     1   Atom       -0.089382     -0.107671      0.197053
     2   Atom        0.042235      0.034524     -0.076759
     3   Atom       -0.095996     -0.103076      0.199072
     4   Atom        0.021329     -0.040884      0.019555
     5   Atom       -0.066865     -0.065336      0.132201
     6   Atom        0.014533      0.012745     -0.027278
     7   Atom        0.795016     -0.971376      0.176359
     8   Atom        0.000114      0.003128     -0.003242
     9   Atom       -0.091876     -0.096553      0.188429
    10   Atom        0.019591     -0.079019      0.059428
    11   Atom       -0.000547      0.005585     -0.005038
    12   Atom       -0.005157     -0.009496      0.014653
    13   Atom        0.002208     -0.005328      0.003120
    14   Atom        0.002072     -0.000382     -0.001690
    15   Atom        0.002738     -0.002179     -0.000559
    16   Atom        0.003737     -0.001735     -0.002002
    17   Atom        0.004904     -0.001241     -0.003664
    18   Atom       -0.004121      0.004192     -0.000071
    19   Atom       -0.001948      0.003103     -0.001154
    20   Atom       -0.001534      0.003414     -0.001881
    21   Atom       -0.002273      0.006057     -0.003784
 --------------------------------------------------------
                        XY            XZ            YZ
 --------------------------------------------------------
     1   Atom       -0.005137      0.060881     -0.031293
     2   Atom       -0.000152     -0.015543      0.004319
     3   Atom        0.005841      0.056360      0.023691
     4   Atom       -0.007927      0.075061     -0.011522
     5   Atom       -0.003995      0.033068     -0.005724
     6   Atom        0.001943     -0.012882      0.002196
     7   Atom       -0.778755      1.724932     -0.643926
     8   Atom       -0.000429     -0.000213      0.000017
     9   Atom        0.003492     -0.050896     -0.005895
    10   Atom       -0.004953     -0.069672     -0.016123
    11   Atom        0.003318      0.004832      0.011978
    12   Atom        0.000474     -0.007996     -0.006330
    13   Atom        0.001019      0.001276     -0.000848
    14   Atom        0.002349     -0.000168     -0.000316
    15   Atom       -0.000409     -0.002382      0.000751
    16   Atom       -0.000983      0.000811     -0.000651
    17   Atom       -0.000269     -0.000505      0.000838
    18   Atom       -0.001108      0.001686     -0.002255
    19   Atom        0.000763     -0.000221     -0.002751
    20   Atom       -0.001433      0.000282     -0.000105
    21   Atom        0.000344      0.001203     -0.000463
 --------------------------------------------------------


 ---------------------------------------------------------------------------------
              Anisotropic Spin Dipole Couplings in Principal Axis System
 ---------------------------------------------------------------------------------

       Atom             a.u.   MegaHertz   Gauss  10(-4) cm-1        Axes

              Baa    -0.1110   -14.890    -5.313    -4.967 -0.1083  0.9866  0.1216
     1 C(13)  Bbb    -0.1016   -13.637    -4.866    -4.549  0.9741  0.1297 -0.1850
              Bcc     0.2126    28.528    10.179     9.516  0.1983 -0.0985  0.9752
 
              Baa    -0.0789   -10.590    -3.779    -3.532  0.1271 -0.0376  0.9912
     2 C(13)  Bbb     0.0346     4.647     1.658     1.550  0.0770  0.9966  0.0279
              Bcc     0.0443     5.942     2.120     1.982  0.9889 -0.0728 -0.1296
 
              Baa    -0.1073   -14.397    -5.137    -4.802  0.8432 -0.5252 -0.1145
     3 C(13)  Bbb    -0.1041   -13.965    -4.983    -4.658  0.5061  0.8475 -0.1603
              Bcc     0.2114    28.362    10.120     9.461  0.1812  0.0772  0.9804
 
              Baa    -0.0552    -7.401    -2.641    -2.469 -0.6761  0.1975  0.7098
     4 C(13)  Bbb    -0.0417    -5.599    -1.998    -1.868  0.2088  0.9753 -0.0724
              Bcc     0.0969    13.000     4.639     4.336  0.7066 -0.0993  0.7007
 
              Baa    -0.0734    -9.847    -3.514    -3.285  0.9227  0.3597 -0.1384
     5 C(13)  Bbb    -0.0644    -8.637    -3.082    -2.881 -0.3506  0.9325  0.0861
              Bcc     0.1377    18.484     6.596     6.166  0.1601 -0.0310  0.9866
 
              Baa    -0.0311    -4.172    -1.489    -1.392  0.2736 -0.0602  0.9599
     6 C(13)  Bbb     0.0126     1.693     0.604     0.565 -0.1977  0.9732  0.1174
              Bcc     0.0185     2.479     0.884     0.827  0.9413  0.2219 -0.2544
 
              Baa    -1.2708    91.954    32.811    30.672  0.6448  0.5614 -0.5187
     7 O(17)  Bbb    -1.2590    91.099    32.506    30.387 -0.2021  0.7797  0.5927
              Bcc     2.5298  -183.053   -65.318   -61.060  0.7372 -0.2773  0.6162
 
              Baa    -0.0033    -1.737    -0.620    -0.579  0.0634  0.0016  0.9980
     8 H(1)   Bbb     0.0001     0.036     0.013     0.012  0.9883  0.1387 -0.0630
              Bcc     0.0032     1.701     0.607     0.567 -0.1386  0.9903  0.0072
 
              Baa    -0.1019     7.377     2.632     2.461  0.8962 -0.4180  0.1486
     9 O(17)  Bbb    -0.0956     6.916     2.468     2.307  0.4084  0.9082  0.0920
              Bcc     0.1975   -14.293    -5.100    -4.768 -0.1734 -0.0218  0.9846
 
              Baa    -0.0832   -44.409   -15.846   -14.813  0.1797  0.9639  0.1967
    10 H(1)   Bbb    -0.0293   -15.609    -5.570    -5.207  0.7815 -0.2613  0.5665
              Bcc     0.1125    60.018    21.416    20.020 -0.5974 -0.0519  0.8002
 
              Baa    -0.0133    -7.076    -2.525    -2.360 -0.1893 -0.5027  0.8435
    11 H(1)   Bbb    -0.0020    -1.063    -0.379    -0.354  0.9257 -0.3778 -0.0174
              Bcc     0.0153     8.138     2.904     2.715  0.3274  0.7775  0.5369
 
              Baa    -0.0116    -6.168    -2.201    -2.057  0.3273  0.8909  0.3150
    12 H(1)   Bbb    -0.0072    -3.868    -1.380    -1.290  0.8915 -0.4016  0.2094
              Bcc     0.0188    10.035     3.581     3.347 -0.3131 -0.2123  0.9257
 
              Baa    -0.0056    -0.749    -0.267    -0.250 -0.1476  0.9821  0.1173
    13 C(13)  Bbb     0.0016     0.210     0.075     0.070  0.8075  0.1882 -0.5590
              Bcc     0.0040     0.539     0.192     0.180  0.5710 -0.0122  0.8208
 
              Baa    -0.0019    -1.038    -0.371    -0.346 -0.3817  0.6964  0.6077
    14 H(1)   Bbb    -0.0016    -0.836    -0.298    -0.279  0.3566 -0.4957  0.7919
              Bcc     0.0035     1.875     0.669     0.625  0.8527  0.5190 -0.0591
 
              Baa    -0.0026    -1.364    -0.487    -0.455 -0.1665  0.8411 -0.5146
    15 H(1)   Bbb    -0.0015    -0.806    -0.288    -0.269  0.4532  0.5288  0.7176
              Bcc     0.0041     2.170     0.774     0.724  0.8757 -0.1137 -0.4693
 
              Baa    -0.0025    -1.351    -0.482    -0.451 -0.0013  0.6311  0.7757
    16 H(1)   Bbb    -0.0015    -0.808    -0.288    -0.269  0.2359  0.7540 -0.6131
              Bcc     0.0040     2.159     0.770     0.720  0.9718 -0.1822  0.1499
 
              Baa    -0.0039    -2.104    -0.751    -0.702  0.0456 -0.2916  0.9554
    17 H(1)   Bbb    -0.0010    -0.537    -0.192    -0.179  0.0681  0.9551  0.2883
              Bcc     0.0050     2.641     0.942     0.881  0.9966 -0.0519 -0.0634
 
              Baa    -0.0047    -0.636    -0.227    -0.212  0.9453  0.0354 -0.3241
    18 C(13)  Bbb    -0.0007    -0.097    -0.035    -0.032  0.2742  0.4513  0.8492
              Bcc     0.0055     0.733     0.262     0.245 -0.1764  0.8917 -0.4169
 
              Baa    -0.0025    -1.356    -0.484    -0.452 -0.2622  0.4512  0.8530
    19 H(1)   Bbb    -0.0020    -1.070    -0.382    -0.357  0.9576  0.0120  0.2880
              Bcc     0.0045     2.426     0.866     0.809  0.1197  0.8923 -0.4352
 
              Baa    -0.0021    -1.146    -0.409    -0.382  0.7104  0.1701 -0.6829
    20 H(1)   Bbb    -0.0017    -0.884    -0.315    -0.295  0.6538  0.1998  0.7298
              Bcc     0.0038     2.030     0.724     0.677 -0.2606  0.9650 -0.0307
 
              Baa    -0.0045    -2.390    -0.853    -0.797 -0.4844  0.0542  0.8732
    21 H(1)   Bbb    -0.0016    -0.858    -0.306    -0.286  0.8741 -0.0099  0.4856
              Bcc     0.0061     3.249     1.159     1.084  0.0349  0.9985 -0.0426
 

 ---------------------------------------------------------------------------------

 Calling FoFJK, ICntrl=      2127 FMM=F ISym2X=0 I1Cent= 0 IOpClX= 1 NMat=1 NMatS=1 NMatT=0.
 ***** Axes restored to original set *****
 -------------------------------------------------------------------
 Center     Atomic                   Forces (Hartrees/Bohr)
 Number     Number              X              Y              Z
 -------------------------------------------------------------------
      1        6          -0.000019879    0.000006122   -0.000013909
      2        6          -0.000003252    0.000021087    0.000008294
      3        6           0.000002774    0.000045534   -0.000010651
      4        6          -0.000067364    0.000047932   -0.000087837
      5        6          -0.000047801    0.000027227   -0.000057388
      6        6          -0.000049196    0.000016413   -0.000046800
      7        8           0.000257966   -0.000234811    0.000188985
      8        1          -0.000004710    0.000000483   -0.000003270
      9        8          -0.000000480    0.000052122    0.000015372
     10        1           0.000013505   -0.000013137    0.000008048
     11        1          -0.000000246    0.000002005    0.000002255
     12        1           0.000004539    0.000004519    0.000013771
     13        6          -0.000014192   -0.000016524    0.000013549
     14        1           0.000000753   -0.000002047    0.000005603
     15        1          -0.000000571    0.000002136   -0.000000412
     16        1          -0.000003428   -0.000005728   -0.000000296
     17        1           0.000001747    0.000001225    0.000003809
     18        6          -0.000054193    0.000037601   -0.000032691
     19        1          -0.000014420    0.000008984   -0.000003101
     20        1          -0.000001122   -0.000000396    0.000007673
     21        1          -0.000000430   -0.000000749   -0.000011003
 -------------------------------------------------------------------
 Cartesian Forces:  Max     0.000257966 RMS     0.000055891

 GradGradGradGradGradGradGradGradGradGradGradGradGradGradGradGradGradGrad
 Berny optimization.
 FormGI is forming the generalized inverse of G from B-inverse, IUseBI=4.
 Internal  Forces:  Max     0.000343590 RMS     0.000056698
 Search for a local minimum.
 Step number   1 out of a maximum of  122
 All quantities printed in internal units (Hartrees-Bohrs-Radians)
 Mixed Optimization -- En-DIIS/RFO-DIIS
 Second derivative matrix not updated -- first step.
 ITU=  0
     Eigenvalues ---    0.00676   0.00701   0.01053   0.01499   0.01572
     Eigenvalues ---    0.01929   0.02064   0.02087   0.02169   0.02183
     Eigenvalues ---    0.02400   0.02786   0.04355   0.04534   0.05553
     Eigenvalues ---    0.07081   0.07103   0.07220   0.07319   0.07782
     Eigenvalues ---    0.12076   0.14624   0.15387   0.15987   0.15994
     Eigenvalues ---    0.16000   0.16000   0.16000   0.16000   0.16000
     Eigenvalues ---    0.16000   0.19161   0.20569   0.23470   0.23573
     Eigenvalues ---    0.24988   0.25000   0.31676   0.31867   0.32971
     Eigenvalues ---    0.34221   0.34258   0.34286   0.34395   0.34663
     Eigenvalues ---    0.34706   0.35318   0.35572   0.36325   0.40764
     Eigenvalues ---    0.42485   0.44785   0.46270   0.47937   0.48861
     Eigenvalues ---    0.51933   0.53531
 RFO step:  Lambda=-3.91643917D-06 EMin= 6.76185365D-03
 Linear search not attempted -- first point.
 Iteration  1 RMS(Cart)=  0.00165596 RMS(Int)=  0.00000138
 Iteration  2 RMS(Cart)=  0.00000140 RMS(Int)=  0.00000016
 Iteration  3 RMS(Cart)=  0.00000000 RMS(Int)=  0.00000016
 Variable       Old X    -DE/DX   Delta X   Delta X   Delta X     New X
                                 (Linear)    (Quad)   (Total)
    R1        2.63383  -0.00002   0.00000  -0.00005  -0.00005   2.63377
    R2        2.67112  -0.00001   0.00000  -0.00002  -0.00002   2.67109
    R3        2.84741   0.00002   0.00000   0.00007   0.00007   2.84748
    R4        2.63102   0.00002   0.00000   0.00003   0.00003   2.63106
    R5        2.04755   0.00000   0.00000   0.00000   0.00000   2.04755
    R6        2.68138  -0.00002   0.00000  -0.00011  -0.00011   2.68128
    R7        2.55065   0.00001   0.00000   0.00000   0.00000   2.55065
    R8        2.68116   0.00017   0.00000   0.00042   0.00042   2.68158
    R9        4.00634   0.00034   0.00000   0.00474   0.00474   4.01109
   R10        2.04245  -0.00001   0.00000  -0.00003  -0.00003   2.04243
   R11        2.61424   0.00006   0.00000   0.00013   0.00013   2.61437
   R12        2.84388   0.00001   0.00000   0.00004   0.00004   2.84392
   R13        2.05161   0.00000   0.00000   0.00001   0.00001   2.05162
   R14        1.83161   0.00000   0.00000   0.00000   0.00000   1.83160
   R15        3.86703  -0.00009   0.00000  -0.00082  -0.00082   3.86621
   R16        4.09535   0.00007   0.00000   0.00097   0.00097   4.09631
   R17        1.84672  -0.00005   0.00000   0.00001   0.00001   1.84673
   R18        2.06155   0.00000   0.00000   0.00000   0.00000   2.06155
   R19        2.06896   0.00000   0.00000   0.00000   0.00000   2.06897
   R20        2.06850   0.00000   0.00000   0.00000   0.00000   2.06850
   R21        2.06959   0.00000   0.00000   0.00000   0.00000   2.06959
   R22        2.06225   0.00000   0.00000   0.00000   0.00000   2.06225
   R23        2.06668  -0.00001   0.00000  -0.00002  -0.00002   2.06666
    A1        2.08461  -0.00002   0.00000  -0.00013  -0.00013   2.08447
    A2        2.10858  -0.00001   0.00000  -0.00003  -0.00003   2.10855
    A3        2.08961   0.00004   0.00000   0.00016   0.00016   2.08977
    A4        2.09209   0.00005   0.00000   0.00016   0.00016   2.09226
    A5        2.11702  -0.00002   0.00000  -0.00008  -0.00008   2.11694
    A6        2.07331  -0.00002   0.00000  -0.00008  -0.00008   2.07324
    A7        2.10457   0.00004   0.00000   0.00016   0.00016   2.10472
    A8        2.09925  -0.00004   0.00000  -0.00018  -0.00018   2.09906
    A9        2.07817   0.00000   0.00000   0.00003   0.00003   2.07819
   A10        2.08638  -0.00007   0.00000  -0.00026  -0.00026   2.08613
   A11        1.61423  -0.00006   0.00000  -0.00052  -0.00052   1.61372
   A12        2.07501   0.00002   0.00000   0.00010   0.00010   2.07511
   A13        1.99586   0.00022   0.00000   0.00219   0.00219   1.99805
   A14        2.08136   0.00004   0.00000   0.00014   0.00014   2.08149
   A15        2.07085   0.00001   0.00000   0.00009   0.00009   2.07093
   A16        2.07505   0.00010   0.00000   0.00037   0.00037   2.07543
   A17        2.13728  -0.00011   0.00000  -0.00047  -0.00047   2.13681
   A18        2.12557   0.00001   0.00000   0.00006   0.00006   2.12564
   A19        2.07402  -0.00001   0.00000  -0.00005  -0.00005   2.07398
   A20        2.08324   0.00000   0.00000  -0.00001  -0.00001   2.08324
   A21        1.71252   0.00002   0.00000   0.00030   0.00030   1.71282
   A22        1.20764   0.00000   0.00000  -0.00029  -0.00029   1.20735
   A23        1.87079  -0.00002   0.00000  -0.00012  -0.00012   1.87068
   A24        2.21563  -0.00001   0.00000  -0.00006  -0.00006   2.21557
   A25        1.19463   0.00003   0.00000   0.00000   0.00000   1.19463
   A26        1.81359   0.00010   0.00000   0.00092   0.00092   1.81451
   A27        2.22789  -0.00001   0.00000   0.00028   0.00028   2.22817
   A28        1.94760   0.00000   0.00000  -0.00001  -0.00001   1.94759
   A29        1.93814   0.00000   0.00000  -0.00002  -0.00002   1.93813
   A30        1.93502   0.00001   0.00000   0.00005   0.00005   1.93507
   A31        1.88592   0.00000   0.00000  -0.00002  -0.00002   1.88590
   A32        1.88681   0.00000   0.00000   0.00000   0.00000   1.88680
   A33        1.86742   0.00000   0.00000   0.00000   0.00000   1.86742
   A34        1.93804   0.00000   0.00000   0.00001   0.00001   1.93805
   A35        1.94874   0.00000   0.00000  -0.00004  -0.00004   1.94870
   A36        1.92150   0.00001   0.00000   0.00005   0.00005   1.92155
   A37        1.88625   0.00000   0.00000  -0.00005  -0.00005   1.88620
   A38        1.86912   0.00000   0.00000   0.00003   0.00003   1.86915
   A39        1.89782   0.00000   0.00000   0.00001   0.00001   1.89783
    D1       -0.01694   0.00000   0.00000   0.00011   0.00011  -0.01683
    D2        3.08226   0.00003   0.00000   0.00041   0.00041   3.08267
    D3       -3.12846   0.00000   0.00000   0.00020   0.00020  -3.12827
    D4       -0.02926   0.00003   0.00000   0.00050   0.00050  -0.02877
    D5        0.05269  -0.00004   0.00000  -0.00099  -0.00099   0.05170
    D6       -3.11739  -0.00002   0.00000  -0.00062  -0.00062  -3.11800
    D7       -3.11864  -0.00003   0.00000  -0.00108  -0.00108  -3.11972
    D8       -0.00553  -0.00001   0.00000  -0.00071  -0.00071  -0.00624
    D9       -0.05972   0.00001   0.00000   0.00063   0.00063  -0.05910
   D10        2.04558   0.00001   0.00000   0.00058   0.00058   2.04616
   D11       -2.16401   0.00001   0.00000   0.00060   0.00060  -2.16341
   D12        3.11202   0.00000   0.00000   0.00072   0.00072   3.11274
   D13       -1.06586   0.00000   0.00000   0.00067   0.00067  -1.06519
   D14        1.00773   0.00000   0.00000   0.00069   0.00069   1.00842
   D15       -0.04142   0.00005   0.00000   0.00093   0.00093  -0.04050
   D16        3.04698   0.00008   0.00000   0.00094   0.00094   3.04792
   D17        3.14151   0.00002   0.00000   0.00063   0.00063  -3.14105
   D18       -0.05328   0.00005   0.00000   0.00065   0.00065  -0.05263
   D19        0.06567  -0.00008   0.00000  -0.00114  -0.00114   0.06453
   D20        2.15899   0.00012   0.00000   0.00106   0.00106   2.16005
   D21       -2.77220  -0.00004   0.00000  -0.00108  -0.00108  -2.77328
   D22       -3.02337  -0.00011   0.00000  -0.00115  -0.00115  -3.02452
   D23       -0.93005   0.00010   0.00000   0.00106   0.00106  -0.92899
   D24        0.42195  -0.00007   0.00000  -0.00109  -0.00109   0.42086
   D25       -2.54220  -0.00006   0.00000  -0.00035  -0.00035  -2.54255
   D26        0.54700  -0.00003   0.00000  -0.00033  -0.00033   0.54667
   D27       -0.03047   0.00005   0.00000   0.00028   0.00028  -0.03020
   D28        3.11516   0.00006   0.00000   0.00177   0.00177   3.11694
   D29       -1.91784   0.00001   0.00000  -0.00050  -0.00050  -1.91834
   D30        1.22779   0.00002   0.00000   0.00099   0.00099   1.22879
   D31        2.80628   0.00001   0.00000   0.00022   0.00022   2.80650
   D32       -0.33127   0.00002   0.00000   0.00171   0.00171  -0.32955
   D33       -1.20654   0.00001   0.00000   0.00001   0.00001  -1.20652
   D34        0.63259  -0.00002   0.00000  -0.00023  -0.00023   0.63236
   D35        0.96032  -0.00003   0.00000   0.00021   0.00021   0.96053
   D36        2.79945  -0.00006   0.00000  -0.00003  -0.00003   2.79941
   D37       -0.02814   0.00001   0.00000   0.00078   0.00078  -0.02736
   D38       -3.14110  -0.00001   0.00000   0.00040   0.00040  -3.14070
   D39        3.10926   0.00000   0.00000  -0.00077  -0.00077   3.10849
   D40       -0.00371  -0.00002   0.00000  -0.00115  -0.00114  -0.00485
   D41        1.08464   0.00001   0.00000   0.00074   0.00074   1.08538
   D42       -3.09210   0.00000   0.00000   0.00065   0.00065  -3.09145
   D43       -0.98232   0.00000   0.00000   0.00066   0.00066  -0.98166
   D44       -2.05274   0.00002   0.00000   0.00229   0.00229  -2.05045
   D45        0.05370   0.00001   0.00000   0.00220   0.00220   0.05590
   D46        2.16348   0.00001   0.00000   0.00222   0.00222   2.16570
   D47       -0.67065   0.00000   0.00000  -0.00003  -0.00003  -0.67068
   D48        0.94077   0.00003   0.00000   0.00026   0.00026   0.94104
   D49       -1.21752   0.00003   0.00000   0.00029   0.00029  -1.21723
   D50        0.27714   0.00006   0.00000   0.00081   0.00081   0.27795
         Item               Value     Threshold  Converged?
 Maximum Force            0.000344     0.000450     YES
 RMS     Force            0.000057     0.000300     YES
 Maximum Displacement     0.007842     0.001800     NO 
 RMS     Displacement     0.001656     0.001200     NO 
 Predicted change in Energy=-1.958287D-06
 GradGradGradGradGradGradGradGradGradGradGradGradGradGradGradGradGradGrad

                          Input orientation:                          
 ---------------------------------------------------------------------
 Center     Atomic      Atomic             Coordinates (Angstroms)
 Number     Number       Type             X           Y           Z
 ---------------------------------------------------------------------
      1          6           0       -1.724430   -0.093727    0.069418
      2          6           0       -0.944123   -1.230360   -0.134731
      3          6           0        0.422479   -1.100845   -0.367353
      4          6           0        1.022887    0.182223   -0.447600
      5          6           0        0.235572    1.338806   -0.210743
      6          6           0       -1.112264    1.180261    0.057923
      7          8           0        2.409058   -0.269230    1.095139
      8          1           0       -1.725524    2.057431    0.240037
      9          8           0        1.204018   -2.197525   -0.458466
     10          1           0        1.784457   -0.301800    1.835574
     11          1           0        2.053954   -1.914508   -0.067921
     12          1           0        1.971925    0.283940   -0.954675
     13          6           0       -3.202183   -0.210412    0.339877
     14          1           0       -3.538993   -1.246787    0.288800
     15          1           0       -3.452275    0.179132    1.332049
     16          1           0       -3.778702    0.370838   -0.386707
     17          1           0       -1.371945   -2.224246   -0.078448
     18          6           0        0.893524    2.691092   -0.267797
     19          1           0        1.296064    2.890719   -1.266562
     20          1           0        0.193363    3.490356   -0.019036
     21          1           0        1.733773    2.729950    0.431126
 ---------------------------------------------------------------------
                    Distance matrix (angstroms):
                    1          2          3          4          5
     1  C    0.000000
     2  C    1.393732   0.000000
     3  C    2.411280   1.392295   0.000000
     4  C    2.809129   2.441803   1.418870   0.000000
     5  C    2.443819   2.828086   2.451807   1.419031   0.000000
     6  C    1.413480   2.424146   2.782039   2.410498   1.383467
     7  O    4.262468   3.698672   2.603260   2.122575   3.002524
     8  H    2.157914   3.400089   3.867498   3.397500   2.136709
     9  O    3.644233   2.377965   1.349745   2.386656   3.674900
    10  H    3.933814   3.491343   2.710414   2.455026   3.045988
    11  H    4.196462   3.075872   1.847544   2.367180   3.729740
    12  H    3.854145   3.386553   2.159481   1.080807   2.163584
    13  C    1.506823   2.522773   3.798844   4.315726   3.810698
    14  H    2.161091   2.629258   4.018096   4.836848   4.602410
    15  H    2.157345   3.229387   4.420410   4.816039   4.162363
    16  H    2.154972   3.265298   4.451533   4.805678   4.133077
    17  H    2.164536   1.083517   2.136692   3.415053   3.911132
    18  C    3.837006   4.332717   3.822379   2.518628   1.504936
    19  H    4.451421   4.825223   4.183816   2.842758   2.155883
    20  H    4.065883   4.857202   4.610091   3.437370   2.160486
    21  H    4.479191   4.814081   4.126991   2.787191   2.142868
                    6          7          8          9         10
     6  C    0.000000
     7  O    3.946714   0.000000
     8  H    1.085670   4.820718   0.000000
     9  O    4.128106   2.753931   5.212942   0.000000
    10  H    3.707768   0.969243   4.520141   3.032047   0.000000
    11  H    4.429263   2.045910   5.491411   0.977249   2.509333
    12  H    3.367635   2.167676   4.271268   2.644537   2.857224
    13  C    2.526110   5.662147   2.708062   4.899038   5.206922
    14  H    3.439896   6.081539   3.769470   4.894738   5.623578
    15  H    2.846280   5.883229   2.775277   5.525894   5.282821
    16  H    2.821835   6.394837   2.730008   5.606169   6.028243
    17  H    3.417118   4.415357   4.308039   2.603980   4.161989
    18  C    2.532171   3.594155   2.742049   4.902177   3.765015
    19  H    3.237279   4.098984   3.477673   5.152836   4.478165
    20  H    2.654641   4.503907   2.408842   5.793661   4.511275
    21  H    3.262015   3.145156   3.529240   5.035080   3.341639
                   11         12         13         14         15
    11  H    0.000000
    12  H    2.371969   0.000000
    13  C    5.540507   5.356457   0.000000
    14  H    5.643948   5.853167   1.090927   0.000000
    15  H    6.054899   5.887447   1.094850   1.768936   0.000000
    16  H    6.272504   5.779260   1.094601   1.769317   1.759951
    17  H    3.439889   4.270859   2.753233   2.405492   3.477571
    18  C    4.753746   2.725643   5.055967   5.955157   5.268341
    19  H    5.010125   2.710970   5.694901   6.551022   6.054107
    20  H    5.716357   3.784151   5.035299   6.038689   5.106888
    21  H    4.682153   2.821369   5.746104   6.605812   5.849225
                   16         17         18         19         20
    16  H    0.000000
    17  H    3.552740   0.000000
    18  C    5.217989   5.415602   0.000000
    19  H    5.733864   5.890056   1.095182   0.000000
    20  H    5.063978   5.925402   1.091297   1.769700   0.000000
    21  H    6.051582   5.869345   1.093628   1.760563   1.775873
                   21
    21  H    0.000000
 Stoichiometry    C8H11O2(2)
 Framework group  C1[X(C8H11O2)]
 Deg. of freedom    57
 Full point group                 C1      NOp   1
 Largest Abelian subgroup         C1      NOp   1
 Largest concise Abelian subgroup C1      NOp   1
                         Standard orientation:                         
 ---------------------------------------------------------------------
 Center     Atomic      Atomic             Coordinates (Angstroms)
 Number     Number       Type             X           Y           Z
 ---------------------------------------------------------------------
      1          6           0       -1.691746   -0.145688    0.062719
      2          6           0       -0.904947   -1.277143   -0.145237
      3          6           0        0.460476   -1.138885   -0.379741
      4          6           0        1.053028    0.147949   -0.458048
      5          6           0        0.259155    1.299239   -0.217328
      6          6           0       -1.087271    1.131984    0.053125
      7          8           0        2.444364   -0.298621    1.081460
      8          1           0       -1.705502    2.005036    0.238194
      9          8           0        1.248448   -2.230635   -0.474573
     10          1           0        1.821160   -0.336613    1.822814
     11          1           0        2.097293   -1.943388   -0.084744
     12          1           0        2.000622    0.256514   -0.966402
     13          6           0       -3.168334   -0.271870    0.335266
     14          1           0       -3.498988   -1.310135    0.282386
     15          1           0       -3.419172    0.113933    1.328711
     16          1           0       -3.749504    0.307533   -0.389086
     17          1           0       -1.326694   -2.273709   -0.090517
     18          6           0        0.908870    2.655584   -0.272376
     19          1           0        1.308599    2.859874   -1.271329
     20          1           0        0.204316    3.450059   -0.020698
     21          1           0        1.749991    2.697926    0.425294
 ---------------------------------------------------------------------
 Rotational constants (GHZ):           1.5914872           1.1926439           0.7591475
 Standard basis: 6-311G(d,p) (5D, 7F)
 There are   256 symmetry adapted cartesian basis functions of A   symmetry.
 There are   246 symmetry adapted basis functions of A   symmetry.
   246 basis functions,   408 primitive gaussians,   256 cartesian basis functions
    38 alpha electrons       37 beta electrons
       nuclear repulsion energy       520.7940630091 Hartrees.
 NAtoms=   21 NActive=   21 NUniq=   21 SFac= 1.00D+00 NAtFMM=   60 NAOKFM=F Big=F
 Integral buffers will be    131072 words long.
 Raffenetti 2 integral format.
 Two-electron integral symmetry is turned on.
 One-electron integrals computed using PRISM.
 NBasis=   246 RedAO= T EigKep=  1.94D-04  NBF=   246
 NBsUse=   246 1.00D-06 EigRej= -1.00D+00 NBFU=   246
 Initial guess from the checkpoint file:  "SR-11-TS-P2_2.chk"
 B after Tr=     0.000000    0.000000    0.000000
         Rot=    1.000000   -0.000272   -0.000173   -0.000809 Ang=  -0.10 deg.
 Initial guess <Sx>= 0.0000 <Sy>= 0.0000 <Sz>= 0.5000 <S**2>= 0.7667 S= 0.5083
 Requested convergence on RMS density matrix=1.00D-08 within 128 cycles.
 Requested convergence on MAX density matrix=1.00D-06.
 Requested convergence on             energy=1.00D-06.
 No special actions if energy rises.
 SCF Done:  E(UB3LYP) =  -461.978567971     A.U. after   12 cycles
            NFock= 12  Conv=0.82D-08     -V/T= 2.0038
 <Sx>= 0.0000 <Sy>= 0.0000 <Sz>= 0.5000 <S**2>= 0.7666 S= 0.5083
 <L.S>= 0.000000000000E+00
 Annihilation of the first spin contaminant:
 S**2 before annihilation     0.7666,   after     0.7502
 Calling FoFJK, ICntrl=      2127 FMM=F ISym2X=0 I1Cent= 0 IOpClX= 1 NMat=1 NMatS=1 NMatT=0.
 ***** Axes restored to original set *****
 -------------------------------------------------------------------
 Center     Atomic                   Forces (Hartrees/Bohr)
 Number     Number              X              Y              Z
 -------------------------------------------------------------------
      1        6           0.000025592   -0.000018741   -0.000003023
      2        6          -0.000067225    0.000010013    0.000002702
      3        6           0.000221425    0.000086879    0.000071446
      4        6          -0.000334161    0.000220821   -0.000155244
      5        6           0.000004975   -0.000119665   -0.000155479
      6        6          -0.000023288   -0.000003763    0.000001686
      7        8           0.000276710   -0.000243294    0.000178019
      8        1           0.000003175    0.000002788   -0.000002133
      9        8          -0.000041101   -0.000048542   -0.000006044
     10        1          -0.000015456   -0.000004100    0.000004278
     11        1          -0.000061317    0.000086123    0.000011965
     12        1           0.000012544    0.000016884    0.000054933
     13        6          -0.000000528   -0.000005742    0.000004316
     14        1           0.000003467   -0.000001050    0.000000846
     15        1           0.000004969    0.000002699   -0.000004626
     16        1          -0.000001668   -0.000003364   -0.000003013
     17        1           0.000005079   -0.000003121   -0.000001171
     18        6          -0.000010509    0.000006518   -0.000000553
     19        1          -0.000013690    0.000003237   -0.000003514
     20        1           0.000003436   -0.000004355    0.000012273
     21        1           0.000007571    0.000019774   -0.000007663
 -------------------------------------------------------------------
 Cartesian Forces:  Max     0.000334161 RMS     0.000087175

 GradGradGradGradGradGradGradGradGradGradGradGradGradGradGradGradGradGrad
 Berny optimization.
 Using GEDIIS/GDIIS optimizer.
 FormGI is forming the generalized inverse of G from B-inverse, IUseBI=4.
 Internal  Forces:  Max     0.000312882 RMS     0.000048176
 Search for a local minimum.
 Step number   2 out of a maximum of  122
 All quantities printed in internal units (Hartrees-Bohrs-Radians)
 Mixed Optimization -- En-DIIS/RFO-DIIS
 Swapping is turned off.
 Update second derivatives using D2CorX and points    1    2
 DE= -3.63D-06 DEPred=-1.96D-06 R= 1.85D+00
 TightC=F SS=  1.41D+00  RLast= 8.64D-03 DXNew= 5.0454D-01 2.5908D-02
 Trust test= 1.85D+00 RLast= 8.64D-03 DXMaxT set to 3.00D-01
 ITU=  1  0
     Eigenvalues ---    0.00461   0.00680   0.00996   0.01176   0.01508
     Eigenvalues ---    0.01785   0.02058   0.02072   0.02171   0.02179
     Eigenvalues ---    0.02287   0.02562   0.02951   0.04473   0.04665
     Eigenvalues ---    0.05821   0.07082   0.07106   0.07220   0.07321
     Eigenvalues ---    0.12029   0.14017   0.15248   0.15987   0.15994
     Eigenvalues ---    0.15999   0.16000   0.16000   0.16000   0.16000
     Eigenvalues ---    0.16084   0.19914   0.21670   0.23493   0.23844
     Eigenvalues ---    0.24988   0.25798   0.31731   0.31869   0.33017
     Eigenvalues ---    0.34221   0.34260   0.34286   0.34400   0.34665
     Eigenvalues ---    0.34706   0.35319   0.35573   0.36652   0.42145
     Eigenvalues ---    0.43759   0.45803   0.47760   0.48515   0.51269
     Eigenvalues ---    0.52447   0.53753
 En-DIIS/RFO-DIIS/Sim-DIIS IScMMF=       -3 using points:     2    1
 RFO step:  Lambda=-2.44555985D-05.
 DidBck=F Rises=F RFO-DIIS coefs:    3.00000   -2.00000
 Iteration  1 RMS(Cart)=  0.01112561 RMS(Int)=  0.00006789
 Iteration  2 RMS(Cart)=  0.00006700 RMS(Int)=  0.00000925
 Iteration  3 RMS(Cart)=  0.00000001 RMS(Int)=  0.00000925
 Variable       Old X    -DE/DX   Delta X   Delta X   Delta X     New X
                                 (Linear)    (Quad)   (Total)
    R1        2.63377  -0.00005  -0.00011  -0.00057  -0.00068   2.63310
    R2        2.67109  -0.00002  -0.00005  -0.00025  -0.00030   2.67080
    R3        2.84748  -0.00001   0.00014   0.00001   0.00015   2.84764
    R4        2.63106   0.00004   0.00007   0.00044   0.00050   2.63156
    R5        2.04755   0.00000  -0.00001   0.00001   0.00000   2.04755
    R6        2.68128  -0.00005  -0.00021  -0.00102  -0.00123   2.68005
    R7        2.55065  -0.00002  -0.00001  -0.00025  -0.00025   2.55040
    R8        2.68158  -0.00007   0.00083  -0.00031   0.00052   2.68210
    R9        4.01109   0.00031   0.00948   0.02774   0.03721   4.04829
   R10        2.04243  -0.00002  -0.00005  -0.00017  -0.00021   2.04222
   R11        2.61437   0.00001   0.00027   0.00029   0.00056   2.61494
   R12        2.84392   0.00002   0.00007   0.00029   0.00036   2.84428
   R13        2.05162   0.00000   0.00001   0.00001   0.00003   2.05164
   R14        1.83160   0.00001  -0.00001   0.00011   0.00011   1.83171
   R15        3.86621  -0.00009  -0.00164  -0.00599  -0.00764   3.85857
   R16        4.09631   0.00007   0.00194   0.00321   0.00516   4.10148
   R17        1.84673  -0.00006   0.00002  -0.00011  -0.00010   1.84663
   R18        2.06155   0.00000   0.00000  -0.00001   0.00000   2.06155
   R19        2.06897   0.00000   0.00001  -0.00005  -0.00004   2.06892
   R20        2.06850   0.00000   0.00000   0.00002   0.00001   2.06851
   R21        2.06959   0.00000   0.00000  -0.00001  -0.00001   2.06959
   R22        2.06225   0.00000   0.00001  -0.00004  -0.00003   2.06222
   R23        2.06666   0.00000  -0.00004  -0.00001  -0.00005   2.06661
    A1        2.08447  -0.00001  -0.00026  -0.00034  -0.00060   2.08387
    A2        2.10855   0.00000  -0.00007  -0.00008  -0.00015   2.10840
    A3        2.08977   0.00001   0.00032   0.00043   0.00076   2.09053
    A4        2.09226   0.00000   0.00033   0.00028   0.00060   2.09286
    A5        2.11694   0.00001  -0.00015   0.00004  -0.00011   2.11684
    A6        2.07324  -0.00001  -0.00016  -0.00029  -0.00044   2.07279
    A7        2.10472   0.00000   0.00031   0.00019   0.00050   2.10522
    A8        2.09906  -0.00009  -0.00037  -0.00195  -0.00232   2.09675
    A9        2.07819   0.00009   0.00005   0.00189   0.00194   2.08014
   A10        2.08613   0.00000  -0.00051  -0.00022  -0.00074   2.08539
   A11        1.61372  -0.00009  -0.00103  -0.00476  -0.00578   1.60793
   A12        2.07511   0.00000   0.00020   0.00120   0.00138   2.07649
   A13        1.99805   0.00018   0.00438   0.01075   0.01512   2.01317
   A14        2.08149   0.00000   0.00027   0.00046   0.00074   2.08224
   A15        2.07093   0.00002   0.00017   0.00026   0.00043   2.07136
   A16        2.07543   0.00003   0.00075   0.00122   0.00196   2.07739
   A17        2.13681  -0.00005  -0.00093  -0.00149  -0.00243   2.13438
   A18        2.12564   0.00000   0.00013   0.00002   0.00015   2.12578
   A19        2.07398   0.00001  -0.00009   0.00012   0.00003   2.07401
   A20        2.08324   0.00000  -0.00002  -0.00013  -0.00015   2.08308
   A21        1.71282   0.00001   0.00060   0.00103   0.00165   1.71447
   A22        1.20735   0.00000  -0.00057  -0.00189  -0.00249   1.20486
   A23        1.87068  -0.00003  -0.00024  -0.00055  -0.00078   1.86990
   A24        2.21557  -0.00002  -0.00012  -0.00099  -0.00114   2.21443
   A25        1.19463   0.00004   0.00001   0.00019   0.00023   1.19486
   A26        1.81451   0.00001   0.00183   0.00262   0.00446   1.81897
   A27        2.22817   0.00004   0.00056   0.00277   0.00332   2.23149
   A28        1.94759   0.00000  -0.00001  -0.00009  -0.00010   1.94749
   A29        1.93813  -0.00001  -0.00003  -0.00022  -0.00025   1.93787
   A30        1.93507   0.00000   0.00010   0.00016   0.00026   1.93532
   A31        1.88590   0.00000  -0.00005   0.00010   0.00006   1.88595
   A32        1.88680   0.00000   0.00000   0.00001   0.00001   1.88682
   A33        1.86742   0.00000  -0.00001   0.00005   0.00004   1.86746
   A34        1.93805  -0.00001   0.00002  -0.00028  -0.00026   1.93779
   A35        1.94870  -0.00001  -0.00009  -0.00043  -0.00051   1.94818
   A36        1.92155   0.00004   0.00010   0.00123   0.00132   1.92287
   A37        1.88620   0.00000  -0.00010  -0.00025  -0.00035   1.88585
   A38        1.86915  -0.00001   0.00006   0.00006   0.00012   1.86928
   A39        1.89783  -0.00001   0.00002  -0.00034  -0.00033   1.89750
    D1       -0.01683   0.00001   0.00022   0.00098   0.00120  -0.01563
    D2        3.08267   0.00003   0.00082   0.00189   0.00272   3.08539
    D3       -3.12827   0.00000   0.00039   0.00049   0.00088  -3.12738
    D4       -0.02877   0.00002   0.00099   0.00140   0.00240  -0.02637
    D5        0.05170  -0.00002  -0.00198  -0.00233  -0.00432   0.04738
    D6       -3.11800  -0.00001  -0.00123  -0.00189  -0.00313  -3.12113
    D7       -3.11972  -0.00001  -0.00216  -0.00186  -0.00402  -3.12374
    D8       -0.00624   0.00000  -0.00141  -0.00142  -0.00283  -0.00907
    D9       -0.05910   0.00001   0.00125   0.00347   0.00472  -0.05438
   D10        2.04616   0.00001   0.00116   0.00339   0.00455   2.05071
   D11       -2.16341   0.00001   0.00119   0.00340   0.00460  -2.15882
   D12        3.11274   0.00000   0.00143   0.00300   0.00443   3.11717
   D13       -1.06519   0.00000   0.00134   0.00291   0.00426  -1.06093
   D14        1.00842   0.00000   0.00137   0.00293   0.00430   1.01273
   D15       -0.04050   0.00002   0.00185   0.00151   0.00336  -0.03713
   D16        3.04792   0.00007   0.00188   0.00431   0.00619   3.05411
   D17       -3.14105   0.00000   0.00127   0.00061   0.00188  -3.13917
   D18       -0.05263   0.00004   0.00130   0.00341   0.00470  -0.04793
   D19        0.06453  -0.00004  -0.00228  -0.00274  -0.00502   0.05951
   D20        2.16005   0.00011   0.00213   0.00695   0.00907   2.16913
   D21       -2.77328  -0.00005  -0.00217  -0.00807  -0.01025  -2.78353
   D22       -3.02452  -0.00008  -0.00229  -0.00539  -0.00769  -3.03221
   D23       -0.92899   0.00007   0.00211   0.00430   0.00640  -0.92259
   D24        0.42086  -0.00009  -0.00218  -0.01072  -0.01292   0.40794
   D25       -2.54255  -0.00005  -0.00069  -0.00379  -0.00450  -2.54705
   D26        0.54667  -0.00001  -0.00066  -0.00108  -0.00176   0.54491
   D27       -0.03020   0.00003   0.00056   0.00141   0.00197  -0.02823
   D28        3.11694   0.00002   0.00355   0.00411   0.00767   3.12461
   D29       -1.91834   0.00002  -0.00100  -0.00014  -0.00116  -1.91950
   D30        1.22879   0.00001   0.00199   0.00256   0.00455   1.23334
   D31        2.80650   0.00004   0.00043   0.00689   0.00733   2.81382
   D32       -0.32955   0.00003   0.00342   0.00960   0.01303  -0.31652
   D33       -1.20652  -0.00002   0.00003   0.00010   0.00014  -1.20639
   D34        0.63236  -0.00005  -0.00046  -0.00094  -0.00139   0.63096
   D35        0.96053  -0.00001   0.00042   0.00096   0.00138   0.96192
   D36        2.79941  -0.00004  -0.00007  -0.00007  -0.00015   2.79927
   D37       -0.02736   0.00000   0.00156   0.00109   0.00265  -0.02471
   D38       -3.14070  -0.00001   0.00081   0.00065   0.00145  -3.13925
   D39        3.10849   0.00001  -0.00154  -0.00171  -0.00324   3.10525
   D40       -0.00485   0.00000  -0.00229  -0.00215  -0.00443  -0.00929
   D41        1.08538   0.00002   0.00148   0.00760   0.00908   1.09446
   D42       -3.09145   0.00001   0.00130   0.00680   0.00810  -3.08335
   D43       -0.98166   0.00001   0.00133   0.00692   0.00825  -0.97341
   D44       -2.05045   0.00001   0.00458   0.01041   0.01499  -2.03546
   D45        0.05590   0.00000   0.00440   0.00961   0.01401   0.06991
   D46        2.16570   0.00000   0.00443   0.00972   0.01416   2.17985
   D47       -0.67068  -0.00001  -0.00006  -0.00258  -0.00265  -0.67333
   D48        0.94104   0.00001   0.00053  -0.00179  -0.00126   0.93977
   D49       -1.21723   0.00003   0.00059  -0.00090  -0.00026  -1.21749
   D50        0.27795   0.00007   0.00161   0.00649   0.00812   0.28606
         Item               Value     Threshold  Converged?
 Maximum Force            0.000313     0.000450     YES
 RMS     Force            0.000048     0.000300     YES
 Maximum Displacement     0.052425     0.001800     NO 
 RMS     Displacement     0.011148     0.001200     NO 
 Predicted change in Energy=-1.227784D-05
 GradGradGradGradGradGradGradGradGradGradGradGradGradGradGradGradGradGrad

                          Input orientation:                          
 ---------------------------------------------------------------------
 Center     Atomic      Atomic             Coordinates (Angstroms)
 Number     Number       Type             X           Y           Z
 ---------------------------------------------------------------------
      1          6           0       -1.726213   -0.091136    0.068317
      2          6           0       -0.944730   -1.226925   -0.133578
      3          6           0        0.422361   -1.097119   -0.364753
      4          6           0        1.023404    0.185125   -0.441836
      5          6           0        0.234267    1.341649   -0.209152
      6          6           0       -1.114838    1.183037    0.054597
      7          8           0        2.428323   -0.292564    1.103257
      8          1           0       -1.729150    2.060446    0.232029
      9          8           0        1.200683   -2.195550   -0.460254
     10          1           0        1.808656   -0.329542    1.847695
     11          1           0        2.054095   -1.919478   -0.072465
     12          1           0        1.977447    0.287048   -0.939152
     13          6           0       -3.204039   -0.209271    0.338197
     14          1           0       -3.538519   -1.246680    0.293210
     15          1           0       -3.455544    0.185767    1.327811
     16          1           0       -3.781363    0.366283   -0.392283
     17          1           0       -1.372031   -2.221078   -0.078096
     18          6           0        0.887494    2.696190   -0.271793
     19          1           0        1.280449    2.896981   -1.274133
     20          1           0        0.186393    3.492885   -0.017582
     21          1           0        1.733491    2.739243    0.419871
 ---------------------------------------------------------------------
                    Distance matrix (angstroms):
                    1          2          3          4          5
     1  C    0.000000
     2  C    1.393374   0.000000
     3  C    2.411622   1.392562   0.000000
     4  C    2.810155   2.441815   1.418219   0.000000
     5  C    2.444042   2.827245   2.450955   1.419305   0.000000
     6  C    1.413324   2.423275   2.781717   2.411297   1.383765
     7  O    4.286239   3.712180   2.612709   2.142264   3.034296
     8  H    2.157804   3.399381   3.867217   3.398158   2.136894
     9  O    3.643441   2.376499   1.349613   2.387337   3.675430
    10  H    3.964634   3.508828   2.721381   2.474561   3.082563
    11  H    4.201593   3.078363   1.850477   2.372365   3.737032
    12  H    3.856827   3.388242   2.159664   1.080698   2.164199
    13  C    1.506904   2.522432   3.799104   4.316859   3.811416
    14  H    2.161090   2.628741   4.017942   4.837510   4.602795
    15  H    2.157218   3.230409   4.421393   4.815873   4.160892
    16  H    2.155233   3.263698   4.451247   4.808437   4.136443
    17  H    2.164148   1.083515   2.136656   3.414708   3.910293
    18  C    3.836187   4.332087   3.822850   2.520482   1.505129
    19  H    4.446463   4.822747   4.185227   2.848324   2.155862
    20  H    4.063330   4.854843   4.609159   3.438292   2.160280
    21  H    4.483770   4.817641   4.129452   2.787522   2.143971
                    6          7          8          9         10
     6  C    0.000000
     7  O    3.978829   0.000000
     8  H    1.085683   4.855953   0.000000
     9  O    4.128142   2.751912   5.213125   0.000000
    10  H    3.748321   0.969300   4.564919   3.029561   0.000000
    11  H    4.436653   2.041866   5.499587   0.977194   2.505025
    12  H    3.369356   2.170409   4.272642   2.644995   2.859229
    13  C    2.526600   5.684695   2.708908   4.897387   5.236426
    14  H    3.440158   6.096697   3.770231   4.891635   5.643566
    15  H    2.845088   5.907548   2.774094   5.527051   5.314849
    16  H    2.824384   6.421131   2.733411   5.602534   6.062177
    17  H    3.416395   4.422381   4.307571   2.601067   4.171732
    18  C    2.530909   3.632845   2.739495   4.905376   3.807338
    19  H    3.231180   4.140386   3.467852   5.157774   4.520538
    20  H    2.652133   4.540061   2.404889   5.795087   4.552136
    21  H    3.266219   3.184597   3.533544   5.040901   3.385523
                   11         12         13         14         15
    11  H    0.000000
    12  H    2.371873   0.000000
    13  C    5.544495   5.359641   0.000000
    14  H    5.644795   5.856357   1.090925   0.000000
    15  H    6.062092   5.887850   1.094827   1.768951   0.000000
    16  H    6.275314   5.785261   1.094608   1.769328   1.759962
    17  H    3.439380   4.272133   2.752621   2.404370   3.480016
    18  C    4.764985   2.727146   5.055139   5.954414   5.265258
    19  H    5.024024   2.722089   5.688500   6.545910   6.045694
    20  H    5.725819   3.786100   5.032650   6.036144   5.100080
    21  H    4.695622   2.814199   5.751488   6.610425   5.854117
                   16         17         18         19         20
    16  H    0.000000
    17  H    3.549371   0.000000
    18  C    5.219312   5.415025   0.000000
    19  H    5.727480   5.887332   1.095178   0.000000
    20  H    5.065484   5.922983   1.091279   1.769458   0.000000
    21  H    6.058395   5.873417   1.093601   1.760619   1.775628
                   21
    21  H    0.000000
 Stoichiometry    C8H11O2(2)
 Framework group  C1[X(C8H11O2)]
 Deg. of freedom    57
 Full point group                 C1      NOp   1
 Largest Abelian subgroup         C1      NOp   1
 Largest concise Abelian subgroup C1      NOp   1
                         Standard orientation:                         
 ---------------------------------------------------------------------
 Center     Atomic      Atomic             Coordinates (Angstroms)
 Number     Number       Type             X           Y           Z
 ---------------------------------------------------------------------
      1          6           0       -1.692233   -0.162098    0.064860
      2          6           0       -0.892057   -1.283087   -0.146308
      3          6           0        0.471594   -1.128383   -0.382429
      4          6           0        1.050011    0.164478   -0.455158
      5          6           0        0.241952    1.305905   -0.213058
      6          6           0       -1.103079    1.122540    0.055408
      7          8           0        2.469498   -0.296894    1.081556
      8          1           0       -1.731739    1.988220    0.240047
      9          8           0        1.268412   -2.212635   -0.486994
     10          1           0        1.853710   -0.348524    1.828338
     11          1           0        2.118544   -1.923850   -0.101264
     12          1           0        2.000039    0.285542   -0.955857
     13          6           0       -3.166639   -0.307257    0.340204
     14          1           0       -3.483291   -1.350059    0.291070
     15          1           0       -3.420771    0.078153    1.332939
     16          1           0       -3.756921    0.262032   -0.384809
     17          1           0       -1.301839   -2.284779   -0.094362
     18          6           0        0.871354    2.671880   -0.271175
     19          1           0        1.256540    2.884721   -1.274044
     20          1           0        0.157640    3.454951   -0.009830
     21          1           0        1.719389    2.725959    0.417211
 ---------------------------------------------------------------------
 Rotational constants (GHZ):           1.5888328           1.1867604           0.7566654
 Standard basis: 6-311G(d,p) (5D, 7F)
 There are   256 symmetry adapted cartesian basis functions of A   symmetry.
 There are   246 symmetry adapted basis functions of A   symmetry.
   246 basis functions,   408 primitive gaussians,   256 cartesian basis functions
    38 alpha electrons       37 beta electrons
       nuclear repulsion energy       520.2401779407 Hartrees.
 NAtoms=   21 NActive=   21 NUniq=   21 SFac= 1.00D+00 NAtFMM=   60 NAOKFM=F Big=F
 Integral buffers will be    131072 words long.
 Raffenetti 2 integral format.
 Two-electron integral symmetry is turned on.
 One-electron integrals computed using PRISM.
 NBasis=   246 RedAO= T EigKep=  1.93D-04  NBF=   246
 NBsUse=   246 1.00D-06 EigRej= -1.00D+00 NBFU=   246
 Initial guess from the checkpoint file:  "SR-11-TS-P2_2.chk"
 B after Tr=     0.000000    0.000000    0.000000
         Rot=    0.999984   -0.001900   -0.001231   -0.005244 Ang=  -0.65 deg.
 Initial guess <Sx>= 0.0000 <Sy>= 0.0000 <Sz>= 0.5000 <S**2>= 0.7666 S= 0.5083
 ExpMin= 1.03D-01 ExpMax= 8.59D+03 ExpMxC= 1.30D+03 IAcc=2 IRadAn=         4 AccDes= 0.00D+00
 Harris functional with IExCor=  402 and IRadAn=       4 diagonalized for initial guess.
 HarFok:  IExCor=  402 AccDes= 0.00D+00 IRadAn=         4 IDoV= 1 UseB2=F ITyADJ=14
 ICtDFT=  3500011 ScaDFX=  1.000000  1.000000  1.000000  1.000000
 FoFCou: FMM=F IPFlag=           0 FMFlag=      100000 FMFlg1=           0
         NFxFlg=           0 DoJE=T BraDBF=F KetDBF=T FulRan=T
         wScrn=  0.000000 ICntrl=       500 IOpCl=  0 I1Cent=   200000004 NGrid=           0
         NMat0=    1 NMatS0=      1 NMatT0=    0 NMatD0=    1 NMtDS0=    0 NMtDT0=    0
 Petite list used in FoFCou.
 Requested convergence on RMS density matrix=1.00D-08 within 128 cycles.
 Requested convergence on MAX density matrix=1.00D-06.
 Requested convergence on             energy=1.00D-06.
 No special actions if energy rises.
 Integral accuracy reduced to 1.0D-05 until final iterations.
 Initial convergence to 1.0D-05 achieved.  Increase integral accuracy.
 SCF Done:  E(UB3LYP) =  -461.978587895     A.U. after   17 cycles
            NFock= 17  Conv=0.33D-08     -V/T= 2.0038
 <Sx>= 0.0000 <Sy>= 0.0000 <Sz>= 0.5000 <S**2>= 0.7656 S= 0.5078
 <L.S>= 0.000000000000E+00
 Annihilation of the first spin contaminant:
 S**2 before annihilation     0.7656,   after     0.7501
 Calling FoFJK, ICntrl=      2127 FMM=F ISym2X=0 I1Cent= 0 IOpClX= 1 NMat=1 NMatS=1 NMatT=0.
 ***** Axes restored to original set *****
 -------------------------------------------------------------------
 Center     Atomic                   Forces (Hartrees/Bohr)
 Number     Number              X              Y              Z
 -------------------------------------------------------------------
      1        6           0.000223745   -0.000143135    0.000020623
      2        6          -0.000403433    0.000028679    0.000035649
      3        6           0.001116880    0.000204905    0.000277737
      4        6          -0.001489701    0.000819222   -0.000714576
      5        6           0.000317418   -0.000648722   -0.000278183
      6        6          -0.000016075   -0.000018758    0.000171221
      7        8           0.000475910   -0.000337432    0.000244071
      8        1           0.000016833    0.000000779    0.000011130
      9        8          -0.000112712   -0.000473404   -0.000093418
     10        1          -0.000169673    0.000057888   -0.000051548
     11        1          -0.000257894    0.000468065    0.000123185
     12        1           0.000046860    0.000028174    0.000247762
     13        6           0.000020314    0.000051053   -0.000023772
     14        1           0.000003667    0.000003244   -0.000012932
     15        1           0.000007119    0.000001968   -0.000013877
     16        1           0.000011054    0.000002589   -0.000008744
     17        1           0.000024859   -0.000009433   -0.000021136
     18        6           0.000178627   -0.000088459    0.000073290
     19        1          -0.000004862   -0.000000438   -0.000011052
     20        1           0.000013050    0.000007669    0.000018552
     21        1          -0.000001984    0.000045547    0.000006018
 -------------------------------------------------------------------
 Cartesian Forces:  Max     0.001489701 RMS     0.000326875

 GradGradGradGradGradGradGradGradGradGradGradGradGradGradGradGradGradGrad
 Berny optimization.
 Using GEDIIS/GDIIS optimizer.
 FormGI is forming the generalized inverse of G from B-inverse, IUseBI=4.
 Internal  Forces:  Max     0.000918780 RMS     0.000136559
 Search for a local minimum.
 Step number   3 out of a maximum of  122
 All quantities printed in internal units (Hartrees-Bohrs-Radians)
 Mixed Optimization -- En-DIIS/RFO-DIIS
 Swapping is turned off.
 Update second derivatives using D2CorX and points    1    2    3
 DE= -1.99D-05 DEPred=-1.23D-05 R= 1.62D+00
 TightC=F SS=  1.41D+00  RLast= 6.19D-02 DXNew= 5.0454D-01 1.8573D-01
 Trust test= 1.62D+00 RLast= 6.19D-02 DXMaxT set to 3.00D-01
 ITU=  1  1  0
     Eigenvalues ---    0.00172   0.00679   0.00875   0.01112   0.01506
     Eigenvalues ---    0.01763   0.02037   0.02070   0.02170   0.02175
     Eigenvalues ---    0.02220   0.02530   0.03095   0.04478   0.05099
     Eigenvalues ---    0.05957   0.07085   0.07110   0.07220   0.07314
     Eigenvalues ---    0.12255   0.14106   0.15261   0.15989   0.15995
     Eigenvalues ---    0.16000   0.16000   0.16000   0.16000   0.16005
     Eigenvalues ---    0.16088   0.20107   0.22326   0.23568   0.23881
     Eigenvalues ---    0.24988   0.27494   0.31738   0.31877   0.33134
     Eigenvalues ---    0.34221   0.34260   0.34287   0.34400   0.34666
     Eigenvalues ---    0.34706   0.35319   0.35573   0.36806   0.42219
     Eigenvalues ---    0.44205   0.45860   0.47917   0.48715   0.51950
     Eigenvalues ---    0.53469   0.69812
 En-DIIS/RFO-DIIS/Sim-DIIS IScMMF=       -3 using points:     3    2    1
 RFO step:  Lambda=-4.75811410D-05.
 DidBck=T Rises=F RFO-DIIS coefs:    0.53299    2.46701   -2.00000
 Iteration  1 RMS(Cart)=  0.02180992 RMS(Int)=  0.00027301
 Iteration  2 RMS(Cart)=  0.00026715 RMS(Int)=  0.00004376
 Iteration  3 RMS(Cart)=  0.00000009 RMS(Int)=  0.00004376
 Variable       Old X    -DE/DX   Delta X   Delta X   Delta X     New X
                                 (Linear)    (Quad)   (Total)
    R1        2.63310  -0.00016   0.00021  -0.00166  -0.00146   2.63164
    R2        2.67080  -0.00006   0.00009  -0.00069  -0.00060   2.67020
    R3        2.84764  -0.00006   0.00007   0.00027   0.00034   2.84797
    R4        2.63156   0.00024  -0.00017   0.00175   0.00158   2.63315
    R5        2.04755   0.00000  -0.00001  -0.00003  -0.00004   2.04751
    R6        2.68005  -0.00020   0.00036  -0.00331  -0.00292   2.67713
    R7        2.55040  -0.00003   0.00011  -0.00053  -0.00040   2.55000
    R8        2.68210  -0.00092   0.00059  -0.00086  -0.00027   2.68183
    R9        4.04829   0.00028  -0.00789   0.08751   0.07953   4.12782
   R10        2.04222  -0.00006   0.00004  -0.00048  -0.00037   2.04186
   R11        2.61494  -0.00009   0.00001   0.00114   0.00114   2.61608
   R12        2.84428   0.00004  -0.00010   0.00094   0.00084   2.84512
   R13        2.05164  -0.00001   0.00000   0.00004   0.00004   2.05169
   R14        1.83171   0.00007  -0.00006   0.00035   0.00029   1.83200
   R15        3.85857  -0.00016   0.00193  -0.02040  -0.01851   3.84005
   R16        4.10148   0.00009  -0.00048   0.00992   0.00952   4.11100
   R17        1.84663  -0.00006   0.00007  -0.00022  -0.00019   1.84644
   R18        2.06155   0.00000   0.00001  -0.00002  -0.00001   2.06154
   R19        2.06892  -0.00001   0.00003  -0.00012  -0.00009   2.06883
   R20        2.06851   0.00000  -0.00001   0.00002   0.00001   2.06852
   R21        2.06959   0.00001   0.00000   0.00003   0.00003   2.06962
   R22        2.06222   0.00000   0.00002  -0.00004  -0.00001   2.06221
   R23        2.06661   0.00000  -0.00002  -0.00015  -0.00017   2.06644
    A1        2.08387   0.00004   0.00002  -0.00097  -0.00096   2.08291
    A2        2.10840   0.00007   0.00000  -0.00012  -0.00012   2.10828
    A3        2.09053  -0.00010  -0.00003   0.00113   0.00110   2.09163
    A4        2.09286  -0.00012   0.00005   0.00109   0.00113   2.09399
    A5        2.11684   0.00009  -0.00010   0.00004  -0.00006   2.11678
    A6        2.07279   0.00003   0.00005  -0.00104  -0.00099   2.07181
    A7        2.10522  -0.00018   0.00008   0.00008   0.00015   2.10537
    A8        2.09675  -0.00017   0.00072  -0.00544  -0.00473   2.09202
    A9        2.08014   0.00036  -0.00085   0.00566   0.00481   2.08494
   A10        2.08539   0.00028  -0.00017  -0.00033  -0.00051   2.08488
   A11        1.60793  -0.00018   0.00167  -0.01486  -0.01314   1.59479
   A12        2.07649  -0.00010  -0.00045   0.00347   0.00291   2.07940
   A13        2.01317  -0.00007  -0.00268   0.03158   0.02885   2.04202
   A14        2.08224  -0.00011  -0.00008   0.00202   0.00195   2.08419
   A15        2.07136   0.00006  -0.00003   0.00082   0.00078   2.07215
   A16        2.07739  -0.00025  -0.00017   0.00352   0.00333   2.08071
   A17        2.13438   0.00019   0.00020  -0.00444  -0.00426   2.13012
   A18        2.12578  -0.00009   0.00006  -0.00019  -0.00013   2.12565
   A19        2.07401   0.00006  -0.00010   0.00033   0.00023   2.07423
   A20        2.08308   0.00003   0.00005  -0.00010  -0.00005   2.08304
   A21        1.71447  -0.00008  -0.00017   0.00277   0.00271   1.71718
   A22        1.20486  -0.00002   0.00059  -0.00595  -0.00550   1.19936
   A23        1.86990  -0.00006   0.00013  -0.00153  -0.00137   1.86853
   A24        2.21443  -0.00012   0.00041  -0.00388  -0.00363   2.21080
   A25        1.19486   0.00003  -0.00010   0.00082   0.00084   1.19570
   A26        1.81897  -0.00034  -0.00025   0.00845   0.00821   1.82718
   A27        2.23149   0.00027  -0.00100   0.00902   0.00803   2.23952
   A28        1.94749   0.00000   0.00003  -0.00017  -0.00014   1.94736
   A29        1.93787   0.00000   0.00009  -0.00046  -0.00037   1.93750
   A30        1.93532  -0.00002  -0.00002   0.00036   0.00035   1.93567
   A31        1.88595   0.00001  -0.00007   0.00021   0.00014   1.88609
   A32        1.88682   0.00000  -0.00001  -0.00001  -0.00002   1.88680
   A33        1.86746   0.00001  -0.00003   0.00008   0.00005   1.86751
   A34        1.93779  -0.00002   0.00014  -0.00053  -0.00039   1.93740
   A35        1.94818   0.00000   0.00015  -0.00103  -0.00087   1.94731
   A36        1.92287   0.00006  -0.00052   0.00294   0.00241   1.92528
   A37        1.88585   0.00000   0.00006  -0.00082  -0.00076   1.88509
   A38        1.86928  -0.00001   0.00000   0.00035   0.00036   1.86963
   A39        1.89750  -0.00004   0.00017  -0.00094  -0.00077   1.89673
    D1       -0.01563   0.00000  -0.00034   0.00227   0.00193  -0.01369
    D2        3.08539  -0.00002  -0.00045   0.00509   0.00465   3.09004
    D3       -3.12738  -0.00001  -0.00002   0.00113   0.00112  -3.12626
    D4       -0.02637  -0.00003  -0.00013   0.00396   0.00384  -0.02253
    D5        0.04738   0.00006   0.00003  -0.00719  -0.00715   0.04023
    D6       -3.12113   0.00004   0.00023  -0.00518  -0.00495  -3.12608
    D7       -3.12374   0.00007  -0.00028  -0.00609  -0.00637  -3.13011
    D8       -0.00907   0.00005  -0.00009  -0.00408  -0.00417  -0.01323
    D9       -0.05438  -0.00001  -0.00095   0.01029   0.00933  -0.04504
   D10        2.05071   0.00001  -0.00096   0.01012   0.00916   2.05987
   D11       -2.15882   0.00000  -0.00095   0.01017   0.00921  -2.14960
   D12        3.11717  -0.00001  -0.00064   0.00919   0.00855   3.12572
   D13       -1.06093   0.00000  -0.00065   0.00902   0.00838  -1.05255
   D14        1.01273   0.00000  -0.00064   0.00907   0.00843   1.02116
   D15       -0.03713  -0.00009   0.00028   0.00482   0.00511  -0.03202
   D16        3.05411  -0.00002  -0.00101   0.01182   0.01081   3.06492
   D17       -3.13917  -0.00007   0.00039   0.00205   0.00245  -3.13672
   D18       -0.04793  -0.00001  -0.00090   0.00904   0.00815  -0.03978
   D19        0.05951   0.00014   0.00006  -0.00730  -0.00724   0.05227
   D20        2.16913   0.00004  -0.00211   0.02068   0.01853   2.18766
   D21       -2.78353  -0.00013   0.00262  -0.02684  -0.02426  -2.80779
   D22       -3.03221   0.00009   0.00130  -0.01391  -0.01265  -3.04486
   D23       -0.92259  -0.00001  -0.00087   0.01406   0.01312  -0.90947
   D24        0.40794  -0.00018   0.00385  -0.03345  -0.02967   0.37827
   D25       -2.54705   0.00004   0.00141  -0.01035  -0.00903  -2.55608
   D26        0.54491   0.00009   0.00016  -0.00361  -0.00352   0.54139
   D27       -0.02823  -0.00009  -0.00036   0.00249   0.00214  -0.02608
   D28        3.12461  -0.00014  -0.00004   0.01208   0.01209   3.13670
   D29       -1.91950   0.00001  -0.00046  -0.00117  -0.00169  -1.92120
   D30        1.23334  -0.00004  -0.00013   0.00842   0.00825   1.24158
   D31        2.81382   0.00019  -0.00299   0.02234   0.01937   2.83319
   D32       -0.31652   0.00013  -0.00266   0.03193   0.02931  -0.28721
   D33       -1.20639  -0.00013  -0.00004  -0.00013  -0.00010  -1.20649
   D34        0.63096  -0.00016   0.00019  -0.00303  -0.00280   0.62816
   D35        0.96192   0.00007  -0.00023   0.00219   0.00194   0.96386
   D36        2.79927   0.00003   0.00000  -0.00071  -0.00075   2.79851
   D37       -0.02471  -0.00002   0.00032   0.00466   0.00497  -0.01975
   D38       -3.13925   0.00000   0.00013   0.00263   0.00275  -3.13650
   D39        3.10525   0.00004  -0.00003  -0.00521  -0.00522   3.10003
   D40       -0.00929   0.00006  -0.00022  -0.00723  -0.00743  -0.01672
   D41        1.09446   0.00004  -0.00276   0.02119   0.01844   1.11290
   D42       -3.08335   0.00003  -0.00248   0.01909   0.01661  -3.06674
   D43       -0.97341   0.00002  -0.00252   0.01922   0.01670  -0.95671
   D44       -2.03546  -0.00002  -0.00242   0.03111   0.02869  -2.00677
   D45        0.06991  -0.00003  -0.00214   0.02900   0.02686   0.09677
   D46        2.17985  -0.00003  -0.00218   0.02913   0.02695   2.20680
   D47       -0.67333  -0.00002   0.00118  -0.00786  -0.00673  -0.68006
   D48        0.93977  -0.00010   0.00112  -0.00596  -0.00481   0.93496
   D49       -1.21749   0.00002   0.00071  -0.00227  -0.00135  -1.21884
   D50        0.28606   0.00008  -0.00218   0.02038   0.01830   0.30436
         Item               Value     Threshold  Converged?
 Maximum Force            0.000919     0.000450     NO 
 RMS     Force            0.000137     0.000300     YES
 Maximum Displacement     0.103488     0.001800     NO 
 RMS     Displacement     0.021907     0.001200     NO 
 Predicted change in Energy=-2.274799D-05
 GradGradGradGradGradGradGradGradGradGradGradGradGradGradGradGradGradGrad

                          Input orientation:                          
 ---------------------------------------------------------------------
 Center     Atomic      Atomic             Coordinates (Angstroms)
 Number     Number       Type             X           Y           Z
 ---------------------------------------------------------------------
      1          6           0       -1.729811   -0.086210    0.066285
      2          6           0       -0.945916   -1.220204   -0.130969
      3          6           0        0.422372   -1.089564   -0.359634
      4          6           0        1.022878    0.191467   -0.432588
      5          6           0        0.230899    1.347310   -0.207163
      6          6           0       -1.120406    1.188502    0.048255
      7          8           0        2.466830   -0.339140    1.118167
      8          1           0       -1.736729    2.066158    0.217438
      9          8           0        1.194702   -2.191337   -0.462043
     10          1           0        1.856589   -0.384305    1.870101
     11          1           0        2.054600   -1.927506   -0.080359
     12          1           0        1.988080    0.293846   -0.907343
     13          6           0       -3.207887   -0.207071    0.334579
     14          1           0       -3.537931   -1.246341    0.301540
     15          1           0       -3.462645    0.198898    1.318870
     16          1           0       -3.786313    0.357171   -0.403820
     17          1           0       -1.371794   -2.215001   -0.076468
     18          6           0        0.875963    2.705756   -0.279739
     19          1           0        1.249601    2.909506   -1.288862
     20          1           0        0.174197    3.497914   -0.013496
     21          1           0        1.733353    2.755464    0.397154
 ---------------------------------------------------------------------
                    Distance matrix (angstroms):
                    1          2          3          4          5
     1  C    0.000000
     2  C    1.392604   0.000000
     3  C    2.412472   1.393401   0.000000
     4  C    2.811277   2.441299   1.416676   0.000000
     5  C    2.444205   2.825390   2.449135   1.419162   0.000000
     6  C    1.413008   2.421660   2.781388   2.412251   1.384371
     7  O    4.333847   3.739445   2.631890   2.184349   3.098387
     8  H    2.157679   3.398080   3.866951   3.398887   2.137426
     9  O    3.641905   2.373806   1.349402   2.389173   3.676398
    10  H    4.025529   3.543592   2.743372   2.515743   3.155374
    11  H    4.211134   3.083170   1.855885   2.382973   3.750518
    12  H    3.862008   3.391672   2.159919   1.080504   2.165115
    13  C    1.507082   2.521842   3.799935   4.318188   3.812457
    14  H    2.161145   2.627982   4.018175   4.838101   4.603247
    15  H    2.157074   3.232616   4.423897   4.815348   4.158112
    16  H    2.155641   3.260433   4.450621   4.812132   4.142106
    17  H    2.163402   1.083495   2.136778   3.413556   3.908422
    18  C    3.834692   4.330651   3.823164   2.523212   1.505573
    19  H    4.437075   4.818248   4.188118   2.858731   2.155987
    20  H    4.059255   4.850680   4.607207   3.439257   2.160051
    21  H    4.492002   4.823207   4.132268   2.786992   2.146034
                    6          7          8          9         10
     6  C    0.000000
     7  O    4.043101   0.000000
     8  H    1.085706   4.926123   0.000000
     9  O    4.128371   2.747000   5.213564   0.000000
    10  H    3.828230   0.969452   4.652741   3.023633   0.000000
    11  H    4.450473   2.032069   5.514727   0.977095   2.494989
    12  H    3.372871   2.175446   4.275561   2.646483   2.862057
    13  C    2.527288   5.730084   2.710276   4.894355   5.295107
    14  H    3.440501   6.127565   3.771478   4.886092   5.683691
    15  H    2.842511   5.957217   2.771028   5.529535   5.379427
    16  H    2.828878   6.473261   2.739962   5.595427   6.128855
    17  H    3.415053   4.436332   4.306724   2.595406   4.190828
    18  C    2.528859   3.708961   2.735404   4.910840   3.889976
    19  H    3.219731   4.222456   3.449398   5.167712   4.603984
    20  H    2.648243   4.610836   2.398937   5.797431   4.631415
    21  H    3.274299   3.261046   3.542444   5.049673   3.470289
                   11         12         13         14         15
    11  H    0.000000
    12  H    2.371230   0.000000
    13  C    5.552102   5.365758   0.000000
    14  H    5.646790   5.862625   1.090919   0.000000
    15  H    6.076136   5.888586   1.094780   1.768995   0.000000
    16  H    6.280179   5.796651   1.094614   1.769316   1.759964
    17  H    3.438437   4.274742   2.751723   2.402778   3.485044
    18  C    4.784982   2.729103   5.053690   5.953102   5.259602
    19  H    5.050266   2.744556   5.676073   6.536123   6.029339
    20  H    5.742436   3.788824   5.028575   6.032172   5.087763
    21  H    4.718201   2.797527   5.761630   6.618914   5.863786
                   16         17         18         19         20
    16  H    0.000000
    17  H    3.543040   0.000000
    18  C    5.221884   5.413647   0.000000
    19  H    5.714731   5.882362   1.095193   0.000000
    20  H    5.069740   5.918737   1.091272   1.768976   0.000000
    21  H    6.071250   5.879776   1.093513   1.760793   1.775058
                   21
    21  H    0.000000
 Stoichiometry    C8H11O2(2)
 Framework group  C1[X(C8H11O2)]
 Deg. of freedom    57
 Full point group                 C1      NOp   1
 Largest Abelian subgroup         C1      NOp   1
 Largest concise Abelian subgroup C1      NOp   1
                         Standard orientation:                         
 ---------------------------------------------------------------------
 Center     Atomic      Atomic             Coordinates (Angstroms)
 Number     Number       Type             X           Y           Z
 ---------------------------------------------------------------------
      1          6           0       -1.692730   -0.194944    0.069194
      2          6           0       -0.866336   -1.294528   -0.148367
      3          6           0        0.493462   -1.106943   -0.387799
      4          6           0        1.041923    0.197720   -0.451160
      5          6           0        0.206851    1.318493   -0.205102
      6          6           0       -1.134607    1.103137    0.060597
      7          8           0        2.520410   -0.292534    1.080215
      8          1           0       -1.783658    1.953590    0.245582
      9          8           0        1.307919   -2.175869   -0.510045
     10          1           0        1.919585   -0.370475    1.837033
     11          1           0        2.160239   -1.882362   -0.133058
     12          1           0        1.997764    0.343813   -0.933356
     13          6           0       -3.162237   -0.377579    0.349353
     14          1           0       -3.451061   -1.428721    0.307128
     15          1           0       -3.423586    0.006744    1.340582
     16          1           0       -3.769569    0.171526   -0.377154
     17          1           0       -1.251851   -2.306042   -0.101680
     18          6           0        0.796762    2.702275   -0.267580
     19          1           0        1.152452    2.932162   -1.277573
     20          1           0        0.066652    3.462802    0.014223
     21          1           0        1.657869    2.778395    0.402100
 ---------------------------------------------------------------------
 Rotational constants (GHZ):           1.5843120           1.1748932           0.7516625
 Standard basis: 6-311G(d,p) (5D, 7F)
 There are   256 symmetry adapted cartesian basis functions of A   symmetry.
 There are   246 symmetry adapted basis functions of A   symmetry.
   246 basis functions,   408 primitive gaussians,   256 cartesian basis functions
    38 alpha electrons       37 beta electrons
       nuclear repulsion energy       519.1678961687 Hartrees.
 NAtoms=   21 NActive=   21 NUniq=   21 SFac= 1.00D+00 NAtFMM=   60 NAOKFM=F Big=F
 Integral buffers will be    131072 words long.
 Raffenetti 2 integral format.
 Two-electron integral symmetry is turned on.
 One-electron integrals computed using PRISM.
 NBasis=   246 RedAO= T EigKep=  1.92D-04  NBF=   246
 NBsUse=   246 1.00D-06 EigRej= -1.00D+00 NBFU=   246
 Initial guess from the checkpoint file:  "SR-11-TS-P2_2.chk"
 B after Tr=     0.000000    0.000000    0.000000
         Rot=    0.999935   -0.003778   -0.002478   -0.010422 Ang=  -1.30 deg.
 Initial guess <Sx>= 0.0000 <Sy>= 0.0000 <Sz>= 0.5000 <S**2>= 0.7657 S= 0.5078
 ExpMin= 1.03D-01 ExpMax= 8.59D+03 ExpMxC= 1.30D+03 IAcc=2 IRadAn=         4 AccDes= 0.00D+00
 Harris functional with IExCor=  402 and IRadAn=       4 diagonalized for initial guess.
 HarFok:  IExCor=  402 AccDes= 0.00D+00 IRadAn=         4 IDoV= 1 UseB2=F ITyADJ=14
 ICtDFT=  3500011 ScaDFX=  1.000000  1.000000  1.000000  1.000000
 FoFCou: FMM=F IPFlag=           0 FMFlag=      100000 FMFlg1=           0
         NFxFlg=           0 DoJE=T BraDBF=F KetDBF=T FulRan=T
         wScrn=  0.000000 ICntrl=       500 IOpCl=  0 I1Cent=   200000004 NGrid=           0
         NMat0=    1 NMatS0=      1 NMatT0=    0 NMatD0=    1 NMtDS0=    0 NMtDT0=    0
 Petite list used in FoFCou.
 Requested convergence on RMS density matrix=1.00D-08 within 128 cycles.
 Requested convergence on MAX density matrix=1.00D-06.
 Requested convergence on             energy=1.00D-06.
 No special actions if energy rises.
 Integral accuracy reduced to 1.0D-05 until final iterations.
 Initial convergence to 1.0D-05 achieved.  Increase integral accuracy.
 SCF Done:  E(UB3LYP) =  -461.978618933     A.U. after   18 cycles
            NFock= 18  Conv=0.27D-08     -V/T= 2.0038
 <Sx>= 0.0000 <Sy>= 0.0000 <Sz>= 0.5000 <S**2>= 0.7636 S= 0.5068
 <L.S>= 0.000000000000E+00
 Annihilation of the first spin contaminant:
 S**2 before annihilation     0.7636,   after     0.7501
 Calling FoFJK, ICntrl=      2127 FMM=F ISym2X=0 I1Cent= 0 IOpClX= 1 NMat=1 NMatS=1 NMatT=0.
 ***** Axes restored to original set *****
 -------------------------------------------------------------------
 Center     Atomic                   Forces (Hartrees/Bohr)
 Number     Number              X              Y              Z
 -------------------------------------------------------------------
      1        6           0.000491517   -0.000351652    0.000076956
      2        6          -0.000829070    0.000058656    0.000047480
      3        6           0.002312487    0.000260911    0.000647629
      4        6          -0.003073456    0.001718680   -0.001491654
      5        6           0.000650749   -0.001312548   -0.000511546
      6        6           0.000064272   -0.000032143    0.000408068
      7        8           0.000871923   -0.000532494    0.000343724
      8        1           0.000046377   -0.000005358    0.000031874
      9        8          -0.000228299   -0.001149877   -0.000308154
     10        1          -0.000429751    0.000171193   -0.000155718
     11        1          -0.000588265    0.001128931    0.000362895
     12        1           0.000073714    0.000051189    0.000501448
     13        6           0.000057649    0.000136773   -0.000067855
     14        1           0.000004439    0.000006167   -0.000033286
     15        1           0.000012900   -0.000001163   -0.000026435
     16        1           0.000027934    0.000011101   -0.000022558
     17        1           0.000044609   -0.000027333   -0.000048016
     18        6           0.000456275   -0.000218999    0.000193384
     19        1           0.000004893   -0.000021902   -0.000007004
     20        1           0.000026153    0.000017953    0.000025783
     21        1           0.000002952    0.000091915    0.000032987
 -------------------------------------------------------------------
 Cartesian Forces:  Max     0.003073456 RMS     0.000682303

 GradGradGradGradGradGradGradGradGradGradGradGradGradGradGradGradGradGrad
 Berny optimization.
 Using GEDIIS/GDIIS optimizer.
 FormGI is forming the generalized inverse of G from B-inverse, IUseBI=4.
 Internal  Forces:  Max     0.002070889 RMS     0.000311161
 Search for a local minimum.
 Step number   4 out of a maximum of  122
 All quantities printed in internal units (Hartrees-Bohrs-Radians)
 Mixed Optimization -- En-DIIS/RFO-DIIS
 Swapping is turned off.
 Update second derivatives using D2CorX and points    1    2    3    4
 DE= -3.10D-05 DEPred=-2.27D-05 R= 1.36D+00
 TightC=F SS=  1.41D+00  RLast= 1.28D-01 DXNew= 5.0454D-01 3.8383D-01
 Trust test= 1.36D+00 RLast= 1.28D-01 DXMaxT set to 3.84D-01
 ITU=  1  1  1  0
     Eigenvalues ---    0.00082   0.00679   0.00848   0.01111   0.01505
     Eigenvalues ---    0.01761   0.02031   0.02070   0.02170   0.02174
     Eigenvalues ---    0.02213   0.02514   0.03137   0.04468   0.05273
     Eigenvalues ---    0.06062   0.07088   0.07116   0.07220   0.07300
     Eigenvalues ---    0.12500   0.14105   0.15268   0.15991   0.15996
     Eigenvalues ---    0.16000   0.16000   0.16000   0.16000   0.16009
     Eigenvalues ---    0.16092   0.20332   0.22634   0.23599   0.23904
     Eigenvalues ---    0.24988   0.29202   0.31752   0.31891   0.33316
     Eigenvalues ---    0.34221   0.34260   0.34287   0.34401   0.34666
     Eigenvalues ---    0.34706   0.35319   0.35573   0.36840   0.42294
     Eigenvalues ---    0.44317   0.45875   0.47919   0.48747   0.52014
     Eigenvalues ---    0.53488   1.05636
 En-DIIS/RFO-DIIS/Sim-DIIS IScMMF=       -3 using points:     4    3    2    1
 RFO step:  Lambda=-6.36702701D-05.
 DIIS inversion failure, remove point   4.
 DIIS inversion failure, remove point   3.
 RFO-DIIS uses    2 points instead of    4
 DidBck=F Rises=F RFO-DIIS coefs:    2.99004   -1.99004    0.00000    0.00000
 Iteration  1 RMS(Cart)=  0.04196826 RMS(Int)=  0.00106829
 Iteration  2 RMS(Cart)=  0.00102508 RMS(Int)=  0.00027731
 Iteration  3 RMS(Cart)=  0.00000141 RMS(Int)=  0.00027731
 Iteration  4 RMS(Cart)=  0.00000000 RMS(Int)=  0.00027731
 Variable       Old X    -DE/DX   Delta X   Delta X   Delta X     New X
                                 (Linear)    (Quad)   (Total)
    R1        2.63164  -0.00031  -0.00290  -0.00009  -0.00300   2.62864
    R2        2.67020  -0.00007  -0.00119   0.00018  -0.00102   2.66918
    R3        2.84797  -0.00014   0.00067  -0.00003   0.00064   2.84861
    R4        2.63315   0.00045   0.00315   0.00039   0.00354   2.63668
    R5        2.04751   0.00001  -0.00007   0.00002  -0.00006   2.04745
    R6        2.67713  -0.00031  -0.00580  -0.00005  -0.00566   2.67147
    R7        2.55000  -0.00007  -0.00079   0.00002  -0.00063   2.54937
    R8        2.68183  -0.00207  -0.00054  -0.00127  -0.00180   2.68003
    R9        4.12782   0.00025   0.15827   0.00343   0.16101   4.28883
   R10        2.04186  -0.00011  -0.00073   0.00003  -0.00028   2.04158
   R11        2.61608  -0.00028   0.00228  -0.00021   0.00208   2.61816
   R12        2.84512   0.00008   0.00167   0.00008   0.00176   2.84688
   R13        2.05169  -0.00003   0.00008  -0.00005   0.00003   2.05172
   R14        1.83200   0.00014   0.00057   0.00007   0.00064   1.83264
   R15        3.84005  -0.00029  -0.03684  -0.00362  -0.04073   3.79932
   R16        4.11100   0.00013   0.01894  -0.00089   0.01866   4.12965
   R17        1.84644  -0.00004  -0.00037   0.00016  -0.00038   1.84606
   R18        2.06154  -0.00001  -0.00002   0.00001  -0.00001   2.06152
   R19        2.06883  -0.00003  -0.00018   0.00000  -0.00018   2.06865
   R20        2.06852   0.00001   0.00002   0.00000   0.00002   2.06855
   R21        2.06962   0.00000   0.00006  -0.00004   0.00002   2.06963
   R22        2.06221   0.00000  -0.00003   0.00004   0.00002   2.06222
   R23        2.06644   0.00003  -0.00033   0.00002  -0.00031   2.06613
    A1        2.08291   0.00012  -0.00191   0.00040  -0.00152   2.08140
    A2        2.10828   0.00015  -0.00024   0.00013  -0.00010   2.10818
    A3        2.09163  -0.00027   0.00218  -0.00052   0.00167   2.09330
    A4        2.09399  -0.00030   0.00226  -0.00020   0.00204   2.09603
    A5        2.11678   0.00020  -0.00011   0.00018   0.00007   2.11685
    A6        2.07181   0.00009  -0.00197   0.00000  -0.00197   2.06984
    A7        2.10537  -0.00044   0.00029  -0.00092  -0.00067   2.10470
    A8        2.09202  -0.00029  -0.00941   0.00015  -0.00929   2.08273
    A9        2.08494   0.00074   0.00957   0.00079   0.01035   2.09529
   A10        2.08488   0.00069  -0.00101   0.00114   0.00009   2.08497
   A11        1.59479  -0.00030  -0.02615  -0.00140  -0.02717   1.56762
   A12        2.07940  -0.00025   0.00579   0.00014   0.00505   2.08444
   A13        2.04202  -0.00042   0.05740  -0.00232   0.05480   2.09682
   A14        2.08419  -0.00027   0.00388   0.00032   0.00418   2.08836
   A15        2.07215   0.00009   0.00156  -0.00028   0.00124   2.07338
   A16        2.08071  -0.00065   0.00662  -0.00081   0.00572   2.08644
   A17        2.13012   0.00056  -0.00847   0.00115  -0.00740   2.12272
   A18        2.12565  -0.00018  -0.00026  -0.00034  -0.00059   2.12506
   A19        2.07423   0.00012   0.00045   0.00016   0.00060   2.07484
   A20        2.08304   0.00006  -0.00010   0.00017   0.00007   2.08310
   A21        1.71718  -0.00023   0.00539  -0.00147   0.00464   1.72182
   A22        1.19936  -0.00007  -0.01095  -0.00033  -0.01214   1.18722
   A23        1.86853  -0.00012  -0.00272   0.00024  -0.00227   1.86627
   A24        2.21080  -0.00029  -0.00722  -0.00179  -0.01000   2.20080
   A25        1.19570   0.00002   0.00166   0.00019   0.00247   1.19817
   A26        1.82718  -0.00090   0.01635  -0.00169   0.01477   1.84195
   A27        2.23952   0.00068   0.01598   0.00227   0.01831   2.25783
   A28        1.94736   0.00000  -0.00027   0.00004  -0.00023   1.94712
   A29        1.93750   0.00001  -0.00074   0.00017  -0.00056   1.93694
   A30        1.93567  -0.00006   0.00069  -0.00021   0.00047   1.93614
   A31        1.88609   0.00002   0.00027   0.00002   0.00029   1.88638
   A32        1.88680   0.00001  -0.00004  -0.00006  -0.00010   1.88670
   A33        1.86751   0.00002   0.00011   0.00004   0.00015   1.86766
   A34        1.93740  -0.00005  -0.00077  -0.00003  -0.00080   1.93660
   A35        1.94731   0.00002  -0.00173   0.00017  -0.00157   1.94575
   A36        1.92528   0.00011   0.00481  -0.00018   0.00462   1.92991
   A37        1.88509   0.00001  -0.00151   0.00004  -0.00148   1.88361
   A38        1.86963  -0.00002   0.00071   0.00006   0.00077   1.87040
   A39        1.89673  -0.00008  -0.00154  -0.00006  -0.00160   1.89513
    D1       -0.01369  -0.00001   0.00385  -0.00028   0.00360  -0.01009
    D2        3.09004  -0.00009   0.00925  -0.00091   0.00836   3.09840
    D3       -3.12626  -0.00001   0.00223  -0.00082   0.00144  -3.12482
    D4       -0.02253  -0.00009   0.00763  -0.00145   0.00621  -0.01632
    D5        0.04023   0.00017  -0.01423   0.00215  -0.01205   0.02818
    D6       -3.12608   0.00011  -0.00985   0.00190  -0.00793  -3.13401
    D7       -3.13011   0.00018  -0.01267   0.00270  -0.00995  -3.14005
    D8       -0.01323   0.00012  -0.00829   0.00245  -0.00583  -0.01906
    D9       -0.04504  -0.00002   0.01857  -0.00018   0.01840  -0.02664
   D10        2.05987   0.00001   0.01823  -0.00001   0.01822   2.07809
   D11       -2.14960   0.00000   0.01833   0.00002   0.01836  -2.13125
   D12        3.12572  -0.00003   0.01702  -0.00074   0.01628  -3.14118
   D13       -1.05255   0.00000   0.01668  -0.00057   0.01611  -1.03645
   D14        1.02116   0.00000   0.01678  -0.00054   0.01624   1.03740
   D15       -0.03202  -0.00025   0.01017  -0.00265   0.00753  -0.02450
   D16        3.06492  -0.00015   0.02152  -0.00198   0.01953   3.08446
   D17       -3.13672  -0.00018   0.00487  -0.00205   0.00285  -3.13388
   D18       -0.03978  -0.00007   0.01622  -0.00138   0.01486  -0.02492
   D19        0.05227   0.00040  -0.01441   0.00383  -0.01064   0.04163
   D20        2.18766  -0.00005   0.03688   0.00051   0.03722   2.22488
   D21       -2.80779  -0.00023  -0.04828  -0.00258  -0.05113  -2.85892
   D22       -3.04486   0.00032  -0.02517   0.00318  -0.02223  -3.06709
   D23       -0.90947  -0.00013   0.02611  -0.00014   0.02563  -0.88384
   D24        0.37827  -0.00031  -0.05904  -0.00324  -0.06273   0.31554
   D25       -2.55608   0.00018  -0.01797   0.00031  -0.01812  -2.57420
   D26        0.54139   0.00026  -0.00701   0.00093  -0.00646   0.53493
   D27       -0.02608  -0.00025   0.00426  -0.00198   0.00238  -0.02370
   D28        3.13670  -0.00039   0.02405  -0.00515   0.01912  -3.12736
   D29       -1.92120  -0.00001  -0.00337   0.00086  -0.00296  -1.92416
   D30        1.24158  -0.00015   0.01642  -0.00231   0.01378   1.25536
   D31        2.83319   0.00039   0.03855   0.00442   0.04311   2.87631
   D32       -0.28721   0.00025   0.05834   0.00125   0.05985  -0.22736
   D33       -1.20649  -0.00029  -0.00020  -0.00101  -0.00082  -1.20731
   D34        0.62816  -0.00035  -0.00558  -0.00023  -0.00558   0.62258
   D35        0.96386   0.00018   0.00387  -0.00141   0.00231   0.96617
   D36        2.79851   0.00012  -0.00150  -0.00063  -0.00245   2.79606
   D37       -0.01975  -0.00005   0.00989  -0.00099   0.00884  -0.01090
   D38       -3.13650   0.00001   0.00547  -0.00074   0.00470  -3.13180
   D39        3.10003   0.00008  -0.01038   0.00225  -0.00809   3.09194
   D40       -0.01672   0.00014  -0.01480   0.00249  -0.01224  -0.02896
   D41        1.11290   0.00007   0.03669  -0.00012   0.03659   1.14949
   D42       -3.06674   0.00006   0.03305   0.00003   0.03311  -3.03364
   D43       -0.95671   0.00005   0.03323  -0.00006   0.03318  -0.92353
   D44       -2.00677  -0.00007   0.05709  -0.00337   0.05370  -1.95307
   D45        0.09677  -0.00008   0.05345  -0.00322   0.05022   0.14699
   D46        2.20680  -0.00009   0.05363  -0.00331   0.05030   2.25710
   D47       -0.68006  -0.00005  -0.01339  -0.00088  -0.01463  -0.69469
   D48        0.93496  -0.00028  -0.00957  -0.00270  -0.01209   0.92288
   D49       -1.21884   0.00000  -0.00269  -0.00073  -0.00217  -1.22101
   D50        0.30436   0.00008   0.03641   0.00086   0.03784   0.34220
         Item               Value     Threshold  Converged?
 Maximum Force            0.002071     0.000450     NO 
 RMS     Force            0.000311     0.000300     NO 
 Maximum Displacement     0.201598     0.001800     NO 
 RMS     Displacement     0.042374     0.001200     NO 
 Predicted change in Energy=-3.348802D-05
 GradGradGradGradGradGradGradGradGradGradGradGradGradGradGradGradGradGrad

                          Input orientation:                          
 ---------------------------------------------------------------------
 Center     Atomic      Atomic             Coordinates (Angstroms)
 Number     Number       Type             X           Y           Z
 ---------------------------------------------------------------------
      1          6           0       -1.736760   -0.076914    0.062770
      2          6           0       -0.948086   -1.207276   -0.124863
      3          6           0        0.422754   -1.074646   -0.348452
      4          6           0        1.020125    0.204814   -0.416415
      5          6           0        0.223316    1.358752   -0.204648
      6          6           0       -1.131681    1.199112    0.036234
      7          8           0        2.542031   -0.430916    1.142593
      8          1           0       -1.751847    2.076836    0.190474
      9          8           0        1.184028   -2.182576   -0.462210
     10          1           0        1.950052   -0.490986    1.908393
     11          1           0        2.055515   -1.940249   -0.093279
     12          1           0        2.007198    0.307807   -0.843322
     13          6           0       -3.215510   -0.202933    0.326844
     14          1           0       -3.537103   -1.245321    0.317123
     15          1           0       -3.477663    0.224444    1.299961
     16          1           0       -3.795034    0.338798   -0.427402
     17          1           0       -1.370774   -2.203463   -0.071522
     18          6           0        0.854113    2.723854   -0.294867
     19          1           0        1.190090    2.933446   -1.315975
     20          1           0        0.153027    3.508067   -0.004383
     21          1           0        1.732844    2.784660    0.352853
 ---------------------------------------------------------------------
                    Distance matrix (angstroms):
                    1          2          3          4          5
     1  C    0.000000
     2  C    1.391018   0.000000
     3  C    2.414140   1.395272   0.000000
     4  C    2.812366   2.439847   1.413680   0.000000
     5  C    2.444288   2.821887   2.445788   1.418211   0.000000
     6  C    1.412469   2.418753   2.781048   2.413253   1.385469
     7  O    4.427120   3.793428   2.670008   2.269550   3.224036
     8  H    2.157586   3.395713   3.866674   3.399502   2.138466
     9  O    3.638738   2.368738   1.349069   2.393447   3.678356
    10  H    4.143713   3.611980   2.786871   2.598775   3.296678
    11  H    4.228204   3.091902   1.865553   2.403694   3.775283
    12  H    3.871205   3.397846   2.160217   1.080356   2.166708
    13  C    1.507421   2.520706   3.801693   4.319641   3.814035
    14  H    2.161274   2.626749   4.019027   4.838315   4.603714
    15  H    2.156897   3.237083   4.429238   4.814190   4.153040
    16  H    2.156289   3.253766   4.449022   4.817036   4.151754
    17  H    2.161987   1.083466   2.137208   3.411033   3.904896
    18  C    3.832079   4.327887   3.823290   2.527429   1.506502
    19  H    4.419236   4.810002   4.194008   2.878112   2.156238
    20  H    4.053133   4.843700   4.603520   3.439929   2.159769
    21  H    4.506762   4.832303   4.135506   2.784842   2.150045
                    6          7          8          9         10
     6  C    0.000000
     7  O    4.168595   0.000000
     8  H    1.085723   5.062879   0.000000
     9  O    4.128773   2.736398   5.214206   0.000000
    10  H    3.982272   0.969793   4.821723   3.011316   0.000000
    11  H    4.475554   2.010514   5.541976   0.976893   2.473495
    12  H    3.379438   2.185319   4.281193   2.650446   2.865881
    13  C    2.528345   5.819511   2.712610   4.888510   5.409926
    14  H    3.440960   6.188742   3.773580   4.875949   5.762814
    15  H    2.837361   6.057308   2.764192   5.534469   5.508368
    16  H    2.836997   6.573869   2.752664   5.581183   6.257036
    17  H    3.412667   4.463860   4.305208   2.584587   4.228537
    18  C    2.525439   3.855896   2.728592   4.920356   4.048535
    19  H    3.197968   4.380779   3.414405   5.186774   4.764538
    20  H    2.642611   4.747471   2.390593   5.801378   4.783350
    21  H    3.289333   3.408577   3.559558   5.063492   3.632732
                   11         12         13         14         15
    11  H    0.000000
    12  H    2.370371   0.000000
    13  C    5.565831   5.376506   0.000000
    14  H    5.650551   5.873509   1.090912   0.000000
    15  H    6.102710   5.889338   1.094683   1.769099   0.000000
    16  H    6.287656   5.817203   1.094627   1.769260   1.759996
    17  H    3.436453   4.279351   2.750248   2.400429   3.494950
    18  C    4.820567   2.732707   5.051182   5.950769   5.249268
    19  H    5.098710   2.790169   5.651994   6.517319   5.997477
    20  H    5.771613   3.792549   5.022775   6.026202   5.066103
    21  H    4.756881   2.764218   5.780363   6.634332   5.882270
                   16         17         18         19         20
    16  H    0.000000
    17  H    3.530832   0.000000
    18  C    5.226914   5.410957   0.000000
    19  H    5.689747   5.873203   1.095203   0.000000
    20  H    5.080393   5.911687   1.091280   1.768040   0.000000
    21  H    6.094955   5.890153   1.093347   1.761166   1.773910
                   21
    21  H    0.000000
 Stoichiometry    C8H11O2(2)
 Framework group  C1[X(C8H11O2)]
 Deg. of freedom    57
 Full point group                 C1      NOp   1
 Largest Abelian subgroup         C1      NOp   1
 Largest concise Abelian subgroup C1      NOp   1
                         Standard orientation:                         
 ---------------------------------------------------------------------
 Center     Atomic      Atomic             Coordinates (Angstroms)
 Number     Number       Type             X           Y           Z
 ---------------------------------------------------------------------
      1          6           0       -1.691929   -0.258699    0.077443
      2          6           0       -0.816433   -1.315040   -0.151864
      3          6           0        0.534052   -1.063901   -0.396609
      4          6           0        1.022198    0.261983   -0.443909
      5          6           0        0.137127    1.340583   -0.189756
      6          6           0       -1.194999    1.063455    0.071330
      7          8           0        2.622062   -0.280662    1.071620
      8          1           0       -1.882384    1.882861    0.258065
      9          8           0        1.381860   -2.101861   -0.551036
     10          1           0        2.052382   -0.407229    1.846181
     11          1           0        2.237492   -1.796489   -0.191924
     12          1           0        1.988719    0.456372   -0.885744
     13          6           0       -3.149679   -0.513143    0.364747
     14          1           0       -3.384172   -1.578147    0.335270
     15          1           0       -3.426887   -0.131424    1.352562
     16          1           0       -3.786834   -0.004293   -0.365536
     17          1           0       -1.154224   -2.343856   -0.115369
     18          6           0        0.651059    2.755077   -0.257804
     19          1           0        0.948242    3.015190   -1.279319
     20          1           0       -0.106524    3.471477    0.064271
     21          1           0        1.534440    2.873819    0.375399
 ---------------------------------------------------------------------
 Rotational constants (GHZ):           1.5775613           1.1516512           0.7415742
 Standard basis: 6-311G(d,p) (5D, 7F)
 There are   256 symmetry adapted cartesian basis functions of A   symmetry.
 There are   246 symmetry adapted basis functions of A   symmetry.
   246 basis functions,   408 primitive gaussians,   256 cartesian basis functions
    38 alpha electrons       37 beta electrons
       nuclear repulsion energy       517.1817762847 Hartrees.
 NAtoms=   21 NActive=   21 NUniq=   21 SFac= 1.00D+00 NAtFMM=   60 NAOKFM=F Big=F
 Integral buffers will be    131072 words long.
 Raffenetti 2 integral format.
 Two-electron integral symmetry is turned on.
 One-electron integrals computed using PRISM.
 NBasis=   246 RedAO= T EigKep=  1.87D-04  NBF=   246
 NBsUse=   246 1.00D-06 EigRej= -1.00D+00 NBFU=   246
 Initial guess from the checkpoint file:  "SR-11-TS-P2_2.chk"
 B after Tr=     0.000000    0.000000    0.000000
         Rot=    0.999760   -0.007237   -0.004890   -0.020080 Ang=  -2.51 deg.
 Initial guess <Sx>= 0.0000 <Sy>= 0.0000 <Sz>= 0.5000 <S**2>= 0.7637 S= 0.5068
 ExpMin= 1.03D-01 ExpMax= 8.59D+03 ExpMxC= 1.30D+03 IAcc=2 IRadAn=         4 AccDes= 0.00D+00
 Harris functional with IExCor=  402 and IRadAn=       4 diagonalized for initial guess.
 HarFok:  IExCor=  402 AccDes= 0.00D+00 IRadAn=         4 IDoV= 1 UseB2=F ITyADJ=14
 ICtDFT=  3500011 ScaDFX=  1.000000  1.000000  1.000000  1.000000
 FoFCou: FMM=F IPFlag=           0 FMFlag=      100000 FMFlg1=           0
         NFxFlg=           0 DoJE=T BraDBF=F KetDBF=T FulRan=T
         wScrn=  0.000000 ICntrl=       500 IOpCl=  0 I1Cent=   200000004 NGrid=           0
         NMat0=    1 NMatS0=      1 NMatT0=    0 NMatD0=    1 NMtDS0=    0 NMtDT0=    0
 Petite list used in FoFCou.
 Requested convergence on RMS density matrix=1.00D-08 within 128 cycles.
 Requested convergence on MAX density matrix=1.00D-06.
 Requested convergence on             energy=1.00D-06.
 No special actions if energy rises.
 Integral accuracy reduced to 1.0D-05 until final iterations.
 Initial convergence to 1.0D-05 achieved.  Increase integral accuracy.
 SCF Done:  E(UB3LYP) =  -461.978652551     A.U. after   19 cycles
            NFock= 19  Conv=0.72D-08     -V/T= 2.0038
 <Sx>= 0.0000 <Sy>= 0.0000 <Sz>= 0.5000 <S**2>= 0.7601 S= 0.5051
 <L.S>= 0.000000000000E+00
 Annihilation of the first spin contaminant:
 S**2 before annihilation     0.7601,   after     0.7501
 Calling FoFJK, ICntrl=      2127 FMM=F ISym2X=0 I1Cent= 0 IOpClX= 1 NMat=1 NMatS=1 NMatT=0.
 ***** Axes restored to original set *****
 -------------------------------------------------------------------
 Center     Atomic                   Forces (Hartrees/Bohr)
 Number     Number              X              Y              Z
 -------------------------------------------------------------------
      1        6           0.000691197   -0.000620153    0.000187187
      2        6          -0.001193704    0.000052163   -0.000014657
      3        6           0.003454327   -0.000044374    0.001088745
      4        6          -0.004516580    0.003009919   -0.001943187
      5        6           0.000723090   -0.001932494   -0.000966500
      6        6           0.000347196   -0.000037057    0.000708980
      7        8           0.001369332   -0.000778342    0.000196440
      8        1           0.000085216   -0.000008341    0.000058171
      9        8          -0.000325228   -0.002196351   -0.000709409
     10        1          -0.000794043    0.000359462   -0.000300844
     11        1          -0.001067207    0.002187576    0.000835675
     12        1           0.000015274    0.000075079    0.000696625
     13        6           0.000126807    0.000286055   -0.000139120
     14        1           0.000006827    0.000007399   -0.000060883
     15        1           0.000006768   -0.000006841   -0.000036485
     16        1           0.000039271    0.000020907   -0.000044170
     17        1           0.000073791   -0.000054833   -0.000076735
     18        6           0.000860919   -0.000433194    0.000426332
     19        1           0.000034921   -0.000063942   -0.000002787
     20        1           0.000038453    0.000030645    0.000037534
     21        1           0.000023374    0.000146714    0.000059088
 -------------------------------------------------------------------
 Cartesian Forces:  Max     0.004516580 RMS     0.001066886

 GradGradGradGradGradGradGradGradGradGradGradGradGradGradGradGradGradGrad
 Berny optimization.
 Using GEDIIS/GDIIS optimizer.
 FormGI is forming the generalized inverse of G from B-inverse, IUseBI=4.
 Internal  Forces:  Max     0.003398984 RMS     0.000534288
 Search for a local minimum.
 Step number   5 out of a maximum of  122
 All quantities printed in internal units (Hartrees-Bohrs-Radians)
 Mixed Optimization -- En-DIIS/RFO-DIIS
 Swapping is turned off.
 Update second derivatives using D2CorX and points    1    2    3    4    5
 DE= -3.36D-05 DEPred=-3.35D-05 R= 1.00D+00
 TightC=F SS=  1.41D+00  RLast= 2.55D-01 DXNew= 6.4552D-01 7.6531D-01
 Trust test= 1.00D+00 RLast= 2.55D-01 DXMaxT set to 6.46D-01
 ITU=  1  1  1  1  0
     Eigenvalues ---    0.00115   0.00679   0.00851   0.01125   0.01504
     Eigenvalues ---    0.01757   0.02030   0.02070   0.02171   0.02174
     Eigenvalues ---    0.02215   0.02487   0.03140   0.04438   0.05168
     Eigenvalues ---    0.05943   0.07091   0.07126   0.07221   0.07275
     Eigenvalues ---    0.12624   0.13900   0.15208   0.15993   0.15997
     Eigenvalues ---    0.16000   0.16000   0.16000   0.16001   0.16010
     Eigenvalues ---    0.16095   0.20600   0.22708   0.23604   0.23899
     Eigenvalues ---    0.24988   0.30309   0.31788   0.31910   0.33550
     Eigenvalues ---    0.34221   0.34260   0.34287   0.34401   0.34666
     Eigenvalues ---    0.34706   0.35320   0.35573   0.36888   0.42470
     Eigenvalues ---    0.44399   0.45905   0.47924   0.48727   0.52103
     Eigenvalues ---    0.53492   1.29378
 En-DIIS/RFO-DIIS/Sim-DIIS IScMMF=       -3 using points:     5    4    3    2    1
 RFO step:  Lambda=-2.98490830D-05.
 DIIS inversion failure, remove point   5.
 DIIS inversion failure, remove point   4.
 RFO-DIIS uses    3 points instead of    5
 DidBck=F Rises=F RFO-DIIS coefs:    1.21378   -1.41346    1.19968    0.00000    0.00000
 Iteration  1 RMS(Cart)=  0.01771703 RMS(Int)=  0.00026883
 Iteration  2 RMS(Cart)=  0.00015570 RMS(Int)=  0.00020944
 Iteration  3 RMS(Cart)=  0.00000004 RMS(Int)=  0.00020944
 Variable       Old X    -DE/DX   Delta X   Delta X   Delta X     New X
                                 (Linear)    (Quad)   (Total)
    R1        2.62864  -0.00037   0.00111   0.00017   0.00129   2.62993
    R2        2.66918   0.00001   0.00050   0.00020   0.00070   2.66988
    R3        2.84861  -0.00025  -0.00027  -0.00003  -0.00030   2.84831
    R4        2.63668   0.00062  -0.00115   0.00010  -0.00104   2.63564
    R5        2.04745   0.00002   0.00003   0.00001   0.00004   2.04749
    R6        2.67147  -0.00007   0.00229   0.00062   0.00276   2.67422
    R7        2.54937  -0.00008   0.00034   0.00004   0.00028   2.54965
    R8        2.68003  -0.00340  -0.00006  -0.00050  -0.00057   2.67946
    R9        4.28883   0.00005  -0.06099   0.00106  -0.05940   4.22943
   R10        2.04158  -0.00017   0.00038  -0.00004   0.00003   2.04161
   R11        2.61816  -0.00066  -0.00093  -0.00029  -0.00123   2.61693
   R12        2.84688   0.00008  -0.00063  -0.00005  -0.00069   2.84619
   R13        2.05172  -0.00005  -0.00004  -0.00001  -0.00005   2.05167
   R14        1.83264   0.00023  -0.00021   0.00003  -0.00018   1.83247
   R15        3.79932  -0.00048   0.01350  -0.00288   0.01083   3.81015
   R16        4.12965   0.00010  -0.00743  -0.00030  -0.00821   4.12144
   R17        1.84606   0.00004   0.00014   0.00010   0.00038   1.84644
   R18        2.06152  -0.00001   0.00001   0.00000   0.00001   2.06154
   R19        2.06865  -0.00004   0.00007   0.00001   0.00008   2.06873
   R20        2.06855   0.00002  -0.00001   0.00002   0.00001   2.06856
   R21        2.06963   0.00000  -0.00003   0.00001  -0.00002   2.06961
   R22        2.06222   0.00001   0.00002   0.00003   0.00005   2.06227
   R23        2.06613   0.00006   0.00013   0.00001   0.00014   2.06627
    A1        2.08140   0.00023   0.00082   0.00013   0.00097   2.08236
    A2        2.10818   0.00028   0.00012   0.00021   0.00033   2.10851
    A3        2.09330  -0.00052  -0.00096  -0.00033  -0.00129   2.09201
    A4        2.09603  -0.00052  -0.00092  -0.00003  -0.00094   2.09509
    A5        2.11685   0.00035   0.00008   0.00013   0.00021   2.11706
    A6        2.06984   0.00016   0.00076  -0.00009   0.00067   2.07051
    A7        2.10470  -0.00080  -0.00032  -0.00050  -0.00079   2.10391
    A8        2.08273  -0.00034   0.00369   0.00017   0.00388   2.08661
    A9        2.09529   0.00114  -0.00356   0.00036  -0.00320   2.09209
   A10        2.08497   0.00118   0.00063   0.00046   0.00113   2.08610
   A11        1.56762  -0.00041   0.00996  -0.00024   0.00945   1.57707
   A12        2.08444  -0.00045  -0.00241  -0.00023  -0.00201   2.08243
   A13        2.09682  -0.00083  -0.02289   0.00052  -0.02217   2.07466
   A14        2.08836  -0.00052  -0.00145  -0.00019  -0.00165   2.08671
   A15        2.07338   0.00013  -0.00067  -0.00008  -0.00072   2.07266
   A16        2.08644  -0.00130  -0.00277  -0.00075  -0.00346   2.08298
   A17        2.12272   0.00118   0.00352   0.00091   0.00450   2.12722
   A18        2.12506  -0.00025   0.00003  -0.00004  -0.00002   2.12505
   A19        2.07484   0.00018  -0.00014   0.00004  -0.00009   2.07474
   A20        2.08310   0.00006   0.00007  -0.00001   0.00007   2.08317
   A21        1.72182  -0.00046  -0.00226  -0.00085  -0.00365   1.71817
   A22        1.18722  -0.00012   0.00400  -0.00014   0.00451   1.19173
   A23        1.86627  -0.00025   0.00116   0.00002   0.00101   1.86728
   A24        2.20080  -0.00052   0.00221  -0.00103   0.00194   2.20274
   A25        1.19817   0.00003  -0.00047   0.00020  -0.00075   1.19742
   A26        1.84195  -0.00173  -0.00670  -0.00122  -0.00800   1.83395
   A27        2.25783   0.00141  -0.00572   0.00205  -0.00371   2.25412
   A28        1.94712  -0.00001   0.00011  -0.00006   0.00006   1.94718
   A29        1.93694   0.00003   0.00032   0.00019   0.00051   1.93744
   A30        1.93614  -0.00010  -0.00031  -0.00005  -0.00036   1.93578
   A31        1.88638   0.00003  -0.00010   0.00000  -0.00010   1.88628
   A32        1.88670   0.00002   0.00000  -0.00008  -0.00008   1.88662
   A33        1.86766   0.00003  -0.00003   0.00000  -0.00004   1.86762
   A34        1.93660  -0.00009   0.00029  -0.00009   0.00020   1.93680
   A35        1.94575   0.00004   0.00071   0.00009   0.00080   1.94655
   A36        1.92991   0.00017  -0.00191   0.00001  -0.00190   1.92801
   A37        1.88361   0.00004   0.00060   0.00010   0.00070   1.88432
   A38        1.87040  -0.00003  -0.00027  -0.00009  -0.00035   1.87005
   A39        1.89513  -0.00013   0.00059  -0.00002   0.00057   1.89570
    D1       -0.01009  -0.00001  -0.00155  -0.00030  -0.00187  -0.01196
    D2        3.09840  -0.00017  -0.00379  -0.00025  -0.00405   3.09435
    D3       -3.12482  -0.00002  -0.00104  -0.00095  -0.00201  -3.12683
    D4       -0.01632  -0.00018  -0.00327  -0.00091  -0.00420  -0.02052
    D5        0.02818   0.00032   0.00600   0.00147   0.00745   0.03563
    D6       -3.13401   0.00018   0.00424   0.00083   0.00506  -3.12895
    D7       -3.14005   0.00034   0.00551   0.00213   0.00762  -3.13243
    D8       -0.01906   0.00021   0.00375   0.00149   0.00523  -0.01383
    D9       -0.02664  -0.00004  -0.00726   0.00039  -0.00687  -0.03352
   D10        2.07809   0.00002  -0.00709   0.00048  -0.00662   2.07148
   D11       -2.13125   0.00001  -0.00713   0.00056  -0.00657  -2.13781
   D12       -3.14118  -0.00006  -0.00678  -0.00028  -0.00705   3.13495
   D13       -1.03645   0.00000  -0.00661  -0.00019  -0.00680  -1.04324
   D14        1.03740  -0.00001  -0.00664  -0.00010  -0.00675   1.03065
   D15       -0.02450  -0.00045  -0.00452  -0.00096  -0.00549  -0.02999
   D16        3.08446  -0.00031  -0.00880  -0.00023  -0.00903   3.07543
   D17       -3.13388  -0.00030  -0.00233  -0.00101  -0.00336  -3.13723
   D18       -0.02492  -0.00016  -0.00660  -0.00028  -0.00689  -0.03182
   D19        0.04163   0.00068   0.00641   0.00112   0.00758   0.04921
   D20        2.22488  -0.00015  -0.01427   0.00177  -0.01238   2.21249
   D21       -2.85892  -0.00025   0.01817   0.00096   0.01935  -2.83957
   D22       -3.06709   0.00057   0.01042   0.00039   0.01099  -3.05610
   D23       -0.88384  -0.00026  -0.01026   0.00104  -0.00897  -0.89282
   D24        0.31554  -0.00036   0.02218   0.00023   0.02277   0.33831
   D25       -2.57420   0.00037   0.00696  -0.00119   0.00613  -2.56807
   D26        0.53493   0.00048   0.00284  -0.00048   0.00267   0.53760
   D27       -0.02370  -0.00039  -0.00206   0.00001  -0.00213  -0.02583
   D28       -3.12736  -0.00067  -0.01041  -0.00263  -0.01321  -3.14057
   D29       -1.92416  -0.00010   0.00140  -0.00045   0.00131  -1.92285
   D30        1.25536  -0.00038  -0.00695  -0.00308  -0.00977   1.24560
   D31        2.87631   0.00055  -0.01402   0.00016  -0.01399   2.86232
   D32       -0.22736   0.00027  -0.02237  -0.00248  -0.02506  -0.25242
   D33       -1.20731  -0.00052  -0.00005  -0.00108  -0.00141  -1.20872
   D34        0.62258  -0.00062   0.00217  -0.00074   0.00127   0.62385
   D35        0.96617   0.00030  -0.00184  -0.00047  -0.00221   0.96396
   D36        2.79606   0.00020   0.00038  -0.00013   0.00047   2.79653
   D37       -0.01090  -0.00012  -0.00407  -0.00131  -0.00534  -0.01624
   D38       -3.13180   0.00002  -0.00230  -0.00066  -0.00293  -3.13474
   D39        3.09194   0.00011   0.00453   0.00135   0.00585   3.09779
   D40       -0.02896   0.00025   0.00630   0.00199   0.00825  -0.02071
   D41        1.14949   0.00010  -0.01430   0.00126  -0.01305   1.13644
   D42       -3.03364   0.00011  -0.01285   0.00139  -0.01147  -3.04511
   D43       -0.92353   0.00009  -0.01294   0.00143  -0.01152  -0.93505
   D44       -1.95307  -0.00016  -0.02294  -0.00143  -0.02436  -1.97743
   D45        0.14699  -0.00015  -0.02149  -0.00130  -0.02278   0.12421
   D46        2.25710  -0.00017  -0.02158  -0.00126  -0.02283   2.23427
   D47       -0.69469  -0.00012   0.00494  -0.00042   0.00480  -0.68989
   D48        0.92288  -0.00057   0.00319  -0.00141   0.00164   0.92451
   D49       -1.22101  -0.00008   0.00116  -0.00031  -0.00010  -1.22111
   D50        0.34220   0.00000  -0.01386   0.00070  -0.01358   0.32862
         Item               Value     Threshold  Converged?
 Maximum Force            0.003399     0.000450     NO 
 RMS     Force            0.000534     0.000300     NO 
 Maximum Displacement     0.088541     0.001800     NO 
 RMS     Displacement     0.017717     0.001200     NO 
 Predicted change in Energy=-1.380969D-07
 GradGradGradGradGradGradGradGradGradGradGradGradGradGradGradGradGradGrad

                          Input orientation:                          
 ---------------------------------------------------------------------
 Center     Atomic      Atomic             Coordinates (Angstroms)
 Number     Number       Type             X           Y           Z
 ---------------------------------------------------------------------
      1          6           0       -1.734441   -0.081287    0.064771
      2          6           0       -0.947685   -1.213226   -0.126416
      3          6           0        0.422284   -1.081301   -0.352305
      4          6           0        1.019041    0.199765   -0.425545
      5          6           0        0.224872    1.354028   -0.207754
      6          6           0       -1.127927    1.194536    0.041689
      7          8           0        2.514492   -0.392376    1.130786
      8          1           0       -1.746412    2.072056    0.203461
      9          8           0        1.188508   -2.186616   -0.459845
     10          1           0        1.915396   -0.444132    1.891525
     11          1           0        2.055039   -1.932478   -0.086684
     12          1           0        1.997954    0.302608   -0.870922
     13          6           0       -3.213233   -0.204614    0.328982
     14          1           0       -3.538556   -1.245718    0.309656
     15          1           0       -3.473593    0.214522    1.306203
     16          1           0       -3.791205    0.346154   -0.419901
     17          1           0       -1.371381   -2.208948   -0.071985
     18          6           0        0.863859    2.715539   -0.287980
     19          1           0        1.215407    2.924271   -1.303996
     20          1           0        0.163916    3.503703   -0.005447
     21          1           0        1.734301    2.768827    0.371611
 ---------------------------------------------------------------------
                    Distance matrix (angstroms):
                    1          2          3          4          5
     1  C    0.000000
     2  C    1.391699   0.000000
     3  C    2.413596   1.394720   0.000000
     4  C    2.810884   2.440089   1.415138   0.000000
     5  C    2.444034   2.823526   2.447589   1.417907   0.000000
     6  C    1.412839   2.420344   2.781694   2.411919   1.384819
     7  O    4.391651   3.773728   2.655468   2.238118   3.175528
     8  H    2.157837   3.397038   3.867270   3.398360   2.137901
     9  O    3.640228   2.371071   1.349216   2.392637   3.678084
    10  H    4.097560   3.586199   2.769502   2.566490   3.240096
    11  H    4.220190   3.087920   1.860361   2.394698   3.763680
    12  H    3.866998   3.395413   2.160302   1.080373   2.165432
    13  C    1.507263   2.521387   3.801278   4.317983   3.812875
    14  H    2.161180   2.627514   4.019140   4.837524   4.603236
    15  H    2.157153   3.235904   4.428055   4.814866   4.155621
    16  H    2.155897   3.256288   4.449235   4.812477   4.146045
    17  H    2.162743   1.083486   2.137148   3.411894   3.906565
    18  C    3.833775   4.329317   3.822972   2.524306   1.506138
    19  H    4.428149   4.815033   4.192776   2.869349   2.156055
    20  H    4.057196   4.847650   4.605358   3.438564   2.160034
    21  H    4.499941   4.826782   4.131456   2.783367   2.148417
                    6          7          8          9         10
     6  C    0.000000
     7  O    4.119665   0.000000
     8  H    1.085696   5.008858   0.000000
     9  O    4.129115   2.740007   5.214405   0.000000
    10  H    3.920324   0.969699   4.752852   3.015553   0.000000
    11  H    4.463851   2.016245   5.529150   0.977093   2.479513
    12  H    3.376319   2.180975   4.278495   2.649608   2.862786
    13  C    2.527579   5.786621   2.711189   4.891411   5.366726
    14  H    3.440607   6.167807   3.772358   4.880835   5.735019
    15  H    2.839291   6.021317   2.765796   5.533496   5.460553
    16  H    2.832996   6.535432   2.747453   5.586954   6.207458
    17  H    3.414073   4.454952   4.306218   2.589201   4.215785
    18  C    2.527716   3.794288   2.732966   4.915898   3.979885
    19  H    3.208437   4.314619   3.430899   5.180201   4.695474
    20  H    2.646381   4.689954   2.396374   5.799655   4.717158
    21  H    3.283229   3.343389   3.553748   5.054268   3.558937
                   11         12         13         14         15
    11  H    0.000000
    12  H    2.369367   0.000000
    13  C    5.559944   5.371547   0.000000
    14  H    5.649516   5.868903   1.090920   0.000000
    15  H    6.092250   5.889437   1.094726   1.769075   0.000000
    16  H    6.283452   5.806865   1.094633   1.769221   1.760011
    17  H    3.437586   4.277690   2.751463   2.402106   3.491691
    18  C    4.802446   2.729144   5.052783   5.952309   5.254522
    19  H    5.076893   2.770027   5.662984   6.526320   6.011872
    20  H    5.756301   3.789426   5.026788   6.030306   5.076476
    21  H    4.734466   2.774100   5.772457   6.627476   5.875381
                   16         17         18         19         20
    16  H    0.000000
    17  H    3.536261   0.000000
    18  C    5.225037   5.412349   0.000000
    19  H    5.700393   5.878712   1.095191   0.000000
    20  H    5.077881   5.915737   1.091306   1.768504   0.000000
    21  H    6.084986   5.883900   1.093421   1.760986   1.774352
                   21
    21  H    0.000000
 Stoichiometry    C8H11O2(2)
 Framework group  C1[X(C8H11O2)]
 Deg. of freedom    57
 Full point group                 C1      NOp   1
 Largest Abelian subgroup         C1      NOp   1
 Largest concise Abelian subgroup C1      NOp   1
                         Standard orientation:                         
 ---------------------------------------------------------------------
 Center     Atomic      Atomic             Coordinates (Angstroms)
 Number     Number       Type             X           Y           Z
 ---------------------------------------------------------------------
      1          6           0       -1.693052   -0.232170    0.074942
      2          6           0       -0.837945   -1.306988   -0.149521
      3          6           0        0.516948   -1.082358   -0.392530
      4          6           0        1.028534    0.235843   -0.449462
      5          6           0        0.165005    1.331961   -0.197862
      6          6           0       -1.170607    1.080505    0.067910
      7          8           0        2.583255   -0.286698    1.073353
      8          1           0       -1.841849    1.912937    0.255598
      9          8           0        1.351157   -2.133486   -0.532557
     10          1           0        2.000724   -0.391224    1.841499
     11          1           0        2.205203   -1.830622   -0.167059
     12          1           0        1.991678    0.410149   -0.906822
     13          6           0       -3.156482   -0.455986    0.357996
     14          1           0       -3.414175   -1.515460    0.323140
     15          1           0       -3.428041   -0.072721    1.346828
     16          1           0       -3.780450    0.069870   -0.371635
     17          1           0       -1.195569   -2.328923   -0.108343
     18          6           0        0.713426    2.733290   -0.260825
     19          1           0        1.034829    2.983094   -1.277556
     20          1           0       -0.031436    3.469059    0.047028
     21          1           0        1.588822    2.830729    0.387061
 ---------------------------------------------------------------------
 Rotational constants (GHZ):           1.5808250           1.1605492           0.7453931
 Standard basis: 6-311G(d,p) (5D, 7F)
 There are   256 symmetry adapted cartesian basis functions of A   symmetry.
 There are   246 symmetry adapted basis functions of A   symmetry.
   246 basis functions,   408 primitive gaussians,   256 cartesian basis functions
    38 alpha electrons       37 beta electrons
       nuclear repulsion energy       517.9456492985 Hartrees.
 NAtoms=   21 NActive=   21 NUniq=   21 SFac= 1.00D+00 NAtFMM=   60 NAOKFM=F Big=F
 Integral buffers will be    131072 words long.
 Raffenetti 2 integral format.
 Two-electron integral symmetry is turned on.
 One-electron integrals computed using PRISM.
 NBasis=   246 RedAO= T EigKep=  1.89D-04  NBF=   246
 NBsUse=   246 1.00D-06 EigRej= -1.00D+00 NBFU=   246
 Initial guess from the checkpoint file:  "SR-11-TS-P2_2.chk"
 B after Tr=     0.000000    0.000000    0.000000
         Rot=    0.999958    0.002999    0.001860    0.008440 Ang=   1.05 deg.
 Initial guess <Sx>= 0.0000 <Sy>= 0.0000 <Sz>= 0.5000 <S**2>= 0.7601 S= 0.5050
 ExpMin= 1.03D-01 ExpMax= 8.59D+03 ExpMxC= 1.30D+03 IAcc=2 IRadAn=         4 AccDes= 0.00D+00
 Harris functional with IExCor=  402 and IRadAn=       4 diagonalized for initial guess.
 HarFok:  IExCor=  402 AccDes= 0.00D+00 IRadAn=         4 IDoV= 1 UseB2=F ITyADJ=14
 ICtDFT=  3500011 ScaDFX=  1.000000  1.000000  1.000000  1.000000
 FoFCou: FMM=F IPFlag=           0 FMFlag=      100000 FMFlg1=           0
         NFxFlg=           0 DoJE=T BraDBF=F KetDBF=T FulRan=T
         wScrn=  0.000000 ICntrl=       500 IOpCl=  0 I1Cent=   200000004 NGrid=           0
         NMat0=    1 NMatS0=      1 NMatT0=    0 NMatD0=    1 NMtDS0=    0 NMtDT0=    0
 Petite list used in FoFCou.
 Requested convergence on RMS density matrix=1.00D-08 within 128 cycles.
 Requested convergence on MAX density matrix=1.00D-06.
 Requested convergence on             energy=1.00D-06.
 No special actions if energy rises.
 Integral accuracy reduced to 1.0D-05 until final iterations.
 Initial convergence to 1.0D-05 achieved.  Increase integral accuracy.
 SCF Done:  E(UB3LYP) =  -461.978688385     A.U. after   17 cycles
            NFock= 17  Conv=0.40D-08     -V/T= 2.0038
 <Sx>= 0.0000 <Sy>= 0.0000 <Sz>= 0.5000 <S**2>= 0.7613 S= 0.5056
 <L.S>= 0.000000000000E+00
 Annihilation of the first spin contaminant:
 S**2 before annihilation     0.7613,   after     0.7501
 Calling FoFJK, ICntrl=      2127 FMM=F ISym2X=0 I1Cent= 0 IOpClX= 1 NMat=1 NMatS=1 NMatT=0.
 ***** Axes restored to original set *****
 -------------------------------------------------------------------
 Center     Atomic                   Forces (Hartrees/Bohr)
 Number     Number              X              Y              Z
 -------------------------------------------------------------------
      1        6           0.000640941   -0.000417258    0.000072818
      2        6          -0.001002558    0.000116033    0.000048899
      3        6           0.002749697    0.000388433    0.000747655
      4        6          -0.003718739    0.001828722   -0.001884669
      5        6           0.000909219   -0.001617466   -0.000378472
      6        6           0.000035604   -0.000063096    0.000474203
      7        8           0.001170430   -0.000707463    0.000326114
      8        1           0.000038560   -0.000010265    0.000036555
      9        8          -0.000240450   -0.001411461   -0.000475077
     10        1          -0.000615856    0.000268859   -0.000265243
     11        1          -0.000777732    0.001574221    0.000646653
     12        1           0.000054557    0.000053467    0.000612172
     13        6           0.000077971    0.000152346   -0.000065544
     14        1           0.000001724    0.000005636   -0.000036341
     15        1           0.000019856   -0.000002250   -0.000034926
     16        1           0.000048668    0.000014660   -0.000027162
     17        1           0.000031775   -0.000028058   -0.000056319
     18        6           0.000540333   -0.000242034    0.000203665
     19        1           0.000018208   -0.000016859   -0.000005665
     20        1           0.000033081    0.000020209    0.000011200
     21        1          -0.000015287    0.000093627    0.000049486
 -------------------------------------------------------------------
 Cartesian Forces:  Max     0.003718739 RMS     0.000831265

 GradGradGradGradGradGradGradGradGradGradGradGradGradGradGradGradGradGrad
 Berny optimization.
 Using GEDIIS/GDIIS optimizer.
 FormGI is forming the generalized inverse of G from B-inverse, IUseBI=4.
 Internal  Forces:  Max     0.002514758 RMS     0.000386558
 Search for a local minimum.
 Step number   6 out of a maximum of  122
 All quantities printed in internal units (Hartrees-Bohrs-Radians)
 Mixed Optimization -- En-DIIS/RFO-DIIS
 Swapping is turned off.
 Update second derivatives using D2CorX and points    1    2    3    4    5
                                                      6
 DE= -3.58D-05 DEPred=-1.38D-07 R= 2.59D+02
 TightC=F SS=  1.41D+00  RLast= 1.00D-01 DXNew= 1.0856D+00 3.0045D-01
 Trust test= 2.59D+02 RLast= 1.00D-01 DXMaxT set to 6.46D-01
 ITU=  1  1  1  1  1  0
     Eigenvalues ---    0.00023   0.00678   0.00754   0.01114   0.01436
     Eigenvalues ---    0.01512   0.01822   0.02067   0.02090   0.02172
     Eigenvalues ---    0.02182   0.02506   0.03001   0.03945   0.04494
     Eigenvalues ---    0.05950   0.07080   0.07119   0.07221   0.07289
     Eigenvalues ---    0.10108   0.13829   0.15193   0.15878   0.15994
     Eigenvalues ---    0.15997   0.16000   0.16000   0.16001   0.16019
     Eigenvalues ---    0.16037   0.16779   0.21651   0.23467   0.23854
     Eigenvalues ---    0.24913   0.24990   0.31715   0.31871   0.33364
     Eigenvalues ---    0.34221   0.34260   0.34288   0.34404   0.34665
     Eigenvalues ---    0.34706   0.35319   0.35573   0.37365   0.41756
     Eigenvalues ---    0.43417   0.45683   0.47231   0.48066   0.49530
     Eigenvalues ---    0.52100   0.53554
 En-DIIS/RFO-DIIS/Sim-DIIS IScMMF=       -3 using points:     6    5    4    3    2    1
 RFO step:  Lambda=-7.39775814D-04.
 DIIS inversion failure, remove point   6.
 DIIS inversion failure, remove point   5.
 RFO-DIIS uses    4 points instead of    6
 DidBck=T Rises=F RFO-DIIS coefs:    0.33398    0.74199   -2.00000    1.92403    0.00000
                  RFO-DIIS coefs:    0.00000
 Iteration  1 RMS(Cart)=  0.02868710 RMS(Int)=  0.00084113
 Iteration  2 RMS(Cart)=  0.00076029 RMS(Int)=  0.00018749
 Iteration  3 RMS(Cart)=  0.00000052 RMS(Int)=  0.00018749
 Variable       Old X    -DE/DX   Delta X   Delta X   Delta X     New X
                                 (Linear)    (Quad)   (Total)
    R1        2.62993  -0.00045   0.00172  -0.00385  -0.00216   2.62777
    R2        2.66988  -0.00014   0.00061   0.00058   0.00116   2.67104
    R3        2.84831  -0.00019  -0.00040   0.00037  -0.00003   2.84828
    R4        2.63564   0.00052  -0.00209   0.00790   0.00582   2.64146
    R5        2.04749   0.00001   0.00004   0.00006   0.00010   2.04759
    R6        2.67422  -0.00048   0.00335  -0.00478  -0.00158   2.67265
    R7        2.54965  -0.00014   0.00053  -0.00091  -0.00030   2.54935
    R8        2.67946  -0.00251   0.00076  -0.01350  -0.01272   2.66674
    R9        4.22943   0.00022  -0.10122   0.25615   0.15516   4.38459
   R10        2.04161  -0.00012   0.00067  -0.00075  -0.00029   2.04132
   R11        2.61693  -0.00032  -0.00122  -0.00019  -0.00142   2.61551
   R12        2.84619   0.00010  -0.00103   0.00258   0.00156   2.84775
   R13        2.05167  -0.00002  -0.00004  -0.00021  -0.00025   2.05141
   R14        1.83247   0.00016  -0.00039   0.00151   0.00112   1.83359
   R15        3.81015  -0.00046   0.02531  -0.10517  -0.07963   3.73052
   R16        4.12144   0.00012  -0.01143   0.02036   0.00851   4.12996
   R17        1.84644  -0.00002   0.00008   0.00131   0.00170   1.84814
   R18        2.06154  -0.00001   0.00001   0.00007   0.00008   2.06162
   R19        2.06873  -0.00004   0.00011  -0.00023  -0.00012   2.06861
   R20        2.06856   0.00000  -0.00003   0.00016   0.00013   2.06869
   R21        2.06961   0.00001  -0.00004  -0.00004  -0.00008   2.06953
   R22        2.06227   0.00000   0.00000   0.00042   0.00042   2.06269
   R23        2.06627   0.00002   0.00020  -0.00042  -0.00021   2.06605
    A1        2.08236   0.00015   0.00108   0.00085   0.00190   2.08426
    A2        2.10851   0.00017   0.00000   0.00212   0.00213   2.11064
    A3        2.09201  -0.00032  -0.00112  -0.00275  -0.00386   2.08814
    A4        2.09509  -0.00036  -0.00140   0.00157   0.00016   2.09526
    A5        2.11706   0.00022  -0.00003   0.00183   0.00182   2.11888
    A6        2.07051   0.00014   0.00130  -0.00328  -0.00197   2.06854
    A7        2.10391  -0.00050   0.00019  -0.00924  -0.00901   2.09491
    A8        2.08661  -0.00032   0.00581  -0.01111  -0.00534   2.08127
    A9        2.09209   0.00083  -0.00634   0.02114   0.01476   2.10685
   A10        2.08610   0.00082   0.00023   0.00941   0.00956   2.09565
   A11        1.57707  -0.00028   0.01693  -0.04730  -0.03057   1.54650
   A12        2.08243  -0.00030  -0.00387   0.00527   0.00118   2.08361
   A13        2.07466  -0.00063  -0.03657   0.07012   0.03388   2.10853
   A14        2.08671  -0.00034  -0.00233   0.00584   0.00267   2.08938
   A15        2.07266   0.00011  -0.00093  -0.00008  -0.00097   2.07169
   A16        2.08298  -0.00078  -0.00367  -0.00175  -0.00542   2.07756
   A17        2.12722   0.00067   0.00463   0.00206   0.00669   2.13391
   A18        2.12505  -0.00024   0.00022  -0.00308  -0.00288   2.12217
   A19        2.07474   0.00014  -0.00033   0.00189   0.00157   2.07632
   A20        2.08317   0.00009   0.00005   0.00119   0.00126   2.08442
   A21        1.71817  -0.00037  -0.00243  -0.00847  -0.01101   1.70716
   A22        1.19173  -0.00016   0.00666  -0.02019  -0.01322   1.17851
   A23        1.86728  -0.00018   0.00178  -0.00238  -0.00098   1.86630
   A24        2.20274  -0.00043   0.00493  -0.03337  -0.02802   2.17471
   A25        1.19742  -0.00005  -0.00092   0.00699   0.00557   1.20299
   A26        1.83395  -0.00116  -0.00935   0.00283  -0.00612   1.82783
   A27        2.25412   0.00097  -0.01158   0.05634   0.04475   2.29886
   A28        1.94718   0.00001   0.00021  -0.00043  -0.00023   1.94695
   A29        1.93744   0.00000   0.00033   0.00144   0.00177   1.93922
   A30        1.93578  -0.00009  -0.00039  -0.00105  -0.00144   1.93435
   A31        1.88628   0.00003  -0.00017   0.00058   0.00041   1.88669
   A32        1.88662   0.00002   0.00008  -0.00096  -0.00088   1.88574
   A33        1.86762   0.00003  -0.00007   0.00043   0.00036   1.86799
   A34        1.93680  -0.00003   0.00055  -0.00158  -0.00103   1.93577
   A35        1.94655   0.00003   0.00102  -0.00068   0.00035   1.94689
   A36        1.92801   0.00010  -0.00303   0.00540   0.00237   1.93038
   A37        1.88432   0.00000   0.00088  -0.00124  -0.00035   1.88397
   A38        1.87005  -0.00001  -0.00040   0.00078   0.00039   1.87044
   A39        1.89570  -0.00009   0.00099  -0.00279  -0.00181   1.89389
    D1       -0.01196  -0.00001  -0.00220   0.00113  -0.00105  -0.01301
    D2        3.09435  -0.00013  -0.00561   0.00489  -0.00069   3.09366
    D3       -3.12683   0.00000  -0.00071  -0.00848  -0.00920  -3.13603
    D4       -0.02052  -0.00012  -0.00411  -0.00471  -0.00884  -0.02936
    D5        0.03563   0.00021   0.00788   0.00443   0.01230   0.04793
    D6       -3.12895   0.00013   0.00555   0.00441   0.00993  -3.11902
    D7       -3.13243   0.00021   0.00642   0.01402   0.02044  -3.11199
    D8       -0.01383   0.00013   0.00409   0.01400   0.01807   0.00424
    D9       -0.03352  -0.00003  -0.01198   0.02615   0.01416  -0.01935
   D10        2.07148   0.00001  -0.01183   0.02758   0.01575   2.08722
   D11       -2.13781   0.00000  -0.01196   0.02837   0.01641  -2.12140
   D12        3.13495  -0.00003  -0.01052   0.01643   0.00591   3.14085
   D13       -1.04324   0.00001  -0.01037   0.01786   0.00749  -1.03575
   D14        1.03065   0.00000  -0.01050   0.01866   0.00816   1.03881
   D15       -0.02999  -0.00033  -0.00560  -0.01017  -0.01575  -0.04573
   D16        3.07543  -0.00024  -0.01331   0.01531   0.00200   3.07743
   D17       -3.13723  -0.00022  -0.00225  -0.01394  -0.01617   3.12978
   D18       -0.03182  -0.00012  -0.00996   0.01155   0.00158  -0.03024
   D19        0.04921   0.00052   0.00808   0.01412   0.02227   0.07147
   D20        2.21249  -0.00011  -0.02458   0.07036   0.04601   2.25850
   D21       -2.83957  -0.00025   0.02990  -0.07779  -0.04771  -2.88727
   D22       -3.05610   0.00045   0.01533  -0.01078   0.00468  -3.05142
   D23       -0.89282  -0.00018  -0.01732   0.04546   0.02843  -0.86439
   D24        0.33831  -0.00032   0.03715  -0.10269  -0.06529   0.27302
   D25       -2.56807   0.00030   0.01191  -0.03114  -0.01873  -2.58680
   D26        0.53760   0.00037   0.00451  -0.00646  -0.00136   0.53623
   D27       -0.02583  -0.00033  -0.00252  -0.00869  -0.01135  -0.03718
   D28       -3.14057  -0.00047  -0.01300  -0.01826  -0.03145   3.11117
   D29       -1.92285  -0.00008   0.00216  -0.00545  -0.00308  -1.92593
   D30        1.24560  -0.00023  -0.00832  -0.01501  -0.02317   1.22242
   D31        2.86232   0.00046  -0.02468   0.08337   0.05864   2.92096
   D32       -0.25242   0.00031  -0.03516   0.07380   0.03855  -0.21387
   D33       -1.20872  -0.00035   0.00107  -0.01592  -0.01508  -1.22380
   D34        0.62385  -0.00042   0.00412  -0.01628  -0.01243   0.61142
   D35        0.96396   0.00020  -0.00210  -0.00933  -0.01154   0.95242
   D36        2.79653   0.00014   0.00095  -0.00968  -0.00890   2.78763
   D37       -0.01624  -0.00005  -0.00533  -0.00069  -0.00604  -0.02228
   D38       -3.13474   0.00003  -0.00298  -0.00068  -0.00366  -3.13840
   D39        3.09779   0.00008   0.00553   0.00907   0.01454   3.11233
   D40       -0.02071   0.00015   0.00788   0.00908   0.01692  -0.00379
   D41        1.13644   0.00005  -0.02400   0.05328   0.02927   1.16571
   D42       -3.04511   0.00005  -0.02180   0.05017   0.02836  -3.01675
   D43       -0.93505   0.00003  -0.02193   0.04986   0.02792  -0.90713
   D44       -1.97743  -0.00009  -0.03489   0.04344   0.00855  -1.96887
   D45        0.12421  -0.00009  -0.03269   0.04033   0.00764   0.13185
   D46        2.23427  -0.00011  -0.03282   0.04002   0.00720   2.24147
   D47       -0.68989  -0.00004   0.00864  -0.02539  -0.01689  -0.70678
   D48        0.92451  -0.00043   0.00725  -0.03973  -0.03265   0.89186
   D49       -1.22111   0.00000   0.00250  -0.00512  -0.00332  -1.22444
   D50        0.32862   0.00003  -0.02328   0.06094   0.03746   0.36607
         Item               Value     Threshold  Converged?
 Maximum Force            0.002515     0.000450     NO 
 RMS     Force            0.000387     0.000300     NO 
 Maximum Displacement     0.163775     0.001800     NO 
 RMS     Displacement     0.029100     0.001200     NO 
 Predicted change in Energy=-2.611239D-04
 GradGradGradGradGradGradGradGradGradGradGradGradGradGradGradGradGradGrad

                          Input orientation:                          
 ---------------------------------------------------------------------
 Center     Atomic      Atomic             Coordinates (Angstroms)
 Number     Number       Type             X           Y           Z
 ---------------------------------------------------------------------
      1          6           0       -1.742696   -0.079768    0.066621
      2          6           0       -0.952636   -1.209566   -0.115060
      3          6           0        0.420548   -1.074823   -0.338777
      4          6           0        0.998917    0.212159   -0.435845
      5          6           0        0.207844    1.360921   -0.221437
      6          6           0       -1.141957    1.199362    0.038536
      7          8           0        2.586329   -0.445577    1.123302
      8          1           0       -1.762156    2.075132    0.202309
      9          8           0        1.183967   -2.182620   -0.438449
     10          1           0        2.002062   -0.487335    1.896837
     11          1           0        2.054244   -1.917966   -0.079216
     12          1           0        1.995988    0.316153   -0.838225
     13          6           0       -3.224067   -0.202291    0.316265
     14          1           0       -3.546782   -1.244411    0.309469
     15          1           0       -3.498248    0.232320    1.282815
     16          1           0       -3.793548    0.334050   -0.449502
     17          1           0       -1.371735   -2.207024   -0.055965
     18          6           0        0.856620    2.719268   -0.291573
     19          1           0        1.191735    2.940256   -1.310501
     20          1           0        0.167891    3.508797    0.014573
     21          1           0        1.738316    2.758274    0.353727
 ---------------------------------------------------------------------
                    Distance matrix (angstroms):
                    1          2          3          4          5
     1  C    0.000000
     2  C    1.390556   0.000000
     3  C    2.415389   1.397798   0.000000
     4  C    2.802523   2.435727   1.414304   0.000000
     5  C    2.441960   2.822311   2.447828   1.411177   0.000000
     6  C    1.413453   2.421233   2.784906   2.404776   1.384070
     7  O    4.471112   3.826421   2.687794   2.320223   3.275508
     8  H    2.159256   3.397836   3.870296   3.391376   2.137886
     9  O    3.639015   2.369913   1.349057   2.401919   3.681928
    10  H    4.187961   3.646860   2.800768   2.633818   3.335020
    11  H    4.221018   3.089408   1.856670   2.403817   3.765704
    12  H    3.866944   3.397819   2.160156   1.080220   2.160886
    13  C    1.507247   2.521912   3.804420   4.309412   3.809300
    14  H    2.161040   2.628884   4.023517   4.831197   4.600743
    15  H    2.158354   3.242412   4.437922   4.814426   4.155916
    16  H    2.154907   3.250444   4.444749   4.794035   4.137344
    17  H    2.162835   1.083539   2.138724   3.408335   3.905468
    18  C    3.836580   4.329007   3.819360   2.515285   1.506962
    19  H    4.430338   4.821663   4.202361   2.871361   2.156015
    20  H    4.065815   4.851324   4.604158   3.429476   2.161173
    21  H    4.500484   4.817130   4.112020   2.766376   2.150756
                    6          7          8          9         10
     6  C    0.000000
     7  O    4.216949   0.000000
     8  H    1.085561   5.109944   0.000000
     9  O    4.132219   2.724519   5.217151   0.000000
    10  H    4.022821   0.970293   4.858704   2.999471   0.000000
    11  H    4.466240   1.974106   5.530733   0.977994   2.440125
    12  H    3.375717   2.185480   4.277893   2.657643   2.850649
    13  C    2.525262   5.871218   2.708657   4.891018   5.467347
    14  H    3.439275   6.238230   3.770376   4.880533   5.820874
    15  H    2.834698   6.124302   2.752719   5.542366   5.581070
    16  H    2.831587   6.616976   2.753684   5.577581   6.306273
    17  H    3.415434   4.489949   4.307667   2.584280   4.260666
    18  C    2.532468   3.874275   2.741682   4.915001   4.047651
    19  H    3.208852   4.396834   3.429651   5.196575   4.763615
    20  H    2.655140   4.766046   2.411581   5.799127   4.782905
    21  H    3.290216   3.402356   3.569722   5.034608   3.603433
                   11         12         13         14         15
    11  H    0.000000
    12  H    2.360250   0.000000
    13  C    5.564217   5.371276   0.000000
    14  H    5.654754   5.871530   1.090965   0.000000
    15  H    6.108112   5.890031   1.094660   1.769320   0.000000
    16  H    6.277369   5.802599   1.094702   1.768748   1.760248
    17  H    3.438230   4.280176   2.754749   2.406449   3.502112
    18  C    4.794094   2.715133   5.055391   5.954994   5.256280
    19  H    5.085500   2.784920   5.658735   6.526047   6.004511
    20  H    5.746032   3.776530   5.036723   6.039764   5.077826
    21  H    4.706854   2.729670   5.778546   6.629910   5.887720
                   16         17         18         19         20
    16  H    0.000000
    17  H    3.532295   0.000000
    18  C    5.228601   5.411971   0.000000
    19  H    5.690930   5.885552   1.095150   0.000000
    20  H    5.097783   5.919969   1.091526   1.768422   0.000000
    21  H    6.092911   5.873197   1.093308   1.761114   1.773287
                   21
    21  H    0.000000
 Stoichiometry    C8H11O2(2)
 Framework group  C1[X(C8H11O2)]
 Deg. of freedom    57
 Full point group                 C1      NOp   1
 Largest Abelian subgroup         C1      NOp   1
 Largest concise Abelian subgroup C1      NOp   1
                         Standard orientation:                         
 ---------------------------------------------------------------------
 Center     Atomic      Atomic             Coordinates (Angstroms)
 Number     Number       Type             X           Y           Z
 ---------------------------------------------------------------------
      1          6           0       -1.696164   -0.267655    0.085033
      2          6           0       -0.815709   -1.319120   -0.144888
      3          6           0        0.535368   -1.059445   -0.391869
      4          6           0        0.998087    0.275120   -0.463183
      5          6           0        0.115714    1.344497   -0.199986
      6          6           0       -1.208948    1.059169    0.081988
      7          8           0        2.670770   -0.284010    1.044444
      8          1           0       -1.898676    1.872922    0.283296
      9          8           0        1.389218   -2.093537   -0.538667
     10          1           0        2.109696   -0.397349    1.827911
     11          1           0        2.241176   -1.764011   -0.189306
     12          1           0        1.973221    0.476296   -0.882129
     13          6           0       -3.155474   -0.525273    0.360429
     14          1           0       -3.387028   -1.590945    0.329937
     15          1           0       -3.444545   -0.142476    1.344393
     16          1           0       -3.786100   -0.019968   -0.378048
     17          1           0       -1.145650   -2.350483   -0.106324
     18          6           0        0.642994    2.755524   -0.243721
     19          1           0        0.934952    3.032318   -1.262297
     20          1           0       -0.104364    3.473580    0.098742
     21          1           0        1.532200    2.853591    0.384784
 ---------------------------------------------------------------------
 Rotational constants (GHZ):           1.5844029           1.1415322           0.7364055
 Standard basis: 6-311G(d,p) (5D, 7F)
 There are   256 symmetry adapted cartesian basis functions of A   symmetry.
 There are   246 symmetry adapted basis functions of A   symmetry.
   246 basis functions,   408 primitive gaussians,   256 cartesian basis functions
    38 alpha electrons       37 beta electrons
       nuclear repulsion energy       516.5820298507 Hartrees.
 NAtoms=   21 NActive=   21 NUniq=   21 SFac= 1.00D+00 NAtFMM=   60 NAOKFM=F Big=F
 Integral buffers will be    131072 words long.
 Raffenetti 2 integral format.
 Two-electron integral symmetry is turned on.
 One-electron integrals computed using PRISM.
 NBasis=   246 RedAO= T EigKep=  1.82D-04  NBF=   246
 NBsUse=   246 1.00D-06 EigRej= -1.00D+00 NBFU=   246
 Initial guess from the checkpoint file:  "SR-11-TS-P2_2.chk"
 B after Tr=     0.000000    0.000000    0.000000
         Rot=    0.999930   -0.004047   -0.004057   -0.010393 Ang=  -1.36 deg.
 Initial guess <Sx>= 0.0000 <Sy>= 0.0000 <Sz>= 0.5000 <S**2>= 0.7613 S= 0.5057
 ExpMin= 1.03D-01 ExpMax= 8.59D+03 ExpMxC= 1.30D+03 IAcc=2 IRadAn=         4 AccDes= 0.00D+00
 Harris functional with IExCor=  402 and IRadAn=       4 diagonalized for initial guess.
 HarFok:  IExCor=  402 AccDes= 0.00D+00 IRadAn=         4 IDoV= 1 UseB2=F ITyADJ=14
 ICtDFT=  3500011 ScaDFX=  1.000000  1.000000  1.000000  1.000000
 FoFCou: FMM=F IPFlag=           0 FMFlag=      100000 FMFlg1=           0
         NFxFlg=           0 DoJE=T BraDBF=F KetDBF=T FulRan=T
         wScrn=  0.000000 ICntrl=       500 IOpCl=  0 I1Cent=   200000004 NGrid=           0
         NMat0=    1 NMatS0=      1 NMatT0=    0 NMatD0=    1 NMtDS0=    0 NMtDT0=    0
 Petite list used in FoFCou.
 Requested convergence on RMS density matrix=1.00D-08 within 128 cycles.
 Requested convergence on MAX density matrix=1.00D-06.
 Requested convergence on             energy=1.00D-06.
 No special actions if energy rises.
 Integral accuracy reduced to 1.0D-05 until final iterations.
 Initial convergence to 1.0D-05 achieved.  Increase integral accuracy.
 SCF Done:  E(UB3LYP) =  -461.978896246     A.U. after   19 cycles
            NFock= 19  Conv=0.93D-08     -V/T= 2.0038
 <Sx>= 0.0000 <Sy>= 0.0000 <Sz>= 0.5000 <S**2>= 0.7585 S= 0.5043
 <L.S>= 0.000000000000E+00
 Annihilation of the first spin contaminant:
 S**2 before annihilation     0.7585,   after     0.7500
 Calling FoFJK, ICntrl=      2127 FMM=F ISym2X=0 I1Cent= 0 IOpClX= 1 NMat=1 NMatS=1 NMatT=0.
 ***** Axes restored to original set *****
 -------------------------------------------------------------------
 Center     Atomic                   Forces (Hartrees/Bohr)
 Number     Number              X              Y              Z
 -------------------------------------------------------------------
      1        6           0.000345338    0.000208916   -0.000204953
      2        6          -0.000143779    0.000274841    0.000082904
      3        6          -0.000303411    0.001094846   -0.000459806
      4        6          -0.000260216   -0.002475882   -0.001213052
      5        6           0.001276858   -0.000095655    0.001917046
      6        6          -0.000809716   -0.000088112   -0.000294037
      7        8           0.000998022   -0.000672746    0.000220482
      8        1          -0.000135358   -0.000020631   -0.000050852
      9        8           0.000220262    0.000672031   -0.000257927
     10        1          -0.000440941    0.000245499   -0.000472893
     11        1          -0.000216211    0.000661105    0.000895424
     12        1           0.000144524   -0.000014741    0.000144328
     13        6          -0.000053653   -0.000272150    0.000166301
     14        1          -0.000025827   -0.000002144    0.000050072
     15        1           0.000060226    0.000015002   -0.000024311
     16        1           0.000082372   -0.000003933    0.000026639
     17        1          -0.000144071    0.000063856    0.000005463
     18        6          -0.000513878    0.000403216   -0.000494625
     19        1           0.000025873    0.000122236    0.000016929
     20        1           0.000016926   -0.000020693   -0.000112194
     21        1          -0.000123337   -0.000094860    0.000059065
 -------------------------------------------------------------------
 Cartesian Forces:  Max     0.002475882 RMS     0.000567754

 GradGradGradGradGradGradGradGradGradGradGradGradGradGradGradGradGradGrad
 Berny optimization.
 Using GEDIIS/GDIIS optimizer.
 FormGI is forming the generalized inverse of G from B-inverse, IUseBI=4.
 Internal  Forces:  Max     0.001288264 RMS     0.000293294
 Search for a local minimum.
 Step number   7 out of a maximum of  122
 All quantities printed in internal units (Hartrees-Bohrs-Radians)
 Mixed Optimization -- En-DIIS/RFO-DIIS
 Swapping is turned off.
 Update second derivatives using D2CorX and points    1    2    3    4    5
                                                      6    7
 DE= -2.08D-04 DEPred=-2.61D-04 R= 7.96D-01
 TightC=F SS=  1.41D+00  RLast= 2.50D-01 DXNew= 1.0856D+00 7.5001D-01
 Trust test= 7.96D-01 RLast= 2.50D-01 DXMaxT set to 7.50D-01
 ITU=  1  1  1  1  1  1  0
     Eigenvalues ---    0.00047   0.00680   0.00748   0.01087   0.01395
     Eigenvalues ---    0.01507   0.01827   0.02070   0.02086   0.02172
     Eigenvalues ---    0.02183   0.02606   0.03044   0.04163   0.04666
     Eigenvalues ---    0.05868   0.07080   0.07118   0.07224   0.07285
     Eigenvalues ---    0.10162   0.13737   0.15155   0.15843   0.15994
     Eigenvalues ---    0.15996   0.16000   0.16000   0.16001   0.16025
     Eigenvalues ---    0.16076   0.16717   0.22384   0.23496   0.23862
     Eigenvalues ---    0.24995   0.27266   0.31715   0.31887   0.33604
     Eigenvalues ---    0.34222   0.34260   0.34290   0.34406   0.34668
     Eigenvalues ---    0.34706   0.35320   0.35573   0.38071   0.43454
     Eigenvalues ---    0.44708   0.45751   0.47405   0.48939   0.49984
     Eigenvalues ---    0.52424   0.53595
 En-DIIS/RFO-DIIS/Sim-DIIS IScMMF=       -3 using points:     7    6    5    4    3    2    1
 RFO step:  Lambda=-2.64312422D-04.
 DIIS inversion failure, remove point   7.
 DIIS inversion failure, remove point   6.
 DIIS inversion failure, remove point   5.
 RFO-DIIS uses    4 points instead of    7
 DidBck=T Rises=F RFO-DIIS coefs:    0.39576   -2.00000    0.97451    1.62973    0.00000
                  RFO-DIIS coefs:    0.00000    0.00000
 Iteration  1 RMS(Cart)=  0.02353260 RMS(Int)=  0.00064955
 Iteration  2 RMS(Cart)=  0.00033873 RMS(Int)=  0.00053187
 Iteration  3 RMS(Cart)=  0.00000024 RMS(Int)=  0.00053187
 Variable       Old X    -DE/DX   Delta X   Delta X   Delta X     New X
                                 (Linear)    (Quad)   (Total)
    R1        2.62777  -0.00058   0.00284  -0.00546  -0.00257   2.62520
    R2        2.67104  -0.00045  -0.00086  -0.00029  -0.00110   2.66994
    R3        2.84828   0.00000  -0.00025   0.00047   0.00022   2.84851
    R4        2.64146   0.00001  -0.00656   0.00837   0.00182   2.64327
    R5        2.04759   0.00000  -0.00007   0.00006  -0.00001   2.04758
    R6        2.67265  -0.00129   0.00300  -0.00807  -0.00532   2.66733
    R7        2.54935  -0.00048   0.00048  -0.00180  -0.00175   2.54760
    R8        2.66674   0.00078   0.01211  -0.01177   0.00028   2.66702
    R9        4.38459   0.00031  -0.20146   0.28993   0.08985   4.47443
   R10        2.04132   0.00024   0.00054  -0.00001  -0.00024   2.04108
   R11        2.61551   0.00072   0.00067   0.00136   0.00203   2.61754
   R12        2.84775   0.00014  -0.00201   0.00328   0.00127   2.84902
   R13        2.05141   0.00005   0.00023  -0.00011   0.00013   2.05154
   R14        1.83359  -0.00012  -0.00127   0.00146   0.00019   1.83378
   R15        3.73052  -0.00076   0.08630  -0.12495  -0.03837   3.69215
   R16        4.12996  -0.00005  -0.01417   0.02634   0.01123   4.14119
   R17        1.84814   0.00002  -0.00139   0.00180   0.00034   1.84848
   R18        2.06162   0.00001  -0.00007   0.00009   0.00002   2.06164
   R19        2.06861  -0.00003   0.00016  -0.00033  -0.00017   2.06844
   R20        2.06869  -0.00006  -0.00015   0.00005  -0.00010   2.06859
   R21        2.06953   0.00002   0.00008  -0.00005   0.00002   2.06955
   R22        2.06269  -0.00006  -0.00040   0.00026  -0.00014   2.06254
   R23        2.06605  -0.00007   0.00028  -0.00050  -0.00022   2.06583
    A1        2.08426  -0.00003  -0.00119   0.00011  -0.00102   2.08324
    A2        2.11064  -0.00024  -0.00198   0.00140  -0.00059   2.11005
    A3        2.08814   0.00027   0.00298  -0.00140   0.00158   2.08972
    A4        2.09526   0.00011  -0.00097   0.00195   0.00097   2.09623
    A5        2.11888  -0.00022  -0.00176   0.00113  -0.00062   2.11825
    A6        2.06854   0.00010   0.00265  -0.00297  -0.00032   2.06822
    A7        2.09491   0.00050   0.00858  -0.00730   0.00126   2.09617
    A8        2.08127   0.00002   0.00825  -0.01297  -0.00455   2.07672
    A9        2.10685  -0.00053  -0.01745   0.02066   0.00335   2.11020
   A10        2.09565  -0.00042  -0.00885   0.00725  -0.00135   2.09430
   A11        1.54650   0.00050   0.03815  -0.05120  -0.01372   1.53278
   A12        2.08361   0.00027  -0.00369   0.00361   0.00245   2.08606
   A13        2.10853  -0.00029  -0.05206   0.08042   0.02859   2.13712
   A14        2.08938   0.00017  -0.00412   0.00557   0.00260   2.09199
   A15        2.07169  -0.00005   0.00045   0.00052   0.00086   2.07256
   A16        2.07756   0.00087   0.00295   0.00191   0.00492   2.08249
   A17        2.13391  -0.00082  -0.00369  -0.00247  -0.00608   2.12782
   A18        2.12217  -0.00011   0.00274  -0.00301  -0.00028   2.12189
   A19        2.07632  -0.00007  -0.00169   0.00151  -0.00018   2.07614
   A20        2.08442   0.00017  -0.00104   0.00157   0.00054   2.08496
   A21        1.70716  -0.00046   0.00859  -0.00754  -0.00054   1.70662
   A22        1.17851  -0.00054   0.01604  -0.02542  -0.00784   1.17066
   A23        1.86630  -0.00013   0.00165  -0.00372  -0.00199   1.86431
   A24        2.17471  -0.00042   0.02818  -0.04136  -0.01146   2.16326
   A25        1.20299  -0.00048  -0.00544   0.00931   0.00319   1.20618
   A26        1.82783   0.00017   0.00048   0.00885   0.00852   1.83634
   A27        2.29886   0.00044  -0.04721   0.06423   0.01695   2.31582
   A28        1.94695   0.00009   0.00037  -0.00003   0.00034   1.94729
   A29        1.93922  -0.00009  -0.00148   0.00067  -0.00081   1.93841
   A30        1.93435  -0.00008   0.00103  -0.00113  -0.00010   1.93425
   A31        1.88669   0.00000  -0.00046   0.00068   0.00022   1.88690
   A32        1.88574   0.00003   0.00089  -0.00065   0.00024   1.88599
   A33        1.86799   0.00005  -0.00037   0.00050   0.00013   1.86812
   A34        1.93577   0.00021   0.00140  -0.00084   0.00056   1.93633
   A35        1.94689   0.00000   0.00026  -0.00121  -0.00095   1.94594
   A36        1.93038  -0.00021  -0.00401   0.00585   0.00183   1.93221
   A37        1.88397  -0.00011   0.00079  -0.00194  -0.00115   1.88281
   A38        1.87044   0.00004  -0.00056   0.00116   0.00059   1.87103
   A39        1.89389   0.00006   0.00223  -0.00315  -0.00092   1.89297
    D1       -0.01301   0.00003  -0.00036   0.00328   0.00281  -0.01020
    D2        3.09366  -0.00006  -0.00266   0.00668   0.00396   3.09762
    D3       -3.13603   0.00011   0.00845  -0.00384   0.00457  -3.13146
    D4       -0.02936   0.00002   0.00615  -0.00045   0.00571  -0.02365
    D5        0.04793  -0.00012  -0.00720  -0.00382  -0.01105   0.03689
    D6       -3.11902  -0.00006  -0.00625  -0.00061  -0.00678  -3.12580
    D7       -3.11199  -0.00021  -0.01598   0.00324  -0.01280  -3.12479
    D8        0.00424  -0.00015  -0.01504   0.00644  -0.00853  -0.00429
    D9       -0.01935  -0.00001  -0.02064   0.02924   0.00859  -0.01077
   D10        2.08722  -0.00001  -0.02199   0.03054   0.00854   2.09577
   D11       -2.12140  -0.00006  -0.02273   0.03087   0.00812  -2.11328
   D12        3.14085   0.00007  -0.01173   0.02209   0.01037  -3.13196
   D13       -1.03575   0.00007  -0.01308   0.02339   0.01033  -1.02543
   D14        1.03881   0.00002  -0.01383   0.02371   0.00990   1.04871
   D15       -0.04573  -0.00004   0.01155  -0.00740   0.00412  -0.04162
   D16        3.07743  -0.00021  -0.00954   0.01712   0.00769   3.08512
   D17        3.12978   0.00005   0.01388  -0.01078   0.00301   3.13279
   D18       -0.03024  -0.00012  -0.00721   0.01374   0.00658  -0.02366
   D19        0.07147   0.00006  -0.01585   0.01232  -0.00343   0.06804
   D20        2.25850  -0.00010  -0.05621   0.07746   0.02133   2.27983
   D21       -2.88727  -0.00007   0.06176  -0.09060  -0.02848  -2.91576
   D22       -3.05142   0.00023   0.00478  -0.01219  -0.00699  -3.05841
   D23       -0.86439   0.00006  -0.03558   0.05295   0.01778  -0.84661
   D24        0.27302   0.00010   0.08239  -0.11512  -0.03204   0.24098
   D25       -2.58680   0.00035   0.02489  -0.02937  -0.00428  -2.59108
   D26        0.53623   0.00019   0.00441  -0.00499  -0.00070   0.53553
   D27       -0.03718  -0.00012   0.00852  -0.01282  -0.00443  -0.04161
   D28        3.11117   0.00017   0.02222  -0.00676   0.01529   3.12646
   D29       -1.92593  -0.00026   0.00328  -0.01106  -0.00692  -1.93285
   D30        1.22242   0.00003   0.01698  -0.00500   0.01279   1.23521
   D31        2.92096   0.00002  -0.06927   0.09024   0.02069   2.94165
   D32       -0.21387   0.00031  -0.05557   0.09630   0.04040  -0.17347
   D33       -1.22380   0.00011   0.01412  -0.01698  -0.00348  -1.22728
   D34        0.61142   0.00013   0.01331  -0.01882  -0.00566   0.60576
   D35        0.95242  -0.00016   0.00896  -0.01354  -0.00404   0.94838
   D36        2.78763  -0.00014   0.00814  -0.01539  -0.00621   2.78142
   D37       -0.02228   0.00016   0.00313   0.00835   0.01168  -0.01060
   D38       -3.13840   0.00011   0.00220   0.00513   0.00740  -3.13100
   D39        3.11233  -0.00013  -0.01083   0.00211  -0.00853   3.10380
   D40       -0.00379  -0.00019  -0.01177  -0.00111  -0.01280  -0.01660
   D41        1.16571  -0.00018  -0.04334   0.04735   0.00402   1.16974
   D42       -3.01675  -0.00018  -0.04121   0.04350   0.00230  -3.01445
   D43       -0.90713  -0.00024  -0.04096   0.04269   0.00175  -0.90538
   D44       -1.96887   0.00011  -0.02926   0.05363   0.02436  -1.94451
   D45        0.13185   0.00012  -0.02713   0.04977   0.02263   0.15448
   D46        2.24147   0.00006  -0.02688   0.04897   0.02208   2.26355
   D47       -0.70678   0.00028   0.02155  -0.02509  -0.00238  -0.70916
   D48        0.89186  -0.00033   0.03517  -0.03948  -0.00446   0.88739
   D49       -1.22444   0.00014   0.00581   0.00301   0.00697  -1.21747
   D50        0.36607  -0.00018  -0.04892   0.06544   0.01540   0.38147
         Item               Value     Threshold  Converged?
 Maximum Force            0.001288     0.000450     NO 
 RMS     Force            0.000293     0.000300     YES
 Maximum Displacement     0.115267     0.001800     NO 
 RMS     Displacement     0.023654     0.001200     NO 
 Predicted change in Energy=-6.606986D-05
 GradGradGradGradGradGradGradGradGradGradGradGradGradGradGradGradGradGrad

                          Input orientation:                          
 ---------------------------------------------------------------------
 Center     Atomic      Atomic             Coordinates (Angstroms)
 Number     Number       Type             X           Y           Z
 ---------------------------------------------------------------------
      1          6           0       -1.746524   -0.074112    0.062714
      2          6           0       -0.954358   -1.201483   -0.114408
      3          6           0        0.420326   -1.065556   -0.334167
      4          6           0        0.998850    0.218590   -0.426803
      5          6           0        0.205586    1.366690   -0.215986
      6          6           0       -1.147794    1.205227    0.030825
      7          8           0        2.629427   -0.502528    1.131250
      8          1           0       -1.770649    2.080976    0.184780
      9          8           0        1.178342   -2.175602   -0.437455
     10          1           0        2.054374   -0.548332    1.911557
     11          1           0        2.053134   -1.923280   -0.079822
     12          1           0        2.006688    0.322565   -0.801045
     13          6           0       -3.227493   -0.200362    0.313595
     14          1           0       -3.545728   -1.243870    0.319899
     15          1           0       -3.503064    0.245228    1.274631
     16          1           0       -3.799120    0.324072   -0.458720
     17          1           0       -1.372419   -2.199406   -0.055946
     18          6           0        0.843473    2.730190   -0.299241
     19          1           0        1.166968    2.949225   -1.322350
     20          1           0        0.150537    3.515342    0.008397
     21          1           0        1.730080    2.781738    0.338202
 ---------------------------------------------------------------------
                    Distance matrix (angstroms):
                    1          2          3          4          5
     1  C    0.000000
     2  C    1.389196   0.000000
     3  C    2.415723   1.398759   0.000000
     4  C    2.803994   2.434999   1.411489   0.000000
     5  C    2.442195   2.819805   2.444565   1.411328   0.000000
     6  C    1.412870   2.418836   2.783645   2.406441   1.385144
     7  O    4.524849   3.857942   2.710087   2.367767   3.344253
     8  H    2.158677   3.395642   3.869153   3.393029   2.139234
     9  O    3.636107   2.366786   1.348131   2.400934   3.680100
    10  H    4.253226   3.685595   2.825050   2.677728   3.407604
    11  H    4.228137   3.093088   1.861838   2.412368   3.775696
    12  H    3.871696   3.400292   2.159027   1.080095   2.162512
    13  C    1.507365   2.520431   3.804568   4.311112   3.810792
    14  H    2.161392   2.627854   4.023579   4.832136   4.601581
    15  H    2.157812   3.243194   4.438398   4.812777   4.151349
    16  H    2.154900   3.246312   4.444132   4.799235   4.145315
    17  H    2.161229   1.083533   2.139382   3.406927   3.902916
    18  C    3.834476   4.327171   3.819419   2.519633   1.507635
    19  H    4.421245   4.815343   4.201482   2.878652   2.157015
    20  H    4.060292   4.846062   4.601605   3.431853   2.161038
    21  H    4.507610   4.824637   4.119370   2.773024   2.152573
                    6          7          8          9         10
     6  C    0.000000
     7  O    4.288911   0.000000
     8  H    1.085627   5.189506   0.000000
     9  O    4.130400   2.713974   5.215571   0.000000
    10  H    4.106824   0.970393   4.952355   2.988862   0.000000
    11  H    4.477247   1.953803   5.543050   0.978176   2.419933
    12  H    3.379624   2.191425   4.281604   2.656914   2.849376
    13  C    2.526022   5.921433   2.709888   4.886413   5.529257
    14  H    3.439728   6.272194   3.771441   4.874274   5.863300
    15  H    2.831245   6.179575   2.749365   5.541410   5.649826
    16  H    2.836480   6.673641   2.759620   5.569915   6.375162
    17  H    3.413139   4.505951   4.305603   2.579243   4.282525
    18  C    2.529743   3.960607   2.736674   4.919150   4.135531
    19  H    3.198553   4.480350   3.413926   5.200675   4.845467
    20  H    2.650057   4.852729   2.404054   5.800174   4.874429
    21  H    3.295759   3.496306   3.573473   5.047899   3.697294
                   11         12         13         14         15
    11  H    0.000000
    12  H    2.359267   0.000000
    13  C    5.568504   5.377036   0.000000
    14  H    5.654081   5.877036   1.090973   0.000000
    15  H    6.116233   5.888275   1.094569   1.769392   0.000000
    16  H    6.280369   5.815891   1.094650   1.768869   1.760219
    17  H    3.436746   4.281807   2.752097   2.403660   3.505185
    18  C    4.813129   2.720576   5.053362   5.953282   5.248285
    19  H    5.105925   2.806462   5.648673   6.518323   5.988749
    20  H    5.762488   3.780782   5.030974   6.034030   5.064168
    21  H    4.734586   2.724321   5.785418   6.636265   5.890381
                   16         17         18         19         20
    16  H    0.000000
    17  H    3.524067   0.000000
    18  C    5.231491   5.410202   0.000000
    19  H    5.683249   5.878832   1.095161   0.000000
    20  H    5.099235   5.914549   1.091451   1.767628   0.000000
    21  H    6.103053   5.881552   1.093189   1.761414   1.772541
                   21
    21  H    0.000000
 Stoichiometry    C8H11O2(2)
 Framework group  C1[X(C8H11O2)]
 Deg. of freedom    57
 Full point group                 C1      NOp   1
 Largest Abelian subgroup         C1      NOp   1
 Largest concise Abelian subgroup C1      NOp   1
                         Standard orientation:                         
 ---------------------------------------------------------------------
 Center     Atomic      Atomic             Coordinates (Angstroms)
 Number     Number       Type             X           Y           Z
 ---------------------------------------------------------------------
      1          6           0       -1.694852   -0.303160    0.087026
      2          6           0       -0.788260   -1.328917   -0.149150
      3          6           0        0.556364   -1.033665   -0.396818
      4          6           0        0.986736    0.309245   -0.457425
      5          6           0        0.077700    1.354364   -0.186818
      6          6           0       -1.242186    1.035233    0.086456
      7          8           0        2.729638   -0.276580    1.034361
      8          1           0       -1.953424    1.830677    0.286449
      9          8           0        1.429167   -2.048437   -0.557792
     10          1           0        2.185067   -0.411684    1.826102
     11          1           0        2.280341   -1.712165   -0.212464
     12          1           0        1.966136    0.536989   -0.851776
     13          6           0       -3.145272   -0.601653    0.368682
     14          1           0       -3.346023   -1.673744    0.345380
     15          1           0       -3.441554   -0.221272    1.351336
     16          1           0       -3.792558   -0.119068   -0.370501
     17          1           0       -1.091771   -2.368555   -0.116322
     18          6           0        0.558546    2.782393   -0.236644
     19          1           0        0.827318    3.069517   -1.258749
     20          1           0       -0.208040    3.475010    0.115338
     21          1           0        1.451407    2.911387    0.380789
 ---------------------------------------------------------------------
 Rotational constants (GHZ):           1.5828399           1.1286623           0.7305898
 Standard basis: 6-311G(d,p) (5D, 7F)
 There are   256 symmetry adapted cartesian basis functions of A   symmetry.
 There are   246 symmetry adapted basis functions of A   symmetry.
   246 basis functions,   408 primitive gaussians,   256 cartesian basis functions
    38 alpha electrons       37 beta electrons
       nuclear repulsion energy       515.6331113032 Hartrees.
 NAtoms=   21 NActive=   21 NUniq=   21 SFac= 1.00D+00 NAtFMM=   60 NAOKFM=F Big=F
 Integral buffers will be    131072 words long.
 Raffenetti 2 integral format.
 Two-electron integral symmetry is turned on.
 One-electron integrals computed using PRISM.
 NBasis=   246 RedAO= T EigKep=  1.80D-04  NBF=   246
 NBsUse=   246 1.00D-06 EigRej= -1.00D+00 NBFU=   246
 Initial guess from the checkpoint file:  "SR-11-TS-P2_2.chk"
 B after Tr=     0.000000    0.000000    0.000000
         Rot=    0.999926   -0.004036   -0.002627   -0.011204 Ang=  -1.40 deg.
 Initial guess <Sx>= 0.0000 <Sy>= 0.0000 <Sz>= 0.5000 <S**2>= 0.7585 S= 0.5043
 ExpMin= 1.03D-01 ExpMax= 8.59D+03 ExpMxC= 1.30D+03 IAcc=2 IRadAn=         4 AccDes= 0.00D+00
 Harris functional with IExCor=  402 and IRadAn=       4 diagonalized for initial guess.
 HarFok:  IExCor=  402 AccDes= 0.00D+00 IRadAn=         4 IDoV= 1 UseB2=F ITyADJ=14
 ICtDFT=  3500011 ScaDFX=  1.000000  1.000000  1.000000  1.000000
 FoFCou: FMM=F IPFlag=           0 FMFlag=      100000 FMFlg1=           0
         NFxFlg=           0 DoJE=T BraDBF=F KetDBF=T FulRan=T
         wScrn=  0.000000 ICntrl=       500 IOpCl=  0 I1Cent=   200000004 NGrid=           0
         NMat0=    1 NMatS0=      1 NMatT0=    0 NMatD0=    1 NMtDS0=    0 NMtDT0=    0
 Petite list used in FoFCou.
 Requested convergence on RMS density matrix=1.00D-08 within 128 cycles.
 Requested convergence on MAX density matrix=1.00D-06.
 Requested convergence on             energy=1.00D-06.
 No special actions if energy rises.
 Integral accuracy reduced to 1.0D-05 until final iterations.
 Initial convergence to 1.0D-05 achieved.  Increase integral accuracy.
 SCF Done:  E(UB3LYP) =  -461.978954785     A.U. after   17 cycles
            NFock= 17  Conv=0.63D-08     -V/T= 2.0038
 <Sx>= 0.0000 <Sy>= 0.0000 <Sz>= 0.5000 <S**2>= 0.7574 S= 0.5037
 <L.S>= 0.000000000000E+00
 Annihilation of the first spin contaminant:
 S**2 before annihilation     0.7574,   after     0.7500
 Calling FoFJK, ICntrl=      2127 FMM=F ISym2X=0 I1Cent= 0 IOpClX= 1 NMat=1 NMatS=1 NMatT=0.
 ***** Axes restored to original set *****
 -------------------------------------------------------------------
 Center     Atomic                   Forces (Hartrees/Bohr)
 Number     Number              X              Y              Z
 -------------------------------------------------------------------
      1        6           0.000106042   -0.000018921    0.000067375
      2        6          -0.000113225   -0.000004487   -0.000076198
      3        6          -0.000246424   -0.000102901   -0.000069370
      4        6          -0.000591563   -0.000281183   -0.000185247
      5        6           0.000417664    0.000053535    0.000338560
      6        6          -0.000045621    0.000049183    0.000082126
      7        8           0.001054067   -0.000572712   -0.000089352
      8        1           0.000008812   -0.000002897   -0.000009587
      9        8           0.000340954   -0.000728895   -0.000607719
     10        1          -0.000568848    0.000320622   -0.000441112
     11        1          -0.000483932    0.001260774    0.001032211
     12        1           0.000219161    0.000028242   -0.000036118
     13        6          -0.000020344   -0.000039886   -0.000007789
     14        1           0.000004606    0.000013694    0.000004744
     15        1           0.000022386    0.000013147   -0.000009164
     16        1          -0.000009636    0.000004055    0.000000699
     17        1          -0.000011311    0.000018700   -0.000015882
     18        6          -0.000142643    0.000018673   -0.000054140
     19        1           0.000045872   -0.000032203    0.000041352
     20        1          -0.000003767   -0.000015265   -0.000028494
     21        1           0.000017750    0.000018724    0.000063105
 -------------------------------------------------------------------
 Cartesian Forces:  Max     0.001260774 RMS     0.000331899

 GradGradGradGradGradGradGradGradGradGradGradGradGradGradGradGradGradGrad
 Berny optimization.
 Using GEDIIS/GDIIS optimizer.
 FormGI is forming the generalized inverse of G from B-inverse, IUseBI=4.
 Internal  Forces:  Max     0.000999283 RMS     0.000180224
 Search for a local minimum.
 Step number   8 out of a maximum of  122
 All quantities printed in internal units (Hartrees-Bohrs-Radians)
 Mixed Optimization -- En-DIIS/RFO-DIIS
 Swapping is turned off.
 Update second derivatives using D2CorX and points    4    5    6    7    8
 DE= -5.85D-05 DEPred=-6.61D-05 R= 8.86D-01
 TightC=F SS=  1.41D+00  RLast= 1.42D-01 DXNew= 1.2614D+00 4.2659D-01
 Trust test= 8.86D-01 RLast= 1.42D-01 DXMaxT set to 7.50D-01
 ITU=  1  1  1  1  1  1  1  0
     Eigenvalues ---    0.00195   0.00625   0.00689   0.01050   0.01477
     Eigenvalues ---    0.01519   0.01796   0.02057   0.02096   0.02172
     Eigenvalues ---    0.02181   0.02371   0.03006   0.03637   0.04419
     Eigenvalues ---    0.05875   0.07079   0.07119   0.07225   0.07272
     Eigenvalues ---    0.09842   0.13577   0.15049   0.15818   0.15993
     Eigenvalues ---    0.15997   0.15999   0.16000   0.16000   0.16007
     Eigenvalues ---    0.16034   0.16994   0.21309   0.23425   0.23866
     Eigenvalues ---    0.24396   0.24995   0.31713   0.31887   0.33862
     Eigenvalues ---    0.34224   0.34260   0.34289   0.34412   0.34664
     Eigenvalues ---    0.34706   0.35319   0.35573   0.37949   0.41294
     Eigenvalues ---    0.43559   0.45666   0.47431   0.48189   0.50806
     Eigenvalues ---    0.52220   0.53563
 En-DIIS/RFO-DIIS/Sim-DIIS IScMMF=       -3 using points:     8    7    6    5    4    3    2    1
 RFO step:  Lambda=-1.06197870D-04.
 DIIS inversion failure, remove point   8.
 DIIS inversion failure, remove point   7.
 DIIS inversion failure, remove point   6.
 DIIS inversion failure, remove point   5.
 RFO-DIIS uses    4 points instead of    8
 DidBck=F Rises=F RFO-DIIS coefs:    1.64879   -1.20840    2.55961   -2.00000    0.00000
                  RFO-DIIS coefs:    0.00000    0.00000    0.00000
 Iteration  1 RMS(Cart)=  0.02162689 RMS(Int)=  0.00068306
 Iteration  2 RMS(Cart)=  0.00025783 RMS(Int)=  0.00063117
 Iteration  3 RMS(Cart)=  0.00000012 RMS(Int)=  0.00063117
 Variable       Old X    -DE/DX   Delta X   Delta X   Delta X     New X
                                 (Linear)    (Quad)   (Total)
    R1        2.62520  -0.00003   0.00211  -0.00122   0.00092   2.62612
    R2        2.66994   0.00004   0.00004   0.00084   0.00093   2.67087
    R3        2.84851   0.00000  -0.00044   0.00022  -0.00022   2.84829
    R4        2.64327   0.00002  -0.00416   0.00335  -0.00083   2.64244
    R5        2.04758  -0.00001   0.00001  -0.00003  -0.00002   2.04756
    R6        2.66733   0.00014   0.00294  -0.00076   0.00189   2.66921
    R7        2.54760   0.00007  -0.00041  -0.00024  -0.00120   2.54640
    R8        2.66702  -0.00007   0.00615  -0.00625  -0.00013   2.66689
    R9        4.47443   0.00000  -0.14733   0.09311  -0.05218   4.42225
   R10        2.04108   0.00033   0.00007   0.00100   0.00021   2.04130
   R11        2.61754   0.00004  -0.00035  -0.00046  -0.00077   2.61677
   R12        2.84902  -0.00005  -0.00142   0.00060  -0.00082   2.84820
   R13        2.05154  -0.00001   0.00012  -0.00019  -0.00006   2.05147
   R14        1.83378  -0.00003  -0.00086   0.00052  -0.00034   1.83344
   R15        3.69215  -0.00054   0.04133  -0.06236  -0.02064   3.67151
   R16        4.14119  -0.00010  -0.01389   0.00647  -0.00901   4.13219
   R17        1.84848   0.00023   0.00003   0.00203   0.00199   1.85047
   R18        2.06164  -0.00001  -0.00001  -0.00003  -0.00004   2.06160
   R19        2.06844  -0.00001   0.00012  -0.00009   0.00002   2.06846
   R20        2.06859   0.00001  -0.00011   0.00013   0.00002   2.06861
   R21        2.06955  -0.00003   0.00001  -0.00022  -0.00021   2.06935
   R22        2.06254  -0.00002  -0.00023   0.00018  -0.00005   2.06249
   R23        2.06583   0.00005   0.00025   0.00013   0.00038   2.06621
    A1        2.08324   0.00007   0.00021   0.00104   0.00122   2.08445
    A2        2.11005  -0.00004  -0.00091   0.00094   0.00004   2.11009
    A3        2.08972  -0.00003   0.00060  -0.00191  -0.00129   2.08843
    A4        2.09623  -0.00008  -0.00134  -0.00014  -0.00159   2.09464
    A5        2.11825   0.00002  -0.00101   0.00104   0.00008   2.11834
    A6        2.06822   0.00006   0.00224  -0.00097   0.00131   2.06954
    A7        2.09617   0.00002   0.00428  -0.00445  -0.00026   2.09590
    A8        2.07672   0.00022   0.00780  -0.00174   0.00628   2.08300
    A9        2.11020  -0.00024  -0.01248   0.00627  -0.00615   2.10405
   A10        2.09430   0.00002  -0.00397   0.00479   0.00095   2.09525
   A11        1.53278   0.00030   0.02711  -0.01614   0.01015   1.54293
   A12        2.08606   0.00004  -0.00310  -0.00051  -0.00092   2.08514
   A13        2.13712  -0.00034  -0.04474   0.01960  -0.02488   2.11224
   A14        2.09199  -0.00005  -0.00311   0.00137  -0.00085   2.09114
   A15        2.07256  -0.00005  -0.00034  -0.00069  -0.00126   2.07130
   A16        2.08249   0.00014  -0.00069  -0.00116  -0.00191   2.08058
   A17        2.12782  -0.00009   0.00131   0.00205   0.00330   2.13112
   A18        2.12189   0.00001   0.00139  -0.00133   0.00004   2.12193
   A19        2.07614   0.00000  -0.00118   0.00089  -0.00028   2.07586
   A20        2.08496  -0.00001  -0.00022   0.00042   0.00021   2.08517
   A21        1.70662  -0.00050  -0.00149  -0.01101  -0.01433   1.69229
   A22        1.17066  -0.00028   0.01132  -0.00856   0.00450   1.17516
   A23        1.86431  -0.00022   0.00128  -0.00106   0.00025   1.86456
   A24        2.16326  -0.00043   0.01213  -0.02362  -0.00946   2.15379
   A25        1.20618  -0.00019  -0.00254   0.00536   0.00224   1.20843
   A26        1.83634  -0.00058  -0.00706  -0.00372  -0.01188   1.82446
   A27        2.31582   0.00100  -0.02146   0.03560   0.01386   2.32968
   A28        1.94729   0.00001   0.00046  -0.00013   0.00033   1.94763
   A29        1.93841  -0.00004  -0.00050   0.00048  -0.00002   1.93840
   A30        1.93425   0.00002   0.00002  -0.00031  -0.00029   1.93396
   A31        1.88690   0.00001  -0.00029   0.00028  -0.00001   1.88689
   A32        1.88599   0.00000   0.00049  -0.00042   0.00007   1.88606
   A33        1.86812   0.00000  -0.00019   0.00010  -0.00009   1.86802
   A34        1.93633   0.00000   0.00135  -0.00068   0.00066   1.93700
   A35        1.94594  -0.00001   0.00079  -0.00005   0.00075   1.94669
   A36        1.93221   0.00000  -0.00394   0.00159  -0.00235   1.92986
   A37        1.88281   0.00002   0.00086   0.00011   0.00096   1.88377
   A38        1.87103  -0.00001  -0.00054   0.00009  -0.00045   1.87058
   A39        1.89297   0.00000   0.00154  -0.00109   0.00045   1.89342
    D1       -0.01020   0.00003  -0.00133   0.00112  -0.00025  -0.01044
    D2        3.09762  -0.00007  -0.00515  -0.00128  -0.00645   3.09117
    D3       -3.13146   0.00005   0.00408  -0.00265   0.00143  -3.13004
    D4       -0.02365  -0.00005   0.00026  -0.00505  -0.00477  -0.02842
    D5        0.03689   0.00004   0.00085   0.00553   0.00641   0.04329
    D6       -3.12580   0.00000   0.00017   0.00428   0.00457  -3.12122
    D7       -3.12479   0.00003  -0.00450   0.00929   0.00477  -3.12002
    D8       -0.00429  -0.00002  -0.00519   0.00804   0.00294  -0.00135
    D9       -0.01077   0.00000  -0.01611   0.00831  -0.00781  -0.01858
   D10        2.09577   0.00000  -0.01650   0.00891  -0.00761   2.08815
   D11       -2.11328  -0.00001  -0.01705   0.00915  -0.00793  -2.12121
   D12       -3.13196   0.00002  -0.01068   0.00450  -0.00617  -3.13813
   D13       -1.02543   0.00001  -0.01108   0.00509  -0.00597  -1.03139
   D14        1.04871   0.00000  -0.01163   0.00533  -0.00628   1.04243
   D15       -0.04162  -0.00012   0.00050  -0.01065  -0.01013  -0.05175
   D16        3.08512  -0.00022  -0.01419  -0.00413  -0.01827   3.06685
   D17        3.13279  -0.00002   0.00428  -0.00835  -0.00408   3.12870
   D18       -0.02366  -0.00012  -0.01040  -0.00183  -0.01222  -0.03588
   D19        0.06804   0.00014   0.00046   0.01407   0.01474   0.08278
   D20        2.27983  -0.00006  -0.03668   0.02860  -0.00814   2.27169
   D21       -2.91576   0.00004   0.04693  -0.02694   0.02071  -2.89505
   D22       -3.05841   0.00023   0.01483   0.00750   0.02286  -3.03554
   D23       -0.84661   0.00003  -0.02232   0.02202  -0.00002  -0.84663
   D24        0.24098   0.00014   0.06129  -0.03351   0.02883   0.26982
   D25       -2.59108   0.00035   0.01997  -0.00405   0.01639  -2.57469
   D26        0.53553   0.00025   0.00564   0.00243   0.00827   0.54380
   D27       -0.04161  -0.00006  -0.00079  -0.00759  -0.00860  -0.05020
   D28        3.12646  -0.00003   0.00110  -0.01581  -0.01479   3.11167
   D29       -1.93285  -0.00022  -0.00015  -0.00454  -0.00369  -1.93655
   D30        1.23521  -0.00019   0.00174  -0.01276  -0.00988   1.22533
   D31        2.94165   0.00004  -0.04737   0.03339  -0.01459   2.92706
   D32       -0.17347   0.00007  -0.04548   0.02517  -0.02078  -0.19425
   D33       -1.22728  -0.00012   0.00335  -0.01494  -0.01227  -1.23955
   D34        0.60576  -0.00017   0.00582  -0.01191  -0.00618   0.59958
   D35        0.94838  -0.00001  -0.00058  -0.01329  -0.01333   0.93505
   D36        2.78142  -0.00005   0.00189  -0.01027  -0.00724   2.77418
   D37       -0.01060  -0.00003   0.00029  -0.00229  -0.00188  -0.01248
   D38       -3.13100   0.00001   0.00099  -0.00105  -0.00003  -3.13103
   D39        3.10380  -0.00006  -0.00197   0.00610   0.00441   3.10821
   D40       -0.01660  -0.00001  -0.00127   0.00734   0.00626  -0.01033
   D41        1.16974  -0.00007  -0.03987   0.00541  -0.03443   1.13531
   D42       -3.01445  -0.00005  -0.03733   0.00505  -0.03225  -3.04670
   D43       -0.90538  -0.00006  -0.03753   0.00471  -0.03278  -0.93816
   D44       -1.94451  -0.00003  -0.03770  -0.00304  -0.04076  -1.98528
   D45        0.15448  -0.00002  -0.03516  -0.00340  -0.03859   0.11590
   D46        2.26355  -0.00003  -0.03536  -0.00373  -0.03912   2.22444
   D47       -0.70916   0.00011   0.01751  -0.00189   0.01702  -0.69214
   D48        0.88739  -0.00044   0.01865  -0.01632   0.00213   0.88952
   D49       -1.21747  -0.00002   0.00617   0.00819   0.01211  -1.20536
   D50        0.38147  -0.00029  -0.03814   0.01388  -0.02530   0.35617
         Item               Value     Threshold  Converged?
 Maximum Force            0.000999     0.000450     NO 
 RMS     Force            0.000180     0.000300     YES
 Maximum Displacement     0.108702     0.001800     NO 
 RMS     Displacement     0.021658     0.001200     NO 
 Predicted change in Energy=-1.652737D-05
 GradGradGradGradGradGradGradGradGradGradGradGradGradGradGradGradGradGrad

                          Input orientation:                          
 ---------------------------------------------------------------------
 Center     Atomic      Atomic             Coordinates (Angstroms)
 Number     Number       Type             X           Y           Z
 ---------------------------------------------------------------------
      1          6           0       -1.744902   -0.079053    0.062792
      2          6           0       -0.956276   -1.208414   -0.121150
      3          6           0        0.417882   -1.073549   -0.342061
      4          6           0        0.996418    0.211215   -0.441052
      5          6           0        0.208087    1.360317   -0.218001
      6          6           0       -1.143469    1.199697    0.036926
      7          8           0        2.608024   -0.466329    1.114580
      8          1           0       -1.763880    2.075383    0.200562
      9          8           0        1.183872   -2.178494   -0.432107
     10          1           0        2.022270   -0.490809    1.887631
     11          1           0        2.048896   -1.908767   -0.060804
     12          1           0        1.997139    0.314531   -0.834409
     13          6           0       -3.225465   -0.201891    0.317036
     14          1           0       -3.548531   -1.243901    0.312137
     15          1           0       -3.495994    0.233676    1.284096
     16          1           0       -3.797056    0.334274   -0.447223
     17          1           0       -1.376201   -2.205465   -0.061403
     18          6           0        0.853522    2.720411   -0.290185
     19          1           0        1.207842    2.932961   -1.304295
     20          1           0        0.156363    3.510368   -0.005333
     21          1           0        1.722093    2.769151    0.372168
 ---------------------------------------------------------------------
                    Distance matrix (angstroms):
                    1          2          3          4          5
     1  C    0.000000
     2  C    1.389684   0.000000
     3  C    2.414656   1.398321   0.000000
     4  C    2.802311   2.435302   1.412488   0.000000
     5  C    2.442293   2.821967   2.446040   1.411260   0.000000
     6  C    1.413362   2.420543   2.783720   2.405135   1.384734
     7  O    4.494908   3.844730   2.699488   2.340156   3.297288
     8  H    2.158919   3.396917   3.869147   3.392055   2.138964
     9  O    3.637347   2.370229   1.347498   2.397066   3.677116
    10  H    4.206087   3.663590   2.808056   2.639693   3.339404
    11  H    4.213791   3.086292   1.853888   2.397212   3.755024
    12  H    3.868171   3.398641   2.159450   1.080207   2.162021
    13  C    1.507248   2.520776   3.803705   4.309252   3.809992
    14  H    2.161509   2.628456   4.023609   4.831274   4.601649
    15  H    2.157709   3.241066   4.435274   4.812318   4.152810
    16  H    2.154597   3.249036   4.445079   4.795057   4.140830
    17  H    2.161711   1.083521   2.139798   3.407902   3.905034
    18  C    3.835804   4.328926   3.819241   2.517785   1.507200
    19  H    4.433943   4.820189   4.195480   2.863178   2.157024
    20  H    4.062437   4.849565   4.603702   3.432193   2.161162
    21  H    4.497558   4.820585   4.120368   2.780462   2.150657
                    6          7          8          9         10
     6  C    0.000000
     7  O    4.243899   0.000000
     8  H    1.085593   5.138996   0.000000
     9  O    4.129005   2.711448   5.213922   0.000000
    10  H    4.037923   0.970214   4.875088   2.988708   0.000000
    11  H    4.456826   1.942879   5.520782   0.979226   2.409920
    12  H    3.377301   2.186659   4.279840   2.653002   2.838786
    13  C    2.525395   5.893691   2.708463   4.889829   5.485341
    14  H    3.439656   6.257131   3.770288   4.880881   5.838077
    15  H    2.832491   6.146363   2.750664   5.537605   5.598247
    16  H    2.832822   6.641177   2.754067   5.578877   6.324307
    17  H    3.414523   4.503507   4.306342   2.586914   4.276492
    18  C    2.531313   3.899609   2.740016   4.912081   4.052257
    19  H    3.214302   4.400754   3.439646   5.185389   4.751198
    20  H    2.651518   4.804057   2.406016   5.796642   4.803576
    21  H    3.284359   3.435751   3.558479   5.041401   3.607503
                   11         12         13         14         15
    11  H    0.000000
    12  H    2.354612   0.000000
    13  C    5.556534   5.372905   0.000000
    14  H    5.649099   5.873477   1.090953   0.000000
    15  H    6.094639   5.888049   1.094582   1.769377   0.000000
    16  H    6.273413   5.807151   1.094660   1.768906   1.760177
    17  H    3.437923   4.281044   2.752690   2.404820   3.500472
    18  C    4.786525   2.718878   5.054375   5.954547   5.251714
    19  H    5.069120   2.774880   5.666588   6.533155   6.009325
    20  H    5.740365   3.780105   5.032053   6.035735   5.073367
    21  H    4.709266   2.748934   5.771348   6.624776   5.872706
                   16         17         18         19         20
    16  H    0.000000
    17  H    3.529826   0.000000
    18  C    5.229358   5.411863   0.000000
    19  H    5.704099   5.884342   1.095052   0.000000
    20  H    5.090419   5.917993   1.091423   1.768136   0.000000
    21  H    6.087777   5.876582   1.093390   1.761197   1.772969
                   21
    21  H    0.000000
 Stoichiometry    C8H11O2(2)
 Framework group  C1[X(C8H11O2)]
 Deg. of freedom    57
 Full point group                 C1      NOp   1
 Largest Abelian subgroup         C1      NOp   1
 Largest concise Abelian subgroup C1      NOp   1
                         Standard orientation:                         
 ---------------------------------------------------------------------
 Center     Atomic      Atomic             Coordinates (Angstroms)
 Number     Number       Type             X           Y           Z
 ---------------------------------------------------------------------
      1          6           0       -1.697713   -0.276635    0.083558
      2          6           0       -0.812348   -1.321898   -0.150480
      3          6           0        0.537889   -1.053292   -0.395451
      4          6           0        0.992450    0.282107   -0.467602
      5          6           0        0.106460    1.345948   -0.193891
      6          6           0       -1.218100    1.052862    0.083832
      7          8           0        2.695672   -0.285531    1.033449
      8          1           0       -1.912992    1.861918    0.286482
      9          8           0        1.400646   -2.079001   -0.534455
     10          1           0        2.132861   -0.386226    1.817299
     11          1           0        2.245370   -1.740285   -0.173073
     12          1           0        1.969866    0.489319   -0.878171
     13          6           0       -3.154207   -0.544134    0.364391
     14          1           0       -3.379374   -1.611187    0.334773
     15          1           0       -3.441338   -0.163010    1.349484
     16          1           0       -3.790648   -0.042394   -0.371462
     17          1           0       -1.136591   -2.355056   -0.112150
     18          6           0        0.621260    2.761807   -0.238360
     19          1           0        0.930659    3.034854   -1.252686
     20          1           0       -0.139264    3.474981    0.084422
     21          1           0        1.496763    2.872752    0.407152
 ---------------------------------------------------------------------
 Rotational constants (GHZ):           1.5877235           1.1365533           0.7341786
 Standard basis: 6-311G(d,p) (5D, 7F)
 There are   256 symmetry adapted cartesian basis functions of A   symmetry.
 There are   246 symmetry adapted basis functions of A   symmetry.
   246 basis functions,   408 primitive gaussians,   256 cartesian basis functions
    38 alpha electrons       37 beta electrons
       nuclear repulsion energy       516.3879058744 Hartrees.
 NAtoms=   21 NActive=   21 NUniq=   21 SFac= 1.00D+00 NAtFMM=   60 NAOKFM=F Big=F
 Integral buffers will be    131072 words long.
 Raffenetti 2 integral format.
 Two-electron integral symmetry is turned on.
 One-electron integrals computed using PRISM.
 NBasis=   246 RedAO= T EigKep=  1.81D-04  NBF=   246
 NBsUse=   246 1.00D-06 EigRej= -1.00D+00 NBFU=   246
 Initial guess from the checkpoint file:  "SR-11-TS-P2_2.chk"
 B after Tr=     0.000000    0.000000    0.000000
         Rot=    0.999959    0.003029    0.001675    0.008395 Ang=   1.04 deg.
 Initial guess <Sx>= 0.0000 <Sy>= 0.0000 <Sz>= 0.5000 <S**2>= 0.7574 S= 0.5037
 ExpMin= 1.03D-01 ExpMax= 8.59D+03 ExpMxC= 1.30D+03 IAcc=2 IRadAn=         4 AccDes= 0.00D+00
 Harris functional with IExCor=  402 and IRadAn=       4 diagonalized for initial guess.
 HarFok:  IExCor=  402 AccDes= 0.00D+00 IRadAn=         4 IDoV= 1 UseB2=F ITyADJ=14
 ICtDFT=  3500011 ScaDFX=  1.000000  1.000000  1.000000  1.000000
 FoFCou: FMM=F IPFlag=           0 FMFlag=      100000 FMFlg1=           0
         NFxFlg=           0 DoJE=T BraDBF=F KetDBF=T FulRan=T
         wScrn=  0.000000 ICntrl=       500 IOpCl=  0 I1Cent=   200000004 NGrid=           0
         NMat0=    1 NMatS0=      1 NMatT0=    0 NMatD0=    1 NMtDS0=    0 NMtDT0=    0
 Petite list used in FoFCou.
 Requested convergence on RMS density matrix=1.00D-08 within 128 cycles.
 Requested convergence on MAX density matrix=1.00D-06.
 Requested convergence on             energy=1.00D-06.
 No special actions if energy rises.
 Integral accuracy reduced to 1.0D-05 until final iterations.
 Initial convergence to 1.0D-05 achieved.  Increase integral accuracy.
 SCF Done:  E(UB3LYP) =  -461.979014839     A.U. after   17 cycles
            NFock= 17  Conv=0.68D-08     -V/T= 2.0038
 <Sx>= 0.0000 <Sy>= 0.0000 <Sz>= 0.5000 <S**2>= 0.7581 S= 0.5040
 <L.S>= 0.000000000000E+00
 Annihilation of the first spin contaminant:
 S**2 before annihilation     0.7581,   after     0.7500
 Calling FoFJK, ICntrl=      2127 FMM=F ISym2X=0 I1Cent= 0 IOpClX= 1 NMat=1 NMatS=1 NMatT=0.
 ***** Axes restored to original set *****
 -------------------------------------------------------------------
 Center     Atomic                   Forces (Hartrees/Bohr)
 Number     Number              X              Y              Z
 -------------------------------------------------------------------
      1        6           0.000018242    0.000176827   -0.000052525
      2        6           0.000086827    0.000070565    0.000051536
      3        6          -0.000680451    0.000439215   -0.000113815
      4        6          -0.000115905   -0.000554485    0.000000458
      5        6           0.000297895    0.000176128    0.000257976
      6        6          -0.000225982   -0.000039782   -0.000040821
      7        8           0.000724302   -0.000558333   -0.000031179
      8        1          -0.000012487   -0.000003111   -0.000000897
      9        8           0.000437591   -0.000363002   -0.000416438
     10        1          -0.000314321    0.000155692   -0.000277613
     11        1          -0.000057492    0.000435948    0.000667311
     12        1           0.000150955   -0.000026897    0.000013582
     13        6          -0.000056755   -0.000091484    0.000011348
     14        1           0.000014680    0.000002347    0.000017915
     15        1           0.000013156    0.000014987    0.000002921
     16        1          -0.000001615   -0.000007037    0.000013840
     17        1          -0.000014009    0.000018090   -0.000005056
     18        6          -0.000279330    0.000161968   -0.000104190
     19        1           0.000028287   -0.000023042    0.000030666
     20        1          -0.000008704   -0.000018211   -0.000019745
     21        1          -0.000004886    0.000033618   -0.000005274
 -------------------------------------------------------------------
 Cartesian Forces:  Max     0.000724302 RMS     0.000239357

 GradGradGradGradGradGradGradGradGradGradGradGradGradGradGradGradGradGrad
 Berny optimization.
 Using GEDIIS/GDIIS optimizer.
 FormGI is forming the generalized inverse of G from B-inverse, IUseBI=4.
 Internal  Forces:  Max     0.000490030 RMS     0.000133148
 Search for a local minimum.
 Step number   9 out of a maximum of  122
 All quantities printed in internal units (Hartrees-Bohrs-Radians)
 Mixed Optimization -- En-DIIS/RFO-DIIS
 Swapping is turned off.
 Update second derivatives using D2CorX and points    3    4    5    6    7
                                                      8    9
 DE= -6.01D-05 DEPred=-1.65D-05 R= 3.63D+00
 TightC=F SS=  1.41D+00  RLast= 1.37D-01 DXNew= 1.2614D+00 4.1115D-01
 Trust test= 3.63D+00 RLast= 1.37D-01 DXMaxT set to 7.50D-01
 ITU=  1  1  1  1  1  1  1  1  0
     Eigenvalues ---    0.00091   0.00331   0.00688   0.00946   0.01483
     Eigenvalues ---    0.01536   0.01719   0.01972   0.02078   0.02119
     Eigenvalues ---    0.02174   0.02187   0.03049   0.03327   0.04385
     Eigenvalues ---    0.05915   0.07077   0.07120   0.07229   0.07300
     Eigenvalues ---    0.08968   0.13725   0.15128   0.15934   0.15991
     Eigenvalues ---    0.15996   0.16000   0.16000   0.16000   0.16035
     Eigenvalues ---    0.16129   0.16821   0.20014   0.23373   0.23854
     Eigenvalues ---    0.24036   0.24996   0.31714   0.31884   0.33776
     Eigenvalues ---    0.34223   0.34260   0.34289   0.34409   0.34663
     Eigenvalues ---    0.34706   0.35320   0.35573   0.38335   0.40998
     Eigenvalues ---    0.43593   0.45656   0.47488   0.48217   0.50942
     Eigenvalues ---    0.53525   0.56085
 En-DIIS/RFO-DIIS/Sim-DIIS IScMMF=       -3 using points:     9    8    7    6    5    4    3    2    1
 RFO step:  Lambda=-3.19798647D-04.
 DIIS inversion failure, remove point   9.
 DIIS inversion failure, remove point   8.
 DIIS inversion failure, remove point   7.
 DIIS inversion failure, remove point   6.
 DIIS inversion failure, remove point   5.
 RFO-DIIS uses    4 points instead of    9
 DidBck=F Rises=F RFO-DIIS coefs:    2.29873    0.79293   -1.52728   -0.56438    0.00000
                  RFO-DIIS coefs:    0.00000    0.00000    0.00000    0.00000
 Iteration  1 RMS(Cart)=  0.04259007 RMS(Int)=  0.00184146
 Iteration  2 RMS(Cart)=  0.00190238 RMS(Int)=  0.00082262
 Iteration  3 RMS(Cart)=  0.00000500 RMS(Int)=  0.00082262
 Iteration  4 RMS(Cart)=  0.00000001 RMS(Int)=  0.00082262
 Variable       Old X    -DE/DX   Delta X   Delta X   Delta X     New X
                                 (Linear)    (Quad)   (Total)
    R1        2.62612  -0.00004  -0.00540   0.00120  -0.00410   2.62202
    R2        2.67087  -0.00012  -0.00044   0.00051   0.00019   2.67106
    R3        2.84829   0.00004   0.00016   0.00042   0.00058   2.84887
    R4        2.64244  -0.00008   0.00600  -0.00054   0.00545   2.64789
    R5        2.04756  -0.00001   0.00000  -0.00010  -0.00010   2.04746
    R6        2.66921  -0.00012  -0.00957   0.00261  -0.00728   2.66193
    R7        2.54640   0.00044  -0.00538   0.00248  -0.00158   2.54482
    R8        2.66689   0.00049  -0.00675   0.00165  -0.00519   2.66170
    R9        4.42225   0.00029   0.20773   0.00133   0.20621   4.62846
   R10        2.04130   0.00023  -0.00038   0.00131   0.00198   2.04327
   R11        2.61677   0.00023   0.00244  -0.00029   0.00218   2.61894
   R12        2.84820   0.00003   0.00247  -0.00042   0.00206   2.85025
   R13        2.05147   0.00000   0.00003  -0.00012  -0.00008   2.05139
   R14        1.83344  -0.00004   0.00059   0.00000   0.00059   1.83403
   R15        3.67151  -0.00044  -0.15200  -0.00142  -0.15359   3.51791
   R16        4.13219  -0.00004   0.01661   0.00051   0.01880   4.15099
   R17        1.85047   0.00011   0.00426   0.00072   0.00595   1.85642
   R18        2.06160  -0.00001   0.00003  -0.00010  -0.00007   2.06154
   R19        2.06846   0.00000  -0.00040   0.00011  -0.00029   2.06817
   R20        2.06861  -0.00001  -0.00011   0.00014   0.00003   2.06864
   R21        2.06935  -0.00002  -0.00027  -0.00023  -0.00050   2.06885
   R22        2.06249  -0.00001  -0.00013   0.00005  -0.00009   2.06240
   R23        2.06621  -0.00001  -0.00010   0.00026   0.00017   2.06637
    A1        2.08445  -0.00002   0.00052  -0.00023   0.00031   2.08477
    A2        2.11009  -0.00011   0.00003  -0.00007  -0.00006   2.11003
    A3        2.08843   0.00012  -0.00056   0.00034  -0.00024   2.08819
    A4        2.09464   0.00008   0.00006   0.00035   0.00029   2.09493
    A5        2.11834  -0.00006  -0.00017   0.00052   0.00040   2.11874
    A6        2.06954  -0.00002  -0.00006  -0.00082  -0.00084   2.06869
    A7        2.09590   0.00013  -0.00279  -0.00019  -0.00320   2.09271
    A8        2.08300   0.00012  -0.00438   0.00105  -0.00294   2.08006
    A9        2.10405  -0.00025   0.00734  -0.00086   0.00626   2.11030
   A10        2.09525  -0.00016   0.00380   0.00006   0.00413   2.09938
   A11        1.54293   0.00013  -0.03277   0.00087  -0.03230   1.51063
   A12        2.08514   0.00003   0.00459  -0.00153  -0.00006   2.08508
   A13        2.11224   0.00011   0.04660   0.00683   0.05360   2.16584
   A14        2.09114   0.00012   0.00585   0.00011   0.00419   2.09532
   A15        2.07130  -0.00006  -0.00037  -0.00048  -0.00120   2.07010
   A16        2.08058   0.00046   0.00476   0.00165   0.00644   2.08702
   A17        2.13112  -0.00040  -0.00466  -0.00109  -0.00570   2.12542
   A18        2.12193   0.00003  -0.00216   0.00082  -0.00138   2.12055
   A19        2.07586  -0.00003   0.00016   0.00023   0.00042   2.07628
   A20        2.08517   0.00000   0.00210  -0.00110   0.00102   2.08619
   A21        1.69229  -0.00031  -0.02596  -0.00160  -0.02524   1.66705
   A22        1.17516  -0.00006  -0.01802   0.00129  -0.01961   1.15555
   A23        1.86456  -0.00011  -0.00439  -0.00020  -0.00562   1.85893
   A24        2.15379  -0.00028  -0.05207  -0.00154  -0.05572   2.09807
   A25        1.20843  -0.00005   0.01274   0.00140   0.01284   1.22126
   A26        1.82446  -0.00006  -0.00108   0.00063   0.00209   1.82655
   A27        2.32968   0.00034   0.07872   0.00231   0.08202   2.41170
   A28        1.94763  -0.00001   0.00102  -0.00078   0.00024   1.94786
   A29        1.93840  -0.00003  -0.00071  -0.00008  -0.00079   1.93760
   A30        1.93396   0.00002  -0.00140   0.00118  -0.00022   1.93374
   A31        1.88689   0.00001   0.00067  -0.00004   0.00062   1.88751
   A32        1.88606   0.00001   0.00010  -0.00012  -0.00002   1.88604
   A33        1.86802   0.00000   0.00036  -0.00015   0.00020   1.86823
   A34        1.93700  -0.00001   0.00145  -0.00164  -0.00019   1.93681
   A35        1.94669  -0.00003  -0.00082  -0.00041  -0.00123   1.94546
   A36        1.92986   0.00005   0.00212   0.00208   0.00420   1.93406
   A37        1.88377   0.00002  -0.00136   0.00083  -0.00053   1.88324
   A38        1.87058  -0.00003   0.00088  -0.00087   0.00001   1.87059
   A39        1.89342  -0.00001  -0.00236  -0.00002  -0.00238   1.89104
    D1       -0.01044   0.00001   0.00497   0.00043   0.00539  -0.00506
    D2        3.09117   0.00001  -0.00047   0.00155   0.00124   3.09241
    D3       -3.13004   0.00002   0.00621  -0.00147   0.00467  -3.12537
    D4       -0.02842   0.00002   0.00076  -0.00035   0.00052  -0.02790
    D5        0.04329  -0.00004  -0.00784   0.00140  -0.00653   0.03676
    D6       -3.12122  -0.00003  -0.00263  -0.00056  -0.00319  -3.12441
    D7       -3.12002  -0.00005  -0.00904   0.00328  -0.00582  -3.12585
    D8       -0.00135  -0.00004  -0.00383   0.00131  -0.00248  -0.00383
    D9       -0.01858   0.00001   0.01581   0.00254   0.01837  -0.00021
   D10        2.08815   0.00000   0.01686   0.00190   0.01878   2.10693
   D11       -2.12121   0.00000   0.01595   0.00242   0.01838  -2.10283
   D12       -3.13813   0.00003   0.01702   0.00064   0.01764  -3.12048
   D13       -1.03139   0.00001   0.01808   0.00000   0.01806  -1.01334
   D14        1.04243   0.00001   0.01716   0.00052   0.01766   1.06009
   D15       -0.05175   0.00004  -0.01344   0.00211  -0.01108  -0.06283
   D16        3.06685  -0.00001  -0.00652   0.00232  -0.00382   3.06303
   D17        3.12870   0.00003  -0.00814   0.00099  -0.00707   3.12163
   D18       -0.03588  -0.00001  -0.00122   0.00120   0.00018  -0.03570
   D19        0.08278  -0.00008   0.02453  -0.00640   0.01801   0.10079
   D20        2.27169   0.00009   0.06002   0.00253   0.06245   2.33414
   D21       -2.89505  -0.00002  -0.05960   0.00308  -0.05725  -2.95229
   D22       -3.03554  -0.00004   0.01772  -0.00663   0.01075  -3.02479
   D23       -0.84663   0.00013   0.05320   0.00229   0.05519  -0.79144
   D24        0.26982   0.00002  -0.06642   0.00284  -0.06450   0.20531
   D25       -2.57469   0.00013   0.00176   0.00179   0.00187  -2.57283
   D26        0.54380   0.00009   0.00850   0.00201   0.00907   0.55287
   D27       -0.05020   0.00006  -0.02683   0.00804  -0.01886  -0.06906
   D28        3.11167   0.00013  -0.00497   0.00374  -0.00131   3.11036
   D29       -1.93655  -0.00009  -0.02102   0.00126  -0.01979  -1.95634
   D30        1.22533  -0.00001   0.00084  -0.00304  -0.00225   1.22308
   D31        2.92706  -0.00001   0.05742  -0.00162   0.05644   2.98350
   D32       -0.19425   0.00007   0.07927  -0.00592   0.07399  -0.12027
   D33       -1.23955   0.00001  -0.03174  -0.00300  -0.03463  -1.27419
   D34        0.59958   0.00001  -0.02687  -0.00256  -0.03016   0.56942
   D35        0.93505  -0.00005  -0.03228   0.00029  -0.03277   0.90228
   D36        2.77418  -0.00005  -0.02741   0.00073  -0.02830   2.74588
   D37       -0.01248   0.00001   0.01858  -0.00559   0.01302   0.00053
   D38       -3.13103   0.00000   0.01337  -0.00363   0.00966  -3.12137
   D39        3.10821  -0.00006  -0.00390  -0.00113  -0.00479   3.10343
   D40       -0.01033  -0.00007  -0.00910   0.00083  -0.00814  -0.01848
   D41        1.13531  -0.00006  -0.01978   0.00290  -0.01683   1.11848
   D42       -3.04670  -0.00006  -0.02107   0.00256  -0.01846  -3.06516
   D43       -0.93816  -0.00006  -0.02316   0.00369  -0.01944  -0.95760
   D44       -1.98528   0.00001   0.00283  -0.00156   0.00123  -1.98405
   D45        0.11590   0.00001   0.00154  -0.00190  -0.00040   0.11550
   D46        2.22444   0.00002  -0.00056  -0.00078  -0.00138   2.22306
   D47       -0.69214   0.00014   0.00759   0.00637   0.01222  -0.67992
   D48        0.88952  -0.00019  -0.02500   0.00504  -0.01978   0.86974
   D49       -1.20536   0.00010   0.02842   0.00646   0.03692  -1.16844
   D50        0.35617  -0.00015   0.02049  -0.00670   0.01330   0.36946
         Item               Value     Threshold  Converged?
 Maximum Force            0.000490     0.000450     NO 
 RMS     Force            0.000133     0.000300     YES
 Maximum Displacement     0.235104     0.001800     NO 
 RMS     Displacement     0.044035     0.001200     NO 
 Predicted change in Energy=-1.497688D-04
 GradGradGradGradGradGradGradGradGradGradGradGradGradGradGradGradGradGrad

                          Input orientation:                          
 ---------------------------------------------------------------------
 Center     Atomic      Atomic             Coordinates (Angstroms)
 Number     Number       Type             X           Y           Z
 ---------------------------------------------------------------------
      1          6           0       -1.755745   -0.071796    0.057330
      2          6           0       -0.965048   -1.198108   -0.119923
      3          6           0        0.413274   -1.061059   -0.331632
      4          6           0        0.982901    0.222698   -0.440002
      5          6           0        0.196784    1.369820   -0.216301
      6          6           0       -1.157781    1.208623    0.028337
      7          8           0        2.713488   -0.576988    1.097700
      8          1           0       -1.781208    2.083570    0.183975
      9          8           0        1.178531   -2.166355   -0.410361
     10          1           0        2.146681   -0.574395    1.885514
     11          1           0        2.043910   -1.896980   -0.031389
     12          1           0        2.005513    0.324182   -0.776268
     13          6           0       -3.237137   -0.197460    0.307143
     14          1           0       -3.554691   -1.241016    0.323065
     15          1           0       -3.513965    0.257692    1.263163
     16          1           0       -3.807726    0.319096   -0.471263
     17          1           0       -1.382458   -2.196075   -0.058758
     18          6           0        0.832441    2.735252   -0.296726
     19          1           0        1.193241    2.940430   -1.309785
     20          1           0        0.125329    3.521523   -0.026775
     21          1           0        1.694301    2.802656    0.372860
 ---------------------------------------------------------------------
                    Distance matrix (angstroms):
                    1          2          3          4          5
     1  C    0.000000
     2  C    1.387516   0.000000
     3  C    2.415487   1.401205   0.000000
     4  C    2.798973   2.432210   1.408634   0.000000
     5  C    2.442437   2.820177   2.443224   1.408513   0.000000
     6  C    1.413462   2.418984   2.783748   2.402896   1.385885
     7  O    4.616452   3.924286   2.751053   2.449276   3.442449
     8  H    2.159234   3.395274   3.869147   3.390058   2.140588
     9  O    3.635367   2.369976   1.346661   2.397233   3.675054
    10  H    4.338640   3.754151   2.856094   2.719883   3.464058
    11  H    4.216224   3.090321   1.856847   2.405356   3.757399
    12  H    3.872822   3.401822   2.156808   1.081254   2.162966
    13  C    1.507555   2.519141   3.805173   4.306214   3.810797
    14  H    2.161919   2.627609   4.025638   4.828505   4.602276
    15  H    2.157298   3.244882   4.439109   4.808721   4.146722
    16  H    2.154723   3.241322   4.443104   4.791699   4.147907
    17  H    2.159949   1.083471   2.141816   3.404516   3.903131
    18  C    3.834525   4.328227   3.819542   2.521129   1.508288
    19  H    4.431594   4.816792   4.192499   2.861265   2.157649
    20  H    4.056779   4.844844   4.601729   3.433429   2.161216
    21  H    4.501650   4.829191   4.131058   2.796966   2.154690
                    6          7          8          9         10
     6  C    0.000000
     7  O    4.395300   0.000000
     8  H    1.085549   5.302429   0.000000
     9  O    4.128110   2.675150   5.212980   0.000000
    10  H    4.189001   0.970529   5.038683   2.956804   0.000000
    11  H    4.460847   1.861600   5.524734   0.982376   2.331160
    12  H    3.381724   2.196609   4.284481   2.649635   2.812908
    13  C    2.525575   6.014895   2.708874   4.887687   5.623063
    14  H    3.439880   6.350673   3.770604   4.878274   5.949056
    15  H    2.825009   6.285319   2.738782   5.540416   5.755225
    16  H    2.839555   6.766893   2.765770   5.571709   6.465887
    17  H    3.413215   4.553637   4.305030   2.585183   4.343370
    18  C    2.529277   4.056316   2.736224   4.915124   4.176501
    19  H    3.212013   4.525413   3.436987   5.185406   4.844892
    20  H    2.645546   4.976023   2.397292   5.797269   4.951692
    21  H    3.285423   3.603627   3.554142   5.056731   3.727901
                   11         12         13         14         15
    11  H    0.000000
    12  H    2.343049   0.000000
    13  C    5.558096   5.378780   0.000000
    14  H    5.648031   5.879987   1.090918   0.000000
    15  H    6.099873   5.884586   1.094428   1.769624   0.000000
    16  H    6.272649   5.821237   1.094677   1.768879   1.760199
    17  H    3.439506   4.283091   2.751032   2.403439   3.508813
    18  C    4.795376   2.723842   5.052418   5.953299   5.240497
    19  H    5.075280   2.790910   5.664721   6.534030   5.997911
    20  H    5.748143   3.784154   5.024790   6.028823   5.055789
    21  H    4.729929   2.749579   5.772703   6.626136   5.864770
                   16         17         18         19         20
    16  H    0.000000
    17  H    3.518262   0.000000
    18  C    5.234446   5.411135   0.000000
    19  H    5.708256   5.880729   1.094789   0.000000
    20  H    5.091369   5.913152   1.091377   1.767546   0.000000
    21  H    6.095320   5.885580   1.093477   1.761062   1.771483
                   21
    21  H    0.000000
 Stoichiometry    C8H11O2(2)
 Framework group  C1[X(C8H11O2)]
 Deg. of freedom    57
 Full point group                 C1      NOp   1
 Largest Abelian subgroup         C1      NOp   1
 Largest concise Abelian subgroup C1      NOp   1
                         Standard orientation:                         
 ---------------------------------------------------------------------
 Center     Atomic      Atomic             Coordinates (Angstroms)
 Number     Number       Type             X           Y           Z
 ---------------------------------------------------------------------
      1          6           0       -1.699023   -0.340265    0.088727
      2          6           0       -0.770002   -1.341123   -0.157045
      3          6           0        0.569775   -1.010125   -0.399557
      4          6           0        0.957580    0.342306   -0.468775
      5          6           0        0.031789    1.362610   -0.175856
      6          6           0       -1.280147    1.009674    0.097888
      7          8           0        2.828709   -0.273124    0.986930
      8          1           0       -2.010362    1.785229    0.306977
      9          8           0        1.473945   -1.997401   -0.545361
     10          1           0        2.292390   -0.377683    1.789025
     11          1           0        2.306930   -1.627669   -0.178622
     12          1           0        1.945848    0.594542   -0.827679
     13          6           0       -3.141183   -0.675451    0.372532
     14          1           0       -3.314660   -1.752307    0.352827
     15          1           0       -3.445830   -0.299024    1.353994
     16          1           0       -3.800903   -0.211794   -0.367812
     17          1           0       -1.047055   -2.388141   -0.126967
     18          6           0        0.474891    2.803799   -0.215478
     19          1           0        0.771957    3.094683   -1.228248
     20          1           0       -0.322579    3.475826    0.106272
     21          1           0        1.340948    2.961986    0.433071
 ---------------------------------------------------------------------
 Rotational constants (GHZ):           1.5934748           1.1081968           0.7203164
 Standard basis: 6-311G(d,p) (5D, 7F)
 There are   256 symmetry adapted cartesian basis functions of A   symmetry.
 There are   246 symmetry adapted basis functions of A   symmetry.
   246 basis functions,   408 primitive gaussians,   256 cartesian basis functions
    38 alpha electrons       37 beta electrons
       nuclear repulsion energy       514.5155463472 Hartrees.
 NAtoms=   21 NActive=   21 NUniq=   21 SFac= 1.00D+00 NAtFMM=   60 NAOKFM=F Big=F
 Integral buffers will be    131072 words long.
 Raffenetti 2 integral format.
 Two-electron integral symmetry is turned on.
 One-electron integrals computed using PRISM.
 NBasis=   246 RedAO= T EigKep=  1.78D-04  NBF=   246
 NBsUse=   246 1.00D-06 EigRej= -1.00D+00 NBFU=   246
 Initial guess from the checkpoint file:  "SR-11-TS-P2_2.chk"
 B after Tr=     0.000000    0.000000    0.000000
         Rot=    0.999770   -0.006732   -0.005456   -0.019599 Ang=  -2.46 deg.
 Initial guess <Sx>= 0.0000 <Sy>= 0.0000 <Sz>= 0.5000 <S**2>= 0.7581 S= 0.5040
 ExpMin= 1.03D-01 ExpMax= 8.59D+03 ExpMxC= 1.30D+03 IAcc=2 IRadAn=         4 AccDes= 0.00D+00
 Harris functional with IExCor=  402 and IRadAn=       4 diagonalized for initial guess.
 HarFok:  IExCor=  402 AccDes= 0.00D+00 IRadAn=         4 IDoV= 1 UseB2=F ITyADJ=14
 ICtDFT=  3500011 ScaDFX=  1.000000  1.000000  1.000000  1.000000
 FoFCou: FMM=F IPFlag=           0 FMFlag=      100000 FMFlg1=           0
         NFxFlg=           0 DoJE=T BraDBF=F KetDBF=T FulRan=T
         wScrn=  0.000000 ICntrl=       500 IOpCl=  0 I1Cent=   200000004 NGrid=           0
         NMat0=    1 NMatS0=      1 NMatT0=    0 NMatD0=    1 NMtDS0=    0 NMtDT0=    0
 Petite list used in FoFCou.
 Requested convergence on RMS density matrix=1.00D-08 within 128 cycles.
 Requested convergence on MAX density matrix=1.00D-06.
 Requested convergence on             energy=1.00D-06.
 No special actions if energy rises.
 Integral accuracy reduced to 1.0D-05 until final iterations.
 Initial convergence to 1.0D-05 achieved.  Increase integral accuracy.
 SCF Done:  E(UB3LYP) =  -461.979071410     A.U. after   21 cycles
            NFock= 21  Conv=0.94D-08     -V/T= 2.0038
 <Sx>= 0.0000 <Sy>= 0.0000 <Sz>= 0.5000 <S**2>= 0.7561 S= 0.5031
 <L.S>= 0.000000000000E+00
 Annihilation of the first spin contaminant:
 S**2 before annihilation     0.7561,   after     0.7500
 Calling FoFJK, ICntrl=      2127 FMM=F ISym2X=0 I1Cent= 0 IOpClX= 1 NMat=1 NMatS=1 NMatT=0.
 ***** Axes restored to original set *****
 -------------------------------------------------------------------
 Center     Atomic                   Forces (Hartrees/Bohr)
 Number     Number              X              Y              Z
 -------------------------------------------------------------------
      1        6          -0.000648208    0.000161464    0.000042533
      2        6           0.000861842   -0.000278479   -0.000141717
      3        6          -0.001791714   -0.001819540   -0.000160540
      4        6           0.002872648    0.001008971    0.002623579
      5        6          -0.001440483    0.001120211   -0.001109908
      6        6           0.000514894   -0.000078244   -0.000014367
      7        8           0.000326691    0.000111076   -0.000511281
      8        1           0.000032722    0.000015486    0.000004178
      9        8          -0.000141418   -0.000429127   -0.000548237
     10        1          -0.000165391    0.000127549   -0.000183609
     11        1          -0.000225066    0.000319446    0.000360968
     12        1          -0.000245180   -0.000033010   -0.000570802
     13        6           0.000041652    0.000070189   -0.000069322
     14        1           0.000022652   -0.000008862    0.000000249
     15        1          -0.000060709    0.000011942    0.000040075
     16        1          -0.000048256   -0.000014566   -0.000001103
     17        1           0.000032661   -0.000024113    0.000017783
     18        6          -0.000044183   -0.000170954    0.000223294
     19        1           0.000067604   -0.000077470   -0.000008905
     20        1          -0.000033049   -0.000036370    0.000033293
     21        1           0.000070290    0.000024401   -0.000026160
 -------------------------------------------------------------------
 Cartesian Forces:  Max     0.002872648 RMS     0.000696693

 GradGradGradGradGradGradGradGradGradGradGradGradGradGradGradGradGradGrad
 Berny optimization.
 Using GEDIIS/GDIIS optimizer.
 FormGI is forming the generalized inverse of G from B-inverse, IUseBI=4.
 Internal  Forces:  Max     0.001854867 RMS     0.000285159
 Search for a local minimum.
 Step number  10 out of a maximum of  122
 All quantities printed in internal units (Hartrees-Bohrs-Radians)
 Mixed Optimization -- En-DIIS/RFO-DIIS
 Swapping is turned off.
 Update second derivatives using D2CorX and points    5    7    8    9   10
 DE= -5.66D-05 DEPred=-1.50D-04 R= 3.78D-01
 Trust test= 3.78D-01 RLast= 3.40D-01 DXMaxT set to 7.50D-01
 ITU=  0  1  1  1  1  1  1  1  1  0
     Eigenvalues ---    0.00264   0.00311   0.00695   0.00889   0.01466
     Eigenvalues ---    0.01525   0.01695   0.01953   0.02078   0.02116
     Eigenvalues ---    0.02174   0.02186   0.03035   0.03280   0.04371
     Eigenvalues ---    0.05906   0.07074   0.07122   0.07232   0.07277
     Eigenvalues ---    0.08799   0.13537   0.14806   0.15837   0.15985
     Eigenvalues ---    0.15995   0.16000   0.16000   0.16001   0.16029
     Eigenvalues ---    0.16040   0.16835   0.19983   0.23285   0.23806
     Eigenvalues ---    0.24044   0.24997   0.31708   0.31883   0.33918
     Eigenvalues ---    0.34223   0.34261   0.34289   0.34408   0.34663
     Eigenvalues ---    0.34706   0.35320   0.35572   0.38469   0.40915
     Eigenvalues ---    0.43692   0.45606   0.47297   0.48183   0.51422
     Eigenvalues ---    0.53526   0.55836
 En-DIIS/RFO-DIIS/Sim-DIIS IScMMF=       -3 using points:    10    9    8    7    6    5    4    3    2    1
 RFO step:  Lambda=-7.95053225D-05.
 DIIS inversion failure, remove point  10.
 DIIS inversion failure, remove point   9.
 DIIS inversion failure, remove point   8.
 DIIS inversion failure, remove point   7.
 DIIS inversion failure, remove point   6.
 RFO-DIIS uses    5 points instead of   10
 DidBck=F Rises=F RFO-DIIS coefs:    1.10102   -0.25314   -1.01058    0.58227    0.58042
                  RFO-DIIS coefs:    0.00000    0.00000    0.00000    0.00000    0.00000
 Iteration  1 RMS(Cart)=  0.03466682 RMS(Int)=  0.00128241
 Iteration  2 RMS(Cart)=  0.00079074 RMS(Int)=  0.00077262
 Iteration  3 RMS(Cart)=  0.00000117 RMS(Int)=  0.00077262
 Iteration  4 RMS(Cart)=  0.00000000 RMS(Int)=  0.00077262
 Variable       Old X    -DE/DX   Delta X   Delta X   Delta X     New X
                                 (Linear)    (Quad)   (Total)
    R1        2.62202   0.00059   0.00369  -0.00035   0.00328   2.62531
    R2        2.67106   0.00036   0.00048  -0.00035   0.00008   2.67114
    R3        2.84887   0.00003  -0.00015  -0.00033  -0.00048   2.84838
    R4        2.64789  -0.00055  -0.00481  -0.00031  -0.00512   2.64278
    R5        2.04746   0.00001  -0.00005   0.00009   0.00004   2.04750
    R6        2.66193   0.00185   0.00608   0.00130   0.00762   2.66955
    R7        2.54482  -0.00004   0.00223  -0.00150  -0.00044   2.54439
    R8        2.66170   0.00095   0.00655  -0.00045   0.00615   2.66785
    R9        4.62846  -0.00033  -0.16575   0.00057  -0.16246   4.46600
   R10        2.04327  -0.00004   0.00061  -0.00104  -0.00134   2.04193
   R11        2.61894  -0.00018  -0.00120   0.00004  -0.00117   2.61778
   R12        2.85025  -0.00022  -0.00205  -0.00005  -0.00210   2.84815
   R13        2.05139  -0.00001   0.00000   0.00007   0.00007   2.05147
   R14        1.83403  -0.00005  -0.00076   0.00002  -0.00073   1.83330
   R15        3.51791   0.00020   0.07845   0.00287   0.08149   3.59941
   R16        4.15099  -0.00023  -0.01473  -0.00011  -0.01647   4.13452
   R17        1.85642   0.00039  -0.00109   0.00013  -0.00184   1.85458
   R18        2.06154   0.00000  -0.00007   0.00006  -0.00001   2.06153
   R19        2.06817   0.00005   0.00024   0.00004   0.00028   2.06845
   R20        2.06864   0.00002   0.00004  -0.00009  -0.00005   2.06859
   R21        2.06885   0.00002   0.00000   0.00022   0.00023   2.06908
   R22        2.06240   0.00000  -0.00008  -0.00006  -0.00013   2.06227
   R23        2.06637   0.00004   0.00034  -0.00015   0.00020   2.06657
    A1        2.08477   0.00000  -0.00007  -0.00019  -0.00026   2.08451
    A2        2.11003   0.00000  -0.00057   0.00013  -0.00044   2.10960
    A3        2.08819   0.00000   0.00058   0.00007   0.00065   2.08884
    A4        2.09493   0.00008  -0.00096   0.00009  -0.00081   2.09412
    A5        2.11874   0.00001  -0.00030  -0.00014  -0.00048   2.11826
    A6        2.06869  -0.00008   0.00122   0.00012   0.00132   2.07001
    A7        2.09271   0.00007   0.00348   0.00039   0.00403   2.09674
    A8        2.08006   0.00024   0.00714  -0.00178   0.00518   2.08524
    A9        2.11030  -0.00031  -0.01089   0.00142  -0.00939   2.10091
   A10        2.09938  -0.00037  -0.00370  -0.00082  -0.00467   2.09470
   A11        1.51063   0.00020   0.02889   0.00063   0.02966   1.54029
   A12        2.08508   0.00016  -0.00340   0.00020  -0.00028   2.08481
   A13        2.16584   0.00054  -0.04370   0.00405  -0.03983   2.12601
   A14        2.09532   0.00014  -0.00403   0.00023  -0.00217   2.09315
   A15        2.07010  -0.00011  -0.00037   0.00037   0.00021   2.07030
   A16        2.08702  -0.00010  -0.00164  -0.00110  -0.00276   2.08426
   A17        2.12542   0.00021   0.00211   0.00075   0.00283   2.12826
   A18        2.12055   0.00035   0.00185   0.00029   0.00219   2.12273
   A19        2.07628  -0.00014  -0.00062  -0.00039  -0.00103   2.07525
   A20        2.08619  -0.00021  -0.00128   0.00009  -0.00122   2.08498
   A21        1.66705  -0.00016   0.00665  -0.00119   0.00312   1.67017
   A22        1.15555   0.00005   0.01413  -0.00068   0.01592   1.17148
   A23        1.85893  -0.00024   0.00228   0.00032   0.00354   1.86248
   A24        2.09807  -0.00015   0.02540  -0.00195   0.02558   2.12365
   A25        1.22126   0.00019  -0.00599   0.00026  -0.00489   1.21637
   A26        1.82655  -0.00031  -0.00433  -0.00174  -0.00871   1.81783
   A27        2.41170   0.00059  -0.03950   0.00247  -0.03806   2.37365
   A28        1.94786  -0.00007  -0.00029   0.00000  -0.00029   1.94757
   A29        1.93760   0.00007  -0.00017   0.00040   0.00024   1.93784
   A30        1.93374   0.00006   0.00097  -0.00054   0.00044   1.93418
   A31        1.88751  -0.00001  -0.00042   0.00004  -0.00038   1.88713
   A32        1.88604  -0.00001   0.00021   0.00002   0.00024   1.88627
   A33        1.86823  -0.00004  -0.00033   0.00008  -0.00025   1.86798
   A34        1.93681  -0.00008  -0.00017   0.00043   0.00026   1.93707
   A35        1.94546  -0.00005   0.00066  -0.00013   0.00053   1.94599
   A36        1.93406   0.00007  -0.00272  -0.00020  -0.00292   1.93114
   A37        1.88324   0.00009   0.00135  -0.00003   0.00132   1.88456
   A38        1.87059  -0.00004  -0.00085   0.00002  -0.00083   1.86977
   A39        1.89104   0.00002   0.00181  -0.00009   0.00172   1.89276
    D1       -0.00506   0.00001  -0.00208  -0.00094  -0.00305  -0.00811
    D2        3.09241   0.00013  -0.00310   0.00105  -0.00220   3.09021
    D3       -3.12537  -0.00005   0.00029  -0.00096  -0.00065  -3.12602
    D4       -0.02790   0.00007  -0.00073   0.00103   0.00020  -0.02770
    D5        0.03676  -0.00003   0.00407   0.00046   0.00460   0.04136
    D6       -3.12441  -0.00007   0.00110  -0.00008   0.00104  -3.12337
    D7       -3.12585   0.00003   0.00170   0.00048   0.00221  -3.12364
    D8       -0.00383  -0.00001  -0.00127  -0.00006  -0.00134  -0.00518
    D9       -0.00021   0.00004  -0.01516   0.00080  -0.01439  -0.01460
   D10        2.10693   0.00002  -0.01601   0.00113  -0.01491   2.09202
   D11       -2.10283   0.00006  -0.01590   0.00113  -0.01479  -2.11762
   D12       -3.12048  -0.00003  -0.01277   0.00078  -0.01197  -3.13245
   D13       -1.01334  -0.00004  -0.01362   0.00111  -0.01249  -1.02583
   D14        1.06009  -0.00001  -0.01351   0.00112  -0.01237   1.04772
   D15       -0.06283   0.00022   0.00478   0.00165   0.00625  -0.05658
   D16        3.06303   0.00027  -0.00771   0.00418  -0.00385   3.05918
   D17        3.12163   0.00010   0.00579  -0.00028   0.00547   3.12710
   D18       -0.03570   0.00015  -0.00669   0.00225  -0.00463  -0.04033
   D19        0.10079  -0.00042  -0.00936  -0.00191  -0.01117   0.08962
   D20        2.33414   0.00023  -0.04396   0.00315  -0.04089   2.29325
   D21       -2.95229   0.00035   0.05187   0.00314   0.05575  -2.89655
   D22       -3.02479  -0.00048   0.00302  -0.00445  -0.00111  -3.02590
   D23       -0.79144   0.00017  -0.03159   0.00061  -0.03083  -0.82227
   D24        0.20531   0.00029   0.06424   0.00060   0.06581   0.27112
   D25       -2.57283  -0.00021   0.01354  -0.00245   0.01223  -2.56060
   D26        0.55287  -0.00014   0.00126   0.00010   0.00223   0.55510
   D27       -0.06906   0.00039   0.01114   0.00140   0.01258  -0.05648
   D28        3.11036   0.00028   0.00259   0.00067   0.00332   3.11368
   D29       -1.95634  -0.00003   0.00840  -0.00217   0.00657  -1.94977
   D30        1.22308  -0.00014  -0.00014  -0.00291  -0.00269   1.22039
   D31        2.98350  -0.00039  -0.05017  -0.00368  -0.05456   2.92894
   D32       -0.12027  -0.00049  -0.05871  -0.00442  -0.06382  -0.18409
   D33       -1.27419  -0.00007   0.01117  -0.00309   0.00794  -1.26625
   D34        0.56942  -0.00027   0.01169  -0.00221   0.01018   0.57960
   D35        0.90228  -0.00016   0.01011  -0.00204   0.00883   0.91111
   D36        2.74588  -0.00036   0.01063  -0.00115   0.01107   2.75695
   D37        0.00053  -0.00014  -0.00847  -0.00065  -0.00910  -0.00857
   D38       -3.12137  -0.00010  -0.00550  -0.00010  -0.00553  -3.12690
   D39        3.10343  -0.00003   0.00032   0.00007   0.00028   3.10371
   D40       -0.01848   0.00000   0.00329   0.00061   0.00385  -0.01463
   D41        1.11848   0.00002  -0.01813   0.00031  -0.01786   1.10062
   D42       -3.06516   0.00005  -0.01609   0.00047  -0.01565  -3.08081
   D43       -0.95760   0.00008  -0.01521   0.00014  -0.01510  -0.97270
   D44       -1.98405  -0.00008  -0.02696  -0.00045  -0.02738  -2.01143
   D45        0.11550  -0.00006  -0.02492  -0.00028  -0.02517   0.09033
   D46        2.22306  -0.00002  -0.02404  -0.00062  -0.02462   2.19844
   D47       -0.67992  -0.00004   0.01122   0.00174   0.01487  -0.66506
   D48        0.86974  -0.00009   0.02182   0.00004   0.02172   0.89147
   D49       -1.16844  -0.00002  -0.00429   0.00218  -0.00415  -1.17260
   D50        0.36946  -0.00025  -0.03445  -0.00174  -0.03611   0.33335
         Item               Value     Threshold  Converged?
 Maximum Force            0.001855     0.000450     NO 
 RMS     Force            0.000285     0.000300     YES
 Maximum Displacement     0.166366     0.001800     NO 
 RMS     Displacement     0.034494     0.001200     NO 
 Predicted change in Energy=-7.294643D-06
 GradGradGradGradGradGradGradGradGradGradGradGradGradGradGradGradGradGrad

                          Input orientation:                          
 ---------------------------------------------------------------------
 Center     Atomic      Atomic             Coordinates (Angstroms)
 Number     Number       Type             X           Y           Z
 ---------------------------------------------------------------------
      1          6           0       -1.748368   -0.078075    0.060381
      2          6           0       -0.961217   -1.207681   -0.125114
      3          6           0        0.413831   -1.073457   -0.341959
      4          6           0        0.994134    0.210693   -0.441121
      5          6           0        0.207396    1.360702   -0.213949
      6          6           0       -1.145378    1.200154    0.037435
      7          8           0        2.642828   -0.494790    1.098135
      8          1           0       -1.765779    2.075970    0.200383
      9          8           0        1.182152   -2.176018   -0.425133
     10          1           0        2.058644   -0.492517    1.872665
     11          1           0        2.040682   -1.900025   -0.037957
     12          1           0        1.997039    0.311868   -0.830371
     13          6           0       -3.228883   -0.200459    0.315426
     14          1           0       -3.551693   -1.242518    0.313581
     15          1           0       -3.498603    0.237854    1.281466
     16          1           0       -3.800987    0.333683   -0.449850
     17          1           0       -1.382277   -2.204301   -0.066714
     18          6           0        0.848564    2.722709   -0.287619
     19          1           0        1.228982    2.923084   -1.294573
     20          1           0        0.140254    3.512522   -0.031804
     21          1           0        1.699313    2.785914    0.396597
 ---------------------------------------------------------------------
                    Distance matrix (angstroms):
                    1          2          3          4          5
     1  C    0.000000
     2  C    1.389253   0.000000
     3  C    2.414077   1.398497   0.000000
     4  C    2.802893   2.436194   1.412666   0.000000
     5  C    2.443430   2.823143   2.446249   1.411766   0.000000
     6  C    1.413504   2.420332   2.782873   2.405319   1.385268
     7  O    4.531356   3.872169   2.716092   2.363305   3.331027
     8  H    2.158661   3.396415   3.868298   3.392331   2.139323
     9  O    3.636624   2.371016   1.346431   2.394158   3.674661
    10  H    4.236682   3.690819   2.819125   2.642214   3.348955
    11  H    4.205481   3.081937   1.849939   2.390174   3.744896
    12  H    3.869570   3.399661   2.159681   1.080542   2.163990
    13  C    1.507299   2.520096   3.803110   4.309905   3.811231
    14  H    2.161485   2.627591   4.022896   4.831763   4.602803
    15  H    2.157355   3.241353   4.434206   4.811728   4.151082
    16  H    2.154791   3.247391   4.444814   4.796705   4.144581
    17  H    2.161253   1.083492   2.140227   3.408768   3.906147
    18  C    3.835303   4.330090   3.821364   2.520908   1.507178
    19  H    4.439310   4.819525   4.188590   2.853174   2.156948
    20  H    4.058051   4.847913   4.604590   3.434928   2.160559
    21  H    4.494661   4.826945   4.134329   2.798359   2.151699
                    6          7          8          9         10
     6  C    0.000000
     7  O    4.283506   0.000000
     8  H    1.085589   5.181755   0.000000
     9  O    4.126731   2.698231   5.211619   0.000000
    10  H    4.061891   0.970140   4.901007   2.980318   0.000000
    11  H    4.446096   1.904723   5.509491   0.981403   2.373158
    12  H    3.378894   2.187893   4.281742   2.649120   2.820857
    13  C    2.525865   5.930957   2.708513   4.889631   5.519804
    14  H    3.439950   6.288617   3.770234   4.881230   5.871042
    15  H    2.830425   6.187694   2.747743   5.536129   5.636130
    16  H    2.835574   6.678725   2.756889   5.579506   6.357040
    17  H    3.414277   4.525568   4.305710   2.589509   4.304804
    18  C    2.529750   3.935988   2.737007   4.911997   4.058177
    19  H    3.221850   4.405210   3.452694   5.172906   4.731392
    20  H    2.646637   4.857797   2.398031   5.796529   4.831931
    21  H    3.276567   3.485024   3.542511   5.056033   3.613309
                   11         12         13         14         15
    11  H    0.000000
    12  H    2.349957   0.000000
    13  C    5.548128   5.374533   0.000000
    14  H    5.641857   5.874791   1.090915   0.000000
    15  H    6.082358   5.887905   1.094577   1.769497   0.000000
    16  H    6.267711   5.810540   1.094650   1.769007   1.760134
    17  H    3.436576   4.281829   2.751612   2.403335   3.501507
    18  C    4.780496   2.725019   5.053133   5.953715   5.247323
    19  H    5.049784   2.761131   5.676371   6.541655   6.016353
    20  H    5.736491   3.785439   5.025723   6.029939   5.068472
    21  H    4.718410   2.777588   5.762997   6.618777   5.856102
                   16         17         18         19         20
    16  H    0.000000
    17  H    3.526800   0.000000
    18  C    5.229922   5.413029   0.000000
    19  H    5.720065   5.883570   1.094909   0.000000
    20  H    5.080665   5.916197   1.091307   1.768433   0.000000
    21  H    6.081381   5.883290   1.093581   1.760705   1.772611
                   21
    21  H    0.000000
 Stoichiometry    C8H11O2(2)
 Framework group  C1[X(C8H11O2)]
 Deg. of freedom    57
 Full point group                 C1      NOp   1
 Largest Abelian subgroup         C1      NOp   1
 Largest concise Abelian subgroup C1      NOp   1
                         Standard orientation:                         
 ---------------------------------------------------------------------
 Center     Atomic      Atomic             Coordinates (Angstroms)
 Number     Number       Type             X           Y           Z
 ---------------------------------------------------------------------
      1          6           0       -1.700201   -0.289581    0.083705
      2          6           0       -0.807103   -1.326868   -0.153853
      3          6           0        0.541441   -1.046423   -0.395877
      4          6           0        0.985603    0.292698   -0.467309
      5          6           0        0.091865    1.349111   -0.187476
      6          6           0       -1.231003    1.043773    0.087762
      7          8           0        2.734755   -0.284530    1.013395
      8          1           0       -1.933024    1.846426    0.291279
      9          8           0        1.415575   -2.061702   -0.529938
     10          1           0        2.172558   -0.364428    1.799984
     11          1           0        2.250851   -1.710599   -0.152854
     12          1           0        1.963170    0.507179   -0.874655
     13          6           0       -3.153900   -0.570151    0.366537
     14          1           0       -3.369067   -1.639283    0.339068
     15          1           0       -3.442976   -0.189833    1.351368
     16          1           0       -3.795946   -0.075475   -0.369216
     17          1           0       -1.123121   -2.362615   -0.117590
     18          6           0        0.589270    2.771140   -0.232309
     19          1           0        0.922515    3.038399   -1.240448
     20          1           0       -0.189156    3.476598    0.063210
     21          1           0        1.445728    2.901283    0.435121
 ---------------------------------------------------------------------
 Rotational constants (GHZ):           1.5917903           1.1289009           0.7300832
 Standard basis: 6-311G(d,p) (5D, 7F)
 There are   256 symmetry adapted cartesian basis functions of A   symmetry.
 There are   246 symmetry adapted basis functions of A   symmetry.
   246 basis functions,   408 primitive gaussians,   256 cartesian basis functions
    38 alpha electrons       37 beta electrons
       nuclear repulsion energy       515.9491608782 Hartrees.
 NAtoms=   21 NActive=   21 NUniq=   21 SFac= 1.00D+00 NAtFMM=   60 NAOKFM=F Big=F
 Integral buffers will be    131072 words long.
 Raffenetti 2 integral format.
 Two-electron integral symmetry is turned on.
 One-electron integrals computed using PRISM.
 NBasis=   246 RedAO= T EigKep=  1.81D-04  NBF=   246
 NBsUse=   246 1.00D-06 EigRej= -1.00D+00 NBFU=   246
 Initial guess from the checkpoint file:  "SR-11-TS-P2_2.chk"
 B after Tr=     0.000000    0.000000    0.000000
         Rot=    0.999855    0.005623    0.003982    0.015558 Ang=   1.95 deg.
 Initial guess <Sx>= 0.0000 <Sy>= 0.0000 <Sz>= 0.5000 <S**2>= 0.7561 S= 0.5030
 ExpMin= 1.03D-01 ExpMax= 8.59D+03 ExpMxC= 1.30D+03 IAcc=2 IRadAn=         4 AccDes= 0.00D+00
 Harris functional with IExCor=  402 and IRadAn=       4 diagonalized for initial guess.
 HarFok:  IExCor=  402 AccDes= 0.00D+00 IRadAn=         4 IDoV= 1 UseB2=F ITyADJ=14
 ICtDFT=  3500011 ScaDFX=  1.000000  1.000000  1.000000  1.000000
 FoFCou: FMM=F IPFlag=           0 FMFlag=      100000 FMFlg1=           0
         NFxFlg=           0 DoJE=T BraDBF=F KetDBF=T FulRan=T
         wScrn=  0.000000 ICntrl=       500 IOpCl=  0 I1Cent=   200000004 NGrid=           0
         NMat0=    1 NMatS0=      1 NMatT0=    0 NMatD0=    1 NMtDS0=    0 NMtDT0=    0
 Petite list used in FoFCou.
 Requested convergence on RMS density matrix=1.00D-08 within 128 cycles.
 Requested convergence on MAX density matrix=1.00D-06.
 Requested convergence on             energy=1.00D-06.
 No special actions if energy rises.
 Integral accuracy reduced to 1.0D-05 until final iterations.
 Initial convergence to 1.0D-05 achieved.  Increase integral accuracy.
 SCF Done:  E(UB3LYP) =  -461.979088136     A.U. after   20 cycles
            NFock= 20  Conv=0.90D-08     -V/T= 2.0038
 <Sx>= 0.0000 <Sy>= 0.0000 <Sz>= 0.5000 <S**2>= 0.7577 S= 0.5038
 <L.S>= 0.000000000000E+00
 Annihilation of the first spin contaminant:
 S**2 before annihilation     0.7577,   after     0.7500
 Calling FoFJK, ICntrl=      2127 FMM=F ISym2X=0 I1Cent= 0 IOpClX= 1 NMat=1 NMatS=1 NMatT=0.
 ***** Axes restored to original set *****
 -------------------------------------------------------------------
 Center     Atomic                   Forces (Hartrees/Bohr)
 Number     Number              X              Y              Z
 -------------------------------------------------------------------
      1        6          -0.000034023    0.000125087    0.000030606
      2        6           0.000047498    0.000104225    0.000017247
      3        6          -0.000327195    0.000628143    0.000004460
      4        6          -0.000513043    0.000359176    0.000460616
      5        6          -0.000190984   -0.000254469   -0.000557181
      6        6           0.000019856   -0.000028151    0.000032311
      7        8           0.000160422   -0.000438500   -0.000332562
      8        1           0.000020408    0.000015799    0.000011675
      9        8           0.000708449   -0.000499939    0.000023564
     10        1          -0.000092140    0.000023683   -0.000029092
     11        1           0.000084119   -0.000085505    0.000138918
     12        1           0.000037767   -0.000016376    0.000136284
     13        6          -0.000006815    0.000042046   -0.000014791
     14        1           0.000005631   -0.000000572    0.000001757
     15        1          -0.000011617   -0.000002180   -0.000008423
     16        1          -0.000013205   -0.000003703   -0.000008871
     17        1           0.000045512   -0.000013578    0.000000276
     18        6           0.000046108    0.000003918    0.000099519
     19        1          -0.000002062   -0.000032328    0.000023259
     20        1          -0.000003033    0.000030445    0.000011612
     21        1           0.000018348    0.000042778   -0.000041185
 -------------------------------------------------------------------
 Cartesian Forces:  Max     0.000708449 RMS     0.000207790

 GradGradGradGradGradGradGradGradGradGradGradGradGradGradGradGradGradGrad
 Berny optimization.
 Using GEDIIS/GDIIS optimizer.
 FormGI is forming the generalized inverse of G from B-inverse, IUseBI=4.
 Internal  Forces:  Max     0.000903959 RMS     0.000127392
 Search for a local minimum.
 Step number  11 out of a maximum of  122
 All quantities printed in internal units (Hartrees-Bohrs-Radians)
 Mixed Optimization -- En-DIIS/RFO-DIIS
 Swapping is turned off.
 Update second derivatives using D2CorX and points    4    5    6    7    8
                                                      9   10   11
 DE= -1.67D-05 DEPred=-7.29D-06 R= 2.29D+00
 TightC=F SS=  1.41D+00  RLast= 2.50D-01 DXNew= 1.2614D+00 7.5147D-01
 Trust test= 2.29D+00 RLast= 2.50D-01 DXMaxT set to 7.51D-01
 ITU=  1  0  1  1  1  1  1  1  1  1  0
     Eigenvalues ---    0.00225   0.00339   0.00695   0.00866   0.01465
     Eigenvalues ---    0.01528   0.01707   0.01984   0.02081   0.02119
     Eigenvalues ---    0.02173   0.02185   0.03034   0.03461   0.04317
     Eigenvalues ---    0.04692   0.07077   0.07122   0.07230   0.07275
     Eigenvalues ---    0.09379   0.12680   0.14937   0.15892   0.15991
     Eigenvalues ---    0.15997   0.15998   0.16000   0.16002   0.16031
     Eigenvalues ---    0.16147   0.16973   0.20583   0.23351   0.23911
     Eigenvalues ---    0.24151   0.24995   0.31709   0.31867   0.33700
     Eigenvalues ---    0.34223   0.34260   0.34289   0.34408   0.34665
     Eigenvalues ---    0.34706   0.35319   0.35572   0.37148   0.41315
     Eigenvalues ---    0.43205   0.45638   0.46616   0.48109   0.49761
     Eigenvalues ---    0.53528   0.56152
 En-DIIS/RFO-DIIS/Sim-DIIS IScMMF=       -3 using points:    11   10    9    8    7    6    5    4    3    2
 RFO step:  Lambda=-8.18649576D-05.
 DIIS inversion failure, remove point  10.
 DIIS inversion failure, remove point   9.
 DIIS inversion failure, remove point   8.
 DIIS inversion failure, remove point   7.
 RFO-DIIS uses    6 points instead of   10
 DidBck=F Rises=F RFO-DIIS coefs:    1.34937    0.73124   -2.00000   -0.33888    1.00370
                  RFO-DIIS coefs:    0.25457    0.00000    0.00000    0.00000    0.00000
 Iteration  1 RMS(Cart)=  0.01964208 RMS(Int)=  0.00054871
 Iteration  2 RMS(Cart)=  0.00031392 RMS(Int)=  0.00037441
 Iteration  3 RMS(Cart)=  0.00000018 RMS(Int)=  0.00037441
 Variable       Old X    -DE/DX   Delta X   Delta X   Delta X     New X
                                 (Linear)    (Quad)   (Total)
    R1        2.62531   0.00012  -0.00035  -0.00038  -0.00076   2.62455
    R2        2.67114  -0.00012   0.00047  -0.00049  -0.00007   2.67107
    R3        2.84838   0.00002   0.00039  -0.00032   0.00007   2.84845
    R4        2.64278   0.00002   0.00110   0.00005   0.00116   2.64393
    R5        2.04750  -0.00001  -0.00008   0.00008   0.00000   2.04750
    R6        2.66955  -0.00014   0.00015  -0.00029   0.00000   2.66956
    R7        2.54439   0.00090   0.00152  -0.00114  -0.00018   2.54420
    R8        2.66785  -0.00015  -0.00046  -0.00097  -0.00139   2.66646
    R9        4.46600   0.00027   0.06149   0.00983   0.07257   4.53857
   R10        2.04193   0.00003   0.00185  -0.00109   0.00033   2.04226
   R11        2.61778  -0.00011   0.00046  -0.00003   0.00042   2.61820
   R12        2.84815   0.00006   0.00025   0.00018   0.00043   2.84858
   R13        2.05147   0.00000  -0.00010   0.00012   0.00003   2.05149
   R14        1.83330   0.00003   0.00017   0.00002   0.00019   1.83349
   R15        3.59941  -0.00033  -0.04998  -0.01240  -0.06235   3.53705
   R16        4.13452  -0.00006   0.00654  -0.00256   0.00330   4.13782
   R17        1.85458  -0.00025   0.00310  -0.00015   0.00250   1.85708
   R18        2.06153   0.00000  -0.00008   0.00007  -0.00001   2.06152
   R19        2.06845  -0.00001   0.00001  -0.00006  -0.00005   2.06840
   R20        2.06859   0.00001   0.00009  -0.00005   0.00004   2.06863
   R21        2.06908  -0.00003  -0.00028   0.00014  -0.00013   2.06894
   R22        2.06227   0.00003  -0.00002  -0.00001  -0.00002   2.06225
   R23        2.06657  -0.00001   0.00024  -0.00013   0.00011   2.06667
    A1        2.08451  -0.00006  -0.00007  -0.00028  -0.00035   2.08416
    A2        2.10960   0.00006  -0.00006   0.00034   0.00028   2.10988
    A3        2.08884   0.00000   0.00016  -0.00006   0.00010   2.08894
    A4        2.09412   0.00008   0.00023   0.00029   0.00058   2.09470
    A5        2.11826   0.00001   0.00051  -0.00023   0.00026   2.11853
    A6        2.07001  -0.00009  -0.00076  -0.00003  -0.00081   2.06921
    A7        2.09674  -0.00013  -0.00110   0.00006  -0.00094   2.09580
    A8        2.08524   0.00011  -0.00005  -0.00069  -0.00088   2.08436
    A9        2.10091   0.00002   0.00117   0.00065   0.00190   2.10281
   A10        2.09470   0.00006   0.00123  -0.00052   0.00063   2.09533
   A11        1.54029  -0.00020  -0.00883  -0.00050  -0.00946   1.53082
   A12        2.08481  -0.00009  -0.00269   0.00031  -0.00070   2.08411
   A13        2.12601   0.00037   0.02229   0.00766   0.02986   2.15588
   A14        2.09315   0.00002   0.00059  -0.00004   0.00164   2.09479
   A15        2.07030   0.00011  -0.00091   0.00073  -0.00001   2.07029
   A16        2.08426  -0.00008   0.00294  -0.00132   0.00162   2.08588
   A17        2.12826  -0.00003  -0.00225   0.00057  -0.00168   2.12658
   A18        2.12273  -0.00006   0.00032  -0.00022   0.00012   2.12286
   A19        2.07525   0.00005   0.00017  -0.00013   0.00002   2.07527
   A20        2.08498   0.00000  -0.00050   0.00036  -0.00015   2.08482
   A21        1.67017  -0.00009  -0.00953  -0.00308  -0.01364   1.65653
   A22        1.17148   0.00027  -0.00653  -0.00083  -0.00621   1.16527
   A23        1.86248   0.00002  -0.00231   0.00000  -0.00186   1.86062
   A24        2.12365  -0.00011  -0.02102  -0.00529  -0.02538   2.09827
   A25        1.21637   0.00024   0.00467   0.00212   0.00716   1.22353
   A26        1.81783   0.00010   0.00098  -0.00001  -0.00028   1.81755
   A27        2.37365  -0.00013   0.02987   0.00699   0.03645   2.41010
   A28        1.94757  -0.00002  -0.00053   0.00029  -0.00024   1.94733
   A29        1.93784   0.00002  -0.00019   0.00036   0.00017   1.93801
   A30        1.93418   0.00001   0.00068  -0.00071  -0.00003   1.93415
   A31        1.88713   0.00000   0.00018   0.00002   0.00019   1.88732
   A32        1.88627   0.00000  -0.00008  -0.00003  -0.00012   1.88616
   A33        1.86798  -0.00001  -0.00004   0.00007   0.00003   1.86801
   A34        1.93707  -0.00006  -0.00116   0.00069  -0.00047   1.93660
   A35        1.94599   0.00002  -0.00073   0.00023  -0.00050   1.94550
   A36        1.93114   0.00008   0.00277  -0.00055   0.00222   1.93336
   A37        1.88456   0.00001   0.00055  -0.00032   0.00023   1.88479
   A38        1.86977  -0.00003  -0.00071   0.00006  -0.00065   1.86912
   A39        1.89276  -0.00003  -0.00076  -0.00013  -0.00089   1.89187
    D1       -0.00811  -0.00001   0.00171  -0.00041   0.00129  -0.00682
    D2        3.09021   0.00004   0.00168   0.00059   0.00220   3.09241
    D3       -3.12602  -0.00004   0.00011  -0.00064  -0.00051  -3.12653
    D4       -0.02770   0.00001   0.00008   0.00037   0.00040  -0.02730
    D5        0.04136  -0.00001  -0.00058  -0.00119  -0.00174   0.03962
    D6       -3.12337  -0.00001  -0.00129  -0.00079  -0.00207  -3.12544
    D7       -3.12364   0.00002   0.00099  -0.00096   0.00004  -3.12359
    D8       -0.00518   0.00002   0.00029  -0.00057  -0.00029  -0.00547
    D9       -0.01460   0.00002   0.00760   0.00199   0.00957  -0.00502
   D10        2.09202   0.00002   0.00733   0.00246   0.00978   2.10180
   D11       -2.11762   0.00002   0.00760   0.00232   0.00991  -2.10771
   D12       -3.13245  -0.00001   0.00600   0.00176   0.00777  -3.12467
   D13       -1.02583  -0.00001   0.00573   0.00223   0.00798  -1.01785
   D14        1.04772   0.00000   0.00600   0.00210   0.00811   1.05583
   D15       -0.05658   0.00008  -0.00164   0.00127  -0.00046  -0.05704
   D16        3.05918   0.00010   0.00114   0.00215   0.00312   3.06230
   D17        3.12710   0.00002  -0.00165   0.00030  -0.00137   3.12573
   D18       -0.04033   0.00005   0.00113   0.00119   0.00221  -0.03812
   D19        0.08962  -0.00011   0.00066  -0.00061   0.00009   0.08971
   D20        2.29325   0.00022   0.02213   0.00817   0.03017   2.32342
   D21       -2.89655  -0.00006  -0.01344   0.00116  -0.01200  -2.90855
   D22       -3.02590  -0.00014  -0.00219  -0.00149  -0.00349  -3.02939
   D23       -0.82227   0.00020   0.01928   0.00730   0.02659  -0.79568
   D24        0.27112  -0.00008  -0.01629   0.00028  -0.01558   0.25554
   D25       -2.56060  -0.00008   0.00137  -0.00319  -0.00141  -2.56200
   D26        0.55510  -0.00005   0.00420  -0.00231   0.00214   0.55724
   D27       -0.05648   0.00008   0.00038  -0.00096  -0.00055  -0.05703
   D28        3.11368   0.00004   0.00211  -0.00019   0.00193   3.11561
   D29       -1.94977   0.00001  -0.00620  -0.00606  -0.01215  -1.96192
   D30        1.22039  -0.00003  -0.00448  -0.00529  -0.00968   1.21071
   D31        2.92894   0.00001   0.01439  -0.00270   0.01140   2.94034
   D32       -0.18409  -0.00003   0.01611  -0.00193   0.01388  -0.17021
   D33       -1.26625  -0.00002  -0.01514  -0.00578  -0.02108  -1.28732
   D34        0.57960   0.00004  -0.01308  -0.00450  -0.01727   0.56233
   D35        0.91111   0.00006  -0.01205  -0.00377  -0.01537   0.89574
   D36        2.75695   0.00011  -0.00998  -0.00250  -0.01156   2.74539
   D37       -0.00857  -0.00003  -0.00054   0.00186   0.00133  -0.00724
   D38       -3.12690  -0.00003   0.00015   0.00146   0.00167  -3.12524
   D39        3.10371   0.00002  -0.00210   0.00104  -0.00115   3.10256
   D40       -0.01463   0.00001  -0.00141   0.00064  -0.00082  -0.01544
   D41        1.10062   0.00002  -0.00529  -0.00192  -0.00722   1.09340
   D42       -3.08081   0.00001  -0.00588  -0.00170  -0.00759  -3.08841
   D43       -0.97270   0.00005  -0.00545  -0.00208  -0.00754  -0.98024
   D44       -2.01143  -0.00002  -0.00358  -0.00112  -0.00469  -2.01612
   D45        0.09033  -0.00003  -0.00417  -0.00090  -0.00506   0.08526
   D46        2.19844   0.00000  -0.00374  -0.00129  -0.00501   2.19342
   D47       -0.66506   0.00005   0.01005   0.00291   0.01382  -0.65124
   D48        0.89147   0.00002  -0.00182  -0.00082  -0.00270   0.88876
   D49       -1.17260   0.00011   0.01939   0.00457   0.02306  -1.14954
   D50        0.33335   0.00004  -0.00390  -0.00002  -0.00405   0.32930
         Item               Value     Threshold  Converged?
 Maximum Force            0.000904     0.000450     NO 
 RMS     Force            0.000127     0.000300     YES
 Maximum Displacement     0.115050     0.001800     NO 
 RMS     Displacement     0.019701     0.001200     NO 
 Predicted change in Energy=-3.306418D-05
 GradGradGradGradGradGradGradGradGradGradGradGradGradGradGradGradGradGrad

                          Input orientation:                          
 ---------------------------------------------------------------------
 Center     Atomic      Atomic             Coordinates (Angstroms)
 Number     Number       Type             X           Y           Z
 ---------------------------------------------------------------------
      1          6           0       -1.753882   -0.075121    0.059747
      2          6           0       -0.965266   -1.203922   -0.121363
      3          6           0        0.411030   -1.069443   -0.334045
      4          6           0        0.989863    0.215327   -0.433799
      5          6           0        0.201921    1.364584   -0.211624
      6          6           0       -1.151864    1.203496    0.035154
      7          8           0        2.692107   -0.539346    1.083113
      8          1           0       -1.773633    2.079341    0.192744
      9          8           0        1.178493   -2.172547   -0.416354
     10          1           0        2.119526   -0.521278    1.866182
     11          1           0        2.037605   -1.896862   -0.026904
     12          1           0        1.998178    0.315396   -0.809608
     13          6           0       -3.235288   -0.198097    0.309500
     14          1           0       -3.555547   -1.240909    0.317339
     15          1           0       -3.510498    0.250054    1.269429
     16          1           0       -3.805123    0.326269   -0.464214
     17          1           0       -1.385458   -2.200949   -0.063681
     18          6           0        0.839670    2.728294   -0.288023
     19          1           0        1.227575    2.923466   -1.293064
     20          1           0        0.126431    3.517065   -0.042962
     21          1           0        1.684793    2.800493    0.402338
 ---------------------------------------------------------------------
                    Distance matrix (angstroms):
                    1          2          3          4          5
     1  C    0.000000
     2  C    1.388851   0.000000
     3  C    2.414661   1.399110   0.000000
     4  C    2.802870   2.436065   1.412668   0.000000
     5  C    2.443677   2.822710   2.446058   1.411030   0.000000
     6  C    1.413468   2.419706   2.783019   2.404868   1.385490
     7  O    4.585804   3.907532   2.737272   2.401706   3.391507
     8  H    2.158654   3.395870   3.868475   3.391757   2.139441
     9  O    3.636577   2.370856   1.346334   2.395376   3.675174
    10  H    4.297156   3.732596   2.839092   2.666203   3.398670
    11  H    4.207329   3.083233   1.850596   2.392628   3.747117
    12  H    3.871206   3.400590   2.159393   1.080716   2.164468
    13  C    1.507337   2.519985   3.803817   4.309909   3.811555
    14  H    2.161345   2.627429   4.023361   4.831727   4.602930
    15  H    2.157492   3.244465   4.437407   4.812010   4.149428
    16  H    2.154818   3.244044   4.443073   4.796366   4.147084
    17  H    2.161044   1.083490   2.140273   3.408449   3.905724
    18  C    3.834917   4.329883   3.822127   2.521669   1.507403
    19  H    4.439674   4.818378   4.186858   2.851116   2.156755
    20  H    4.055851   4.846201   4.604538   3.435075   2.160398
    21  H    4.495665   4.830363   4.140185   2.804485   2.153530
                    6          7          8          9         10
     6  C    0.000000
     7  O    4.348774   0.000000
     8  H    1.085604   5.252915   0.000000
     9  O    4.126996   2.684544   5.211967   0.000000
    10  H    4.126682   0.970243   4.971951   2.970219   0.000000
    11  H    4.448459   1.871728   5.512166   0.982724   2.341520
    12  H    3.380105   2.189639   4.282847   2.648848   2.806172
    13  C    2.525942   5.987399   2.708651   4.889456   5.585852
    14  H    3.439831   6.333387   3.770252   4.880306   5.926486
    15  H    2.827657   6.255412   2.742670   5.540533   5.713864
    16  H    2.838781   6.734799   2.762572   5.575195   6.422659
    17  H    3.413881   4.550011   4.305498   2.588248   4.339421
    18  C    2.528964   3.998626   2.735257   4.914215   4.103455
    19  H    3.222451   4.447712   3.453610   5.171110   4.758431
    20  H    2.644379   4.930031   2.394338   5.798098   4.891367
    21  H    3.275949   3.554245   3.539025   5.065345   3.655953
                   11         12         13         14         15
    11  H    0.000000
    12  H    2.346970   0.000000
    13  C    5.549989   5.376360   0.000000
    14  H    5.641997   5.876731   1.090910   0.000000
    15  H    6.088611   5.888309   1.094552   1.769597   0.000000
    16  H    6.266660   5.813581   1.094671   1.768944   1.760151
    17  H    3.436740   4.282218   2.751827   2.403360   3.507192
    18  C    4.784904   2.726952   5.052334   5.953064   5.243214
    19  H    5.049245   2.762171   5.677105   6.543216   6.013555
    20  H    5.741380   3.787065   5.022730   6.027031   5.061915
    21  H    4.730102   2.782576   5.762582   6.618256   5.852148
                   16         17         18         19         20
    16  H    0.000000
    17  H    3.521653   0.000000
    18  C    5.232100   5.412851   0.000000
    19  H    5.723677   5.882087   1.094838   0.000000
    20  H    5.080920   5.914551   1.091294   1.768511   0.000000
    21  H    6.083738   5.887107   1.093637   1.760272   1.772077
                   21
    21  H    0.000000
 Stoichiometry    C8H11O2(2)
 Framework group  C1[X(C8H11O2)]
 Deg. of freedom    57
 Full point group                 C1      NOp   1
 Largest Abelian subgroup         C1      NOp   1
 Largest concise Abelian subgroup C1      NOp   1
                         Standard orientation:                         
 ---------------------------------------------------------------------
 Center     Atomic      Atomic             Coordinates (Angstroms)
 Number     Number       Type             X           Y           Z
 ---------------------------------------------------------------------
      1          6           0       -1.702182   -0.314796    0.086727
      2          6           0       -0.790806   -1.335015   -0.152965
      3          6           0        0.553422   -1.030516   -0.393463
      4          6           0        0.973049    0.316676   -0.461417
      5          6           0        0.061064    1.355948   -0.179988
      6          6           0       -1.256720    1.026628    0.093096
      7          8           0        2.794264   -0.278190    0.986859
      8          1           0       -1.973192    1.816494    0.296361
      9          8           0        1.443511   -2.030954   -0.533032
     10          1           0        2.245605   -0.353877    1.783487
     11          1           0        2.274447   -1.667490   -0.154631
     12          1           0        1.951561    0.548406   -0.857350
     13          6           0       -3.151070   -0.621616    0.367173
     14          1           0       -3.345254   -1.694890    0.345706
     15          1           0       -3.450566   -0.240761    1.348649
     16          1           0       -3.800313   -0.144233   -0.373701
     17          1           0       -1.088214   -2.376386   -0.120634
     18          6           0        0.530473    2.787748   -0.223215
     19          1           0        0.864394    3.060186   -1.229667
     20          1           0       -0.264042    3.477469    0.066535
     21          1           0        1.379999    2.937889    0.448949
 ---------------------------------------------------------------------
 Rotational constants (GHZ):           1.5958626           1.1165638           0.7235792
 Standard basis: 6-311G(d,p) (5D, 7F)
 There are   256 symmetry adapted cartesian basis functions of A   symmetry.
 There are   246 symmetry adapted basis functions of A   symmetry.
   246 basis functions,   408 primitive gaussians,   256 cartesian basis functions
    38 alpha electrons       37 beta electrons
       nuclear repulsion energy       515.1354670306 Hartrees.
 NAtoms=   21 NActive=   21 NUniq=   21 SFac= 1.00D+00 NAtFMM=   60 NAOKFM=F Big=F
 Integral buffers will be    131072 words long.
 Raffenetti 2 integral format.
 Two-electron integral symmetry is turned on.
 One-electron integrals computed using PRISM.
 NBasis=   246 RedAO= T EigKep=  1.80D-04  NBF=   246
 NBsUse=   246 1.00D-06 EigRej= -1.00D+00 NBFU=   246
 Initial guess from the checkpoint file:  "SR-11-TS-P2_2.chk"
 B after Tr=     0.000000    0.000000    0.000000
         Rot=    0.999964   -0.002410   -0.002374   -0.007787 Ang=  -0.97 deg.
 Initial guess <Sx>= 0.0000 <Sy>= 0.0000 <Sz>= 0.5000 <S**2>= 0.7577 S= 0.5038
 ExpMin= 1.03D-01 ExpMax= 8.59D+03 ExpMxC= 1.30D+03 IAcc=2 IRadAn=         4 AccDes= 0.00D+00
 Harris functional with IExCor=  402 and IRadAn=       4 diagonalized for initial guess.
 HarFok:  IExCor=  402 AccDes= 0.00D+00 IRadAn=         4 IDoV= 1 UseB2=F ITyADJ=14
 ICtDFT=  3500011 ScaDFX=  1.000000  1.000000  1.000000  1.000000
 FoFCou: FMM=F IPFlag=           0 FMFlag=      100000 FMFlg1=           0
         NFxFlg=           0 DoJE=T BraDBF=F KetDBF=T FulRan=T
         wScrn=  0.000000 ICntrl=       500 IOpCl=  0 I1Cent=   200000004 NGrid=           0
         NMat0=    1 NMatS0=      1 NMatT0=    0 NMatD0=    1 NMtDS0=    0 NMtDT0=    0
 Petite list used in FoFCou.
 Requested convergence on RMS density matrix=1.00D-08 within 128 cycles.
 Requested convergence on MAX density matrix=1.00D-06.
 Requested convergence on             energy=1.00D-06.
 No special actions if energy rises.
 Integral accuracy reduced to 1.0D-05 until final iterations.
 Initial convergence to 1.0D-05 achieved.  Increase integral accuracy.
 SCF Done:  E(UB3LYP) =  -461.979140015     A.U. after   17 cycles
            NFock= 17  Conv=0.43D-08     -V/T= 2.0038
 <Sx>= 0.0000 <Sy>= 0.0000 <Sz>= 0.5000 <S**2>= 0.7570 S= 0.5035
 <L.S>= 0.000000000000E+00
 Annihilation of the first spin contaminant:
 S**2 before annihilation     0.7570,   after     0.7500
 Calling FoFJK, ICntrl=      2127 FMM=F ISym2X=0 I1Cent= 0 IOpClX= 1 NMat=1 NMatS=1 NMatT=0.
 ***** Axes restored to original set *****
 -------------------------------------------------------------------
 Center     Atomic                   Forces (Hartrees/Bohr)
 Number     Number              X              Y              Z
 -------------------------------------------------------------------
      1        6           0.000016218   -0.000042215    0.000009316
      2        6          -0.000078207    0.000083526   -0.000042297
      3        6           0.000056099    0.000434293   -0.000061935
      4        6          -0.000438046    0.000103144    0.000532478
      5        6          -0.000238359   -0.000218700   -0.000419786
      6        6           0.000054810    0.000079118    0.000004602
      7        8          -0.000116310   -0.000206704   -0.000460489
      8        1           0.000020263    0.000008891   -0.000003166
      9        8           0.000258043   -0.000160558    0.000200398
     10        1           0.000006915   -0.000010234    0.000035214
     11        1           0.000237404   -0.000148348   -0.000014183
     12        1           0.000093232    0.000010784    0.000162776
     13        6           0.000016970    0.000029627    0.000012552
     14        1          -0.000009455    0.000001396    0.000001820
     15        1          -0.000004552   -0.000005425   -0.000014547
     16        1          -0.000006254    0.000000390   -0.000018095
     17        1           0.000023577   -0.000009963    0.000011525
     18        6           0.000127368    0.000013201    0.000073117
     19        1          -0.000023607    0.000000429    0.000008699
     20        1           0.000005938    0.000045050   -0.000000027
     21        1          -0.000002046   -0.000007702   -0.000017972
 -------------------------------------------------------------------
 Cartesian Forces:  Max     0.000532478 RMS     0.000155995

 GradGradGradGradGradGradGradGradGradGradGradGradGradGradGradGradGradGrad
 Berny optimization.
 Using GEDIIS/GDIIS optimizer.
 FormGI is forming the generalized inverse of G from B-inverse, IUseBI=4.
 Internal  Forces:  Max     0.000453669 RMS     0.000094312
 Search for a local minimum.
 Step number  12 out of a maximum of  122
 All quantities printed in internal units (Hartrees-Bohrs-Radians)
 Mixed Optimization -- En-DIIS/RFO-DIIS
 Swapping is turned off.
 Update second derivatives using D2CorX and points    5    6    7    8    9
                                                     10   11   12
 DE= -5.19D-05 DEPred=-3.31D-05 R= 1.57D+00
 TightC=F SS=  1.41D+00  RLast= 1.33D-01 DXNew= 1.2638D+00 3.9837D-01
 Trust test= 1.57D+00 RLast= 1.33D-01 DXMaxT set to 7.51D-01
 ITU=  1  1  0  1  1  1  1  1  1  1  1  0
     Eigenvalues ---    0.00148   0.00343   0.00695   0.00828   0.01457
     Eigenvalues ---    0.01534   0.01688   0.01995   0.02088   0.02126
     Eigenvalues ---    0.02166   0.02184   0.02864   0.03340   0.03588
     Eigenvalues ---    0.04417   0.07079   0.07121   0.07228   0.07259
     Eigenvalues ---    0.09665   0.12447   0.14872   0.15915   0.15991
     Eigenvalues ---    0.15996   0.16000   0.16000   0.16015   0.16029
     Eigenvalues ---    0.16126   0.17298   0.20717   0.23471   0.23917
     Eigenvalues ---    0.24089   0.24996   0.31708   0.31880   0.33717
     Eigenvalues ---    0.34223   0.34261   0.34290   0.34408   0.34667
     Eigenvalues ---    0.34706   0.35319   0.35572   0.36665   0.41488
     Eigenvalues ---    0.43113   0.45705   0.46435   0.48060   0.49317
     Eigenvalues ---    0.53525   0.53839
 En-DIIS/RFO-DIIS/Sim-DIIS IScMMF=       -3 using points:    12   11   10    9    8    7    6    5    4    3
 RFO step:  Lambda=-6.20198209D-05.
 DIIS inversion failure, remove point  10.
 DIIS inversion failure, remove point   9.
 DIIS inversion failure, remove point   8.
 DIIS inversion failure, remove point   7.
 DIIS inversion failure, remove point   6.
 RFO-DIIS uses    5 points instead of   10
 DidBck=F Rises=F RFO-DIIS coefs:    2.68152   -2.00000   -0.01430    0.39319   -0.06041
                  RFO-DIIS coefs:    0.00000    0.00000    0.00000    0.00000    0.00000
 Iteration  1 RMS(Cart)=  0.03163769 RMS(Int)=  0.00103999
 Iteration  2 RMS(Cart)=  0.00077789 RMS(Int)=  0.00028470
 Iteration  3 RMS(Cart)=  0.00000084 RMS(Int)=  0.00028470
 Variable       Old X    -DE/DX   Delta X   Delta X   Delta X     New X
                                 (Linear)    (Quad)   (Total)
    R1        2.62455   0.00002  -0.00091  -0.00043  -0.00136   2.62319
    R2        2.67107  -0.00001  -0.00015   0.00040   0.00023   2.67130
    R3        2.84845   0.00000   0.00007  -0.00008  -0.00001   2.84844
    R4        2.64393   0.00009   0.00171   0.00034   0.00205   2.64599
    R5        2.04750   0.00000   0.00001   0.00002   0.00004   2.04754
    R6        2.66956  -0.00020   0.00012  -0.00075  -0.00058   2.66897
    R7        2.54420   0.00045   0.00029  -0.00089  -0.00029   2.54391
    R8        2.66646  -0.00013  -0.00258   0.00018  -0.00237   2.66409
    R9        4.53857   0.00011   0.10199   0.00565   0.10649   4.64506
   R10        2.04226   0.00005   0.00033   0.00036   0.00114   2.04340
   R11        2.61820  -0.00014   0.00031  -0.00004   0.00026   2.61846
   R12        2.84858   0.00009   0.00065   0.00041   0.00105   2.84963
   R13        2.05149   0.00000   0.00005  -0.00004   0.00001   2.05150
   R14        1.83349   0.00002   0.00034   0.00000   0.00034   1.83383
   R15        3.53705  -0.00025  -0.08094  -0.00822  -0.08933   3.44772
   R16        4.13782  -0.00014   0.00399  -0.00762  -0.00266   4.13516
   R17        1.85708  -0.00015   0.00292   0.00059   0.00359   1.86067
   R18        2.06152   0.00000   0.00001   0.00001   0.00002   2.06154
   R19        2.06840  -0.00001  -0.00007  -0.00007  -0.00014   2.06826
   R20        2.06863   0.00002   0.00007   0.00005   0.00012   2.06875
   R21        2.06894  -0.00002  -0.00014   0.00001  -0.00013   2.06881
   R22        2.06225   0.00003   0.00003   0.00004   0.00007   2.06232
   R23        2.06667  -0.00001   0.00008  -0.00005   0.00004   2.06671
    A1        2.08416  -0.00002  -0.00054   0.00024  -0.00031   2.08385
    A2        2.10988   0.00004   0.00064  -0.00019   0.00045   2.11033
    A3        2.08894  -0.00002  -0.00003  -0.00006  -0.00009   2.08885
    A4        2.09470   0.00004   0.00103  -0.00006   0.00097   2.09567
    A5        2.11853   0.00000   0.00047  -0.00014   0.00032   2.11885
    A6        2.06921  -0.00005  -0.00141   0.00018  -0.00123   2.06797
    A7        2.09580  -0.00011  -0.00182  -0.00010  -0.00187   2.09392
    A8        2.08436   0.00002  -0.00177  -0.00057  -0.00234   2.08202
    A9        2.10281   0.00009   0.00373   0.00068   0.00433   2.10714
   A10        2.09533   0.00007   0.00123   0.00026   0.00141   2.09674
   A11        1.53082  -0.00015  -0.01400   0.00031  -0.01413   1.51669
   A12        2.08411  -0.00003  -0.00113   0.00041  -0.00122   2.08289
   A13        2.15588   0.00029   0.04356   0.00533   0.04883   2.20470
   A14        2.09479  -0.00005   0.00200  -0.00059   0.00182   2.09661
   A15        2.07029   0.00011   0.00024  -0.00005   0.00024   2.07054
   A16        2.08588  -0.00017   0.00135  -0.00012   0.00121   2.08709
   A17        2.12658   0.00007  -0.00163   0.00012  -0.00153   2.12505
   A18        2.12286  -0.00009  -0.00002  -0.00033  -0.00034   2.12251
   A19        2.07527   0.00007   0.00021   0.00022   0.00042   2.07569
   A20        2.08482   0.00002  -0.00020   0.00011  -0.00009   2.08473
   A21        1.65653  -0.00001  -0.01639  -0.00079  -0.01640   1.64013
   A22        1.16527   0.00021  -0.00872  -0.00026  -0.00980   1.15546
   A23        1.86062   0.00005  -0.00236   0.00012  -0.00237   1.85825
   A24        2.09827  -0.00003  -0.03286  -0.00211  -0.03580   2.06247
   A25        1.22353   0.00022   0.00946   0.00215   0.01126   1.23479
   A26        1.81755   0.00015   0.00089   0.00131   0.00266   1.82021
   A27        2.41010  -0.00023   0.04695   0.00290   0.05013   2.46023
   A28        1.94733   0.00001  -0.00037   0.00030  -0.00006   1.94727
   A29        1.93801   0.00001   0.00048  -0.00010   0.00038   1.93839
   A30        1.93415  -0.00001  -0.00014  -0.00024  -0.00037   1.93377
   A31        1.88732  -0.00001   0.00024   0.00003   0.00027   1.88759
   A32        1.88616  -0.00001  -0.00026  -0.00004  -0.00031   1.88585
   A33        1.86801   0.00000   0.00006   0.00004   0.00010   1.86811
   A34        1.93660  -0.00002  -0.00077   0.00032  -0.00045   1.93614
   A35        1.94550   0.00005  -0.00055   0.00036  -0.00019   1.94531
   A36        1.93336  -0.00001   0.00312  -0.00064   0.00249   1.93584
   A37        1.88479  -0.00002   0.00019  -0.00039  -0.00020   1.88459
   A38        1.86912   0.00000  -0.00086   0.00037  -0.00049   1.86863
   A39        1.89187  -0.00001  -0.00123  -0.00002  -0.00125   1.89062
    D1       -0.00682  -0.00001   0.00133   0.00012   0.00145  -0.00537
    D2        3.09241   0.00003   0.00360  -0.00038   0.00324   3.09565
    D3       -3.12653  -0.00003  -0.00212   0.00061  -0.00152  -3.12804
    D4       -0.02730   0.00001   0.00015   0.00012   0.00028  -0.02702
    D5        0.03962  -0.00001  -0.00183  -0.00074  -0.00258   0.03703
    D6       -3.12544  -0.00001  -0.00248  -0.00077  -0.00326  -3.12870
    D7       -3.12359   0.00001   0.00159  -0.00123   0.00035  -3.12324
    D8       -0.00547   0.00001   0.00094  -0.00126  -0.00032  -0.00579
    D9       -0.00502   0.00001   0.01410   0.00145   0.01555   0.01052
   D10        2.10180   0.00002   0.01448   0.00162   0.01610   2.11790
   D11       -2.10771   0.00002   0.01477   0.00146   0.01623  -2.09148
   D12       -3.12467  -0.00001   0.01064   0.00194   0.01258  -3.11210
   D13       -1.01785  -0.00001   0.01102   0.00211   0.01313  -1.00472
   D14        1.05583   0.00000   0.01132   0.00195   0.01326   1.06909
   D15       -0.05704   0.00006   0.00031  -0.00010   0.00025  -0.05679
   D16        3.06230   0.00008   0.00664   0.00049   0.00716   3.06946
   D17        3.12573   0.00002  -0.00194   0.00039  -0.00153   3.12420
   D18       -0.03812   0.00005   0.00439   0.00098   0.00538  -0.03274
   D19        0.08971  -0.00008  -0.00140   0.00067  -0.00078   0.08892
   D20        2.32342   0.00020   0.04248   0.00751   0.04972   2.37314
   D21       -2.90855  -0.00003  -0.01763   0.00008  -0.01795  -2.92650
   D22       -3.02939  -0.00011  -0.00771   0.00010  -0.00770  -3.03710
   D23       -0.79568   0.00017   0.03616   0.00694   0.04280  -0.75288
   D24        0.25554  -0.00006  -0.02394  -0.00049  -0.02487   0.23067
   D25       -2.56200  -0.00015  -0.00590  -0.00574  -0.01246  -2.57446
   D26        0.55724  -0.00012   0.00038  -0.00517  -0.00558   0.55166
   D27       -0.05703   0.00006   0.00082  -0.00125  -0.00039  -0.05742
   D28        3.11561   0.00002   0.00173   0.00042   0.00218   3.11778
   D29       -1.96192  -0.00004  -0.01617  -0.00643  -0.02293  -1.98485
   D30        1.21071  -0.00008  -0.01526  -0.00476  -0.02036   1.19035
   D31        2.94034   0.00001   0.01689  -0.00057   0.01666   2.95701
   D32       -0.17021  -0.00003   0.01779   0.00110   0.01923  -0.15098
   D33       -1.28732  -0.00004  -0.02719  -0.00360  -0.03089  -1.31821
   D34        0.56233   0.00002  -0.02261  -0.00313  -0.02598   0.53635
   D35        0.89574   0.00006  -0.01856  -0.00080  -0.01927   0.87647
   D36        2.74539   0.00011  -0.01398  -0.00033  -0.01436   2.73103
   D37       -0.00724  -0.00002   0.00069   0.00129   0.00198  -0.00525
   D38       -3.12524  -0.00002   0.00135   0.00131   0.00265  -3.12258
   D39        3.10256   0.00002  -0.00016  -0.00043  -0.00059   3.10197
   D40       -0.01544   0.00002   0.00049  -0.00041   0.00008  -0.01536
   D41        1.09340   0.00003  -0.00294  -0.00012  -0.00306   1.09034
   D42       -3.08841   0.00002  -0.00359  -0.00016  -0.00374  -3.09215
   D43       -0.98024   0.00004  -0.00338  -0.00038  -0.00376  -0.98401
   D44       -2.01612  -0.00001  -0.00204   0.00161  -0.00044  -2.01656
   D45        0.08526  -0.00002  -0.00269   0.00157  -0.00113   0.08413
   D46        2.19342   0.00000  -0.00249   0.00135  -0.00115   2.19228
   D47       -0.65124   0.00004   0.01547   0.00052   0.01550  -0.63574
   D48        0.88876   0.00007  -0.00475  -0.00050  -0.00515   0.88362
   D49       -1.14954   0.00008   0.02854   0.00146   0.03089  -1.11865
   D50        0.32930   0.00009  -0.00126   0.00292   0.00144   0.33075
         Item               Value     Threshold  Converged?
 Maximum Force            0.000454     0.000450     NO 
 RMS     Force            0.000094     0.000300     YES
 Maximum Displacement     0.189311     0.001800     NO 
 RMS     Displacement     0.031738     0.001200     NO 
 Predicted change in Energy=-3.103609D-05
 GradGradGradGradGradGradGradGradGradGradGradGradGradGradGradGradGradGrad

                          Input orientation:                          
 ---------------------------------------------------------------------
 Center     Atomic      Atomic             Coordinates (Angstroms)
 Number     Number       Type             X           Y           Z
 ---------------------------------------------------------------------
      1          6           0       -1.763172   -0.070455    0.059003
      2          6           0       -0.971661   -1.197847   -0.112484
      3          6           0        0.406834   -1.062768   -0.317560
      4          6           0        0.982509    0.222973   -0.418696
      5          6           0        0.192078    1.370975   -0.207096
      6          6           0       -1.163343    1.209254    0.030913
      7          8           0        2.768059   -0.606744    1.052845
      8          1           0       -1.787619    2.085158    0.177932
      9          8           0        1.172037   -2.167370   -0.398314
     10          1           0        2.219705   -0.567688    1.852535
     11          1           0        2.036060   -1.893123   -0.013948
     12          1           0        1.999224    0.321884   -0.773325
     13          6           0       -3.246197   -0.194584    0.298319
     14          1           0       -3.562506   -1.238351    0.322892
     15          1           0       -3.531835    0.270667    1.246915
     16          1           0       -3.811004    0.312553   -0.490508
     17          1           0       -1.390237   -2.195579   -0.054896
     18          6           0        0.826316    2.736694   -0.287734
     19          1           0        1.221200    2.925934   -1.291113
     20          1           0        0.108363    3.524711   -0.054124
     21          1           0        1.665826    2.819018    0.408348
 ---------------------------------------------------------------------
                    Distance matrix (angstroms):
                    1          2          3          4          5
     1  C    0.000000
     2  C    1.388132   0.000000
     3  C    2.415660   1.400197   0.000000
     4  C    2.802332   2.435421   1.412360   0.000000
     5  C    2.443672   2.821716   2.445695   1.409774   0.000000
     6  C    1.413591   2.418975   2.783698   2.404076   1.385630
     7  O    4.669838   3.961427   2.767915   2.458058   3.483461
     8  H    2.159029   3.395327   3.869183   3.390768   2.139511
     9  O    3.636158   2.370045   1.346180   2.397932   3.676515
    10  H    4.396284   3.800423   2.870700   2.704494   3.480196
    11  H    4.214452   3.088608   1.853657   2.398261   3.753919
    12  H    3.873283   3.401830   2.158862   1.081320   2.164944
    13  C    1.507329   2.519684   3.804955   4.309341   3.811582
    14  H    2.161300   2.627484   4.024508   4.831416   4.602865
    15  H    2.157699   3.249460   4.442831   4.812051   4.146366
    16  H    2.154593   3.238221   4.439772   4.794888   4.150331
    17  H    2.160603   1.083510   2.140495   3.407591   3.904766
    18  C    3.834809   4.329439   3.822664   2.521971   1.507961
    19  H    4.439329   4.816988   4.185779   2.850278   2.156869
    20  H    4.054708   4.844833   4.604720   3.434897   2.160784
    21  H    4.497680   4.833509   4.144908   2.808980   2.155814
                    6          7          8          9         10
     6  C    0.000000
     7  O    4.449508   0.000000
     8  H    1.085607   5.363396   0.000000
     9  O    4.127932   2.662461   5.213023   0.000000
    10  H    4.233302   0.970423   5.089257   2.953457   0.000000
    11  H    4.456785   1.824456   5.521237   0.984624   2.296575
    12  H    3.381723   2.188231   4.284181   2.649764   2.781203
    13  C    2.525974   6.075398   2.709089   4.888555   5.694812
    14  H    3.439768   6.403734   3.770536   4.878433   6.018601
    15  H    2.823005   6.363661   2.734482   5.547721   5.843786
    16  H    2.843600   6.819906   2.771827   5.566796   6.529481
    17  H    3.413464   4.587256   4.305442   2.585340   4.395453
    18  C    2.528507   4.092199   2.733862   4.917478   4.176269
    19  H    3.221923   4.512951   3.452244   5.171194   4.804678
    20  H    2.643068   5.036694   2.391843   5.800832   4.984059
    21  H    3.276888   3.655974   3.538068   5.075292   3.723203
                   11         12         13         14         15
    11  H    0.000000
    12  H    2.341851   0.000000
    13  C    5.557408   5.378624   0.000000
    14  H    5.646780   5.879529   1.090919   0.000000
    15  H    6.105179   5.888684   1.094478   1.769716   0.000000
    16  H    6.267397   5.817114   1.094734   1.768805   1.760207
    17  H    3.439865   4.282780   2.751968   2.403697   3.516180
    18  C    4.793083   2.728153   5.051851   5.952780   5.237357
    19  H    5.051580   2.766678   5.676404   6.544473   6.006944
    20  H    5.750700   3.788233   5.021000   6.025294   5.052974
    21  H    4.745491   2.782658   5.763842   6.618534   5.849185
                   16         17         18         19         20
    16  H    0.000000
    17  H    3.512919   0.000000
    18  C    5.236632   5.412452   0.000000
    19  H    5.726588   5.880284   1.094767   0.000000
    20  H    5.086239   5.913334   1.091330   1.768356   0.000000
    21  H    6.089826   5.890697   1.093656   1.759912   1.771320
                   21
    21  H    0.000000
 Stoichiometry    C8H11O2(2)
 Framework group  C1[X(C8H11O2)]
 Deg. of freedom    57
 Full point group                 C1      NOp   1
 Largest Abelian subgroup         C1      NOp   1
 Largest concise Abelian subgroup C1      NOp   1
                         Standard orientation:                         
 ---------------------------------------------------------------------
 Center     Atomic      Atomic             Coordinates (Angstroms)
 Number     Number       Type             X           Y           Z
 ---------------------------------------------------------------------
      1          6           0       -1.705513   -0.351185    0.090435
      2          6           0       -0.767491   -1.345959   -0.149251
      3          6           0        0.570273   -1.006678   -0.385525
      4          6           0        0.953311    0.351299   -0.448298
      5          6           0        0.014730    1.365105   -0.167716
      6          6           0       -1.295339    1.001557    0.099715
      7          8           0        2.885881   -0.267939    0.938701
      8          1           0       -2.032894    1.772569    0.299954
      9          8           0        1.481982   -1.986097   -0.532930
     10          1           0        2.363932   -0.338074    1.753791
     11          1           0        2.310197   -1.605197   -0.160830
     12          1           0        1.933454    0.608455   -0.825716
     13          6           0       -3.147128   -0.695937    0.364177
     14          1           0       -3.310551   -1.774494    0.353614
     15          1           0       -3.465038   -0.312449    1.338729
     16          1           0       -3.803842   -0.245963   -0.387283
     17          1           0       -1.037565   -2.394921   -0.122163
     18          6           0        0.444977    2.809817   -0.208252
     19          1           0        0.775939    3.091315   -1.213109
     20          1           0       -0.369905    3.477214    0.077320
     21          1           0        1.286449    2.985710    0.467818
 ---------------------------------------------------------------------
 Rotational constants (GHZ):           1.6043233           1.0978578           0.7132659
 Standard basis: 6-311G(d,p) (5D, 7F)
 There are   256 symmetry adapted cartesian basis functions of A   symmetry.
 There are   246 symmetry adapted basis functions of A   symmetry.
   246 basis functions,   408 primitive gaussians,   256 cartesian basis functions
    38 alpha electrons       37 beta electrons
       nuclear repulsion energy       513.9580009348 Hartrees.
 NAtoms=   21 NActive=   21 NUniq=   21 SFac= 1.00D+00 NAtFMM=   60 NAOKFM=F Big=F
 Integral buffers will be    131072 words long.
 Raffenetti 2 integral format.
 Two-electron integral symmetry is turned on.
 One-electron integrals computed using PRISM.
 NBasis=   246 RedAO= T EigKep=  1.79D-04  NBF=   246
 NBsUse=   246 1.00D-06 EigRej= -1.00D+00 NBFU=   246
 Initial guess from the checkpoint file:  "SR-11-TS-P2_2.chk"
 B after Tr=     0.000000    0.000000    0.000000
         Rot=    0.999925   -0.003426   -0.003537   -0.011181 Ang=  -1.40 deg.
 Initial guess <Sx>= 0.0000 <Sy>= 0.0000 <Sz>= 0.5000 <S**2>= 0.7570 S= 0.5035
 ExpMin= 1.03D-01 ExpMax= 8.59D+03 ExpMxC= 1.30D+03 IAcc=2 IRadAn=         4 AccDes= 0.00D+00
 Harris functional with IExCor=  402 and IRadAn=       4 diagonalized for initial guess.
 HarFok:  IExCor=  402 AccDes= 0.00D+00 IRadAn=         4 IDoV= 1 UseB2=F ITyADJ=14
 ICtDFT=  3500011 ScaDFX=  1.000000  1.000000  1.000000  1.000000
 FoFCou: FMM=F IPFlag=           0 FMFlag=      100000 FMFlg1=           0
         NFxFlg=           0 DoJE=T BraDBF=F KetDBF=T FulRan=T
         wScrn=  0.000000 ICntrl=       500 IOpCl=  0 I1Cent=   200000004 NGrid=           0
         NMat0=    1 NMatS0=      1 NMatT0=    0 NMatD0=    1 NMtDS0=    0 NMtDT0=    0
 Petite list used in FoFCou.
 Requested convergence on RMS density matrix=1.00D-08 within 128 cycles.
 Requested convergence on MAX density matrix=1.00D-06.
 Requested convergence on             energy=1.00D-06.
 No special actions if energy rises.
 Integral accuracy reduced to 1.0D-05 until final iterations.
 Initial convergence to 1.0D-05 achieved.  Increase integral accuracy.
 SCF Done:  E(UB3LYP) =  -461.979174115     A.U. after   18 cycles
            NFock= 18  Conv=0.49D-08     -V/T= 2.0038
 <Sx>= 0.0000 <Sy>= 0.0000 <Sz>= 0.5000 <S**2>= 0.7561 S= 0.5031
 <L.S>= 0.000000000000E+00
 Annihilation of the first spin contaminant:
 S**2 before annihilation     0.7561,   after     0.7500
 Calling FoFJK, ICntrl=      2127 FMM=F ISym2X=0 I1Cent= 0 IOpClX= 1 NMat=1 NMatS=1 NMatT=0.
 ***** Axes restored to original set *****
 -------------------------------------------------------------------
 Center     Atomic                   Forces (Hartrees/Bohr)
 Number     Number              X              Y              Z
 -------------------------------------------------------------------
      1        6           0.000041429   -0.000245319    0.000028652
      2        6          -0.000231626    0.000044638   -0.000101538
      3        6           0.000421822   -0.000350236   -0.000237261
      4        6           0.000241884   -0.000254662    0.000522521
      5        6          -0.000183260    0.000096031   -0.000137629
      6        6           0.000093086    0.000155807   -0.000069534
      7        8          -0.000261034    0.000233174   -0.000389253
      8        1          -0.000000972   -0.000011195   -0.000013187
      9        8          -0.000643563    0.000398891    0.000224478
     10        1           0.000118443   -0.000025481    0.000053138
     11        1           0.000372191   -0.000065689   -0.000088567
     12        1          -0.000010342    0.000021676    0.000166833
     13        6           0.000003143    0.000012351    0.000016599
     14        1          -0.000007924    0.000005434    0.000000202
     15        1           0.000001339    0.000001843   -0.000006682
     16        1          -0.000011134    0.000001874   -0.000011212
     17        1          -0.000004193    0.000011070    0.000009823
     18        6           0.000108753   -0.000001092    0.000025591
     19        1          -0.000032523    0.000008790   -0.000003632
     20        1          -0.000002215    0.000012161   -0.000003271
     21        1          -0.000013305   -0.000050067    0.000013928
 -------------------------------------------------------------------
 Cartesian Forces:  Max     0.000643563 RMS     0.000182305

 GradGradGradGradGradGradGradGradGradGradGradGradGradGradGradGradGradGrad
 Berny optimization.
 Using GEDIIS/GDIIS optimizer.
 FormGI is forming the generalized inverse of G from B-inverse, IUseBI=4.
 Internal  Forces:  Max     0.000492615 RMS     0.000081827
 Search for a local minimum.
 Step number  13 out of a maximum of  122
 All quantities printed in internal units (Hartrees-Bohrs-Radians)
 Mixed Optimization -- En-DIIS/RFO-DIIS
 Swapping is turned off.
 Update second derivatives using D2CorX and points    7    8    9   10   11
                                                     12   13
 DE= -3.41D-05 DEPred=-3.10D-05 R= 1.10D+00
 TightC=F SS=  1.41D+00  RLast= 1.96D-01 DXNew= 1.2638D+00 5.8664D-01
 Trust test= 1.10D+00 RLast= 1.96D-01 DXMaxT set to 7.51D-01
 ITU=  1  1  1  0  1  1  1  1  1  1  1  1  0
     Eigenvalues ---    0.00143   0.00354   0.00696   0.00792   0.01386
     Eigenvalues ---    0.01519   0.01668   0.01990   0.02060   0.02110
     Eigenvalues ---    0.02131   0.02181   0.02301   0.03205   0.03706
     Eigenvalues ---    0.04419   0.07078   0.07118   0.07227   0.07250
     Eigenvalues ---    0.09301   0.12378   0.14695   0.15911   0.15992
     Eigenvalues ---    0.15995   0.16000   0.16001   0.16014   0.16028
     Eigenvalues ---    0.16140   0.17260   0.20539   0.23486   0.23792
     Eigenvalues ---    0.23977   0.25000   0.31710   0.31885   0.33757
     Eigenvalues ---    0.34224   0.34261   0.34290   0.34408   0.34665
     Eigenvalues ---    0.34706   0.35320   0.35572   0.37021   0.41414
     Eigenvalues ---    0.43224   0.45793   0.46648   0.47979   0.49234
     Eigenvalues ---    0.53529   0.54656
 En-DIIS/RFO-DIIS/Sim-DIIS IScMMF=       -3 using points:    13   12   11   10    9    8    7    6    5    4
 RFO step:  Lambda=-1.12755269D-05.
 DIIS inversion failure, remove point  10.
 DIIS inversion failure, remove point   9.
 DIIS inversion failure, remove point   8.
 DIIS inversion failure, remove point   7.
 RFO-DIIS uses    6 points instead of   10
 DidBck=F Rises=F RFO-DIIS coefs:    1.72071   -2.00000    1.52565   -0.18888   -0.07285
                  RFO-DIIS coefs:    0.01537    0.00000    0.00000    0.00000    0.00000
 Iteration  1 RMS(Cart)=  0.00641344 RMS(Int)=  0.00038515
 Iteration  2 RMS(Cart)=  0.00003715 RMS(Int)=  0.00038342
 Iteration  3 RMS(Cart)=  0.00000001 RMS(Int)=  0.00038342
 Variable       Old X    -DE/DX   Delta X   Delta X   Delta X     New X
                                 (Linear)    (Quad)   (Total)
    R1        2.62319  -0.00011   0.00055  -0.00066  -0.00015   2.62304
    R2        2.67130   0.00013   0.00027   0.00017   0.00040   2.67170
    R3        2.84844   0.00001  -0.00018   0.00013  -0.00005   2.84838
    R4        2.64599   0.00017  -0.00094   0.00110   0.00017   2.64616
    R5        2.04754  -0.00001   0.00003  -0.00006  -0.00003   2.04751
    R6        2.66897   0.00002   0.00101   0.00002   0.00109   2.67006
    R7        2.54391  -0.00049  -0.00015  -0.00115  -0.00182   2.54209
    R8        2.66409   0.00007   0.00129  -0.00065   0.00067   2.66476
    R9        4.64506  -0.00012  -0.04346   0.03258  -0.00938   4.63568
   R10        2.04340  -0.00007   0.00018  -0.00028  -0.00065   2.04275
   R11        2.61846  -0.00007  -0.00050   0.00009  -0.00041   2.61805
   R12        2.84963   0.00000  -0.00017   0.00004  -0.00013   2.84951
   R13        2.05150  -0.00001  -0.00002   0.00000  -0.00002   2.05148
   R14        1.83383  -0.00002  -0.00014   0.00002  -0.00012   1.83371
   R15        3.44772   0.00001   0.02695  -0.02654   0.00062   3.44834
   R16        4.13516  -0.00023  -0.00897  -0.00729  -0.01744   4.11771
   R17        1.86067   0.00025  -0.00075   0.00192   0.00095   1.86162
   R18        2.06154   0.00000   0.00002  -0.00003  -0.00001   2.06153
   R19        2.06826  -0.00001   0.00001  -0.00003  -0.00002   2.06825
   R20        2.06875   0.00001   0.00002   0.00006   0.00008   2.06883
   R21        2.06881  -0.00001   0.00010  -0.00010   0.00000   2.06881
   R22        2.06232   0.00001   0.00004   0.00000   0.00004   2.06236
   R23        2.06671  -0.00001  -0.00006   0.00002  -0.00003   2.06668
    A1        2.08385   0.00001   0.00016  -0.00017  -0.00003   2.08381
    A2        2.11033   0.00003  -0.00015   0.00031   0.00018   2.11051
    A3        2.08885  -0.00004  -0.00003  -0.00012  -0.00013   2.08872
    A4        2.09567   0.00000  -0.00019   0.00043   0.00025   2.09592
    A5        2.11885  -0.00001  -0.00020   0.00003  -0.00018   2.11867
    A6        2.06797   0.00001   0.00040  -0.00045  -0.00006   2.06791
    A7        2.09392  -0.00001   0.00067  -0.00071   0.00002   2.09394
    A8        2.08202  -0.00005   0.00045  -0.00086  -0.00054   2.08148
    A9        2.10714   0.00006  -0.00117   0.00159   0.00052   2.10766
   A10        2.09674  -0.00003  -0.00072   0.00038  -0.00051   2.09624
   A11        1.51669   0.00008   0.00722  -0.00227   0.00550   1.52220
   A12        2.08289   0.00013  -0.00004   0.00010   0.00068   2.08356
   A13        2.20470   0.00009  -0.00936   0.01659   0.00724   2.21195
   A14        2.09661  -0.00011  -0.00106   0.00003  -0.00142   2.09519
   A15        2.07054   0.00005   0.00019   0.00012   0.00040   2.07093
   A16        2.08709  -0.00013  -0.00149   0.00046  -0.00106   2.08602
   A17        2.12505   0.00009   0.00137  -0.00061   0.00071   2.12577
   A18        2.12251  -0.00002   0.00005   0.00000   0.00006   2.12257
   A19        2.07569   0.00000   0.00005  -0.00007  -0.00003   2.07566
   A20        2.08473   0.00002  -0.00012   0.00008  -0.00004   2.08469
   A21        1.64013   0.00009   0.00516  -0.00471  -0.00054   1.63959
   A22        1.15546  -0.00003   0.00361  -0.00355   0.00128   1.15675
   A23        1.85825   0.00003   0.00121  -0.00034   0.00120   1.85944
   A24        2.06247   0.00005   0.00991  -0.01193  -0.00102   2.06145
   A25        1.23479   0.00005  -0.00155   0.00446   0.00360   1.23839
   A26        1.82021   0.00012   0.00044   0.00172   0.00137   1.82159
   A27        2.46023  -0.00015  -0.01538   0.01655   0.00075   2.46098
   A28        1.94727   0.00001   0.00020  -0.00015   0.00004   1.94731
   A29        1.93839   0.00000   0.00007   0.00005   0.00011   1.93851
   A30        1.93377   0.00000  -0.00013   0.00012   0.00000   1.93377
   A31        1.88759   0.00000  -0.00011   0.00012   0.00000   1.88760
   A32        1.88585  -0.00001  -0.00001  -0.00010  -0.00012   1.88573
   A33        1.86811   0.00000  -0.00002  -0.00004  -0.00005   1.86806
   A34        1.93614   0.00001   0.00032  -0.00032   0.00000   1.93615
   A35        1.94531   0.00002   0.00055  -0.00034   0.00021   1.94552
   A36        1.93584  -0.00008  -0.00149   0.00082  -0.00067   1.93517
   A37        1.88459  -0.00001  -0.00015   0.00012  -0.00003   1.88456
   A38        1.86863   0.00004   0.00028  -0.00002   0.00026   1.86889
   A39        1.89062   0.00002   0.00052  -0.00027   0.00025   1.89086
    D1       -0.00537   0.00001  -0.00105   0.00132   0.00030  -0.00507
    D2        3.09565   0.00002  -0.00085   0.00137   0.00048   3.09613
    D3       -3.12804   0.00000  -0.00035  -0.00029  -0.00061  -3.12865
    D4       -0.02702   0.00000  -0.00016  -0.00024  -0.00043  -0.02745
    D5        0.03703  -0.00002   0.00102  -0.00168  -0.00062   0.03642
    D6       -3.12870  -0.00002   0.00031  -0.00154  -0.00123  -3.12993
    D7       -3.12324  -0.00001   0.00033  -0.00009   0.00028  -3.12296
    D8       -0.00579  -0.00001  -0.00038   0.00006  -0.00034  -0.00613
    D9        0.01052   0.00001  -0.00341   0.00573   0.00232   0.01284
   D10        2.11790   0.00001  -0.00338   0.00581   0.00243   2.12033
   D11       -2.09148   0.00001  -0.00344   0.00588   0.00244  -2.08904
   D12       -3.11210  -0.00001  -0.00272   0.00412   0.00141  -3.11069
   D13       -1.00472   0.00000  -0.00269   0.00420   0.00152  -1.00320
   D14        1.06909  -0.00001  -0.00275   0.00427   0.00153   1.07062
   D15       -0.05679   0.00002   0.00183  -0.00031   0.00142  -0.05537
   D16        3.06946   0.00003   0.00028   0.00100   0.00117   3.07063
   D17        3.12420   0.00002   0.00166  -0.00037   0.00125   3.12545
   D18       -0.03274   0.00002   0.00011   0.00094   0.00100  -0.03174
   D19        0.08892  -0.00005  -0.00262  -0.00035  -0.00288   0.08604
   D20        2.37314   0.00010  -0.00912   0.01864   0.00986   2.38300
   D21       -2.92650   0.00003   0.01254  -0.00500   0.00804  -2.91846
   D22       -3.03710  -0.00006  -0.00110  -0.00166  -0.00262  -3.03972
   D23       -0.75288   0.00009  -0.00759   0.01734   0.01012  -0.74276
   D24        0.23067   0.00002   0.01406  -0.00630   0.00830   0.23897
   D25       -2.57446  -0.00019  -0.00431  -0.00710  -0.01015  -2.58461
   D26        0.55166  -0.00019  -0.00582  -0.00581  -0.01040   0.54126
   D27       -0.05742   0.00004   0.00257  -0.00002   0.00252  -0.05489
   D28        3.11778   0.00003   0.00007   0.00081   0.00088   3.11866
   D29       -1.98485  -0.00012  -0.00044  -0.01174  -0.01197  -1.99681
   D30        1.19035  -0.00014  -0.00294  -0.01092  -0.01361   1.17674
   D31        2.95701  -0.00002  -0.01255   0.00467  -0.00832   2.94869
   D32       -0.15098  -0.00003  -0.01505   0.00550  -0.00996  -0.16094
   D33       -1.31821  -0.00006   0.00486  -0.01271  -0.00776  -1.32596
   D34        0.53635  -0.00006   0.00424  -0.01082  -0.00628   0.53007
   D35        0.87647   0.00001   0.00627  -0.00651  -0.00016   0.87631
   D36        2.73103   0.00001   0.00565  -0.00461   0.00131   2.73234
   D37       -0.00525  -0.00001  -0.00174   0.00100  -0.00078  -0.00604
   D38       -3.12258  -0.00001  -0.00103   0.00086  -0.00016  -3.12274
   D39        3.10197   0.00000   0.00077   0.00018   0.00087   3.10283
   D40       -0.01536   0.00000   0.00149   0.00003   0.00149  -0.01387
   D41        1.09034   0.00002   0.00220  -0.00095   0.00123   1.09157
   D42       -3.09215   0.00002   0.00260  -0.00124   0.00134  -3.09081
   D43       -0.98401   0.00001   0.00260  -0.00125   0.00133  -0.98267
   D44       -2.01656   0.00000  -0.00036  -0.00011  -0.00046  -2.01702
   D45        0.08413   0.00000   0.00003  -0.00040  -0.00035   0.08378
   D46        2.19228   0.00000   0.00004  -0.00041  -0.00036   2.19192
   D47       -0.63574   0.00001  -0.00241   0.00691   0.00513  -0.63061
   D48        0.88362   0.00009   0.00393   0.00057   0.00438   0.88800
   D49       -1.11865   0.00003  -0.00632   0.01254   0.00516  -1.11348
   D50        0.33075   0.00008  -0.00152   0.00006  -0.00094   0.32980
         Item               Value     Threshold  Converged?
 Maximum Force            0.000493     0.000450     NO 
 RMS     Force            0.000082     0.000300     YES
 Maximum Displacement     0.038190     0.001800     NO 
 RMS     Displacement     0.006400     0.001200     NO 
 Predicted change in Energy=-5.299589D-07
 GradGradGradGradGradGradGradGradGradGradGradGradGradGradGradGradGradGrad

                          Input orientation:                          
 ---------------------------------------------------------------------
 Center     Atomic      Atomic             Coordinates (Angstroms)
 Number     Number       Type             X           Y           Z
 ---------------------------------------------------------------------
      1          6           0       -1.765467   -0.070635    0.059107
      2          6           0       -0.973976   -1.198309   -0.109964
      3          6           0        0.405067   -1.064103   -0.312523
      4          6           0        0.982112    0.221790   -0.411935
      5          6           0        0.190612    1.370221   -0.204330
      6          6           0       -1.165160    1.209080    0.030797
      7          8           0        2.779392   -0.603475    1.039411
      8          1           0       -1.789652    2.085322    0.174771
      9          8           0        1.168520   -2.168829   -0.392115
     10          1           0        2.239914   -0.560209    1.844824
     11          1           0        2.036121   -1.894122   -0.014920
     12          1           0        1.996610    0.321437   -0.771619
     13          6           0       -3.249100   -0.193880    0.294899
     14          1           0       -3.565681   -1.237510    0.321519
     15          1           0       -3.537266    0.274081    1.241385
     16          1           0       -3.811792    0.311093   -0.496883
     17          1           0       -1.393135   -2.195790   -0.052528
     18          6           0        0.826423    2.735175   -0.284278
     19          1           0        1.224051    2.923333   -1.286778
     20          1           0        0.108860    3.524252   -0.052951
     21          1           0        1.664181    2.816388    0.414013
 ---------------------------------------------------------------------
                    Distance matrix (angstroms):
                    1          2          3          4          5
     1  C    0.000000
     2  C    1.388053   0.000000
     3  C    2.415845   1.400286   0.000000
     4  C    2.802960   2.436011   1.412935   0.000000
     5  C    2.443708   2.821793   2.446146   1.410130   0.000000
     6  C    1.413804   2.419067   2.784034   2.404482   1.385413
     7  O    4.679813   3.970222   2.770798   2.453096   3.484846
     8  H    2.159193   3.395384   3.869513   3.391114   2.139283
     9  O    3.635147   2.368925   1.345219   2.397958   3.676471
    10  H    4.412657   3.815423   2.876581   2.699360   3.482130
    11  H    4.216949   3.090934   1.854140   2.397006   3.754692
    12  H    3.872602   3.401734   2.159513   1.080975   2.164115
    13  C    1.507300   2.519718   3.805153   4.309937   3.811464
    14  H    2.161302   2.627669   4.024788   4.832177   4.602881
    15  H    2.157749   3.250312   4.443800   4.812586   4.145924
    16  H    2.154597   3.237468   4.439263   4.795489   4.150492
    17  H    2.160411   1.083496   2.140524   3.408177   3.904835
    18  C    3.835151   4.329448   3.822676   2.521436   1.507895
    19  H    4.439873   4.817068   4.185636   2.849950   2.156814
    20  H    4.055721   4.845448   4.605228   3.434777   2.160891
    21  H    4.497038   4.832413   4.143844   2.807018   2.155262
                    6          7          8          9         10
     6  C    0.000000
     7  O    4.456697   0.000000
     8  H    1.085596   5.371536   0.000000
     9  O    4.127371   2.663552   5.212479   0.000000
    10  H    4.244480   0.970359   5.101501   2.956254   0.000000
    11  H    4.458717   1.824783   5.523450   0.985125   2.297717
    12  H    3.380617   2.179000   4.282841   2.651637   2.771691
    13  C    2.526035   6.088085   2.709092   4.887512   5.715395
    14  H    3.439887   6.416955   3.770548   4.877425   6.040209
    15  H    2.822522   6.380522   2.733571   5.548022   5.868218
    16  H    2.844203   6.829373   2.772735   5.564575   6.547206
    17  H    3.413511   4.597584   4.305440   2.584206   4.412949
    18  C    2.528763   4.088132   2.734389   4.917104   4.170203
    19  H    3.222266   4.502068   3.452650   5.170456   4.793117
    20  H    2.643892   5.036182   2.393058   5.800783   4.982546
    21  H    3.276502   3.651066   3.538454   5.074240   3.712156
                   11         12         13         14         15
    11  H    0.000000
    12  H    2.341550   0.000000
    13  C    5.560609   5.377777   0.000000
    14  H    5.650178   5.879144   1.090916   0.000000
    15  H    6.110814   5.888820   1.094469   1.769709   0.000000
    16  H    6.268441   5.814905   1.094777   1.768763   1.760202
    17  H    3.442705   4.282977   2.751901   2.403781   3.517353
    18  C    4.792318   2.726347   5.052197   5.953133   5.237023
    19  H    5.048262   2.762625   5.676953   6.545286   6.006686
    20  H    5.751049   3.786570   5.022091   6.026347   5.053034
    21  H    4.744600   2.782268   5.763353   6.617711   5.848326
                   16         17         18         19         20
    16  H    0.000000
    17  H    3.511668   0.000000
    18  C    5.237788   5.412446   0.000000
    19  H    5.727779   5.880345   1.094768   0.000000
    20  H    5.088515   5.913956   1.091353   1.768357   0.000000
    21  H    6.090363   5.889548   1.093638   1.760069   1.771482
                   21
    21  H    0.000000
 Stoichiometry    C8H11O2(2)
 Framework group  C1[X(C8H11O2)]
 Deg. of freedom    57
 Full point group                 C1      NOp   1
 Largest Abelian subgroup         C1      NOp   1
 Largest concise Abelian subgroup C1      NOp   1
                         Standard orientation:                         
 ---------------------------------------------------------------------
 Center     Atomic      Atomic             Coordinates (Angstroms)
 Number     Number       Type             X           Y           Z
 ---------------------------------------------------------------------
      1          6           0       -1.708370   -0.347951    0.090575
      2          6           0       -0.772309   -1.345185   -0.146082
      3          6           0        0.566867   -1.009688   -0.380286
      4          6           0        0.954060    0.347739   -0.442406
      5          6           0        0.016333    1.364086   -0.166409
      6          6           0       -1.294969    1.004039    0.098586
      7          8           0        2.895836   -0.267618    0.924533
      8          1           0       -2.031286    1.777118    0.295319
      9          8           0        1.474881   -1.991487   -0.525870
     10          1           0        2.382214   -0.330880    1.745378
     11          1           0        2.307155   -1.610780   -0.161380
     12          1           0        1.932222    0.603218   -0.825077
     13          6           0       -3.151497   -0.688640    0.361258
     14          1           0       -3.317344   -1.766848    0.353561
     15          1           0       -3.471467   -0.301388    1.333636
     16          1           0       -3.805073   -0.239609   -0.393559
     17          1           0       -1.045138   -2.393401   -0.118323
     18          6           0        0.451211    2.807327   -0.207434
     19          1           0        0.785533    3.086697   -1.211774
     20          1           0       -0.362112    3.477782    0.075489
     21          1           0        1.291609    2.980568    0.470624
 ---------------------------------------------------------------------
 Rotational constants (GHZ):           1.6081475           1.0964280           0.7119222
 Standard basis: 6-311G(d,p) (5D, 7F)
 There are   256 symmetry adapted cartesian basis functions of A   symmetry.
 There are   246 symmetry adapted basis functions of A   symmetry.
   246 basis functions,   408 primitive gaussians,   256 cartesian basis functions
    38 alpha electrons       37 beta electrons
       nuclear repulsion energy       513.9215320938 Hartrees.
 NAtoms=   21 NActive=   21 NUniq=   21 SFac= 1.00D+00 NAtFMM=   60 NAOKFM=F Big=F
 Integral buffers will be    131072 words long.
 Raffenetti 2 integral format.
 Two-electron integral symmetry is turned on.
 One-electron integrals computed using PRISM.
 NBasis=   246 RedAO= T EigKep=  1.80D-04  NBF=   246
 NBsUse=   246 1.00D-06 EigRej= -1.00D+00 NBFU=   246
 Initial guess from the checkpoint file:  "SR-11-TS-P2_2.chk"
 B after Tr=     0.000000    0.000000    0.000000
         Rot=    0.999999    0.000551   -0.000417    0.000989 Ang=   0.14 deg.
 Initial guess <Sx>= 0.0000 <Sy>= 0.0000 <Sz>= 0.5000 <S**2>= 0.7561 S= 0.5031
 ExpMin= 1.03D-01 ExpMax= 8.59D+03 ExpMxC= 1.30D+03 IAcc=2 IRadAn=         4 AccDes= 0.00D+00
 Harris functional with IExCor=  402 and IRadAn=       4 diagonalized for initial guess.
 HarFok:  IExCor=  402 AccDes= 0.00D+00 IRadAn=         4 IDoV= 1 UseB2=F ITyADJ=14
 ICtDFT=  3500011 ScaDFX=  1.000000  1.000000  1.000000  1.000000
 FoFCou: FMM=F IPFlag=           0 FMFlag=      100000 FMFlg1=           0
         NFxFlg=           0 DoJE=T BraDBF=F KetDBF=T FulRan=T
         wScrn=  0.000000 ICntrl=       500 IOpCl=  0 I1Cent=   200000004 NGrid=           0
         NMat0=    1 NMatS0=      1 NMatT0=    0 NMatD0=    1 NMtDS0=    0 NMtDT0=    0
 Petite list used in FoFCou.
 Requested convergence on RMS density matrix=1.00D-08 within 128 cycles.
 Requested convergence on MAX density matrix=1.00D-06.
 Requested convergence on             energy=1.00D-06.
 No special actions if energy rises.
 Integral accuracy reduced to 1.0D-05 until final iterations.
 Initial convergence to 1.0D-05 achieved.  Increase integral accuracy.
 SCF Done:  E(UB3LYP) =  -461.979187352     A.U. after   14 cycles
            NFock= 14  Conv=0.80D-08     -V/T= 2.0038
 <Sx>= 0.0000 <Sy>= 0.0000 <Sz>= 0.5000 <S**2>= 0.7562 S= 0.5031
 <L.S>= 0.000000000000E+00
 Annihilation of the first spin contaminant:
 S**2 before annihilation     0.7562,   after     0.7500
 Calling FoFJK, ICntrl=      2127 FMM=F ISym2X=0 I1Cent= 0 IOpClX= 1 NMat=1 NMatS=1 NMatT=0.
 ***** Axes restored to original set *****
 -------------------------------------------------------------------
 Center     Atomic                   Forces (Hartrees/Bohr)
 Number     Number              X              Y              Z
 -------------------------------------------------------------------
      1        6           0.000119100   -0.000133152   -0.000025297
      2        6          -0.000274936    0.000089866   -0.000035974
      3        6           0.000360274    0.000248905   -0.000057529
      4        6          -0.000474584   -0.000375270   -0.000103476
      5        6           0.000089396   -0.000086248    0.000123659
      6        6          -0.000011530    0.000123117   -0.000038886
      7        8          -0.000247541    0.000083326   -0.000310965
      8        1          -0.000010462   -0.000006268    0.000000519
      9        8           0.000060161    0.000126720    0.000282536
     10        1           0.000094713   -0.000030911    0.000083596
     11        1           0.000040874   -0.000055174   -0.000139713
     12        1           0.000232812   -0.000036467    0.000226966
     13        6          -0.000013003    0.000000635    0.000014025
     14        1          -0.000003794   -0.000001012    0.000002337
     15        1           0.000011190    0.000003010   -0.000005638
     16        1           0.000009980    0.000000397   -0.000000498
     17        1           0.000002008   -0.000005657   -0.000010255
     18        6           0.000022152    0.000035667    0.000001143
     19        1          -0.000011045    0.000012511    0.000002015
     20        1           0.000006291    0.000002782    0.000001908
     21        1          -0.000002055    0.000003223   -0.000010474
 -------------------------------------------------------------------
 Cartesian Forces:  Max     0.000474584 RMS     0.000135263

 GradGradGradGradGradGradGradGradGradGradGradGradGradGradGradGradGradGrad
 Berny optimization.
 Using GEDIIS/GDIIS optimizer.
 FormGI is forming the generalized inverse of G from B-inverse, IUseBI=4.
 Internal  Forces:  Max     0.000303830 RMS     0.000055926
 Search for a local minimum.
 Step number  14 out of a maximum of  122
 All quantities printed in internal units (Hartrees-Bohrs-Radians)
 Mixed Optimization -- En-DIIS/RFO-DIIS
 Swapping is turned off.
 Update second derivatives using D2CorX and points    7    8    9   10   11
                                                     12   13   14
 DE= -1.32D-05 DEPred=-5.30D-07 R= 2.50D+01
 TightC=F SS=  1.41D+00  RLast= 4.23D-02 DXNew= 1.2638D+00 1.2685D-01
 Trust test= 2.50D+01 RLast= 4.23D-02 DXMaxT set to 7.51D-01
 ITU=  1  1  1  1  0  1  1  1  1  1  1  1  1  0
     Eigenvalues ---    0.00119   0.00344   0.00695   0.00721   0.00915
     Eigenvalues ---    0.01502   0.01619   0.01890   0.02003   0.02110
     Eigenvalues ---    0.02154   0.02173   0.02195   0.03192   0.03543
     Eigenvalues ---    0.04487   0.07078   0.07118   0.07227   0.07253
     Eigenvalues ---    0.08887   0.12684   0.14393   0.15912   0.15992
     Eigenvalues ---    0.15994   0.16000   0.16002   0.16008   0.16043
     Eigenvalues ---    0.16144   0.17121   0.20557   0.23313   0.23835
     Eigenvalues ---    0.24063   0.25002   0.31707   0.31904   0.33792
     Eigenvalues ---    0.34224   0.34261   0.34289   0.34408   0.34664
     Eigenvalues ---    0.34706   0.35319   0.35571   0.37393   0.41483
     Eigenvalues ---    0.43380   0.45153   0.46653   0.48010   0.50615
     Eigenvalues ---    0.52506   0.53541
 En-DIIS/RFO-DIIS/Sim-DIIS IScMMF=       -3 using points:    14   13   12   11   10    9    8    7    6    5
 RFO step:  Lambda=-1.42996771D-05.
 DIIS inversion failure, remove point  10.
 DIIS inversion failure, remove point   9.
 DIIS inversion failure, remove point   8.
 DIIS inversion failure, remove point   7.
 RFO-DIIS uses    6 points instead of   10
 DidBck=F Rises=F RFO-DIIS coefs:    1.68165   -0.17432   -2.00000    1.64077    0.21223
                  RFO-DIIS coefs:   -0.36032    0.00000    0.00000    0.00000    0.00000
 Iteration  1 RMS(Cart)=  0.01478626 RMS(Int)=  0.00024638
 Iteration  2 RMS(Cart)=  0.00017060 RMS(Int)=  0.00014186
 Iteration  3 RMS(Cart)=  0.00000004 RMS(Int)=  0.00014186
 Variable       Old X    -DE/DX   Delta X   Delta X   Delta X     New X
                                 (Linear)    (Quad)   (Total)
    R1        2.62304  -0.00013  -0.00065  -0.00045  -0.00107   2.62197
    R2        2.67170   0.00002   0.00057   0.00023   0.00083   2.67254
    R3        2.84838   0.00000  -0.00001   0.00003   0.00002   2.84840
    R4        2.64616   0.00018   0.00064   0.00103   0.00166   2.64781
    R5        2.04751   0.00000  -0.00002   0.00002  -0.00001   2.04750
    R6        2.67006  -0.00030  -0.00105   0.00057  -0.00059   2.66947
    R7        2.54209  -0.00002  -0.00175  -0.00046  -0.00237   2.53972
    R8        2.66476  -0.00002   0.00037  -0.00037  -0.00003   2.66473
    R9        4.63568  -0.00002  -0.01045   0.03162   0.02176   4.65744
   R10        2.04275   0.00011   0.00016   0.00041   0.00036   2.04311
   R11        2.61805  -0.00003  -0.00016  -0.00019  -0.00035   2.61770
   R12        2.84951   0.00006   0.00025   0.00015   0.00039   2.84990
   R13        2.05148   0.00000  -0.00007   0.00004  -0.00003   2.05144
   R14        1.83371   0.00002  -0.00009   0.00012   0.00002   1.83373
   R15        3.44834  -0.00009   0.00490  -0.03043  -0.02540   3.42294
   R16        4.11771  -0.00019  -0.01383  -0.01435  -0.02870   4.08901
   R17        1.86162  -0.00014   0.00061   0.00102   0.00163   1.86325
   R18        2.06153   0.00000  -0.00001   0.00001   0.00001   2.06154
   R19        2.06825  -0.00001  -0.00007   0.00001  -0.00007   2.06818
   R20        2.06883   0.00000   0.00006   0.00001   0.00007   2.06890
   R21        2.06881   0.00000  -0.00001  -0.00006  -0.00007   2.06874
   R22        2.06236   0.00000   0.00005  -0.00002   0.00003   2.06239
   R23        2.06668  -0.00001  -0.00007   0.00002  -0.00005   2.06662
    A1        2.08381   0.00002   0.00042  -0.00010   0.00034   2.08415
    A2        2.11051   0.00000  -0.00016   0.00038   0.00021   2.11072
    A3        2.08872  -0.00003  -0.00028  -0.00026  -0.00054   2.08818
    A4        2.09592  -0.00001  -0.00021   0.00050   0.00027   2.09619
    A5        2.11867   0.00001  -0.00028   0.00030   0.00003   2.11870
    A6        2.06791   0.00000   0.00042  -0.00077  -0.00033   2.06758
    A7        2.09394  -0.00003  -0.00009  -0.00097  -0.00107   2.09287
    A8        2.08148   0.00000  -0.00053  -0.00050  -0.00092   2.08055
    A9        2.10766   0.00003   0.00058   0.00150   0.00202   2.10968
   A10        2.09624   0.00005   0.00022   0.00038   0.00072   2.09695
   A11        1.52220  -0.00001   0.00347  -0.00193   0.00165   1.52385
   A12        2.08356   0.00001   0.00083  -0.00040   0.00076   2.08433
   A13        2.21195   0.00000  -0.00145   0.01912   0.01771   2.22965
   A14        2.09519  -0.00005  -0.00130   0.00054  -0.00092   2.09427
   A15        2.07093   0.00003   0.00001   0.00017   0.00010   2.07104
   A16        2.08602   0.00000  -0.00062   0.00031  -0.00028   2.08574
   A17        2.12577  -0.00004   0.00059  -0.00048   0.00014   2.12590
   A18        2.12257  -0.00007  -0.00050  -0.00003  -0.00053   2.12204
   A19        2.07566   0.00002   0.00016  -0.00009   0.00008   2.07574
   A20        2.08469   0.00005   0.00034   0.00010   0.00045   2.08514
   A21        1.63959   0.00007   0.00303  -0.00500  -0.00230   1.63729
   A22        1.15675   0.00000   0.00047  -0.00320  -0.00232   1.15443
   A23        1.85944   0.00006   0.00088   0.00009   0.00100   1.86045
   A24        2.06145   0.00008   0.00274  -0.01260  -0.00951   2.05194
   A25        1.23839   0.00003   0.00138   0.00575   0.00729   1.24568
   A26        1.82159   0.00010   0.00217   0.00144   0.00333   1.82492
   A27        2.46098  -0.00010  -0.00455   0.01850   0.01383   2.47481
   A28        1.94731   0.00001   0.00040  -0.00025   0.00014   1.94745
   A29        1.93851  -0.00001  -0.00024   0.00021  -0.00003   1.93848
   A30        1.93377  -0.00001  -0.00016  -0.00002  -0.00018   1.93359
   A31        1.88760   0.00000   0.00002   0.00014   0.00016   1.88776
   A32        1.88573   0.00000  -0.00003  -0.00008  -0.00011   1.88562
   A33        1.86806   0.00001   0.00001   0.00001   0.00001   1.86807
   A34        1.93615   0.00001   0.00045  -0.00045   0.00000   1.93615
   A35        1.94552   0.00000   0.00042  -0.00044  -0.00002   1.94550
   A36        1.93517   0.00001  -0.00143   0.00154   0.00012   1.93529
   A37        1.88456  -0.00001  -0.00045   0.00027  -0.00019   1.88438
   A38        1.86889   0.00000   0.00078  -0.00056   0.00022   1.86911
   A39        1.89086  -0.00001   0.00026  -0.00040  -0.00013   1.89073
    D1       -0.00507   0.00000   0.00050   0.00034   0.00083  -0.00424
    D2        3.09613  -0.00001  -0.00120   0.00123   0.00003   3.09616
    D3       -3.12865   0.00001   0.00117  -0.00080   0.00037  -3.12828
    D4       -0.02745   0.00000  -0.00053   0.00010  -0.00043  -0.02788
    D5        0.03642   0.00000  -0.00081   0.00001  -0.00079   0.03563
    D6       -3.12993   0.00001  -0.00039  -0.00056  -0.00094  -3.13088
    D7       -3.12296   0.00000  -0.00147   0.00114  -0.00032  -3.12329
    D8       -0.00613   0.00000  -0.00105   0.00056  -0.00048  -0.00661
    D9        0.01284   0.00000  -0.00034   0.00620   0.00586   0.01870
   D10        2.12033   0.00000  -0.00021   0.00635   0.00614   2.12647
   D11       -2.08904  -0.00001  -0.00046   0.00648   0.00602  -2.08302
   D12       -3.11069   0.00001   0.00032   0.00506   0.00538  -3.10531
   D13       -1.00320   0.00001   0.00045   0.00521   0.00566  -0.99753
   D14        1.07062   0.00000   0.00020   0.00535   0.00555   1.07617
   D15       -0.05537  -0.00003  -0.00128  -0.00067  -0.00196  -0.05733
   D16        3.07063  -0.00003  -0.00217   0.00190  -0.00026   3.07037
   D17        3.12545  -0.00002   0.00038  -0.00157  -0.00119   3.12426
   D18       -0.03174  -0.00002  -0.00051   0.00101   0.00051  -0.03122
   D19        0.08604   0.00005   0.00234   0.00071   0.00308   0.08912
   D20        2.38300   0.00006   0.00336   0.02318   0.02669   2.40968
   D21       -2.91846  -0.00005   0.00192  -0.00370  -0.00157  -2.92002
   D22       -3.03972   0.00006   0.00322  -0.00189   0.00138  -3.03834
   D23       -0.74276   0.00007   0.00424   0.02058   0.02498  -0.71778
   D24        0.23897  -0.00004   0.00280  -0.00630  -0.00327   0.23570
   D25       -2.58461  -0.00007  -0.00865  -0.01095  -0.01923  -2.60383
   D26        0.54126  -0.00007  -0.00952  -0.00837  -0.01754   0.52373
   D27       -0.05489  -0.00005  -0.00259  -0.00042  -0.00303  -0.05792
   D28        3.11866  -0.00003  -0.00116  -0.00034  -0.00153   3.11714
   D29       -1.99681  -0.00008  -0.00781  -0.01526  -0.02282  -2.01964
   D30        1.17674  -0.00007  -0.00638  -0.01519  -0.02132   1.15542
   D31        2.94869   0.00006  -0.00198   0.00395   0.00178   2.95046
   D32       -0.16094   0.00007  -0.00055   0.00402   0.00328  -0.15766
   D33       -1.32596  -0.00003  -0.00080  -0.01508  -0.01586  -1.34183
   D34        0.53007   0.00001  -0.00105  -0.01261  -0.01362   0.51645
   D35        0.87631   0.00003   0.00255  -0.00701  -0.00449   0.87182
   D36        2.73234   0.00007   0.00230  -0.00454  -0.00224   2.73010
   D37       -0.00604   0.00001   0.00183   0.00002   0.00186  -0.00418
   D38       -3.12274   0.00001   0.00141   0.00060   0.00202  -3.12073
   D39        3.10283   0.00000   0.00032  -0.00004   0.00031   3.10314
   D40       -0.01387   0.00000  -0.00009   0.00054   0.00047  -0.01341
   D41        1.09157   0.00000   0.00136   0.00012   0.00148   1.09305
   D42       -3.09081   0.00000   0.00138  -0.00015   0.00123  -3.08958
   D43       -0.98267   0.00000   0.00102   0.00011   0.00113  -0.98154
   D44       -2.01702   0.00002   0.00285   0.00018   0.00304  -2.01399
   D45        0.08378   0.00001   0.00287  -0.00008   0.00279   0.08657
   D46        2.19192   0.00001   0.00251   0.00017   0.00268   2.19461
   D47       -0.63061   0.00001  -0.00267   0.00741   0.00496  -0.62565
   D48        0.88800   0.00006   0.00050   0.00066   0.00113   0.88913
   D49       -1.11348  -0.00001  -0.00253   0.01321   0.01030  -1.10318
   D50        0.32980   0.00007   0.00557   0.00064   0.00637   0.33617
         Item               Value     Threshold  Converged?
 Maximum Force            0.000304     0.000450     YES
 RMS     Force            0.000056     0.000300     YES
 Maximum Displacement     0.098903     0.001800     NO 
 RMS     Displacement     0.014774     0.001200     NO 
 Predicted change in Energy=-5.139876D-06
 GradGradGradGradGradGradGradGradGradGradGradGradGradGradGradGradGradGrad

                          Input orientation:                          
 ---------------------------------------------------------------------
 Center     Atomic      Atomic             Coordinates (Angstroms)
 Number     Number       Type             X           Y           Z
 ---------------------------------------------------------------------
      1          6           0       -1.770900   -0.069746    0.057806
      2          6           0       -0.979195   -1.197414   -0.105560
      3          6           0        0.401718   -1.064140   -0.301959
      4          6           0        0.978027    0.221614   -0.403025
      5          6           0        0.186179    1.370573   -0.199820
      6          6           0       -1.170564    1.210437    0.029236
      7          8           0        2.812560   -0.616407    1.013491
      8          1           0       -1.795878    2.086922    0.167928
      9          8           0        1.163317   -2.169036   -0.375515
     10          1           0        2.292252   -0.563445    1.830861
     11          1           0        2.037018   -1.892529   -0.011693
     12          1           0        1.994812    0.321606   -0.756679
     13          6           0       -3.255621   -0.191971    0.287267
     14          1           0       -3.571954   -1.235494    0.320386
     15          1           0       -3.548659    0.283338    1.228541
     16          1           0       -3.814531    0.306520   -0.511323
     17          1           0       -1.398680   -2.194730   -0.047710
     18          6           0        0.823104    2.735231   -0.279857
     19          1           0        1.222810    2.922151   -1.281722
     20          1           0        0.105505    3.525003   -0.050947
     21          1           0        1.659314    2.816829    0.420200
 ---------------------------------------------------------------------
                    Distance matrix (angstroms):
                    1          2          3          4          5
     1  C    0.000000
     2  C    1.387487   0.000000
     3  C    2.416303   1.401163   0.000000
     4  C    2.802473   2.435743   1.412625   0.000000
     5  C    2.443573   2.821620   2.446368   1.410114   0.000000
     6  C    1.414245   2.419202   2.784862   2.404384   1.385230
     7  O    4.713839   3.995904   2.782630   2.464612   3.509714
     8  H    2.159622   3.395384   3.870324   3.391151   2.139379
     9  O    3.633788   2.367970   1.343964   2.397979   3.676208
    10  H    4.460568   3.854089   2.893740   2.708090   3.507083
    11  H    4.222275   3.096698   1.855987   2.396707   3.756172
    12  H    3.872613   3.402366   2.159863   1.081167   2.163696
    13  C    1.507311   2.519393   3.805784   4.309446   3.811140
    14  H    2.161414   2.627790   4.025761   4.832061   4.602800
    15  H    2.157710   3.251860   4.445628   4.812141   4.143828
    16  H    2.154509   3.235057   4.438389   4.794533   4.151497
    17  H    2.159916   1.083491   2.141101   3.407889   3.904651
    18  C    3.835463   4.329476   3.822731   2.521397   1.508102
    19  H    4.439379   4.816950   4.186244   2.850426   2.156968
    20  H    4.056470   4.845697   4.605538   3.434768   2.161074
    21  H    4.497779   4.832422   4.143064   2.806598   2.155506
                    6          7          8          9         10
     6  C    0.000000
     7  O    4.491257   0.000000
     8  H    1.085578   5.409313   0.000000
     9  O    4.126943   2.657066   5.212038   0.000000
    10  H    4.287610   0.970371   5.148067   2.953051   0.000000
    11  H    4.463032   1.811340   5.528054   0.985990   2.286178
    12  H    3.380427   2.163812   4.282589   2.653294   2.750845
    13  C    2.526023   6.126203   2.708957   4.886213   5.770577
    14  H    3.440061   6.451797   3.770430   4.876328   6.092790
    15  H    2.820138   6.428133   2.729479   5.548860   5.932627
    16  H    2.846020   6.862593   2.776000   5.561096   6.598141
    17  H    3.413666   4.620800   4.305440   2.583011   4.451190
    18  C    2.528883   4.106600   2.734937   4.916985   4.182678
    19  H    3.221306   4.507405   3.451314   5.171551   4.793877
    20  H    2.644239   5.060875   2.394001   5.800552   5.003846
    21  H    3.277431   3.670025   3.540445   5.073266   3.717099
                   11         12         13         14         15
    11  H    0.000000
    12  H    2.336488   0.000000
    13  C    5.567162   5.377790   0.000000
    14  H    5.657079   5.879925   1.090919   0.000000
    15  H    6.121467   5.888347   1.094434   1.769785   0.000000
    16  H    6.271050   5.814542   1.094816   1.768726   1.760214
    17  H    3.449151   4.283733   2.751632   2.403903   3.520234
    18  C    4.791833   2.725041   5.052340   5.953444   5.234440
    19  H    5.045498   2.763059   5.675899   6.545420   6.002638
    20  H    5.751690   3.785406   5.022694   6.026934   5.049594
    21  H    4.744180   2.779163   5.764298   6.617964   5.847646
                   16         17         18         19         20
    16  H    0.000000
    17  H    3.508208   0.000000
    18  C    5.240217   5.412461   0.000000
    19  H    5.727988   5.880261   1.094731   0.000000
    20  H    5.092864   5.914215   1.091370   1.768222   0.000000
    21  H    6.093633   5.889481   1.093611   1.760161   1.771388
                   21
    21  H    0.000000
 Stoichiometry    C8H11O2(2)
 Framework group  C1[X(C8H11O2)]
 Deg. of freedom    57
 Full point group                 C1      NOp   1
 Largest Abelian subgroup         C1      NOp   1
 Largest concise Abelian subgroup C1      NOp   1
                         Standard orientation:                         
 ---------------------------------------------------------------------
 Center     Atomic      Atomic             Coordinates (Angstroms)
 Number     Number       Type             X           Y           Z
 ---------------------------------------------------------------------
      1          6           0       -1.712806   -0.353060    0.090553
      2          6           0       -0.773093   -1.346942   -0.142381
      3          6           0        0.566808   -1.007380   -0.371774
      4          6           0        0.948358    0.351281   -0.434770
      5          6           0        0.006792    1.364693   -0.161147
      6          6           0       -1.304230    1.000853    0.099049
      7          8           0        2.931381   -0.264305    0.893004
      8          1           0       -2.044077    1.771467    0.292078
      9          8           0        1.476517   -1.986495   -0.513208
     10          1           0        2.436907   -0.318194    1.726197
     11          1           0        2.313181   -1.599999   -0.162792
     12          1           0        1.927584    0.611005   -0.812372
     13          6           0       -3.155841   -0.698006    0.356353
     14          1           0       -3.317431   -1.776889    0.354376
     15          1           0       -3.482105   -0.305997    1.324685
     16          1           0       -3.807435   -0.256227   -0.404487
     17          1           0       -1.042510   -2.396040   -0.114809
     18          6           0        0.437654    2.809373   -0.201524
     19          1           0        0.772075    3.089868   -1.205477
     20          1           0       -0.377927    3.477468    0.080552
     21          1           0        1.276692    2.985076    0.477540
 ---------------------------------------------------------------------
 Rotational constants (GHZ):           1.6157116           1.0898472           0.7076315
 Standard basis: 6-311G(d,p) (5D, 7F)
 There are   256 symmetry adapted cartesian basis functions of A   symmetry.
 There are   246 symmetry adapted basis functions of A   symmetry.
   246 basis functions,   408 primitive gaussians,   256 cartesian basis functions
    38 alpha electrons       37 beta electrons
       nuclear repulsion energy       513.5964267109 Hartrees.
 NAtoms=   21 NActive=   21 NUniq=   21 SFac= 1.00D+00 NAtFMM=   60 NAOKFM=F Big=F
 Integral buffers will be    131072 words long.
 Raffenetti 2 integral format.
 Two-electron integral symmetry is turned on.
 One-electron integrals computed using PRISM.
 NBasis=   246 RedAO= T EigKep=  1.80D-04  NBF=   246
 NBsUse=   246 1.00D-06 EigRej= -1.00D+00 NBFU=   246
 Initial guess from the checkpoint file:  "SR-11-TS-P2_2.chk"
 B after Tr=     0.000000    0.000000    0.000000
         Rot=    0.999998   -0.000163   -0.001378   -0.001561 Ang=  -0.24 deg.
 Initial guess <Sx>= 0.0000 <Sy>= 0.0000 <Sz>= 0.5000 <S**2>= 0.7562 S= 0.5031
 ExpMin= 1.03D-01 ExpMax= 8.59D+03 ExpMxC= 1.30D+03 IAcc=2 IRadAn=         4 AccDes= 0.00D+00
 Harris functional with IExCor=  402 and IRadAn=       4 diagonalized for initial guess.
 HarFok:  IExCor=  402 AccDes= 0.00D+00 IRadAn=         4 IDoV= 1 UseB2=F ITyADJ=14
 ICtDFT=  3500011 ScaDFX=  1.000000  1.000000  1.000000  1.000000
 FoFCou: FMM=F IPFlag=           0 FMFlag=      100000 FMFlg1=           0
         NFxFlg=           0 DoJE=T BraDBF=F KetDBF=T FulRan=T
         wScrn=  0.000000 ICntrl=       500 IOpCl=  0 I1Cent=   200000004 NGrid=           0
         NMat0=    1 NMatS0=      1 NMatT0=    0 NMatD0=    1 NMtDS0=    0 NMtDT0=    0
 Petite list used in FoFCou.
 Requested convergence on RMS density matrix=1.00D-08 within 128 cycles.
 Requested convergence on MAX density matrix=1.00D-06.
 Requested convergence on             energy=1.00D-06.
 No special actions if energy rises.
 Integral accuracy reduced to 1.0D-05 until final iterations.
 Initial convergence to 1.0D-05 achieved.  Increase integral accuracy.
 SCF Done:  E(UB3LYP) =  -461.979197699     A.U. after   17 cycles
            NFock= 17  Conv=0.71D-08     -V/T= 2.0038
 <Sx>= 0.0000 <Sy>= 0.0000 <Sz>= 0.5000 <S**2>= 0.7560 S= 0.5030
 <L.S>= 0.000000000000E+00
 Annihilation of the first spin contaminant:
 S**2 before annihilation     0.7560,   after     0.7500
 Calling FoFJK, ICntrl=      2127 FMM=F ISym2X=0 I1Cent= 0 IOpClX= 1 NMat=1 NMatS=1 NMatT=0.
 ***** Axes restored to original set *****
 -------------------------------------------------------------------
 Center     Atomic                   Forces (Hartrees/Bohr)
 Number     Number              X              Y              Z
 -------------------------------------------------------------------
      1        6           0.000048874    0.000048900    0.000012823
      2        6          -0.000014215    0.000011707    0.000008035
      3        6          -0.000078266    0.000270288    0.000049458
      4        6          -0.000284493    0.000020642   -0.000213616
      5        6           0.000170925   -0.000089197    0.000086765
      6        6          -0.000034824   -0.000034387   -0.000021519
      7        8          -0.000102131    0.000044475   -0.000106500
      8        1          -0.000004941   -0.000001096    0.000012435
      9        8           0.000289918   -0.000207188    0.000024753
     10        1           0.000072645   -0.000015664    0.000068949
     11        1          -0.000196799    0.000051947   -0.000031959
     12        1           0.000163938   -0.000100487    0.000139522
     13        6          -0.000017745   -0.000006777   -0.000015651
     14        1           0.000002765   -0.000001764    0.000002302
     15        1           0.000007650    0.000000319    0.000000484
     16        1           0.000008132   -0.000001167    0.000006114
     17        1           0.000003643   -0.000011189   -0.000016674
     18        6          -0.000068197   -0.000005519    0.000007337
     19        1           0.000014031    0.000001816   -0.000005875
     20        1           0.000003972   -0.000010675    0.000014026
     21        1           0.000015120    0.000035016   -0.000021210
 -------------------------------------------------------------------
 Cartesian Forces:  Max     0.000289918 RMS     0.000091774

 GradGradGradGradGradGradGradGradGradGradGradGradGradGradGradGradGradGrad
 Berny optimization.
 Using GEDIIS/GDIIS optimizer.
 FormGI is forming the generalized inverse of G from B-inverse, IUseBI=4.
 Internal  Forces:  Max     0.000212285 RMS     0.000040199
 Search for a local minimum.
 Step number  15 out of a maximum of  122
 All quantities printed in internal units (Hartrees-Bohrs-Radians)
 Mixed Optimization -- En-DIIS/RFO-DIIS
 Swapping is turned off.
 Update second derivatives using D2CorX and points    8    9   10   11   12
                                                     13   14   15
 DE= -1.03D-05 DEPred=-5.14D-06 R= 2.01D+00
 TightC=F SS=  1.41D+00  RLast= 8.10D-02 DXNew= 1.2638D+00 2.4296D-01
 Trust test= 2.01D+00 RLast= 8.10D-02 DXMaxT set to 7.51D-01
 ITU=  1  1  1  1  1  0  1  1  1  1  1  1  1  1  0
     Eigenvalues ---    0.00113   0.00324   0.00624   0.00697   0.00837
     Eigenvalues ---    0.01499   0.01602   0.01850   0.01998   0.02108
     Eigenvalues ---    0.02144   0.02162   0.02188   0.02784   0.03403
     Eigenvalues ---    0.04458   0.07077   0.07119   0.07228   0.07247
     Eigenvalues ---    0.08827   0.12242   0.14500   0.15912   0.15990
     Eigenvalues ---    0.15993   0.16000   0.16002   0.16015   0.16051
     Eigenvalues ---    0.16149   0.17362   0.20724   0.23403   0.23927
     Eigenvalues ---    0.24010   0.24994   0.31705   0.31889   0.33830
     Eigenvalues ---    0.34224   0.34261   0.34291   0.34408   0.34666
     Eigenvalues ---    0.34706   0.35318   0.35572   0.36826   0.41489
     Eigenvalues ---    0.43175   0.44997   0.46491   0.47994   0.49535
     Eigenvalues ---    0.52657   0.53541
 En-DIIS/RFO-DIIS/Sim-DIIS IScMMF=       -3 using points:    15   14   13   12   11   10    9    8    7    6
 RFO step:  Lambda=-2.74461486D-06.
 DIIS inversion failure, remove point  10.
 DIIS inversion failure, remove point   9.
 DIIS inversion failure, remove point   8.
 DIIS inversion failure, remove point   7.
 RFO-DIIS uses    6 points instead of   10
 DidBck=F Rises=F RFO-DIIS coefs:    1.37012   -0.30984   -0.37447    0.76604   -0.54831
                  RFO-DIIS coefs:    0.09647    0.00000    0.00000    0.00000    0.00000
 Iteration  1 RMS(Cart)=  0.00715818 RMS(Int)=  0.00019824
 Iteration  2 RMS(Cart)=  0.00003866 RMS(Int)=  0.00019206
 Iteration  3 RMS(Cart)=  0.00000001 RMS(Int)=  0.00019206
 Variable       Old X    -DE/DX   Delta X   Delta X   Delta X     New X
                                 (Linear)    (Quad)   (Total)
    R1        2.62197  -0.00003  -0.00064   0.00009  -0.00053   2.62144
    R2        2.67254  -0.00005   0.00022  -0.00009   0.00015   2.67268
    R3        2.84840   0.00000   0.00009  -0.00004   0.00005   2.84845
    R4        2.64781  -0.00003   0.00099  -0.00035   0.00064   2.64845
    R5        2.04750   0.00001  -0.00002   0.00005   0.00003   2.04753
    R6        2.66947  -0.00009  -0.00070   0.00026  -0.00047   2.66900
    R7        2.53972   0.00021  -0.00094   0.00059  -0.00012   2.53960
    R8        2.66473  -0.00009  -0.00045  -0.00010  -0.00056   2.66417
    R9        4.65744   0.00002   0.02249  -0.00083   0.02089   4.67834
   R10        2.04311   0.00007   0.00001   0.00032   0.00067   2.04378
   R11        2.61770   0.00002   0.00007   0.00001   0.00008   2.61779
   R12        2.84990   0.00000   0.00020   0.00000   0.00020   2.85010
   R13        2.05144   0.00000  -0.00001   0.00001   0.00000   2.05144
   R14        1.83373   0.00002   0.00005   0.00004   0.00009   1.83383
   R15        3.42294  -0.00001  -0.01733  -0.00018  -0.01759   3.40535
   R16        4.08901  -0.00010  -0.00776  -0.00180  -0.00896   4.08005
   R17        1.86325  -0.00016   0.00084  -0.00038   0.00056   1.86381
   R18        2.06154   0.00000  -0.00001   0.00001   0.00001   2.06154
   R19        2.06818   0.00000  -0.00003   0.00000  -0.00003   2.06815
   R20        2.06890  -0.00001   0.00002  -0.00002  -0.00001   2.06889
   R21        2.06874   0.00001  -0.00007   0.00006   0.00000   2.06874
   R22        2.06239  -0.00001   0.00000  -0.00001  -0.00001   2.06238
   R23        2.06662   0.00000   0.00000   0.00001   0.00000   2.06663
    A1        2.08415   0.00000   0.00009  -0.00002   0.00007   2.08422
    A2        2.11072  -0.00001   0.00012  -0.00009   0.00002   2.11075
    A3        2.08818   0.00002  -0.00020   0.00011  -0.00009   2.08809
    A4        2.09619  -0.00002   0.00015  -0.00012   0.00001   2.09621
    A5        2.11870   0.00002   0.00006   0.00013   0.00020   2.11890
    A6        2.06758   0.00000  -0.00023   0.00000  -0.00022   2.06736
    A7        2.09287   0.00002  -0.00062   0.00018  -0.00045   2.09242
    A8        2.08055   0.00000  -0.00054  -0.00006  -0.00051   2.08004
    A9        2.10968  -0.00002   0.00118  -0.00012   0.00097   2.11065
   A10        2.09695   0.00002   0.00053  -0.00009   0.00049   2.09744
   A11        1.52385   0.00000  -0.00176   0.00000  -0.00206   1.52179
   A12        2.08433  -0.00006   0.00042  -0.00052  -0.00042   2.08391
   A13        2.22965  -0.00003   0.00898  -0.00021   0.00876   2.23841
   A14        2.09427   0.00005  -0.00005   0.00068   0.00088   2.09515
   A15        2.07104  -0.00002  -0.00004  -0.00012  -0.00019   2.07084
   A16        2.08574   0.00010   0.00045   0.00024   0.00070   2.08645
   A17        2.12590  -0.00007  -0.00046  -0.00012  -0.00057   2.12534
   A18        2.12204   0.00000  -0.00024   0.00015  -0.00009   2.12196
   A19        2.07574  -0.00001   0.00000  -0.00005  -0.00005   2.07569
   A20        2.08514   0.00000   0.00024  -0.00010   0.00014   2.08528
   A21        1.63729   0.00006  -0.00219   0.00018  -0.00149   1.63580
   A22        1.15443  -0.00001  -0.00204   0.00003  -0.00257   1.15186
   A23        1.86045   0.00004   0.00001   0.00029   0.00017   1.86062
   A24        2.05194   0.00007  -0.00627   0.00033  -0.00649   2.04545
   A25        1.24568  -0.00002   0.00309  -0.00005   0.00270   1.24838
   A26        1.82492  -0.00006   0.00119  -0.00077   0.00074   1.82566
   A27        2.47481   0.00009   0.00956   0.00086   0.01061   2.48542
   A28        1.94745   0.00000   0.00000   0.00001   0.00000   1.94745
   A29        1.93848  -0.00001  -0.00007   0.00000  -0.00007   1.93841
   A30        1.93359   0.00000   0.00000  -0.00006  -0.00006   1.93353
   A31        1.88776   0.00000   0.00010  -0.00002   0.00008   1.88783
   A32        1.88562   0.00001  -0.00003   0.00003   0.00000   1.88562
   A33        1.86807   0.00001   0.00001   0.00004   0.00005   1.86812
   A34        1.93615   0.00000  -0.00010   0.00002  -0.00008   1.93607
   A35        1.94550  -0.00002  -0.00021  -0.00003  -0.00024   1.94526
   A36        1.93529   0.00006   0.00051   0.00031   0.00082   1.93611
   A37        1.88438   0.00001  -0.00003   0.00004   0.00001   1.88438
   A38        1.86911  -0.00003   0.00004  -0.00026  -0.00022   1.86889
   A39        1.89073  -0.00002  -0.00021  -0.00010  -0.00031   1.89041
    D1       -0.00424   0.00000   0.00075  -0.00012   0.00062  -0.00362
    D2        3.09616  -0.00001   0.00023   0.00022   0.00047   3.09663
    D3       -3.12828   0.00000   0.00041  -0.00033   0.00006  -3.12822
    D4       -0.02788   0.00000  -0.00011   0.00001  -0.00009  -0.02797
    D5        0.03563   0.00001  -0.00075   0.00030  -0.00046   0.03517
    D6       -3.13088   0.00001  -0.00044   0.00020  -0.00023  -3.13111
    D7       -3.12329   0.00001  -0.00041   0.00051   0.00009  -3.12320
    D8       -0.00661   0.00001  -0.00010   0.00041   0.00032  -0.00629
    D9        0.01870   0.00000   0.00314   0.00002   0.00316   0.02186
   D10        2.12647   0.00000   0.00321   0.00000   0.00322   2.12969
   D11       -2.08302   0.00000   0.00318   0.00002   0.00320  -2.07981
   D12       -3.10531   0.00000   0.00279  -0.00019   0.00260  -3.10270
   D13       -0.99753   0.00000   0.00287  -0.00021   0.00266  -0.99487
   D14        1.07617   0.00000   0.00283  -0.00019   0.00264   1.07881
   D15       -0.05733  -0.00002  -0.00153  -0.00012  -0.00161  -0.05894
   D16        3.07037  -0.00003  -0.00049   0.00020  -0.00025   3.07012
   D17        3.12426  -0.00002  -0.00103  -0.00046  -0.00147   3.12279
   D18       -0.03122  -0.00002   0.00000  -0.00014  -0.00011  -0.03134
   D19        0.08912   0.00004   0.00233   0.00019   0.00248   0.09160
   D20        2.40968   0.00001   0.01242  -0.00011   0.01213   2.42182
   D21       -2.92002  -0.00004  -0.00526  -0.00051  -0.00601  -2.92604
   D22       -3.03834   0.00004   0.00130  -0.00014   0.00111  -3.03723
   D23       -0.71778   0.00001   0.01140  -0.00044   0.01076  -0.70702
   D24        0.23570  -0.00004  -0.00628  -0.00083  -0.00738   0.22832
   D25       -2.60383   0.00002  -0.00563   0.00052  -0.00571  -2.60955
   D26        0.52373   0.00002  -0.00461   0.00085  -0.00435   0.51938
   D27       -0.05792  -0.00003  -0.00231   0.00000  -0.00230  -0.06023
   D28        3.11714  -0.00001  -0.00064   0.00017  -0.00047   3.11666
   D29       -2.01964  -0.00002  -0.00809   0.00029  -0.00791  -2.02755
   D30        1.15542   0.00000  -0.00642   0.00046  -0.00609   1.14934
   D31        2.95046   0.00004   0.00534   0.00061   0.00615   2.95661
   D32       -0.15766   0.00006   0.00700   0.00078   0.00797  -0.14969
   D33       -1.34183  -0.00002  -0.00692  -0.00035  -0.00733  -1.34916
   D34        0.51645   0.00000  -0.00604  -0.00012  -0.00632   0.51014
   D35        0.87182  -0.00001  -0.00341  -0.00058  -0.00398   0.86784
   D36        2.73010   0.00001  -0.00253  -0.00035  -0.00297   2.72713
   D37       -0.00418   0.00001   0.00150  -0.00023   0.00128  -0.00290
   D38       -3.12073   0.00000   0.00119  -0.00013   0.00106  -3.11967
   D39        3.10314  -0.00001  -0.00020  -0.00040  -0.00056   3.10258
   D40       -0.01341  -0.00001  -0.00050  -0.00030  -0.00079  -0.01420
   D41        1.09305   0.00000   0.00004   0.00036   0.00041   1.09346
   D42       -3.08958   0.00000  -0.00021   0.00041   0.00021  -3.08937
   D43       -0.98154   0.00000  -0.00027   0.00047   0.00021  -0.98133
   D44       -2.01399   0.00001   0.00176   0.00054   0.00229  -2.01170
   D45        0.08657   0.00001   0.00151   0.00059   0.00209   0.08866
   D46        2.19461   0.00001   0.00144   0.00065   0.00209   2.19669
   D47       -0.62565  -0.00001   0.00209   0.00048   0.00223  -0.62342
   D48        0.88913   0.00003  -0.00102   0.00057  -0.00038   0.88875
   D49       -1.10318  -0.00003   0.00524   0.00029   0.00612  -1.09706
   D50        0.33617   0.00000   0.00350  -0.00101   0.00231   0.33847
         Item               Value     Threshold  Converged?
 Maximum Force            0.000212     0.000450     YES
 RMS     Force            0.000040     0.000300     YES
 Maximum Displacement     0.046217     0.001800     NO 
 RMS     Displacement     0.007160     0.001200     NO 
 Predicted change in Energy=-1.129624D-06
 GradGradGradGradGradGradGradGradGradGradGradGradGradGradGradGradGradGrad

                          Input orientation:                          
 ---------------------------------------------------------------------
 Center     Atomic      Atomic             Coordinates (Angstroms)
 Number     Number       Type             X           Y           Z
 ---------------------------------------------------------------------
      1          6           0       -1.773139   -0.068932    0.057326
      2          6           0       -0.981262   -1.196440   -0.103889
      3          6           0        0.400363   -1.063230   -0.297735
      4          6           0        0.975920    0.222475   -0.400222
      5          6           0        0.184255    1.371410   -0.198224
      6          6           0       -1.172937    1.211394    0.028509
      7          8           0        2.828918   -0.628342    1.003858
      8          1           0       -1.798668    2.087873    0.165333
      9          8           0        1.161551   -2.168492   -0.368859
     10          1           0        2.316709   -0.570471    1.826053
     11          1           0        2.036804   -1.891237   -0.008550
     12          1           0        1.995599    0.321592   -0.746796
     13          6           0       -3.258313   -0.191033    0.284066
     14          1           0       -3.574224   -1.234582    0.320345
     15          1           0       -3.553525    0.287653    1.222926
     16          1           0       -3.815692    0.304230   -0.517593
     17          1           0       -1.400626   -2.193833   -0.046230
     18          6           0        0.820373    2.736512   -0.279132
     19          1           0        1.219785    2.923035   -1.281188
     20          1           0        0.102092    3.525799   -0.050724
     21          1           0        1.656652    2.819930    0.420630
 ---------------------------------------------------------------------
                    Distance matrix (angstroms):
                    1          2          3          4          5
     1  C    0.000000
     2  C    1.387204   0.000000
     3  C    2.416363   1.401502   0.000000
     4  C    2.802069   2.435507   1.412376   0.000000
     5  C    2.443621   2.821557   2.446237   1.409818   0.000000
     6  C    1.414322   2.419077   2.784892   2.404029   1.385274
     7  O    4.731575   4.008405   2.789472   2.475669   3.526791
     8  H    2.159659   3.395195   3.870352   3.390855   2.139504
     9  O    3.633482   2.367855   1.343901   2.398367   3.676293
    10  H    4.484060   3.872096   2.902701   2.717127   3.523628
    11  H    4.223838   3.098476   1.856653   2.397219   3.756698
    12  H    3.873308   3.402859   2.159668   1.081519   2.164259
    13  C    1.507335   2.519189   3.805933   4.309056   3.811182
    14  H    2.161441   2.627714   4.026006   4.831774   4.602855
    15  H    2.157672   3.252616   4.446406   4.811936   4.143090
    16  H    2.154485   3.233753   4.437725   4.793746   4.152162
    17  H    2.159790   1.083505   2.141280   3.407612   3.904601
    18  C    3.835365   4.329517   3.822931   2.521754   1.508210
    19  H    4.438590   4.816712   4.186758   2.851069   2.157006
    20  H    4.055891   4.845206   4.605341   3.434774   2.160995
    21  H    4.498998   4.833729   4.144061   2.807840   2.156187
                    6          7          8          9         10
     6  C    0.000000
     7  O    4.511184   0.000000
     8  H    1.085576   5.430976   0.000000
     9  O    4.126907   2.652646   5.211996   0.000000
    10  H    4.310898   0.970419   5.173114   2.950543   0.000000
    11  H    4.464317   1.802032   5.529412   0.986286   2.277837
    12  H    3.381193   2.159071   4.283479   2.653109   2.741978
    13  C    2.526045   6.145220   2.708888   4.885882   5.796772
    14  H    3.440079   6.467994   3.770324   4.875936   6.116477
    15  H    2.819065   6.451559   2.727420   5.549627   5.963202
    16  H    2.846986   6.880069   2.777798   5.559624   6.622999
    17  H    3.413649   4.630604   4.305369   2.582534   4.467586
    18  C    2.528619   4.123417   2.734531   4.917674   4.196065
    19  H    3.220270   4.519184   3.449779   5.172947   4.802371
    20  H    2.643567   5.079824   2.393156   5.800742   5.020582
    21  H    3.278372   3.688488   3.541231   5.074719   3.729035
                   11         12         13         14         15
    11  H    0.000000
    12  H    2.333091   0.000000
    13  C    5.569073   5.378573   0.000000
    14  H    5.658887   5.880765   1.090922   0.000000
    15  H    6.125020   5.888441   1.094418   1.769825   0.000000
    16  H    6.271436   5.815836   1.094812   1.768725   1.760231
    17  H    3.450929   4.283982   2.751600   2.403969   3.521860
    18  C    4.792597   2.726116   5.052068   5.953272   5.232980
    19  H    5.046220   2.766762   5.674575   6.544709   6.000026
    20  H    5.752318   3.786401   5.021876   6.026128   5.046911
    21  H    4.745925   2.778392   5.765538   6.619002   5.848252
                   16         17         18         19         20
    16  H    0.000000
    17  H    3.506429   0.000000
    18  C    5.240798   5.412521   0.000000
    19  H    5.726889   5.879967   1.094731   0.000000
    20  H    5.093673   5.913744   1.091362   1.768221   0.000000
    21  H    6.095537   5.890902   1.093613   1.760019   1.771181
                   21
    21  H    0.000000
 Stoichiometry    C8H11O2(2)
 Framework group  C1[X(C8H11O2)]
 Deg. of freedom    57
 Full point group                 C1      NOp   1
 Largest Abelian subgroup         C1      NOp   1
 Largest concise Abelian subgroup C1      NOp   1
                         Standard orientation:                         
 ---------------------------------------------------------------------
 Center     Atomic      Atomic             Coordinates (Angstroms)
 Number     Number       Type             X           Y           Z
 ---------------------------------------------------------------------
      1          6           0       -1.713972   -0.358877    0.090859
      2          6           0       -0.770288   -1.348719   -0.141540
      3          6           0        0.568909   -1.003712   -0.368985
      4          6           0        0.944275    0.356397   -0.432306
      5          6           0       -0.000946    1.365874   -0.158260
      6          6           0       -1.310889    0.996758    0.100168
      7          8           0        2.950325   -0.262082    0.880012
      8          1           0       -2.054110    1.764265    0.292604
      9          8           0        1.482103   -1.979611   -0.509572
     10          1           0        2.464085   -0.312860    1.718287
     11          1           0        2.318779   -1.589059   -0.162868
     12          1           0        1.925447    0.619642   -0.803369
     13          6           0       -3.156015   -0.709606    0.354601
     14          1           0       -3.312823   -1.789200    0.354819
     15          1           0       -3.485889   -0.316729    1.321338
     16          1           0       -3.807981   -0.272498   -0.408609
     17          1           0       -1.035427   -2.398948   -0.115011
     18          6           0        0.423300    2.812631   -0.198340
     19          1           0        0.755688    3.094995   -1.202444
     20          1           0       -0.395333    3.476668    0.084444
     21          1           0        1.261893    2.992794    0.480107
 ---------------------------------------------------------------------
 Rotational constants (GHZ):           1.6183374           1.0860884           0.7054245
 Standard basis: 6-311G(d,p) (5D, 7F)
 There are   256 symmetry adapted cartesian basis functions of A   symmetry.
 There are   246 symmetry adapted basis functions of A   symmetry.
   246 basis functions,   408 primitive gaussians,   256 cartesian basis functions
    38 alpha electrons       37 beta electrons
       nuclear repulsion energy       513.3770840085 Hartrees.
 NAtoms=   21 NActive=   21 NUniq=   21 SFac= 1.00D+00 NAtFMM=   60 NAOKFM=F Big=F
 Integral buffers will be    131072 words long.
 Raffenetti 2 integral format.
 Two-electron integral symmetry is turned on.
 One-electron integrals computed using PRISM.
 NBasis=   246 RedAO= T EigKep=  1.80D-04  NBF=   246
 NBsUse=   246 1.00D-06 EigRej= -1.00D+00 NBFU=   246
 Initial guess from the checkpoint file:  "SR-11-TS-P2_2.chk"
 B after Tr=     0.000000    0.000000    0.000000
         Rot=    0.999998   -0.000457   -0.000702   -0.001780 Ang=  -0.23 deg.
 Initial guess <Sx>= 0.0000 <Sy>= 0.0000 <Sz>= 0.5000 <S**2>= 0.7560 S= 0.5030
 ExpMin= 1.03D-01 ExpMax= 8.59D+03 ExpMxC= 1.30D+03 IAcc=2 IRadAn=         4 AccDes= 0.00D+00
 Harris functional with IExCor=  402 and IRadAn=       4 diagonalized for initial guess.
 HarFok:  IExCor=  402 AccDes= 0.00D+00 IRadAn=         4 IDoV= 1 UseB2=F ITyADJ=14
 ICtDFT=  3500011 ScaDFX=  1.000000  1.000000  1.000000  1.000000
 FoFCou: FMM=F IPFlag=           0 FMFlag=      100000 FMFlg1=           0
         NFxFlg=           0 DoJE=T BraDBF=F KetDBF=T FulRan=T
         wScrn=  0.000000 ICntrl=       500 IOpCl=  0 I1Cent=   200000004 NGrid=           0
         NMat0=    1 NMatS0=      1 NMatT0=    0 NMatD0=    1 NMtDS0=    0 NMtDT0=    0
 Petite list used in FoFCou.
 Requested convergence on RMS density matrix=1.00D-08 within 128 cycles.
 Requested convergence on MAX density matrix=1.00D-06.
 Requested convergence on             energy=1.00D-06.
 No special actions if energy rises.
 Integral accuracy reduced to 1.0D-05 until final iterations.
 Initial convergence to 1.0D-05 achieved.  Increase integral accuracy.
 SCF Done:  E(UB3LYP) =  -461.979199013     A.U. after   16 cycles
            NFock= 16  Conv=0.80D-08     -V/T= 2.0038
 <Sx>= 0.0000 <Sy>= 0.0000 <Sz>= 0.5000 <S**2>= 0.7559 S= 0.5029
 <L.S>= 0.000000000000E+00
 Annihilation of the first spin contaminant:
 S**2 before annihilation     0.7559,   after     0.7500
 Calling FoFJK, ICntrl=      2127 FMM=F ISym2X=0 I1Cent= 0 IOpClX= 1 NMat=1 NMatS=1 NMatT=0.
 ***** Axes restored to original set *****
 -------------------------------------------------------------------
 Center     Atomic                   Forces (Hartrees/Bohr)
 Number     Number              X              Y              Z
 -------------------------------------------------------------------
      1        6          -0.000029741    0.000057671    0.000005072
      2        6           0.000073255   -0.000045758   -0.000007371
      3        6          -0.000134132   -0.000052982   -0.000008563
      4        6           0.000153947    0.000096397    0.000014437
      5        6           0.000081573   -0.000005504   -0.000018649
      6        6          -0.000025973   -0.000056845   -0.000006096
      7        8          -0.000049062    0.000100132   -0.000024412
      8        1           0.000002548    0.000002950    0.000003760
      9        8          -0.000013158   -0.000072558   -0.000088327
     10        1           0.000077665   -0.000004845    0.000042689
     11        1          -0.000080226    0.000060218    0.000028069
     12        1          -0.000034781   -0.000060448    0.000053204
     13        6          -0.000002058   -0.000000282   -0.000003515
     14        1           0.000002894    0.000001699    0.000000775
     15        1          -0.000002789   -0.000000425    0.000002823
     16        1          -0.000000139    0.000000403    0.000001813
     17        1           0.000001093    0.000002183    0.000000252
     18        6          -0.000030675   -0.000019351    0.000005175
     19        1           0.000000195    0.000000742   -0.000006696
     20        1           0.000001296   -0.000004513    0.000008374
     21        1           0.000008266    0.000001117   -0.000002812
 -------------------------------------------------------------------
 Cartesian Forces:  Max     0.000153947 RMS     0.000045623

 GradGradGradGradGradGradGradGradGradGradGradGradGradGradGradGradGradGrad
 Berny optimization.
 Using GEDIIS/GDIIS optimizer.
 FormGI is forming the generalized inverse of G from B-inverse, IUseBI=4.
 Internal  Forces:  Max     0.000109148 RMS     0.000027019
 Search for a local minimum.
 Step number  16 out of a maximum of  122
 All quantities printed in internal units (Hartrees-Bohrs-Radians)
 Mixed Optimization -- En-DIIS/RFO-DIIS
 Swapping is turned off.
 Update second derivatives using D2CorX and points    8    9   10   11   12
                                                     13   14   15   16
 DE= -1.31D-06 DEPred=-1.13D-06 R= 1.16D+00
 TightC=F SS=  1.41D+00  RLast= 4.41D-02 DXNew= 1.2638D+00 1.3233D-01
 Trust test= 1.16D+00 RLast= 4.41D-02 DXMaxT set to 7.51D-01
 ITU=  1  1  1  1  1  1  0  1  1  1  1  1  1  1  1  0
     Eigenvalues ---    0.00113   0.00322   0.00616   0.00697   0.00844
     Eigenvalues ---    0.01487   0.01579   0.01760   0.01999   0.02059
     Eigenvalues ---    0.02122   0.02140   0.02181   0.02321   0.03410
     Eigenvalues ---    0.04531   0.07077   0.07119   0.07229   0.07243
     Eigenvalues ---    0.08911   0.12016   0.14169   0.15917   0.15989
     Eigenvalues ---    0.15993   0.15998   0.16000   0.16010   0.16027
     Eigenvalues ---    0.16174   0.17422   0.20976   0.23373   0.23797
     Eigenvalues ---    0.24022   0.24995   0.31705   0.31915   0.33809
     Eigenvalues ---    0.34227   0.34261   0.34289   0.34408   0.34666
     Eigenvalues ---    0.34706   0.35319   0.35572   0.36938   0.41547
     Eigenvalues ---    0.43267   0.44976   0.46368   0.47973   0.49402
     Eigenvalues ---    0.52017   0.53535
 En-DIIS/RFO-DIIS/Sim-DIIS IScMMF=       -3 using points:    16   15   14   13   12   11   10    9    8    7
 RFO step:  Lambda=-1.05851653D-06.
 DIIS inversion failure, remove point  10.
 DIIS inversion failure, remove point   9.
 DIIS inversion failure, remove point   8.
 DIIS inversion failure, remove point   7.
 RFO-DIIS uses    6 points instead of   10
 DidBck=F Rises=F RFO-DIIS coefs:    1.88763   -1.27461    0.86262   -0.54078   -0.06802
                  RFO-DIIS coefs:    0.13317    0.00000    0.00000    0.00000    0.00000
 Iteration  1 RMS(Cart)=  0.00235247 RMS(Int)=  0.00012290
 Iteration  2 RMS(Cart)=  0.00000432 RMS(Int)=  0.00012275
 Iteration  3 RMS(Cart)=  0.00000000 RMS(Int)=  0.00012275
 Variable       Old X    -DE/DX   Delta X   Delta X   Delta X     New X
                                 (Linear)    (Quad)   (Total)
    R1        2.62144   0.00003   0.00006   0.00014   0.00020   2.62163
    R2        2.67268  -0.00002  -0.00001  -0.00009  -0.00010   2.67258
    R3        2.84845   0.00000   0.00000   0.00000   0.00000   2.84845
    R4        2.64845  -0.00006  -0.00028  -0.00002  -0.00029   2.64816
    R5        2.04753   0.00000   0.00001  -0.00002  -0.00001   2.04752
    R6        2.66900   0.00009   0.00036  -0.00007   0.00029   2.66930
    R7        2.53960  -0.00002  -0.00001   0.00009  -0.00004   2.53956
    R8        2.66417  -0.00005   0.00018  -0.00015   0.00003   2.66420
    R9        4.67834  -0.00002  -0.01094   0.00011  -0.01034   4.66799
   R10        2.04378  -0.00007   0.00002  -0.00022  -0.00041   2.04336
   R11        2.61779   0.00004  -0.00006   0.00011   0.00004   2.61783
   R12        2.85010  -0.00003  -0.00016  -0.00002  -0.00017   2.84993
   R13        2.05144   0.00000   0.00000   0.00001   0.00001   2.05145
   R14        1.83383   0.00000  -0.00003   0.00000  -0.00004   1.83379
   R15        3.40535   0.00007   0.00863   0.00077   0.00946   3.41481
   R16        4.08005  -0.00006  -0.00541  -0.00046  -0.00627   4.07379
   R17        1.86381   0.00005  -0.00025  -0.00001  -0.00031   1.86351
   R18        2.06154   0.00000   0.00000  -0.00001  -0.00001   2.06154
   R19        2.06815   0.00000   0.00001   0.00001   0.00002   2.06817
   R20        2.06889   0.00000  -0.00001  -0.00001  -0.00001   2.06888
   R21        2.06874   0.00001   0.00005  -0.00001   0.00004   2.06878
   R22        2.06238   0.00000  -0.00001   0.00000  -0.00001   2.06237
   R23        2.06663   0.00000  -0.00001   0.00001   0.00000   2.06663
    A1        2.08422  -0.00002  -0.00001  -0.00005  -0.00006   2.08416
    A2        2.11075   0.00000  -0.00004   0.00004  -0.00001   2.11074
    A3        2.08809   0.00001   0.00006   0.00000   0.00006   2.08816
    A4        2.09621  -0.00002  -0.00011  -0.00001  -0.00012   2.09609
    A5        2.11890   0.00001   0.00002   0.00002   0.00004   2.11894
    A6        2.06736   0.00001   0.00009  -0.00001   0.00007   2.06744
    A7        2.09242   0.00004   0.00028   0.00003   0.00029   2.09271
    A8        2.08004   0.00000  -0.00008   0.00022   0.00009   2.08013
    A9        2.11065  -0.00004  -0.00021  -0.00025  -0.00038   2.11027
   A10        2.09744  -0.00003  -0.00026   0.00001  -0.00024   2.09720
   A11        1.52179   0.00006   0.00233   0.00032   0.00286   1.52465
   A12        2.08391   0.00000  -0.00018  -0.00005  -0.00001   2.08389
   A13        2.23841  -0.00002  -0.00279  -0.00046  -0.00324   2.23517
   A14        2.09515   0.00003   0.00013   0.00009   0.00004   2.09520
   A15        2.07084  -0.00001  -0.00004   0.00002  -0.00001   2.07083
   A16        2.08645   0.00003  -0.00007   0.00005  -0.00001   2.08643
   A17        2.12534  -0.00002   0.00011  -0.00007   0.00004   2.12537
   A18        2.12196   0.00003   0.00016   0.00000   0.00016   2.12211
   A19        2.07569  -0.00001  -0.00012   0.00005  -0.00007   2.07562
   A20        2.08528  -0.00002  -0.00004  -0.00005  -0.00009   2.08519
   A21        1.63580   0.00007   0.00220   0.00041   0.00227   1.63808
   A22        1.15186  -0.00005   0.00069  -0.00016   0.00085   1.15271
   A23        1.86062   0.00003   0.00074   0.00037   0.00115   1.86177
   A24        2.04545   0.00005   0.00315   0.00029   0.00380   2.04925
   A25        1.24838  -0.00005  -0.00039  -0.00016  -0.00036   1.24803
   A26        1.82566  -0.00007  -0.00012  -0.00002  -0.00029   1.82537
   A27        2.48542   0.00011  -0.00370   0.00032  -0.00349   2.48192
   A28        1.94745  -0.00001   0.00000  -0.00005  -0.00004   1.94741
   A29        1.93841   0.00000  -0.00004   0.00006   0.00002   1.93843
   A30        1.93353   0.00000   0.00004  -0.00002   0.00002   1.93355
   A31        1.88783   0.00000  -0.00003  -0.00001  -0.00004   1.88779
   A32        1.88562   0.00000   0.00002   0.00001   0.00004   1.88566
   A33        1.86812   0.00000   0.00001   0.00000   0.00000   1.86813
   A34        1.93607   0.00000   0.00002  -0.00001   0.00001   1.93608
   A35        1.94526  -0.00001  -0.00003   0.00003   0.00001   1.94527
   A36        1.93611   0.00001  -0.00009  -0.00004  -0.00013   1.93598
   A37        1.88438   0.00000   0.00005  -0.00001   0.00003   1.88442
   A38        1.86889   0.00000  -0.00004   0.00002  -0.00002   1.86887
   A39        1.89041   0.00000   0.00009   0.00001   0.00010   1.89052
    D1       -0.00362   0.00000   0.00010  -0.00023  -0.00012  -0.00374
    D2        3.09663   0.00000   0.00013  -0.00040  -0.00028   3.09634
    D3       -3.12822   0.00000  -0.00021   0.00040   0.00019  -3.12802
    D4       -0.02797   0.00000  -0.00019   0.00022   0.00003  -0.02794
    D5        0.03517   0.00000   0.00000   0.00032   0.00033   0.03550
    D6       -3.13111   0.00000   0.00006   0.00025   0.00030  -3.13081
    D7       -3.12320   0.00000   0.00031  -0.00030   0.00002  -3.12317
    D8       -0.00629   0.00000   0.00037  -0.00037   0.00000  -0.00629
    D9        0.02186   0.00000  -0.00065  -0.00041  -0.00105   0.02081
   D10        2.12969   0.00000  -0.00071  -0.00040  -0.00112   2.12857
   D11       -2.07981   0.00000  -0.00070  -0.00038  -0.00109  -2.08090
   D12       -3.10270   0.00000  -0.00096   0.00022  -0.00074  -3.10344
   D13       -0.99487   0.00000  -0.00102   0.00022  -0.00080  -0.99567
   D14        1.07881   0.00000  -0.00102   0.00025  -0.00077   1.07804
   D15       -0.05894   0.00000   0.00005   0.00003   0.00006  -0.05888
   D16        3.07012   0.00000  -0.00045   0.00000  -0.00047   3.06965
   D17        3.12279   0.00000   0.00003   0.00020   0.00022   3.12301
   D18       -0.03134   0.00000  -0.00047   0.00017  -0.00031  -0.03164
   D19        0.09160  -0.00001  -0.00032   0.00008  -0.00022   0.09138
   D20        2.42182  -0.00001  -0.00212  -0.00025  -0.00224   2.41957
   D21       -2.92604   0.00000   0.00187  -0.00034   0.00170  -2.92434
   D22       -3.03723  -0.00001   0.00017   0.00011   0.00031  -3.03692
   D23       -0.70702  -0.00001  -0.00163  -0.00022  -0.00171  -0.70872
   D24        0.22832   0.00001   0.00236  -0.00031   0.00223   0.23055
   D25       -2.60955   0.00001  -0.00146   0.00071  -0.00037  -2.60992
   D26        0.51938   0.00000  -0.00194   0.00067  -0.00090   0.51848
   D27       -0.06023   0.00001   0.00043   0.00001   0.00043  -0.05979
   D28        3.11666   0.00001   0.00019  -0.00006   0.00012   3.11678
   D29       -2.02755  -0.00002  -0.00077  -0.00007  -0.00075  -2.02830
   D30        1.14934  -0.00002  -0.00101  -0.00014  -0.00106   1.14828
   D31        2.95661   0.00000  -0.00179   0.00042  -0.00150   2.95511
   D32       -0.14969   0.00000  -0.00204   0.00035  -0.00181  -0.15150
   D33       -1.34916  -0.00002   0.00077  -0.00041   0.00040  -1.34876
   D34        0.51014  -0.00002   0.00067  -0.00017   0.00060   0.51073
   D35        0.86784  -0.00002   0.00143  -0.00034   0.00105   0.86889
   D36        2.72713  -0.00002   0.00133  -0.00011   0.00125   2.72838
   D37       -0.00290  -0.00001  -0.00026  -0.00021  -0.00048  -0.00337
   D38       -3.11967  -0.00001  -0.00031  -0.00014  -0.00045  -3.12012
   D39        3.10258  -0.00001  -0.00001  -0.00013  -0.00016   3.10242
   D40       -0.01420   0.00000  -0.00007  -0.00006  -0.00013  -0.01433
   D41        1.09346   0.00001   0.00154   0.00067   0.00221   1.09567
   D42       -3.08937   0.00001   0.00160   0.00067   0.00227  -3.08711
   D43       -0.98133   0.00001   0.00163   0.00068   0.00231  -0.97902
   D44       -2.01170   0.00000   0.00129   0.00059   0.00189  -2.00981
   D45        0.08866   0.00001   0.00135   0.00059   0.00194   0.09060
   D46        2.19669   0.00001   0.00138   0.00060   0.00199   2.19868
   D47       -0.62342  -0.00002  -0.00035   0.00105   0.00090  -0.62252
   D48        0.88875   0.00003   0.00200   0.00129   0.00324   0.89199
   D49       -1.09706  -0.00001  -0.00118   0.00110  -0.00049  -1.09755
   D50        0.33847  -0.00001  -0.00042  -0.00135  -0.00168   0.33679
         Item               Value     Threshold  Converged?
 Maximum Force            0.000109     0.000450     YES
 RMS     Force            0.000027     0.000300     YES
 Maximum Displacement     0.013532     0.001800     NO 
 RMS     Displacement     0.002352     0.001200     NO 
 Predicted change in Energy=-2.338565D-07
 GradGradGradGradGradGradGradGradGradGradGradGradGradGradGradGradGradGrad

                          Input orientation:                          
 ---------------------------------------------------------------------
 Center     Atomic      Atomic             Coordinates (Angstroms)
 Number     Number       Type             X           Y           Z
 ---------------------------------------------------------------------
      1          6           0       -1.772942   -0.069343    0.057116
      2          6           0       -0.981404   -1.197151   -0.104567
      3          6           0        0.400088   -1.064200   -0.298412
      4          6           0        0.976374    0.221387   -0.400421
      5          6           0        0.184983    1.370474   -0.198122
      6          6           0       -1.172219    1.210694    0.028864
      7          8           0        2.825316   -0.621181    1.004342
      8          1           0       -1.797605    2.087326    0.166330
      9          8           0        1.161178   -2.169506   -0.369470
     10          1           0        2.313647   -0.563878    1.826890
     11          1           0        2.036315   -1.891981   -0.009529
     12          1           0        1.995358    0.320192   -0.748446
     13          6           0       -3.258104   -0.191029    0.284142
     14          1           0       -3.574456   -1.234484    0.319161
     15          1           0       -3.552825    0.286526    1.223744
     16          1           0       -3.815501    0.305553   -0.516677
     17          1           0       -1.401045   -2.194433   -0.047104
     18          6           0        0.821432    2.735346   -0.278588
     19          1           0        1.218977    2.922958   -1.281205
     20          1           0        0.103924    3.524628   -0.047761
     21          1           0        1.659145    2.817414    0.419618
 ---------------------------------------------------------------------
                    Distance matrix (angstroms):
                    1          2          3          4          5
     1  C    0.000000
     2  C    1.387308   0.000000
     3  C    2.416237   1.401347   0.000000
     4  C    2.802250   2.435708   1.412532   0.000000
     5  C    2.443704   2.821685   2.446215   1.409832   0.000000
     6  C    1.414270   2.419076   2.784673   2.404052   1.385298
     7  O    4.727128   4.006562   2.788399   2.470196   3.519087
     8  H    2.159573   3.395196   3.870136   3.390855   2.139476
     9  O    3.633418   2.367764   1.343878   2.398224   3.676109
    10  H    4.480723   3.871554   2.903265   2.714011   3.517613
    11  H    4.223374   3.098136   1.856317   2.396371   3.755877
    12  H    3.873080   3.402649   2.159620   1.081301   2.164118
    13  C    1.507333   2.519273   3.805806   4.309236   3.811261
    14  H    2.161406   2.627710   4.025841   4.831916   4.602909
    15  H    2.157694   3.252370   4.446003   4.812047   4.143410
    16  H    2.154491   3.234201   4.437911   4.794024   4.152036
    17  H    2.159902   1.083500   2.141182   3.407805   3.904721
    18  C    3.835330   4.329554   3.822889   2.521675   1.508118
    19  H    4.438080   4.816789   4.187349   2.851864   2.156947
    20  H    4.055892   4.845242   4.605202   3.434668   2.160917
    21  H    4.499333   4.833632   4.143395   2.806777   2.156013
                    6          7          8          9         10
     6  C    0.000000
     7  O    4.504178   0.000000
     8  H    1.085582   5.423069   0.000000
     9  O    4.126641   2.655942   5.211727   0.000000
    10  H    4.305028   0.970399   5.166115   2.954696   0.000000
    11  H    4.463491   1.807039   5.528540   0.986125   2.283245
    12  H    3.380939   2.155755   4.283240   2.652937   2.741395
    13  C    2.526046   6.140987   2.708844   4.885861   5.793401
    14  H    3.440045   6.465501   3.770275   4.875932   6.114959
    15  H    2.819416   6.446143   2.727966   5.549077   5.958395
    16  H    2.846723   6.875521   2.777249   5.560119   6.619266
    17  H    3.413652   4.630636   4.305377   2.582543   4.468725
    18  C    2.528584   4.114333   2.734454   4.917445   4.188630
    19  H    3.219620   4.512757   3.448682   5.173760   4.797561
    20  H    2.643617   5.069579   2.393217   5.800384   5.011295
    21  H    3.278851   3.677744   3.542076   5.073461   3.720474
                   11         12         13         14         15
    11  H    0.000000
    12  H    2.332677   0.000000
    13  C    5.568693   5.378331   0.000000
    14  H    5.658718   5.880445   1.090919   0.000000
    15  H    6.124160   5.888378   1.094427   1.769804   0.000000
    16  H    6.271372   5.815497   1.094804   1.768740   1.760234
    17  H    3.450845   4.283780   2.751730   2.404032   3.521416
    18  C    4.791710   2.726140   5.052024   5.953208   5.233340
    19  H    5.046666   2.767850   5.673754   6.543890   5.999637
    20  H    5.751109   3.786409   5.021902   6.026132   5.047163
    21  H    4.743926   2.777325   5.766144   6.619558   5.849499
                   16         17         18         19         20
    16  H    0.000000
    17  H    3.507140   0.000000
    18  C    5.240394   5.412551   0.000000
    19  H    5.725494   5.880069   1.094752   0.000000
    20  H    5.093547   5.913763   1.091359   1.768257   0.000000
    21  H    6.095723   5.890773   1.093613   1.760025   1.771244
                   21
    21  H    0.000000
 Stoichiometry    C8H11O2(2)
 Framework group  C1[X(C8H11O2)]
 Deg. of freedom    57
 Full point group                 C1      NOp   1
 Largest Abelian subgroup         C1      NOp   1
 Largest concise Abelian subgroup C1      NOp   1
                         Standard orientation:                         
 ---------------------------------------------------------------------
 Center     Atomic      Atomic             Coordinates (Angstroms)
 Number     Number       Type             X           Y           Z
 ---------------------------------------------------------------------
      1          6           0       -1.714458   -0.354905    0.090687
      2          6           0       -0.773608   -1.347677   -0.141324
      3          6           0        0.566414   -1.006570   -0.368835
      4          6           0        0.946053    0.352492   -0.432644
      5          6           0        0.003661    1.364784   -0.159171
      6          6           0       -1.307303    0.999460    0.099602
      7          8           0        2.945130   -0.262671    0.881562
      8          1           0       -2.048226    1.769201    0.292008
      9          8           0        1.477019   -1.984986   -0.508513
     10          1           0        2.459270   -0.312078    1.720117
     11          1           0        2.314483   -1.596077   -0.162326
     12          1           0        1.927261    0.612577   -0.805200
     13          6           0       -3.157477   -0.701317    0.354782
     14          1           0       -3.317566   -1.780425    0.354523
     15          1           0       -3.485799   -0.307958    1.321862
     16          1           0       -3.808385   -0.261814   -0.407946
     17          1           0       -1.041757   -2.397122   -0.114251
     18          6           0        0.432021    2.810216   -0.199823
     19          1           0        0.763256    3.091812   -1.204546
     20          1           0       -0.384086    3.476588    0.084752
     21          1           0        1.272541    2.987644    0.476961
 ---------------------------------------------------------------------
 Rotational constants (GHZ):           1.6182582           1.0872280           0.7059874
 Standard basis: 6-311G(d,p) (5D, 7F)
 There are   256 symmetry adapted cartesian basis functions of A   symmetry.
 There are   246 symmetry adapted basis functions of A   symmetry.
   246 basis functions,   408 primitive gaussians,   256 cartesian basis functions
    38 alpha electrons       37 beta electrons
       nuclear repulsion energy       513.4516162596 Hartrees.
 NAtoms=   21 NActive=   21 NUniq=   21 SFac= 1.00D+00 NAtFMM=   60 NAOKFM=F Big=F
 Integral buffers will be    131072 words long.
 Raffenetti 2 integral format.
 Two-electron integral symmetry is turned on.
 One-electron integrals computed using PRISM.
 NBasis=   246 RedAO= T EigKep=  1.80D-04  NBF=   246
 NBsUse=   246 1.00D-06 EigRej= -1.00D+00 NBFU=   246
 Initial guess from the checkpoint file:  "SR-11-TS-P2_2.chk"
 B after Tr=     0.000000    0.000000    0.000000
         Rot=    0.999999    0.000436    0.000148    0.001189 Ang=   0.15 deg.
 Initial guess <Sx>= 0.0000 <Sy>= 0.0000 <Sz>= 0.5000 <S**2>= 0.7559 S= 0.5029
 Requested convergence on RMS density matrix=1.00D-08 within 128 cycles.
 Requested convergence on MAX density matrix=1.00D-06.
 Requested convergence on             energy=1.00D-06.
 No special actions if energy rises.
 SCF Done:  E(UB3LYP) =  -461.979199965     A.U. after   14 cycles
            NFock= 14  Conv=0.64D-08     -V/T= 2.0038
 <Sx>= 0.0000 <Sy>= 0.0000 <Sz>= 0.5000 <S**2>= 0.7560 S= 0.5030
 <L.S>= 0.000000000000E+00
 Annihilation of the first spin contaminant:
 S**2 before annihilation     0.7560,   after     0.7500
 Calling FoFJK, ICntrl=      2127 FMM=F ISym2X=0 I1Cent= 0 IOpClX= 1 NMat=1 NMatS=1 NMatT=0.
 ***** Axes restored to original set *****
 -------------------------------------------------------------------
 Center     Atomic                   Forces (Hartrees/Bohr)
 Number     Number              X              Y              Z
 -------------------------------------------------------------------
      1        6           0.000003248    0.000057887    0.000015683
      2        6           0.000053978   -0.000019719   -0.000000527
      3        6          -0.000122350    0.000114950    0.000026442
      4        6          -0.000061775   -0.000010801   -0.000047185
      5        6           0.000031417   -0.000022576    0.000022604
      6        6          -0.000039953   -0.000024645   -0.000010806
      7        8          -0.000045308   -0.000017656   -0.000015259
      8        1           0.000003028    0.000003131    0.000000676
      9        8           0.000191672   -0.000091496   -0.000030814
     10        1           0.000047405   -0.000001164    0.000039022
     11        1          -0.000111478    0.000025830    0.000012224
     12        1           0.000053754   -0.000021273   -0.000004488
     13        6           0.000001793   -0.000003755   -0.000003763
     14        1          -0.000001235   -0.000000213   -0.000000646
     15        1           0.000002467    0.000000136   -0.000001087
     16        1          -0.000001426    0.000000471    0.000000407
     17        1          -0.000003771    0.000000333   -0.000000863
     18        6          -0.000004294    0.000005216    0.000005464
     19        1          -0.000004388    0.000002666   -0.000002409
     20        1           0.000002225    0.000000128    0.000003216
     21        1           0.000004991    0.000002549   -0.000007890
 -------------------------------------------------------------------
 Cartesian Forces:  Max     0.000191672 RMS     0.000042837

 GradGradGradGradGradGradGradGradGradGradGradGradGradGradGradGradGradGrad
 Berny optimization.
 Using GEDIIS/GDIIS optimizer.
 FormGI is forming the generalized inverse of G from B-inverse, IUseBI=4.
 Internal  Forces:  Max     0.000122122 RMS     0.000019950
 Search for a local minimum.
 Step number  17 out of a maximum of  122
 All quantities printed in internal units (Hartrees-Bohrs-Radians)
 Mixed Optimization -- En-DIIS/RFO-DIIS
 Swapping is turned off.
 Update second derivatives using D2CorX and points    8    9   10   11   12
                                                     13   14   15   16   17
 DE= -9.52D-07 DEPred=-2.34D-07 R= 4.07D+00
 Trust test= 4.07D+00 RLast= 1.91D-02 DXMaxT set to 7.51D-01
 ITU=  0  1  1  1  1  1  1  0  1  1  1  1  1  1  1  1  0
     Eigenvalues ---    0.00110   0.00311   0.00528   0.00702   0.00962
     Eigenvalues ---    0.01456   0.01534   0.01677   0.01988   0.02000
     Eigenvalues ---    0.02104   0.02125   0.02180   0.02270   0.03417
     Eigenvalues ---    0.04409   0.07077   0.07122   0.07228   0.07243
     Eigenvalues ---    0.08971   0.11612   0.13214   0.15454   0.15922
     Eigenvalues ---    0.15991   0.15995   0.16000   0.16005   0.16023
     Eigenvalues ---    0.16079   0.16187   0.20143   0.23357   0.23818
     Eigenvalues ---    0.24004   0.25001   0.31704   0.31911   0.33578
     Eigenvalues ---    0.34214   0.34261   0.34288   0.34408   0.34665
     Eigenvalues ---    0.34706   0.35315   0.35572   0.36613   0.41295
     Eigenvalues ---    0.43146   0.44223   0.46567   0.47942   0.49419
     Eigenvalues ---    0.53036   0.53555
 En-DIIS/RFO-DIIS/Sim-DIIS IScMMF=       -3 using points:    17   16   15   14   13   12   11   10    9    8
 RFO step:  Lambda=-4.39514044D-07.
 DIIS inversion failure, remove point  10.
 DIIS inversion failure, remove point   9.
 DIIS inversion failure, remove point   8.
 DIIS inversion failure, remove point   7.
 DIIS inversion failure, remove point   6.
 RFO-DIIS uses    5 points instead of   10
 DidBck=F Rises=F RFO-DIIS coefs:    1.35532    0.36592   -1.03266    0.49329   -0.18187
                  RFO-DIIS coefs:    0.00000    0.00000    0.00000    0.00000    0.00000
 Iteration  1 RMS(Cart)=  0.00117491 RMS(Int)=  0.00001313
 Iteration  2 RMS(Cart)=  0.00000115 RMS(Int)=  0.00001307
 Iteration  3 RMS(Cart)=  0.00000000 RMS(Int)=  0.00001307
 Variable       Old X    -DE/DX   Delta X   Delta X   Delta X     New X
                                 (Linear)    (Quad)   (Total)
    R1        2.62163   0.00003  -0.00001   0.00009   0.00007   2.62171
    R2        2.67258  -0.00003  -0.00012   0.00000  -0.00012   2.67246
    R3        2.84845   0.00000   0.00002  -0.00002   0.00000   2.84845
    R4        2.64816  -0.00004  -0.00013   0.00003  -0.00010   2.64806
    R5        2.04752   0.00000   0.00001  -0.00001   0.00000   2.04752
    R6        2.66930  -0.00003   0.00015  -0.00020  -0.00005   2.66925
    R7        2.53956   0.00012   0.00031   0.00002   0.00032   2.53988
    R8        2.66420  -0.00001  -0.00026   0.00005  -0.00021   2.66399
    R9        4.66799   0.00002   0.00291   0.00034   0.00330   4.67129
   R10        2.04336   0.00004   0.00010   0.00005   0.00012   2.04349
   R11        2.61783   0.00002   0.00011   0.00003   0.00014   2.61797
   R12        2.84993   0.00001  -0.00006   0.00007   0.00001   2.84994
   R13        2.05145   0.00000   0.00001   0.00000   0.00001   2.05146
   R14        1.83379   0.00001   0.00002   0.00001   0.00003   1.83382
   R15        3.41481  -0.00002  -0.00130  -0.00049  -0.00178   3.41302
   R16        4.07379  -0.00001  -0.00292   0.00099  -0.00198   4.07181
   R17        1.86351  -0.00009  -0.00004  -0.00007  -0.00012   1.86339
   R18        2.06154   0.00000   0.00000   0.00000   0.00000   2.06154
   R19        2.06817   0.00000   0.00000  -0.00001   0.00000   2.06816
   R20        2.06888   0.00000  -0.00002   0.00001   0.00000   2.06888
   R21        2.06878   0.00000   0.00004  -0.00002   0.00001   2.06879
   R22        2.06237   0.00000  -0.00001   0.00001  -0.00001   2.06236
   R23        2.06663   0.00000   0.00001  -0.00001   0.00001   2.06663
    A1        2.08416   0.00000  -0.00008   0.00005  -0.00003   2.08413
    A2        2.11074  -0.00001  -0.00002  -0.00001  -0.00003   2.11071
    A3        2.08816   0.00001   0.00010  -0.00004   0.00006   2.08822
    A4        2.09609   0.00000  -0.00007   0.00001  -0.00006   2.09603
    A5        2.11894   0.00000   0.00011  -0.00006   0.00005   2.11899
    A6        2.06744   0.00001  -0.00004   0.00005   0.00001   2.06744
    A7        2.09271   0.00001   0.00012  -0.00004   0.00008   2.09279
    A8        2.08013   0.00002  -0.00015   0.00022   0.00006   2.08019
    A9        2.11027  -0.00004   0.00003  -0.00018  -0.00014   2.11014
   A10        2.09720   0.00000  -0.00005   0.00005   0.00000   2.09720
   A11        1.52465   0.00000   0.00002  -0.00008  -0.00005   1.52459
   A12        2.08389  -0.00001  -0.00043   0.00009  -0.00030   2.08359
   A13        2.23517  -0.00001   0.00097  -0.00002   0.00095   2.23613
   A14        2.09520   0.00002   0.00068  -0.00017   0.00049   2.09569
   A15        2.07083   0.00000  -0.00010   0.00006  -0.00004   2.07079
   A16        2.08643   0.00001   0.00040  -0.00015   0.00025   2.08668
   A17        2.12537  -0.00001  -0.00031   0.00009  -0.00022   2.12516
   A18        2.12211  -0.00001   0.00017  -0.00013   0.00004   2.12216
   A19        2.07562   0.00001  -0.00009   0.00011   0.00002   2.07564
   A20        2.08519   0.00000  -0.00008   0.00001  -0.00007   2.08513
   A21        1.63808   0.00004   0.00035   0.00022   0.00053   1.63861
   A22        1.15271  -0.00001  -0.00060  -0.00002  -0.00059   1.15212
   A23        1.86177   0.00003   0.00044   0.00024   0.00068   1.86246
   A24        2.04925   0.00004  -0.00055   0.00018  -0.00032   2.04892
   A25        1.24803  -0.00002   0.00021  -0.00005   0.00017   1.24819
   A26        1.82537  -0.00002  -0.00036   0.00021  -0.00016   1.82520
   A27        2.48192   0.00006   0.00224   0.00002   0.00225   2.48417
   A28        1.94741   0.00000  -0.00005   0.00002  -0.00002   1.94739
   A29        1.93843   0.00000  -0.00001   0.00000  -0.00001   1.93843
   A30        1.93355   0.00000   0.00002   0.00000   0.00001   1.93357
   A31        1.88779   0.00000  -0.00001   0.00001   0.00001   1.88780
   A32        1.88566   0.00000   0.00003  -0.00002   0.00000   1.88566
   A33        1.86813   0.00000   0.00002  -0.00001   0.00001   1.86814
   A34        1.93608   0.00000  -0.00005   0.00000  -0.00005   1.93603
   A35        1.94527   0.00000  -0.00013   0.00008  -0.00005   1.94522
   A36        1.93598   0.00001   0.00039  -0.00015   0.00023   1.93621
   A37        1.88442   0.00000   0.00007  -0.00009  -0.00002   1.88440
   A38        1.86887   0.00000  -0.00019   0.00011  -0.00008   1.86880
   A39        1.89052   0.00000  -0.00010   0.00006  -0.00005   1.89047
    D1       -0.00374   0.00000   0.00020  -0.00008   0.00012  -0.00362
    D2        3.09634   0.00000   0.00031  -0.00019   0.00012   3.09647
    D3       -3.12802   0.00000  -0.00011   0.00009  -0.00002  -3.12805
    D4       -0.02794   0.00000   0.00000  -0.00002  -0.00001  -0.02796
    D5        0.03550   0.00000  -0.00008  -0.00005  -0.00013   0.03536
    D6       -3.13081   0.00000   0.00001  -0.00005  -0.00004  -3.13085
    D7       -3.12317   0.00000   0.00023  -0.00022   0.00000  -3.12317
    D8       -0.00629   0.00000   0.00031  -0.00022   0.00009  -0.00620
    D9        0.02081   0.00000   0.00050  -0.00010   0.00040   0.02121
   D10        2.12857   0.00000   0.00046  -0.00007   0.00039   2.12896
   D11       -2.08090   0.00000   0.00049  -0.00009   0.00041  -2.08049
   D12       -3.10344   0.00000   0.00019   0.00007   0.00026  -3.10318
   D13       -0.99567   0.00000   0.00015   0.00010   0.00025  -0.99543
   D14        1.07804   0.00000   0.00018   0.00008   0.00027   1.07831
   D15       -0.05888   0.00000  -0.00027   0.00011  -0.00016  -0.05904
   D16        3.06965   0.00000  -0.00005   0.00012   0.00006   3.06971
   D17        3.12301   0.00000  -0.00039   0.00021  -0.00017   3.12284
   D18       -0.03164   0.00000  -0.00017   0.00022   0.00005  -0.03159
   D19        0.09138   0.00001   0.00023   0.00000   0.00023   0.09161
   D20        2.41957   0.00000   0.00144  -0.00006   0.00138   2.42096
   D21       -2.92434  -0.00001  -0.00178   0.00025  -0.00151  -2.92585
   D22       -3.03692   0.00001   0.00001  -0.00001   0.00000  -3.03692
   D23       -0.70872   0.00000   0.00121  -0.00007   0.00115  -0.70757
   D24        0.23055  -0.00001  -0.00200   0.00024  -0.00174   0.22880
   D25       -2.60992   0.00003  -0.00011   0.00031   0.00023  -2.60969
   D26        0.51848   0.00003   0.00011   0.00032   0.00046   0.51893
   D27       -0.05979   0.00000  -0.00010  -0.00013  -0.00023  -0.06003
   D28        3.11678   0.00000   0.00034  -0.00015   0.00018   3.11697
   D29       -2.02830   0.00000  -0.00104  -0.00004  -0.00107  -2.02937
   D30        1.14828   0.00000  -0.00060  -0.00006  -0.00065   1.14763
   D31        2.95511   0.00000   0.00183  -0.00036   0.00146   2.95657
   D32       -0.15150   0.00001   0.00227  -0.00038   0.00188  -0.14962
   D33       -1.34876  -0.00001  -0.00161  -0.00008  -0.00169  -1.35045
   D34        0.51073   0.00001  -0.00124   0.00009  -0.00114   0.50959
   D35        0.86889  -0.00001  -0.00113  -0.00009  -0.00123   0.86766
   D36        2.72838   0.00001  -0.00076   0.00007  -0.00068   2.72770
   D37       -0.00337   0.00000   0.00003   0.00015   0.00019  -0.00318
   D38       -3.12012   0.00000  -0.00006   0.00015   0.00010  -3.12002
   D39        3.10242   0.00000  -0.00040   0.00017  -0.00023   3.10219
   D40       -0.01433   0.00000  -0.00049   0.00017  -0.00032  -0.01465
   D41        1.09567   0.00000   0.00085   0.00079   0.00163   1.09730
   D42       -3.08711   0.00000   0.00082   0.00073   0.00154  -3.08556
   D43       -0.97902   0.00000   0.00086   0.00074   0.00161  -0.97742
   D44       -2.00981   0.00001   0.00129   0.00077   0.00206  -2.00775
   D45        0.09060   0.00000   0.00126   0.00071   0.00197   0.09257
   D46        2.19868   0.00001   0.00131   0.00072   0.00204   2.20072
   D47       -0.62252  -0.00001   0.00132   0.00023   0.00158  -0.62094
   D48        0.89199   0.00002   0.00132   0.00036   0.00167   0.89366
   D49       -1.09755  -0.00002   0.00197   0.00023   0.00215  -1.09540
   D50        0.33679  -0.00001  -0.00109  -0.00031  -0.00141   0.33538
         Item               Value     Threshold  Converged?
 Maximum Force            0.000122     0.000450     YES
 RMS     Force            0.000020     0.000300     YES
 Maximum Displacement     0.007578     0.001800     NO 
 RMS     Displacement     0.001175     0.001200     YES
 Predicted change in Energy=-1.998855D-07
 GradGradGradGradGradGradGradGradGradGradGradGradGradGradGradGradGradGrad

                          Input orientation:                          
 ---------------------------------------------------------------------
 Center     Atomic      Atomic             Coordinates (Angstroms)
 Number     Number       Type             X           Y           Z
 ---------------------------------------------------------------------
      1          6           0       -1.773290   -0.069187    0.056975
      2          6           0       -0.981740   -1.197059   -0.104540
      3          6           0        0.399746   -1.064089   -0.298038
      4          6           0        0.976101    0.221435   -0.400084
      5          6           0        0.184828    1.370489   -0.197907
      6          6           0       -1.172508    1.210750    0.028742
      7          8           0        2.827579   -0.622690    1.003477
      8          1           0       -1.797845    2.087450    0.166027
      9          8           0        1.161019   -2.169477   -0.369028
     10          1           0        2.317658   -0.564302    1.827052
     11          1           0        2.035876   -1.891853   -0.008654
     12          1           0        1.995728    0.319723   -0.746568
     13          6           0       -3.258513   -0.190851    0.283608
     14          1           0       -3.574809   -1.234314    0.318907
     15          1           0       -3.553521    0.287020    1.222957
     16          1           0       -3.815706    0.305410   -0.517549
     17          1           0       -1.401390   -2.194345   -0.047213
     18          6           0        0.820990    2.735491   -0.278579
     19          1           0        1.216929    2.923683   -1.281730
     20          1           0        0.103693    3.524521   -0.046256
     21          1           0        1.659811    2.817505    0.418307
 ---------------------------------------------------------------------
                    Distance matrix (angstroms):
                    1          2          3          4          5
     1  C    0.000000
     2  C    1.387348   0.000000
     3  C    2.416185   1.401294   0.000000
     4  C    2.802233   2.435695   1.412504   0.000000
     5  C    2.443739   2.821684   2.446096   1.409721   0.000000
     6  C    1.414204   2.419029   2.784539   2.403987   1.385369
     7  O    4.729717   4.008555   2.789829   2.471942   3.521394
     8  H    2.159532   3.395179   3.870008   3.390763   2.139504
     9  O    3.633575   2.367903   1.344046   2.398253   3.676084
    10  H    4.484882   3.875236   2.905887   2.716117   3.520346
    11  H    4.223288   3.098054   1.856302   2.396315   3.755672
    12  H    3.873297   3.402667   2.159462   1.081366   2.164370
    13  C    1.507333   2.519287   3.805747   4.309218   3.811330
    14  H    2.161388   2.627680   4.025752   4.831866   4.602930
    15  H    2.157689   3.252506   4.446036   4.812072   4.143430
    16  H    2.154498   3.234092   4.437764   4.793982   4.152209
    17  H    2.159968   1.083500   2.141141   3.407781   3.904720
    18  C    3.835245   4.329559   3.822909   2.521766   1.508125
    19  H    4.437433   4.816684   4.187812   2.852621   2.156923
    20  H    4.055670   4.845088   4.605039   3.434628   2.160887
    21  H    4.499971   4.834034   4.143391   2.806565   2.156188
                    6          7          8          9         10
     6  C    0.000000
     7  O    4.506917   0.000000
     8  H    1.085586   5.425931   0.000000
     9  O    4.126682   2.655888   5.211775   0.000000
    10  H    4.308826   0.970415   5.169928   2.955870   0.000000
    11  H    4.463325   1.806095   5.528362   0.986062   2.282895
    12  H    3.381236   2.154710   4.283561   2.652432   2.740193
    13  C    2.526036   6.143712   2.708880   4.886016   5.797875
    14  H    3.439997   6.467865   3.770290   4.876048   6.119197
    15  H    2.819335   6.449355   2.727829   5.549385   5.963256
    16  H    2.846853   6.878090   2.777536   5.560118   6.623572
    17  H    3.413624   4.632303   4.305394   2.582658   4.472273
    18  C    2.528501   4.116728   2.734215   4.917572   4.190743
    19  H    3.218833   4.515875   3.447340   5.174595   4.800226
    20  H    2.643454   5.071573   2.392924   5.800322   5.012923
    21  H    3.279551   3.679816   3.542882   5.073331   3.722089
                   11         12         13         14         15
    11  H    0.000000
    12  H    2.331780   0.000000
    13  C    5.568606   5.378568   0.000000
    14  H    5.658572   5.880574   1.090919   0.000000
    15  H    6.124190   5.888486   1.094425   1.769806   0.000000
    16  H    6.271200   5.815963   1.094802   1.768740   1.760238
    17  H    3.450766   4.283696   2.751788   2.404049   3.521671
    18  C    4.791777   2.726712   5.051918   5.953099   5.233161
    19  H    5.047850   2.770115   5.672759   6.543068   5.998554
    20  H    5.750814   3.786947   5.021675   6.025880   5.046536
    21  H    4.743604   2.776453   5.766997   6.620299   5.850611
                   16         17         18         19         20
    16  H    0.000000
    17  H    3.506981   0.000000
    18  C    5.240358   5.412559   0.000000
    19  H    5.724225   5.879953   1.094759   0.000000
    20  H    5.093768   5.913603   1.091356   1.768247   0.000000
    21  H    6.096535   5.891206   1.093616   1.759984   1.771213
                   21
    21  H    0.000000
 Stoichiometry    C8H11O2(2)
 Framework group  C1[X(C8H11O2)]
 Deg. of freedom    57
 Full point group                 C1      NOp   1
 Largest Abelian subgroup         C1      NOp   1
 Largest concise Abelian subgroup C1      NOp   1
                         Standard orientation:                         
 ---------------------------------------------------------------------
 Center     Atomic      Atomic             Coordinates (Angstroms)
 Number     Number       Type             X           Y           Z
 ---------------------------------------------------------------------
      1          6           0       -1.714668   -0.355600    0.090831
      2          6           0       -0.773319   -1.347944   -0.141223
      3          6           0        0.566497   -1.006131   -0.368566
      4          6           0        0.945507    0.353078   -0.432384
      5          6           0        0.002757    1.364859   -0.158829
      6          6           0       -1.308131    0.998882    0.099788
      7          8           0        2.947789   -0.262269    0.880138
      8          1           0       -2.049387    1.768312    0.292178
      9          8           0        1.477776   -1.984129   -0.508387
     10          1           0        2.463688   -0.310689    1.719784
     11          1           0        2.314818   -1.594775   -0.161857
     12          1           0        1.927291    0.613215   -0.803574
     13          6           0       -3.157548   -0.702740    0.354733
     14          1           0       -3.317017   -1.781941    0.354705
     15          1           0       -3.486262   -0.309333    1.321658
     16          1           0       -3.808559   -0.263795   -0.408224
     17          1           0       -1.040940   -2.397528   -0.114313
     18          6           0        0.430061    2.810607   -0.199643
     19          1           0        0.759309    3.092796   -1.204860
     20          1           0       -0.386047    3.476267    0.086577
     21          1           0        1.271650    2.988579    0.475672
 ---------------------------------------------------------------------
 Rotational constants (GHZ):           1.6185230           1.0866302           0.7056804
 Standard basis: 6-311G(d,p) (5D, 7F)
 There are   256 symmetry adapted cartesian basis functions of A   symmetry.
 There are   246 symmetry adapted basis functions of A   symmetry.
   246 basis functions,   408 primitive gaussians,   256 cartesian basis functions
    38 alpha electrons       37 beta electrons
       nuclear repulsion energy       513.4115342034 Hartrees.
 NAtoms=   21 NActive=   21 NUniq=   21 SFac= 1.00D+00 NAtFMM=   60 NAOKFM=F Big=F
 Integral buffers will be    131072 words long.
 Raffenetti 2 integral format.
 Two-electron integral symmetry is turned on.
 One-electron integrals computed using PRISM.
 NBasis=   246 RedAO= T EigKep=  1.79D-04  NBF=   246
 NBsUse=   246 1.00D-06 EigRej= -1.00D+00 NBFU=   246
 Initial guess from the checkpoint file:  "SR-11-TS-P2_2.chk"
 B after Tr=     0.000000    0.000000    0.000000
         Rot=    1.000000   -0.000044   -0.000113   -0.000230 Ang=  -0.03 deg.
 Initial guess <Sx>= 0.0000 <Sy>= 0.0000 <Sz>= 0.5000 <S**2>= 0.7560 S= 0.5030
 Requested convergence on RMS density matrix=1.00D-08 within 128 cycles.
 Requested convergence on MAX density matrix=1.00D-06.
 Requested convergence on             energy=1.00D-06.
 No special actions if energy rises.
 SCF Done:  E(UB3LYP) =  -461.979200263     A.U. after   14 cycles
            NFock= 14  Conv=0.84D-08     -V/T= 2.0038
 <Sx>= 0.0000 <Sy>= 0.0000 <Sz>= 0.5000 <S**2>= 0.7559 S= 0.5030
 <L.S>= 0.000000000000E+00
 Annihilation of the first spin contaminant:
 S**2 before annihilation     0.7559,   after     0.7500
 Calling FoFJK, ICntrl=      2127 FMM=F ISym2X=0 I1Cent= 0 IOpClX= 1 NMat=1 NMatS=1 NMatT=0.
 ***** Axes restored to original set *****
 -------------------------------------------------------------------
 Center     Atomic                   Forces (Hartrees/Bohr)
 Number     Number              X              Y              Z
 -------------------------------------------------------------------
      1        6           0.000006117    0.000006333    0.000001192
      2        6           0.000017734   -0.000005866   -0.000003044
      3        6          -0.000020840    0.000006512    0.000002128
      4        6           0.000001598   -0.000040987    0.000005438
      5        6          -0.000019424    0.000014889    0.000012780
      6        6          -0.000007542    0.000003562   -0.000010326
      7        8          -0.000046398   -0.000024014   -0.000000349
      8        1           0.000002777   -0.000000013   -0.000001335
      9        8           0.000031219   -0.000005840   -0.000018648
     10        1           0.000040473    0.000001597    0.000024808
     11        1          -0.000013973    0.000021614    0.000017039
     12        1           0.000004786    0.000015399   -0.000030512
     13        6           0.000003405   -0.000003238    0.000002298
     14        1          -0.000002709    0.000000651   -0.000000706
     15        1           0.000000458    0.000000546   -0.000000709
     16        1          -0.000001691    0.000000902   -0.000000786
     17        1          -0.000006661    0.000003227    0.000003143
     18        6           0.000020875    0.000007988    0.000003987
     19        1          -0.000008607    0.000003848   -0.000003204
     20        1           0.000000678    0.000002340    0.000000992
     21        1          -0.000002275   -0.000009450   -0.000004186
 -------------------------------------------------------------------
 Cartesian Forces:  Max     0.000046398 RMS     0.000014311

 GradGradGradGradGradGradGradGradGradGradGradGradGradGradGradGradGradGrad
 Berny optimization.
 Using GEDIIS/GDIIS optimizer.
 FormGI is forming the generalized inverse of G from B-inverse, IUseBI=4.
 Internal  Forces:  Max     0.000029483 RMS     0.000007928
 Search for a local minimum.
 Step number  18 out of a maximum of  122
 All quantities printed in internal units (Hartrees-Bohrs-Radians)
 Mixed Optimization -- En-DIIS/RFO-DIIS
 Swapping is turned off.
 Update second derivatives using D2CorX and points    8    9   10   11   12
                                                     13   14   15   16   17
                                                     18
 DE= -2.98D-07 DEPred=-2.00D-07 R= 1.49D+00
 Trust test= 1.49D+00 RLast= 9.01D-03 DXMaxT set to 7.51D-01
 ITU=  0  0  1  1  1  1  1  1  0  1  1  1  1  1  1  1  1  0
     Eigenvalues ---    0.00110   0.00257   0.00499   0.00701   0.00763
     Eigenvalues ---    0.01506   0.01602   0.01897   0.02000   0.02049
     Eigenvalues ---    0.02109   0.02124   0.02192   0.02243   0.03361
     Eigenvalues ---    0.04320   0.07077   0.07114   0.07228   0.07244
     Eigenvalues ---    0.08691   0.09569   0.13529   0.15148   0.15927
     Eigenvalues ---    0.15991   0.15998   0.16001   0.16005   0.16023
     Eigenvalues ---    0.16071   0.16370   0.20030   0.23487   0.23980
     Eigenvalues ---    0.24094   0.25002   0.31705   0.31926   0.33501
     Eigenvalues ---    0.34214   0.34261   0.34291   0.34410   0.34666
     Eigenvalues ---    0.34706   0.35317   0.35574   0.36569   0.41518
     Eigenvalues ---    0.42986   0.43928   0.46863   0.47985   0.49393
     Eigenvalues ---    0.53247   0.53640
 En-DIIS/RFO-DIIS/Sim-DIIS IScMMF=       -3 using points:    18   17   16   15   14   13   12   11   10    9
 RFO step:  Lambda=-1.49472362D-07.
 DIIS inversion failure, remove point  10.
 DIIS inversion failure, remove point   9.
 DIIS inversion failure, remove point   8.
 DIIS inversion failure, remove point   7.
 DIIS inversion failure, remove point   6.
 RFO-DIIS uses    5 points instead of   10
 DidBck=F Rises=F RFO-DIIS coefs:    1.68214   -0.63697   -0.05936    0.00245    0.01175
                  RFO-DIIS coefs:    0.00000    0.00000    0.00000    0.00000    0.00000
 Iteration  1 RMS(Cart)=  0.00068673 RMS(Int)=  0.00000112
 Iteration  2 RMS(Cart)=  0.00000049 RMS(Int)=  0.00000101
 Variable       Old X    -DE/DX   Delta X   Delta X   Delta X     New X
                                 (Linear)    (Quad)   (Total)
    R1        2.62171   0.00001   0.00008  -0.00004   0.00004   2.62175
    R2        2.67246   0.00000  -0.00010   0.00005  -0.00005   2.67241
    R3        2.84845   0.00000   0.00000   0.00000   0.00000   2.84845
    R4        2.64806  -0.00001  -0.00011   0.00004  -0.00007   2.64800
    R5        2.04752   0.00000   0.00000   0.00000   0.00000   2.04752
    R6        2.66925  -0.00001  -0.00001  -0.00004  -0.00005   2.66920
    R7        2.53988   0.00001   0.00024  -0.00013   0.00012   2.54000
    R8        2.66399   0.00002  -0.00013   0.00007  -0.00006   2.66392
    R9        4.67129   0.00001   0.00123   0.00014   0.00138   4.67267
   R10        2.04349   0.00001   0.00005  -0.00001   0.00004   2.04353
   R11        2.61797   0.00000   0.00010  -0.00005   0.00005   2.61802
   R12        2.84994   0.00001  -0.00001   0.00004   0.00003   2.84997
   R13        2.05146   0.00000   0.00001  -0.00001   0.00000   2.05146
   R14        1.83382   0.00000   0.00002  -0.00001   0.00001   1.83383
   R15        3.41302  -0.00002  -0.00024  -0.00033  -0.00057   3.41245
   R16        4.07181   0.00002  -0.00117   0.00091  -0.00026   4.07155
   R17        1.86339  -0.00001  -0.00012   0.00006  -0.00006   1.86333
   R18        2.06154   0.00000   0.00000   0.00000   0.00000   2.06154
   R19        2.06816   0.00000   0.00000   0.00000   0.00000   2.06816
   R20        2.06888   0.00000   0.00000   0.00001   0.00000   2.06888
   R21        2.06879   0.00000   0.00001   0.00000   0.00001   2.06881
   R22        2.06236   0.00000   0.00000   0.00001   0.00000   2.06237
   R23        2.06663  -0.00001   0.00000  -0.00002  -0.00002   2.06662
    A1        2.08413   0.00001  -0.00003   0.00005   0.00002   2.08414
    A2        2.11071  -0.00001  -0.00002  -0.00002  -0.00004   2.11067
    A3        2.08822   0.00000   0.00005  -0.00003   0.00003   2.08824
    A4        2.09603   0.00000  -0.00005   0.00002  -0.00003   2.09600
    A5        2.11899  -0.00001   0.00003  -0.00006  -0.00002   2.11896
    A6        2.06744   0.00001   0.00002   0.00004   0.00006   2.06750
    A7        2.09279   0.00000   0.00009  -0.00006   0.00002   2.09281
    A8        2.08019   0.00001   0.00006  -0.00002   0.00004   2.08024
    A9        2.11014  -0.00001  -0.00015   0.00008  -0.00007   2.11007
   A10        2.09720   0.00000  -0.00003   0.00005   0.00003   2.09723
   A11        1.52459   0.00000   0.00010  -0.00013  -0.00003   1.52457
   A12        2.08359   0.00001  -0.00021   0.00013  -0.00008   2.08351
   A13        2.23613   0.00000   0.00017   0.00014   0.00032   2.23644
   A14        2.09569  -0.00001   0.00033  -0.00023   0.00010   2.09579
   A15        2.07079   0.00000  -0.00003   0.00000  -0.00003   2.07076
   A16        2.08668  -0.00001   0.00016  -0.00011   0.00005   2.08673
   A17        2.12516   0.00001  -0.00014   0.00011  -0.00003   2.12513
   A18        2.12216  -0.00001   0.00004  -0.00005  -0.00001   2.12215
   A19        2.07564   0.00001   0.00001   0.00002   0.00004   2.07568
   A20        2.08513   0.00000  -0.00006   0.00003  -0.00003   2.08510
   A21        1.63861   0.00003   0.00051   0.00011   0.00062   1.63922
   A22        1.15212  -0.00001  -0.00030   0.00005  -0.00025   1.15187
   A23        1.86246   0.00003   0.00050   0.00012   0.00062   1.86308
   A24        2.04892   0.00003   0.00015   0.00008   0.00024   2.04916
   A25        1.24819  -0.00001  -0.00003   0.00005   0.00003   1.24822
   A26        1.82520  -0.00001  -0.00018   0.00011  -0.00007   1.82513
   A27        2.48417   0.00002   0.00106  -0.00016   0.00090   2.48507
   A28        1.94739   0.00000  -0.00002   0.00003   0.00001   1.94740
   A29        1.93843   0.00000   0.00000   0.00000   0.00000   1.93843
   A30        1.93357   0.00000   0.00001  -0.00001   0.00000   1.93357
   A31        1.88780   0.00000   0.00000   0.00000   0.00000   1.88780
   A32        1.88566   0.00000   0.00000  -0.00002  -0.00001   1.88565
   A33        1.86814   0.00000   0.00001  -0.00001   0.00000   1.86814
   A34        1.93603   0.00000  -0.00003   0.00001  -0.00002   1.93601
   A35        1.94522   0.00000  -0.00003   0.00002   0.00000   1.94522
   A36        1.93621  -0.00001   0.00014  -0.00011   0.00003   1.93624
   A37        1.88440   0.00000  -0.00001  -0.00004  -0.00005   1.88435
   A38        1.86880   0.00001  -0.00005   0.00008   0.00002   1.86882
   A39        1.89047   0.00000  -0.00002   0.00004   0.00001   1.89048
    D1       -0.00362   0.00000   0.00006  -0.00005   0.00000  -0.00362
    D2        3.09647   0.00000   0.00007  -0.00007   0.00000   3.09647
    D3       -3.12805   0.00000  -0.00001  -0.00001  -0.00002  -3.12807
    D4       -0.02796   0.00000   0.00000  -0.00002  -0.00002  -0.02798
    D5        0.03536   0.00000  -0.00006  -0.00002  -0.00008   0.03529
    D6       -3.13085   0.00000   0.00000  -0.00001  -0.00001  -3.13086
    D7       -3.12317   0.00000   0.00001  -0.00006  -0.00006  -3.12323
    D8       -0.00620   0.00000   0.00006  -0.00006   0.00001  -0.00619
    D9        0.02121   0.00000   0.00011   0.00001   0.00012   0.02133
   D10        2.12896   0.00000   0.00010   0.00003   0.00013   2.12909
   D11       -2.08049   0.00000   0.00011   0.00001   0.00013  -2.08037
   D12       -3.10318   0.00000   0.00005   0.00005   0.00010  -3.10308
   D13       -0.99543   0.00000   0.00003   0.00008   0.00011  -0.99532
   D14        1.07831   0.00000   0.00005   0.00006   0.00011   1.07841
   D15       -0.05904   0.00000  -0.00006   0.00008   0.00002  -0.05902
   D16        3.06971   0.00000   0.00003   0.00008   0.00010   3.06982
   D17        3.12284   0.00000  -0.00007   0.00010   0.00002   3.12286
   D18       -0.03159   0.00000   0.00002   0.00009   0.00011  -0.03148
   D19        0.09161   0.00000   0.00007  -0.00004   0.00003   0.09164
   D20        2.42096   0.00000   0.00036   0.00006   0.00042   2.42138
   D21       -2.92585   0.00000  -0.00085   0.00038  -0.00047  -2.92632
   D22       -3.03692   0.00000  -0.00002  -0.00003  -0.00005  -3.03697
   D23       -0.70757   0.00000   0.00026   0.00007   0.00034  -0.70723
   D24        0.22880   0.00000  -0.00094   0.00039  -0.00056   0.22825
   D25       -2.60969   0.00001   0.00044  -0.00015   0.00029  -2.60940
   D26        0.51893   0.00001   0.00054  -0.00016   0.00038   0.51931
   D27       -0.06003   0.00000  -0.00007  -0.00003  -0.00010  -0.06013
   D28        3.11697   0.00000   0.00016  -0.00006   0.00010   3.11707
   D29       -2.02937   0.00000  -0.00038  -0.00001  -0.00039  -2.02976
   D30        1.14763   0.00000  -0.00015  -0.00004  -0.00020   1.14743
   D31        2.95657   0.00000   0.00082  -0.00043   0.00039   2.95696
   D32       -0.14962   0.00000   0.00105  -0.00045   0.00059  -0.14903
   D33       -1.35045  -0.00001  -0.00085  -0.00002  -0.00086  -1.35131
   D34        0.50959   0.00000  -0.00050   0.00006  -0.00044   0.50915
   D35        0.86766  -0.00001  -0.00068   0.00001  -0.00068   0.86698
   D36        2.72770   0.00001  -0.00034   0.00008  -0.00026   2.72744
   D37       -0.00318   0.00000   0.00007   0.00006   0.00012  -0.00305
   D38       -3.12002   0.00000   0.00001   0.00005   0.00006  -3.11996
   D39        3.10219   0.00000  -0.00016   0.00008  -0.00008   3.10212
   D40       -0.01465   0.00000  -0.00022   0.00008  -0.00014  -0.01479
   D41        1.09730   0.00001   0.00119   0.00055   0.00174   1.09904
   D42       -3.08556   0.00000   0.00114   0.00053   0.00166  -3.08390
   D43       -0.97742   0.00000   0.00118   0.00051   0.00170  -0.97572
   D44       -2.00775   0.00001   0.00142   0.00052   0.00194  -2.00581
   D45        0.09257   0.00000   0.00137   0.00050   0.00187   0.09444
   D46        2.20072   0.00001   0.00142   0.00049   0.00190   2.20262
   D47       -0.62094   0.00000   0.00103  -0.00024   0.00079  -0.62016
   D48        0.89366   0.00001   0.00128  -0.00016   0.00112   0.89479
   D49       -1.09540  -0.00001   0.00124  -0.00023   0.00101  -1.09440
   D50        0.33538   0.00000  -0.00115   0.00035  -0.00080   0.33457
         Item               Value     Threshold  Converged?
 Maximum Force            0.000029     0.000450     YES
 RMS     Force            0.000008     0.000300     YES
 Maximum Displacement     0.003283     0.001800     NO 
 RMS     Displacement     0.000687     0.001200     YES
 Predicted change in Energy=-7.470891D-08
 GradGradGradGradGradGradGradGradGradGradGradGradGradGradGradGradGradGrad

                          Input orientation:                          
 ---------------------------------------------------------------------
 Center     Atomic      Atomic             Coordinates (Angstroms)
 Number     Number       Type             X           Y           Z
 ---------------------------------------------------------------------
      1          6           0       -1.773425   -0.069124    0.056851
      2          6           0       -0.981862   -1.197030   -0.104539
      3          6           0        0.399606   -1.064043   -0.297906
      4          6           0        0.975967    0.221453   -0.399928
      5          6           0        0.184743    1.370513   -0.197828
      6          6           0       -1.172656    1.210791    0.028617
      7          8           0        2.828340   -0.623253    1.003385
      8          1           0       -1.797979    2.087518    0.165788
      9          8           0        1.160975   -2.169439   -0.368907
     10          1           0        2.319395   -0.564392    1.827537
     11          1           0        2.035654   -1.891818   -0.008186
     12          1           0        1.995800    0.319615   -0.745916
     13          6           0       -3.258671   -0.190820    0.283323
     14          1           0       -3.574936   -1.234289    0.318737
     15          1           0       -3.553813    0.287182    1.222561
     16          1           0       -3.815793    0.305293   -0.517977
     17          1           0       -1.401552   -2.194298   -0.047198
     18          6           0        0.820871    2.735543   -0.278596
     19          1           0        1.215226    2.924364   -1.282259
     20          1           0        0.103971    3.524465   -0.044681
     21          1           0        1.660774    2.817080    0.417025
 ---------------------------------------------------------------------
                    Distance matrix (angstroms):
                    1          2          3          4          5
     1  C    0.000000
     2  C    1.387369   0.000000
     3  C    2.416150   1.401260   0.000000
     4  C    2.802185   2.435661   1.412480   0.000000
     5  C    2.443734   2.821692   2.446067   1.409688   0.000000
     6  C    1.414179   2.419036   2.784509   2.403960   1.385395
     7  O    4.730669   4.009284   2.790413   2.472672   3.522304
     8  H    2.159531   3.395199   3.869977   3.390724   2.139509
     9  O    3.633635   2.367957   1.344108   2.398241   3.676080
    10  H    4.486847   3.877041   2.907361   2.717343   3.521747
    11  H    4.223213   3.097969   1.856287   2.396313   3.755615
    12  H    3.873321   3.402653   2.159412   1.081389   2.164421
    13  C    1.507334   2.519277   3.805697   4.309172   3.811347
    14  H    2.161397   2.627657   4.025694   4.831810   4.602936
    15  H    2.157687   3.252539   4.446026   4.812037   4.143417
    16  H    2.154503   3.234049   4.437690   4.793947   4.152285
    17  H    2.159972   1.083499   2.141145   3.407766   3.904728
    18  C    3.835238   4.329581   3.822916   2.521789   1.508140
    19  H    4.436916   4.816649   4.188266   2.853328   2.156928
    20  H    4.055713   4.845115   4.604989   3.434599   2.160900
    21  H    4.500402   4.834112   4.143040   2.806003   2.156216
                    6          7          8          9         10
     6  C    0.000000
     7  O    4.507978   0.000000
     8  H    1.085585   5.427032   0.000000
     9  O    4.126720   2.655935   5.211813   0.000000
    10  H    4.310662   0.970421   5.171731   2.956769   0.000000
    11  H    4.463271   1.805793   5.528302   0.986030   2.283079
    12  H    3.381303   2.154571   4.283625   2.652256   2.740227
    13  C    2.526033   6.144688   2.708922   4.886063   5.799911
    14  H    3.439990   6.468698   3.770327   4.876086   6.121141
    15  H    2.819301   6.450489   2.727807   5.549503   5.965379
    16  H    2.846904   6.879044   2.777667   5.560103   6.625581
    17  H    3.413615   4.632915   4.305399   2.582762   4.474000
    18  C    2.528517   4.117635   2.734188   4.917588   4.191771
    19  H    3.218185   4.517952   3.446238   5.175325   4.802233
    20  H    2.643528   5.071903   2.393016   5.800253   5.013189
    21  H    3.280146   3.680070   3.543777   5.072757   3.722591
                   11         12         13         14         15
    11  H    0.000000
    12  H    2.331581   0.000000
    13  C    5.568505   5.378601   0.000000
    14  H    5.658439   5.880579   1.090920   0.000000
    15  H    6.124125   5.888477   1.094423   1.769807   0.000000
    16  H    6.271093   5.816079   1.094804   1.768733   1.760237
    17  H    3.450710   4.283687   2.751737   2.403980   3.521684
    18  C    4.791794   2.726821   5.051931   5.953107   5.233144
    19  H    5.048958   2.771584   5.671964   6.542418   5.997715
    20  H    5.750553   3.787059   5.021781   6.025958   5.046314
    21  H    4.742896   2.775249   5.767693   6.620869   5.851597
                   16         17         18         19         20
    16  H    0.000000
    17  H    3.506871   0.000000
    18  C    5.240426   5.412581   0.000000
    19  H    5.723182   5.879933   1.094765   0.000000
    20  H    5.094273   5.913616   1.091357   1.768223   0.000000
    21  H    6.097220   5.891286   1.093607   1.759997   1.771216
                   21
    21  H    0.000000
 Stoichiometry    C8H11O2(2)
 Framework group  C1[X(C8H11O2)]
 Deg. of freedom    57
 Full point group                 C1      NOp   1
 Largest Abelian subgroup         C1      NOp   1
 Largest concise Abelian subgroup C1      NOp   1
                         Standard orientation:                         
 ---------------------------------------------------------------------
 Center     Atomic      Atomic             Coordinates (Angstroms)
 Number     Number       Type             X           Y           Z
 ---------------------------------------------------------------------
      1          6           0       -1.714746   -0.355824    0.090889
      2          6           0       -0.773226   -1.348034   -0.141170
      3          6           0        0.566491   -1.005972   -0.368507
      4          6           0        0.945271    0.353276   -0.432299
      5          6           0        0.002417    1.364902   -0.158692
      6          6           0       -1.308452    0.998704    0.099846
      7          8           0        2.948755   -0.262199    0.879701
      8          1           0       -2.049815    1.768033    0.292223
      9          8           0        1.478021   -1.983802   -0.508468
     10          1           0        2.465664   -0.310142    1.719964
     11          1           0        2.314867   -1.594357   -0.161659
     12          1           0        1.927211    0.613482   -0.803096
     13          6           0       -3.157562   -0.703251    0.354765
     14          1           0       -3.316809   -1.782485    0.354833
     15          1           0       -3.486401   -0.309818    1.321635
     16          1           0       -3.808640   -0.264524   -0.408263
     17          1           0       -1.040705   -2.397653   -0.114251
     18          6           0        0.429427    2.810750   -0.199597
     19          1           0        0.756847    3.093437   -1.205278
     20          1           0       -0.386303    3.476152    0.088301
     21          1           0        1.272150    2.988582    0.474323
 ---------------------------------------------------------------------
 Rotational constants (GHZ):           1.6185839           1.0863985           0.7055691
 Standard basis: 6-311G(d,p) (5D, 7F)
 There are   256 symmetry adapted cartesian basis functions of A   symmetry.
 There are   246 symmetry adapted basis functions of A   symmetry.
   246 basis functions,   408 primitive gaussians,   256 cartesian basis functions
    38 alpha electrons       37 beta electrons
       nuclear repulsion energy       513.3946276533 Hartrees.
 NAtoms=   21 NActive=   21 NUniq=   21 SFac= 1.00D+00 NAtFMM=   60 NAOKFM=F Big=F
 Integral buffers will be    131072 words long.
 Raffenetti 2 integral format.
 Two-electron integral symmetry is turned on.
 One-electron integrals computed using PRISM.
 NBasis=   246 RedAO= T EigKep=  1.79D-04  NBF=   246
 NBsUse=   246 1.00D-06 EigRej= -1.00D+00 NBFU=   246
 Initial guess from the checkpoint file:  "SR-11-TS-P2_2.chk"
 B after Tr=     0.000000    0.000000    0.000000
         Rot=    1.000000   -0.000021   -0.000051   -0.000077 Ang=  -0.01 deg.
 Initial guess <Sx>= 0.0000 <Sy>= 0.0000 <Sz>= 0.5000 <S**2>= 0.7559 S= 0.5030
 Requested convergence on RMS density matrix=1.00D-08 within 128 cycles.
 Requested convergence on MAX density matrix=1.00D-06.
 Requested convergence on             energy=1.00D-06.
 No special actions if energy rises.
 SCF Done:  E(UB3LYP) =  -461.979200369     A.U. after   12 cycles
            NFock= 12  Conv=0.73D-08     -V/T= 2.0038
 <Sx>= 0.0000 <Sy>= 0.0000 <Sz>= 0.5000 <S**2>= 0.7559 S= 0.5030
 <L.S>= 0.000000000000E+00
 Annihilation of the first spin contaminant:
 S**2 before annihilation     0.7559,   after     0.7500
 Calling FoFJK, ICntrl=      2127 FMM=F ISym2X=0 I1Cent= 0 IOpClX= 1 NMat=1 NMatS=1 NMatT=0.
 ***** Axes restored to original set *****
 -------------------------------------------------------------------
 Center     Atomic                   Forces (Hartrees/Bohr)
 Number     Number              X              Y              Z
 -------------------------------------------------------------------
      1        6           0.000001050   -0.000015955   -0.000002642
      2        6          -0.000006593    0.000006032   -0.000002311
      3        6           0.000022000   -0.000037864   -0.000006619
      4        6           0.000028979   -0.000033022    0.000021922
      5        6          -0.000034048    0.000023283    0.000005102
      6        6           0.000010708    0.000013872   -0.000008412
      7        8          -0.000046633   -0.000025442    0.000000227
      8        1          -0.000000296   -0.000000892   -0.000000128
      9        8          -0.000030434    0.000019110   -0.000010447
     10        1           0.000032256    0.000002531    0.000015519
     11        1           0.000027590    0.000022575    0.000017977
     12        1          -0.000009094    0.000021720   -0.000033197
     13        6           0.000001357    0.000000261    0.000002625
     14        1          -0.000001276    0.000000975   -0.000000407
     15        1          -0.000000594    0.000000783    0.000000065
     16        1          -0.000001277    0.000001191   -0.000000560
     17        1          -0.000003905    0.000002693    0.000002352
     18        6           0.000019144    0.000003126    0.000003196
     19        1          -0.000007341    0.000002542   -0.000002645
     20        1           0.000000141    0.000001245    0.000001348
     21        1          -0.000001733   -0.000008764   -0.000002965
 -------------------------------------------------------------------
 Cartesian Forces:  Max     0.000046633 RMS     0.000016024

 GradGradGradGradGradGradGradGradGradGradGradGradGradGradGradGradGradGrad
 Berny optimization.
 Using GEDIIS/GDIIS optimizer.
 FormGI is forming the generalized inverse of G from B-inverse, IUseBI=4.
 Internal  Forces:  Max     0.000029338 RMS     0.000007625
 Search for a local minimum.
 Step number  19 out of a maximum of  122
 All quantities printed in internal units (Hartrees-Bohrs-Radians)
 Mixed Optimization -- En-DIIS/RFO-DIIS
 Swapping is turned off.
 Update second derivatives using D2CorX and points    8    9   10   11   12
                                                     13   14   15   16   17
                                                     18   19
 DE= -1.06D-07 DEPred=-7.47D-08 R= 1.42D+00
 Trust test= 1.42D+00 RLast= 5.54D-03 DXMaxT set to 7.51D-01
 ITU=  0  0  0  1  1  1  1  1  1  0  1  1  1  1  1  1  1  1  0
     Eigenvalues ---    0.00111   0.00170   0.00469   0.00670   0.00704
     Eigenvalues ---    0.01508   0.01592   0.01834   0.01991   0.02036
     Eigenvalues ---    0.02103   0.02123   0.02188   0.02300   0.03358
     Eigenvalues ---    0.04272   0.06993   0.07078   0.07207   0.07229
     Eigenvalues ---    0.07413   0.09886   0.14137   0.14971   0.15947
     Eigenvalues ---    0.15993   0.15997   0.16001   0.16005   0.16028
     Eigenvalues ---    0.16056   0.16300   0.20271   0.23402   0.23970
     Eigenvalues ---    0.24020   0.25009   0.31707   0.31915   0.33501
     Eigenvalues ---    0.34217   0.34261   0.34289   0.34401   0.34666
     Eigenvalues ---    0.34707   0.35317   0.35575   0.36575   0.41429
     Eigenvalues ---    0.43132   0.45146   0.46690   0.47986   0.49385
     Eigenvalues ---    0.53511   0.58307
 En-DIIS/RFO-DIIS/Sim-DIIS IScMMF=       -3 using points:    19   18   17   16   15   14   13   12   11   10
 RFO step:  Lambda=-1.66863565D-07.
 DIIS inversion failure, remove point  10.
 DIIS inversion failure, remove point   9.
 DIIS inversion failure, remove point   8.
 DIIS inversion failure, remove point   7.
 DIIS inversion failure, remove point   6.
 DIIS inversion failure, remove point   5.
 DIIS inversion failure, remove point   4.
 RFO-DIIS uses    3 points instead of   10
 DidBck=F Rises=F RFO-DIIS coefs:    2.50663   -2.00000    0.49337    0.00000    0.00000
                  RFO-DIIS coefs:    0.00000    0.00000    0.00000    0.00000    0.00000
 Iteration  1 RMS(Cart)=  0.00111863 RMS(Int)=  0.00000169
 Iteration  2 RMS(Cart)=  0.00000172 RMS(Int)=  0.00000024
 Iteration  3 RMS(Cart)=  0.00000000 RMS(Int)=  0.00000024
 Variable       Old X    -DE/DX   Delta X   Delta X   Delta X     New X
                                 (Linear)    (Quad)   (Total)
    R1        2.62175   0.00000   0.00002   0.00002   0.00004   2.62179
    R2        2.67241   0.00001  -0.00001  -0.00001  -0.00002   2.67239
    R3        2.84845   0.00000   0.00000   0.00000   0.00001   2.84846
    R4        2.64800   0.00001  -0.00005   0.00000  -0.00005   2.64795
    R5        2.04752   0.00000   0.00000   0.00000  -0.00001   2.04751
    R6        2.66920   0.00001  -0.00004   0.00002  -0.00002   2.66918
    R7        2.54000  -0.00003   0.00002   0.00002   0.00004   2.54004
    R8        2.66392   0.00003   0.00001   0.00001   0.00002   2.66394
    R9        4.67267   0.00000   0.00045   0.00037   0.00082   4.67349
   R10        2.04353   0.00000   0.00000   0.00002   0.00003   2.04356
   R11        2.61802  -0.00001   0.00001   0.00001   0.00002   2.61803
   R12        2.84997   0.00000   0.00004  -0.00001   0.00003   2.85000
   R13        2.05146   0.00000  -0.00001   0.00001   0.00000   2.05146
   R14        1.83383   0.00000   0.00000   0.00000   0.00000   1.83383
   R15        3.41245  -0.00002   0.00002  -0.00072  -0.00070   3.41175
   R16        4.07155   0.00002   0.00058   0.00013   0.00071   4.07226
   R17        1.86333   0.00002  -0.00003   0.00002  -0.00001   1.86332
   R18        2.06154   0.00000   0.00000   0.00000   0.00000   2.06154
   R19        2.06816   0.00000   0.00000   0.00000   0.00000   2.06816
   R20        2.06888   0.00000   0.00001   0.00000   0.00001   2.06889
   R21        2.06881   0.00000   0.00001   0.00001   0.00002   2.06882
   R22        2.06237   0.00000   0.00001   0.00000   0.00001   2.06238
   R23        2.06662   0.00000  -0.00003  -0.00001  -0.00004   2.06658
    A1        2.08414   0.00001   0.00004  -0.00001   0.00003   2.08417
    A2        2.11067   0.00000  -0.00005   0.00001  -0.00004   2.11064
    A3        2.08824   0.00000   0.00001   0.00000   0.00000   2.08825
    A4        2.09600   0.00000  -0.00002   0.00001  -0.00001   2.09599
    A5        2.11896  -0.00001  -0.00006  -0.00002  -0.00008   2.11889
    A6        2.06750   0.00000   0.00008   0.00000   0.00009   2.06759
    A7        2.09281  -0.00001   0.00000   0.00000  -0.00001   2.09280
    A8        2.08024   0.00001   0.00004   0.00008   0.00012   2.08035
    A9        2.11007   0.00000  -0.00003  -0.00008  -0.00011   2.10996
   A10        2.09723   0.00000   0.00004  -0.00001   0.00003   2.09726
   A11        1.52457   0.00000  -0.00002   0.00000  -0.00002   1.52455
   A12        2.08351   0.00001   0.00003  -0.00002   0.00002   2.08353
   A13        2.23644   0.00000   0.00001   0.00014   0.00015   2.23659
   A14        2.09579  -0.00002  -0.00009   0.00002  -0.00006   2.09572
   A15        2.07076   0.00000  -0.00002   0.00001  -0.00001   2.07075
   A16        2.08673  -0.00001  -0.00004   0.00000  -0.00004   2.08669
   A17        2.12513   0.00001   0.00006  -0.00001   0.00005   2.12518
   A18        2.12215   0.00000  -0.00003   0.00000  -0.00003   2.12212
   A19        2.07568   0.00000   0.00004  -0.00002   0.00003   2.07571
   A20        2.08510   0.00000  -0.00001   0.00001   0.00000   2.08510
   A21        1.63922   0.00002   0.00067   0.00048   0.00115   1.64037
   A22        1.15187   0.00000  -0.00009  -0.00007  -0.00016   1.15171
   A23        1.86308   0.00002   0.00060   0.00059   0.00118   1.86426
   A24        2.04916   0.00002   0.00052   0.00029   0.00081   2.04998
   A25        1.24822   0.00000  -0.00004   0.00005   0.00001   1.24823
   A26        1.82513   0.00000  -0.00002  -0.00009  -0.00011   1.82502
   A27        2.48507   0.00000   0.00025   0.00056   0.00081   2.48588
   A28        1.94740   0.00000   0.00003  -0.00002   0.00001   1.94741
   A29        1.93843   0.00000   0.00000   0.00001   0.00001   1.93844
   A30        1.93357   0.00000   0.00000   0.00001   0.00001   1.93358
   A31        1.88780   0.00000   0.00000   0.00000   0.00000   1.88780
   A32        1.88565   0.00000  -0.00002   0.00000  -0.00002   1.88563
   A33        1.86814   0.00000  -0.00001   0.00000  -0.00001   1.86812
   A34        1.93601   0.00000   0.00000  -0.00003  -0.00003   1.93598
   A35        1.94522   0.00000   0.00002  -0.00002   0.00000   1.94522
   A36        1.93624  -0.00001  -0.00007   0.00004  -0.00003   1.93621
   A37        1.88435   0.00000  -0.00006  -0.00002  -0.00009   1.88427
   A38        1.86882   0.00001   0.00007   0.00001   0.00009   1.86891
   A39        1.89048   0.00000   0.00005   0.00002   0.00007   1.89055
    D1       -0.00362   0.00000  -0.00005   0.00002  -0.00004  -0.00365
    D2        3.09647   0.00000  -0.00006  -0.00004  -0.00010   3.09637
    D3       -3.12807   0.00000  -0.00002   0.00003   0.00001  -3.12806
    D4       -0.02798   0.00000  -0.00003  -0.00003  -0.00006  -0.02803
    D5        0.03529   0.00000  -0.00005   0.00003  -0.00002   0.03527
    D6       -3.13086   0.00000   0.00000   0.00003   0.00003  -3.13083
    D7       -3.12323   0.00000  -0.00009   0.00002  -0.00007  -3.12329
    D8       -0.00619   0.00000  -0.00003   0.00002  -0.00001  -0.00620
    D9        0.02133   0.00000  -0.00002   0.00003   0.00002   0.02134
   D10        2.12909   0.00000   0.00000   0.00003   0.00003   2.12912
   D11       -2.08037   0.00000  -0.00001   0.00004   0.00003  -2.08034
   D12       -3.10308   0.00000   0.00002   0.00004   0.00006  -3.10302
   D13       -0.99532   0.00000   0.00004   0.00004   0.00007  -0.99525
   D14        1.07841   0.00000   0.00003   0.00005   0.00007   1.07848
   D15       -0.05902   0.00000   0.00011  -0.00005   0.00006  -0.05896
   D16        3.06982   0.00000   0.00012  -0.00009   0.00004   3.06986
   D17        3.12286   0.00000   0.00012   0.00000   0.00012   3.12299
   D18       -0.03148   0.00000   0.00014  -0.00003   0.00010  -0.03138
   D19        0.09164   0.00000  -0.00006   0.00004  -0.00003   0.09162
   D20        2.42138   0.00000  -0.00005   0.00020   0.00016   2.42154
   D21       -2.92632   0.00001   0.00004   0.00009   0.00012  -2.92620
   D22       -3.03697   0.00000  -0.00008   0.00007  -0.00001  -3.03698
   D23       -0.70723   0.00000  -0.00006   0.00024   0.00018  -0.70705
   D24        0.22825   0.00001   0.00002   0.00012   0.00014   0.22839
   D25       -2.60940   0.00000   0.00033   0.00022   0.00056  -2.60884
   D26        0.51931   0.00000   0.00035   0.00019   0.00054   0.51985
   D27       -0.06013   0.00000  -0.00004   0.00001  -0.00003  -0.06016
   D28        3.11707   0.00000   0.00006   0.00009   0.00014   3.11721
   D29       -2.02976   0.00000  -0.00007  -0.00011  -0.00018  -2.02994
   D30        1.14743   0.00000   0.00003  -0.00003   0.00000   1.14743
   D31        2.95696  -0.00001  -0.00013  -0.00005  -0.00017   2.95679
   D32       -0.14903  -0.00001  -0.00003   0.00003   0.00000  -0.14903
   D33       -1.35131  -0.00001  -0.00046  -0.00071  -0.00117  -1.35248
   D34        0.50915   0.00000  -0.00010  -0.00027  -0.00037   0.50878
   D35        0.86698  -0.00001  -0.00042  -0.00065  -0.00107   0.86591
   D36        2.72744   0.00000  -0.00005  -0.00022  -0.00027   2.72717
   D37       -0.00305   0.00000   0.00009  -0.00004   0.00005  -0.00300
   D38       -3.11996   0.00000   0.00004  -0.00004   0.00000  -3.11996
   D39        3.10212   0.00000   0.00000  -0.00012  -0.00013   3.10199
   D40       -0.01479   0.00000  -0.00006  -0.00013  -0.00018  -0.01497
   D41        1.09904   0.00001   0.00181   0.00159   0.00340   1.10244
   D42       -3.08390   0.00000   0.00174   0.00152   0.00327  -3.08064
   D43       -0.97572   0.00000   0.00177   0.00157   0.00333  -0.97239
   D44       -2.00581   0.00001   0.00191   0.00167   0.00358  -2.00223
   D45        0.09444   0.00000   0.00184   0.00161   0.00345   0.09788
   D46        2.20262   0.00000   0.00186   0.00165   0.00351   2.20613
   D47       -0.62016   0.00000   0.00041   0.00048   0.00089  -0.61927
   D48        0.89479   0.00001   0.00086   0.00073   0.00160   0.89638
   D49       -1.09440   0.00000   0.00046   0.00054   0.00100  -1.09340
   D50        0.33457   0.00000  -0.00051  -0.00051  -0.00102   0.33356
         Item               Value     Threshold  Converged?
 Maximum Force            0.000029     0.000450     YES
 RMS     Force            0.000008     0.000300     YES
 Maximum Displacement     0.005838     0.001800     NO 
 RMS     Displacement     0.001119     0.001200     YES
 Predicted change in Energy=-6.718400D-08
 GradGradGradGradGradGradGradGradGradGradGradGradGradGradGradGradGradGrad

                          Input orientation:                          
 ---------------------------------------------------------------------
 Center     Atomic      Atomic             Coordinates (Angstroms)
 Number     Number       Type             X           Y           Z
 ---------------------------------------------------------------------
      1          6           0       -1.773531   -0.069096    0.056635
      2          6           0       -0.981948   -1.197037   -0.104616
      3          6           0        0.399518   -1.064058   -0.297820
      4          6           0        0.975887    0.221427   -0.399752
      5          6           0        0.184663    1.370517   -0.197756
      6          6           0       -1.172784    1.210816    0.028468
      7          8           0        2.828600   -0.623602    1.003679
      8          1           0       -1.798111    2.087552    0.165557
      9          8           0        1.161032   -2.169387   -0.368752
     10          1           0        2.320924   -0.564128    1.828569
     11          1           0        2.035438   -1.891712   -0.007428
     12          1           0        1.995734    0.319623   -0.745735
     13          6           0       -3.258804   -0.190819    0.282944
     14          1           0       -3.575055   -1.234292    0.318383
     15          1           0       -3.554078    0.287239    1.222111
     16          1           0       -3.815856    0.305221   -0.518455
     17          1           0       -1.401720   -2.194263   -0.047210
     18          6           0        0.820865    2.735520   -0.278633
     19          1           0        1.212184    2.925573   -1.283263
     20          1           0        0.104830    3.524301   -0.041592
     21          1           0        1.662847    2.815917    0.414570
 ---------------------------------------------------------------------
                    Distance matrix (angstroms):
                    1          2          3          4          5
     1  C    0.000000
     2  C    1.387392   0.000000
     3  C    2.416140   1.401235   0.000000
     4  C    2.802141   2.435624   1.412467   0.000000
     5  C    2.443711   2.821700   2.446085   1.409697   0.000000
     6  C    1.414166   2.419067   2.784537   2.403965   1.385403
     7  O    4.731171   4.009666   2.790760   2.473103   3.522834
     8  H    2.159536   3.395238   3.870005   3.390732   2.139516
     9  O    3.633709   2.368037   1.344131   2.398173   3.676065
    10  H    4.488805   3.879013   2.909168   2.718756   3.523131
    11  H    4.223065   3.097844   1.856225   2.396231   3.755493
    12  H    3.873275   3.402629   2.159423   1.081404   2.164402
    13  C    1.507338   2.519275   3.805673   4.309133   3.811339
    14  H    2.161407   2.627645   4.025657   4.831760   4.602923
    15  H    2.157697   3.252558   4.446023   4.812002   4.143393
    16  H    2.154514   3.234049   4.437677   4.793945   4.152331
    17  H    2.159946   1.083496   2.141174   3.407765   3.904732
    18  C    3.835253   4.329598   3.822918   2.521779   1.508154
    19  H    4.435974   4.816569   4.189115   2.854616   2.156925
    20  H    4.055908   4.845213   4.604947   3.434531   2.160914
    21  H    4.501123   4.834076   4.142186   2.804713   2.156190
                    6          7          8          9         10
     6  C    0.000000
     7  O    4.508569   0.000000
     8  H    1.085585   5.427639   0.000000
     9  O    4.126773   2.655900   5.211866   0.000000
    10  H    4.312399   0.970421   5.173342   2.958112   0.000000
    11  H    4.463144   1.805421   5.528161   0.986024   2.283608
    12  H    3.381290   2.154946   4.283607   2.652172   2.741133
    13  C    2.526029   6.145181   2.708944   4.886142   5.801868
    14  H    3.439987   6.469109   3.770349   4.876174   6.123099
    15  H    2.819281   6.451041   2.727793   5.549606   5.967267
    16  H    2.846938   6.879564   2.777745   5.560172   6.627545
    17  H    3.413606   4.633245   4.305385   2.582965   4.475932
    18  C    2.528570   4.118134   2.734265   4.917515   4.192631
    19  H    3.217002   4.521012   3.444305   5.176637   4.805290
    20  H    2.643751   5.071156   2.393396   5.800059   5.012368
    21  H    3.281193   3.679174   3.545526   5.071358   3.722521
                   11         12         13         14         15
    11  H    0.000000
    12  H    2.331668   0.000000
    13  C    5.568334   5.378559   0.000000
    14  H    5.658266   5.880535   1.090919   0.000000
    15  H    6.123911   5.888454   1.094423   1.769808   0.000000
    16  H    6.270989   5.816050   1.094807   1.768724   1.760233
    17  H    3.450677   4.283720   2.751645   2.403869   3.521601
    18  C    4.791661   2.726731   5.051983   5.953146   5.233206
    19  H    5.050915   2.773781   5.670506   6.541208   5.996246
    20  H    5.749923   3.786991   5.022099   6.026221   5.046100
    21  H    4.741168   2.772833   5.768920   6.621862   5.853431
                   16         17         18         19         20
    16  H    0.000000
    17  H    3.506785   0.000000
    18  C    5.240520   5.412597   0.000000
    19  H    5.721220   5.879885   1.094775   0.000000
    20  H    5.095257   5.913688   1.091362   1.768179   0.000000
    21  H    6.098386   5.891241   1.093585   1.760045   1.771246
                   21
    21  H    0.000000
 Stoichiometry    C8H11O2(2)
 Framework group  C1[X(C8H11O2)]
 Deg. of freedom    57
 Full point group                 C1      NOp   1
 Largest Abelian subgroup         C1      NOp   1
 Largest concise Abelian subgroup C1      NOp   1
                         Standard orientation:                         
 ---------------------------------------------------------------------
 Center     Atomic      Atomic             Coordinates (Angstroms)
 Number     Number       Type             X           Y           Z
 ---------------------------------------------------------------------
      1          6           0       -1.714804   -0.355928    0.090915
      2          6           0       -0.773201   -1.348083   -0.141180
      3          6           0        0.566457   -1.005910   -0.368543
      4          6           0        0.945119    0.353361   -0.432258
      5          6           0        0.002208    1.364927   -0.158580
      6          6           0       -1.308648    0.998627    0.099923
      7          8           0        2.949240   -0.262253    0.879518
      8          1           0       -2.050060    1.767894    0.292354
      9          8           0        1.478189   -1.983568   -0.508604
     10          1           0        2.467470   -0.309500    1.720578
     11          1           0        2.314796   -1.594069   -0.161294
     12          1           0        1.926989    0.613703   -0.803186
     13          6           0       -3.157578   -0.703518    0.354831
     14          1           0       -3.316714   -1.782768    0.354911
     15          1           0       -3.486451   -0.310107    1.321698
     16          1           0       -3.808733   -0.264881   -0.408189
     17          1           0       -1.040667   -2.397701   -0.114188
     18          6           0        0.429156    2.810804   -0.199613
     19          1           0        0.753186    3.094360   -1.206157
     20          1           0       -0.385606    3.475993    0.091520
     21          1           0        1.274101    2.987960    0.471664
 ---------------------------------------------------------------------
 Rotational constants (GHZ):           1.6186072           1.0862483           0.7055101
 Standard basis: 6-311G(d,p) (5D, 7F)
 There are   256 symmetry adapted cartesian basis functions of A   symmetry.
 There are   246 symmetry adapted basis functions of A   symmetry.
   246 basis functions,   408 primitive gaussians,   256 cartesian basis functions
    38 alpha electrons       37 beta electrons
       nuclear repulsion energy       513.3829473357 Hartrees.
 NAtoms=   21 NActive=   21 NUniq=   21 SFac= 1.00D+00 NAtFMM=   60 NAOKFM=F Big=F
 Integral buffers will be    131072 words long.
 Raffenetti 2 integral format.
 Two-electron integral symmetry is turned on.
 One-electron integrals computed using PRISM.
 NBasis=   246 RedAO= T EigKep=  1.79D-04  NBF=   246
 NBsUse=   246 1.00D-06 EigRej= -1.00D+00 NBFU=   246
 Initial guess from the checkpoint file:  "SR-11-TS-P2_2.chk"
 B after Tr=     0.000000    0.000000    0.000000
         Rot=    1.000000   -0.000018   -0.000046   -0.000038 Ang=  -0.01 deg.
 Initial guess <Sx>= 0.0000 <Sy>= 0.0000 <Sz>= 0.5000 <S**2>= 0.7559 S= 0.5030
 Requested convergence on RMS density matrix=1.00D-08 within 128 cycles.
 Requested convergence on MAX density matrix=1.00D-06.
 Requested convergence on             energy=1.00D-06.
 No special actions if energy rises.
 SCF Done:  E(UB3LYP) =  -461.979200520     A.U. after   12 cycles
            NFock= 12  Conv=0.67D-08     -V/T= 2.0038
 <Sx>= 0.0000 <Sy>= 0.0000 <Sz>= 0.5000 <S**2>= 0.7559 S= 0.5030
 <L.S>= 0.000000000000E+00
 Annihilation of the first spin contaminant:
 S**2 before annihilation     0.7559,   after     0.7500
 Calling FoFJK, ICntrl=      2127 FMM=F ISym2X=0 I1Cent= 0 IOpClX= 1 NMat=1 NMatS=1 NMatT=0.
 ***** Axes restored to original set *****
 -------------------------------------------------------------------
 Center     Atomic                   Forces (Hartrees/Bohr)
 Number     Number              X              Y              Z
 -------------------------------------------------------------------
      1        6          -0.000002570   -0.000031259   -0.000003810
      2        6          -0.000028256    0.000017075    0.000001325
      3        6           0.000051695   -0.000056327   -0.000006850
      4        6           0.000032822    0.000000094    0.000018599
      5        6          -0.000026039    0.000011448    0.000000715
      6        6           0.000023695    0.000018945   -0.000005264
      7        8          -0.000042588   -0.000021192   -0.000008441
      8        1          -0.000001810   -0.000001081    0.000001853
      9        8          -0.000071851    0.000024489   -0.000000742
     10        1           0.000015952    0.000001462    0.000004212
     11        1           0.000055221    0.000021979    0.000015572
     12        1          -0.000012582    0.000013447   -0.000016711
     13        6          -0.000000621    0.000003056    0.000000324
     14        1           0.000000024    0.000000541    0.000000288
     15        1           0.000000079    0.000000586    0.000000549
     16        1           0.000000725    0.000001103    0.000000312
     17        1           0.000001662   -0.000001384   -0.000000880
     18        6           0.000004949   -0.000002220    0.000001187
     19        1          -0.000002374    0.000001320   -0.000001988
     20        1           0.000000894    0.000000192    0.000002092
     21        1           0.000000972   -0.000002272   -0.000002341
 -------------------------------------------------------------------
 Cartesian Forces:  Max     0.000071851 RMS     0.000019523

 GradGradGradGradGradGradGradGradGradGradGradGradGradGradGradGradGradGrad
 Berny optimization.
 Using GEDIIS/GDIIS optimizer.
 FormGI is forming the generalized inverse of G from B-inverse, IUseBI=4.
 Internal  Forces:  Max     0.000045729 RMS     0.000008088
 Search for a local minimum.
 Step number  20 out of a maximum of  122
 All quantities printed in internal units (Hartrees-Bohrs-Radians)
 Mixed Optimization -- En-DIIS/RFO-DIIS
 Swapping is turned off.
 Update second derivatives using D2CorX and points    8    9   10   11   12
                                                     13   14   15   16   17
                                                     18   19   20
 DE= -1.51D-07 DEPred=-6.72D-08 R= 2.25D+00
 Trust test= 2.25D+00 RLast= 9.23D-03 DXMaxT set to 7.51D-01
 ITU=  0  0  0  0  1  1  1  1  1  1  0  1  1  1  1  1  1  1  1  0
     Eigenvalues ---    0.00104   0.00123   0.00469   0.00657   0.00704
     Eigenvalues ---    0.01405   0.01512   0.01678   0.01897   0.02005
     Eigenvalues ---    0.02101   0.02127   0.02182   0.02273   0.03361
     Eigenvalues ---    0.04378   0.06577   0.07078   0.07162   0.07228
     Eigenvalues ---    0.07293   0.10535   0.13665   0.15132   0.15951
     Eigenvalues ---    0.15985   0.16000   0.16003   0.16008   0.16035
     Eigenvalues ---    0.16110   0.16206   0.20517   0.23285   0.23737
     Eigenvalues ---    0.24022   0.25073   0.31709   0.31917   0.33494
     Eigenvalues ---    0.34216   0.34261   0.34287   0.34399   0.34665
     Eigenvalues ---    0.34707   0.35317   0.35576   0.36693   0.41165
     Eigenvalues ---    0.43218   0.45401   0.46471   0.47971   0.49393
     Eigenvalues ---    0.53516   0.59565
 En-DIIS/RFO-DIIS/Sim-DIIS IScMMF=       -3 using points:    20   19   18   17   16   15   14   13   12   11
 RFO step:  Lambda=-1.09565837D-07.
 DIIS inversion failure, remove point  10.
 DIIS inversion failure, remove point   9.
 DIIS inversion failure, remove point   8.
 DIIS inversion failure, remove point   7.
 DIIS inversion failure, remove point   6.
 DIIS inversion failure, remove point   5.
 DIIS inversion failure, remove point   4.
 RFO-DIIS uses    3 points instead of   10
 DidBck=F Rises=F RFO-DIIS coefs:    2.13736   -1.69381    0.55645    0.00000    0.00000
                  RFO-DIIS coefs:    0.00000    0.00000    0.00000    0.00000    0.00000
 Iteration  1 RMS(Cart)=  0.00095051 RMS(Int)=  0.00000127
 Iteration  2 RMS(Cart)=  0.00000131 RMS(Int)=  0.00000005
 Iteration  3 RMS(Cart)=  0.00000000 RMS(Int)=  0.00000005
 Variable       Old X    -DE/DX   Delta X   Delta X   Delta X     New X
                                 (Linear)    (Quad)   (Total)
    R1        2.62179  -0.00001   0.00003  -0.00004  -0.00001   2.62178
    R2        2.67239   0.00002   0.00000   0.00004   0.00004   2.67243
    R3        2.84846   0.00000   0.00001  -0.00001   0.00000   2.84845
    R4        2.64795   0.00002  -0.00002   0.00003   0.00001   2.64796
    R5        2.04751   0.00000  -0.00001   0.00001   0.00000   2.04751
    R6        2.66918   0.00002   0.00000   0.00004   0.00003   2.66921
    R7        2.54004  -0.00005  -0.00002  -0.00007  -0.00009   2.53995
    R8        2.66394   0.00001   0.00006   0.00001   0.00006   2.66400
    R9        4.67349  -0.00001   0.00016  -0.00025  -0.00009   4.67339
   R10        2.04356  -0.00001   0.00001  -0.00001  -0.00001   2.04355
   R11        2.61803  -0.00001  -0.00001  -0.00002  -0.00004   2.61800
   R12        2.85000   0.00000   0.00001   0.00000   0.00001   2.85001
   R13        2.05146   0.00000   0.00000   0.00000   0.00000   2.05146
   R14        1.83383   0.00000  -0.00001  -0.00001  -0.00001   1.83382
   R15        3.41175  -0.00002  -0.00048  -0.00044  -0.00092   3.41083
   R16        4.07226   0.00001   0.00095  -0.00010   0.00085   4.07310
   R17        1.86332   0.00004   0.00002   0.00007   0.00009   1.86341
   R18        2.06154   0.00000   0.00000   0.00000   0.00000   2.06154
   R19        2.06816   0.00000   0.00000   0.00000   0.00000   2.06816
   R20        2.06889   0.00000   0.00001   0.00000   0.00000   2.06889
   R21        2.06882   0.00000   0.00002   0.00001   0.00002   2.06884
   R22        2.06238   0.00000   0.00001   0.00000   0.00001   2.06238
   R23        2.06658   0.00000  -0.00004   0.00000  -0.00003   2.06654
    A1        2.08417   0.00000   0.00003  -0.00001   0.00002   2.08419
    A2        2.11064   0.00000  -0.00002   0.00001   0.00000   2.11063
    A3        2.08825  -0.00001  -0.00001  -0.00001  -0.00002   2.08823
    A4        2.09599   0.00000   0.00000   0.00000   0.00001   2.09599
    A5        2.11889   0.00000  -0.00007   0.00004  -0.00003   2.11886
    A6        2.06759   0.00000   0.00007  -0.00005   0.00002   2.06761
    A7        2.09280  -0.00001  -0.00002  -0.00001  -0.00003   2.09278
    A8        2.08035   0.00000   0.00011  -0.00004   0.00007   2.08043
    A9        2.10996   0.00001  -0.00009   0.00004  -0.00005   2.10991
   A10        2.09726   0.00000   0.00002  -0.00001   0.00001   2.09727
   A11        1.52455   0.00000   0.00000  -0.00007  -0.00007   1.52448
   A12        2.08353   0.00001   0.00006   0.00000   0.00007   2.08360
   A13        2.23659   0.00000  -0.00001   0.00007   0.00006   2.23664
   A14        2.09572  -0.00001  -0.00013   0.00000  -0.00013   2.09559
   A15        2.07075   0.00000   0.00000   0.00000   0.00000   2.07075
   A16        2.08669  -0.00001  -0.00008   0.00002  -0.00006   2.08663
   A17        2.12518   0.00001   0.00007  -0.00002   0.00005   2.12523
   A18        2.12212   0.00000  -0.00003   0.00001  -0.00001   2.12211
   A19        2.07571   0.00000   0.00001  -0.00002  -0.00001   2.07570
   A20        2.08510   0.00000   0.00002   0.00000   0.00002   2.08512
   A21        1.64037   0.00001   0.00096  -0.00004   0.00092   1.64129
   A22        1.15171   0.00000  -0.00004   0.00008   0.00004   1.15174
   A23        1.86426   0.00001   0.00100  -0.00001   0.00100   1.86525
   A24        2.04998   0.00001   0.00079  -0.00002   0.00078   2.05075
   A25        1.24823   0.00001  -0.00001   0.00007   0.00007   1.24829
   A26        1.82502   0.00000  -0.00009  -0.00002  -0.00012   1.82491
   A27        2.48588  -0.00001   0.00042  -0.00006   0.00036   2.48625
   A28        1.94741   0.00000   0.00001   0.00000   0.00001   1.94741
   A29        1.93844   0.00000   0.00001  -0.00001   0.00000   1.93844
   A30        1.93358   0.00000   0.00001  -0.00001   0.00000   1.93357
   A31        1.88780   0.00000   0.00000   0.00000   0.00000   1.88781
   A32        1.88563   0.00000  -0.00001   0.00001   0.00000   1.88562
   A33        1.86812   0.00000  -0.00001   0.00001   0.00000   1.86812
   A34        1.93598   0.00000  -0.00003   0.00000  -0.00003   1.93595
   A35        1.94522   0.00000   0.00000   0.00000   0.00000   1.94522
   A36        1.93621   0.00000  -0.00005   0.00003  -0.00002   1.93619
   A37        1.88427   0.00000  -0.00007   0.00000  -0.00007   1.88419
   A38        1.86891   0.00000   0.00009  -0.00002   0.00006   1.86897
   A39        1.89055   0.00000   0.00007  -0.00001   0.00006   1.89061
    D1       -0.00365   0.00000  -0.00004   0.00003  -0.00002  -0.00367
    D2        3.09637   0.00000  -0.00011   0.00003  -0.00008   3.09628
    D3       -3.12806   0.00000   0.00002   0.00001   0.00003  -3.12803
    D4       -0.02803   0.00000  -0.00005   0.00001  -0.00004  -0.02807
    D5        0.03527   0.00000   0.00002   0.00003   0.00005   0.03532
    D6       -3.13083   0.00000   0.00004   0.00001   0.00005  -3.13078
    D7       -3.12329   0.00000  -0.00004   0.00005   0.00001  -3.12329
    D8       -0.00620   0.00000  -0.00002   0.00003   0.00001  -0.00619
    D9        0.02134   0.00000  -0.00005   0.00001  -0.00004   0.02131
   D10        2.12912   0.00000  -0.00004   0.00001  -0.00003   2.12909
   D11       -2.08034   0.00000  -0.00004   0.00000  -0.00004  -2.08037
   D12       -3.10302   0.00000   0.00001   0.00000   0.00001  -3.10301
   D13       -0.99525   0.00000   0.00003  -0.00001   0.00002  -0.99523
   D14        1.07848   0.00000   0.00002  -0.00001   0.00001   1.07849
   D15       -0.05896   0.00000   0.00006  -0.00006  -0.00001  -0.05897
   D16        3.06986   0.00000  -0.00001  -0.00007  -0.00009   3.06977
   D17        3.12299   0.00000   0.00013  -0.00007   0.00006   3.12305
   D18       -0.03138   0.00000   0.00006  -0.00008  -0.00002  -0.03140
   D19        0.09162   0.00000  -0.00005   0.00004   0.00000   0.09161
   D20        2.42154   0.00000  -0.00005   0.00007   0.00002   2.42156
   D21       -2.92620   0.00001   0.00040   0.00010   0.00050  -2.92570
   D22       -3.03698   0.00000   0.00002   0.00006   0.00008  -3.03690
   D23       -0.70705   0.00000   0.00001   0.00008   0.00010  -0.70696
   D24        0.22839   0.00000   0.00047   0.00011   0.00058   0.22897
   D25       -2.60884  -0.00001   0.00047  -0.00019   0.00028  -2.60856
   D26        0.51985   0.00000   0.00040  -0.00020   0.00020   0.52005
   D27       -0.06016   0.00000   0.00002   0.00001   0.00003  -0.06012
   D28        3.11721   0.00000   0.00011   0.00007   0.00018   3.11739
   D29       -2.02994   0.00000   0.00002   0.00007   0.00009  -2.02985
   D30        1.14743   0.00000   0.00010   0.00012   0.00023   1.14766
   D31        2.95679   0.00000  -0.00042  -0.00004  -0.00046   2.95633
   D32       -0.14903   0.00000  -0.00033   0.00002  -0.00031  -0.14934
   D33       -1.35248  -0.00001  -0.00085   0.00003  -0.00082  -1.35331
   D34        0.50878   0.00000  -0.00018   0.00004  -0.00014   0.50863
   D35        0.86591  -0.00001  -0.00084  -0.00001  -0.00085   0.86507
   D36        2.72717   0.00000  -0.00016   0.00000  -0.00017   2.72701
   D37       -0.00300   0.00000  -0.00001  -0.00005  -0.00006  -0.00306
   D38       -3.11996   0.00000  -0.00003  -0.00003  -0.00006  -3.12002
   D39        3.10199   0.00000  -0.00010  -0.00011  -0.00021   3.10178
   D40       -0.01497   0.00000  -0.00013  -0.00008  -0.00021  -0.01518
   D41        1.10244   0.00000   0.00290   0.00005   0.00295   1.10539
   D42       -3.08064   0.00000   0.00279   0.00005   0.00284  -3.07779
   D43       -0.97239   0.00000   0.00284   0.00006   0.00290  -0.96949
   D44       -2.00223   0.00000   0.00299   0.00010   0.00310  -1.99913
   D45        0.09788   0.00000   0.00288   0.00011   0.00299   0.10087
   D46        2.20613   0.00000   0.00294   0.00011   0.00305   2.20918
   D47       -0.61927   0.00000   0.00057  -0.00027   0.00030  -0.61897
   D48        0.89638   0.00001   0.00119  -0.00028   0.00091   0.89729
   D49       -1.09340   0.00000   0.00058  -0.00028   0.00030  -1.09310
   D50        0.33356   0.00001  -0.00071   0.00034  -0.00038   0.33318
         Item               Value     Threshold  Converged?
 Maximum Force            0.000046     0.000450     YES
 RMS     Force            0.000008     0.000300     YES
 Maximum Displacement     0.005027     0.001800     NO 
 RMS     Displacement     0.000951     0.001200     YES
 Predicted change in Energy=-5.110289D-08
 GradGradGradGradGradGradGradGradGradGradGradGradGradGradGradGradGradGrad

                          Input orientation:                          
 ---------------------------------------------------------------------
 Center     Atomic      Atomic             Coordinates (Angstroms)
 Number     Number       Type             X           Y           Z
 ---------------------------------------------------------------------
      1          6           0       -1.773555   -0.069118    0.056482
      2          6           0       -0.981971   -1.197061   -0.104694
      3          6           0        0.399529   -1.064108   -0.297734
      4          6           0        0.975909    0.221399   -0.399583
      5          6           0        0.184647    1.370516   -0.197666
      6          6           0       -1.172802    1.210817    0.028431
      7          8           0        2.828367   -0.623794    1.003999
      8          1           0       -1.798153    2.087538    0.165515
      9          8           0        1.161097   -2.169352   -0.368504
     10          1           0        2.321561   -0.563903    1.829386
     11          1           0        2.035362   -1.891552   -0.006805
     12          1           0        1.995635    0.319711   -0.745880
     13          6           0       -3.258848   -0.190834    0.282651
     14          1           0       -3.575122   -1.234301    0.318025
     15          1           0       -3.554203    0.287201    1.221805
     16          1           0       -3.815819    0.305243   -0.518783
     17          1           0       -1.401780   -2.194272   -0.047289
     18          6           0        0.820898    2.735496   -0.278698
     19          1           0        1.209543    2.926597   -1.284178
     20          1           0        0.105629    3.524154   -0.038931
     21          1           0        1.664713    2.814933    0.412357
 ---------------------------------------------------------------------
                    Distance matrix (angstroms):
                    1          2          3          4          5
     1  C    0.000000
     2  C    1.387386   0.000000
     3  C    2.416147   1.401243   0.000000
     4  C    2.802133   2.435628   1.412486   0.000000
     5  C    2.443704   2.821718   2.446135   1.409729   0.000000
     6  C    1.414187   2.419095   2.784581   2.403977   1.385385
     7  O    4.731082   4.009552   2.790635   2.473054   3.522858
     8  H    2.159550   3.395256   3.870049   3.390757   2.139514
     9  O    3.633700   2.368055   1.344084   2.398115   3.676045
    10  H    4.489763   3.880061   2.910164   2.719518   3.523821
    11  H    4.222927   3.097772   1.856139   2.396096   3.755350
    12  H    3.873211   3.402625   2.159478   1.081401   2.164349
    13  C    1.507337   2.519266   3.805677   4.309124   3.811322
    14  H    2.161412   2.627644   4.025665   4.831761   4.602920
    15  H    2.157696   3.252540   4.446013   4.811980   4.143365
    16  H    2.154512   3.234051   4.437696   4.793945   4.152307
    17  H    2.159923   1.083497   2.141193   3.407784   3.904751
    18  C    3.835282   4.329621   3.822944   2.521770   1.508162
    19  H    4.435149   4.816479   4.189859   2.855729   2.156921
    20  H    4.056111   4.845314   4.604943   3.434479   2.160925
    21  H    4.501786   4.834085   4.141482   2.803589   2.156169
                    6          7          8          9         10
     6  C    0.000000
     7  O    4.508535   0.000000
     8  H    1.085585   5.427621   0.000000
     9  O    4.126765   2.655618   5.211857   0.000000
    10  H    4.313194   0.970414   5.174036   2.958862   0.000000
    11  H    4.462987   1.804935   5.527991   0.986072   2.283891
    12  H    3.381216   2.155393   4.283536   2.652226   2.742078
    13  C    2.526033   6.145078   2.708935   4.886149   5.802804
    14  H    3.440002   6.469000   3.770344   4.876209   6.124093
    15  H    2.819269   6.450935   2.727760   5.549576   5.968093
    16  H    2.846937   6.879476   2.777735   5.560207   6.628480
    17  H    3.413620   4.633115   4.305380   2.583049   4.476972
    18  C    2.528599   4.118261   2.734338   4.917452   4.193094
    19  H    3.215962   4.523453   3.442654   5.177790   4.807750
    20  H    2.643946   5.070156   2.393752   5.799883   5.011304
    21  H    3.282084   3.678176   3.547038   5.070155   3.722358
                   11         12         13         14         15
    11  H    0.000000
    12  H    2.331843   0.000000
    13  C    5.568203   5.378487   0.000000
    14  H    5.658182   5.880492   1.090920   0.000000
    15  H    6.123698   5.888425   1.094423   1.769810   0.000000
    16  H    6.270913   5.815908   1.094809   1.768723   1.760232
    17  H    3.450685   4.283757   2.751604   2.403833   3.521538
    18  C    4.791494   2.726588   5.052014   5.953181   5.233275
    19  H    5.052546   2.775529   5.669201   6.540118   5.994968
    20  H    5.749327   3.786866   5.022375   6.026462   5.045958
    21  H    4.739628   2.770767   5.770001   6.622769   5.855060
                   16         17         18         19         20
    16  H    0.000000
    17  H    3.506775   0.000000
    18  C    5.240507   5.412621   0.000000
    19  H    5.719404   5.879813   1.094785   0.000000
    20  H    5.096018   5.913776   1.091366   1.768146   0.000000
    21  H    6.099328   5.891247   1.093567   1.760079   1.771270
                   21
    21  H    0.000000
 Stoichiometry    C8H11O2(2)
 Framework group  C1[X(C8H11O2)]
 Deg. of freedom    57
 Full point group                 C1      NOp   1
 Largest Abelian subgroup         C1      NOp   1
 Largest concise Abelian subgroup C1      NOp   1
                         Standard orientation:                         
 ---------------------------------------------------------------------
 Center     Atomic      Atomic             Coordinates (Angstroms)
 Number     Number       Type             X           Y           Z
 ---------------------------------------------------------------------
      1          6           0       -1.714789   -0.355998    0.090901
      2          6           0       -0.773163   -1.348107   -0.141265
      3          6           0        0.566497   -1.005890   -0.368598
      4          6           0        0.945103    0.353420   -0.432212
      5          6           0        0.002132    1.364957   -0.158466
      6          6           0       -1.308686    0.998594    0.100039
      7          8           0        2.949172   -0.262366    0.879469
      8          1           0       -2.050133    1.767802    0.292578
      9          8           0        1.478304   -1.983417   -0.508636
     10          1           0        2.468311   -0.309149    1.721068
     11          1           0        2.314786   -1.593807   -0.161017
     12          1           0        1.926773    0.613930   -0.803542
     13          6           0       -3.157546   -0.703653    0.354821
     14          1           0       -3.316660   -1.782907    0.354808
     15          1           0       -3.486406   -0.310332    1.321729
     16          1           0       -3.808730   -0.264964   -0.408145
     17          1           0       -1.040620   -2.397728   -0.114286
     18          6           0        0.429058    2.810844   -0.199641
     19          1           0        0.750138    3.095132   -1.206936
     20          1           0       -0.384831    3.475872    0.094303
     21          1           0        1.275945    2.987412    0.469311
 ---------------------------------------------------------------------
 Rotational constants (GHZ):           1.6186077           1.0862486           0.7055139
 Standard basis: 6-311G(d,p) (5D, 7F)
 There are   256 symmetry adapted cartesian basis functions of A   symmetry.
 There are   246 symmetry adapted basis functions of A   symmetry.
   246 basis functions,   408 primitive gaussians,   256 cartesian basis functions
    38 alpha electrons       37 beta electrons
       nuclear repulsion energy       513.3831486376 Hartrees.
 NAtoms=   21 NActive=   21 NUniq=   21 SFac= 1.00D+00 NAtFMM=   60 NAOKFM=F Big=F
 Integral buffers will be    131072 words long.
 Raffenetti 2 integral format.
 Two-electron integral symmetry is turned on.
 One-electron integrals computed using PRISM.
 NBasis=   246 RedAO= T EigKep=  1.79D-04  NBF=   246
 NBsUse=   246 1.00D-06 EigRej= -1.00D+00 NBFU=   246
 Initial guess from the checkpoint file:  "SR-11-TS-P2_2.chk"
 B after Tr=     0.000000    0.000000    0.000000
         Rot=    1.000000   -0.000017   -0.000021   -0.000017 Ang=   0.00 deg.
 Initial guess <Sx>= 0.0000 <Sy>= 0.0000 <Sz>= 0.5000 <S**2>= 0.7559 S= 0.5030
 Requested convergence on RMS density matrix=1.00D-08 within 128 cycles.
 Requested convergence on MAX density matrix=1.00D-06.
 Requested convergence on             energy=1.00D-06.
 No special actions if energy rises.
 SCF Done:  E(UB3LYP) =  -461.979200605     A.U. after    9 cycles
            NFock=  9  Conv=0.99D-08     -V/T= 2.0038
 <Sx>= 0.0000 <Sy>= 0.0000 <Sz>= 0.5000 <S**2>= 0.7559 S= 0.5030
 <L.S>= 0.000000000000E+00
 Annihilation of the first spin contaminant:
 S**2 before annihilation     0.7559,   after     0.7500
 Calling FoFJK, ICntrl=      2127 FMM=F ISym2X=0 I1Cent= 0 IOpClX= 1 NMat=1 NMatS=1 NMatT=0.
 ***** Axes restored to original set *****
 -------------------------------------------------------------------
 Center     Atomic                   Forces (Hartrees/Bohr)
 Number     Number              X              Y              Z
 -------------------------------------------------------------------
      1        6          -0.000002217   -0.000022148   -0.000002845
      2        6          -0.000027407    0.000015383    0.000003284
      3        6           0.000044314   -0.000036606   -0.000001848
      4        6           0.000016889    0.000022091    0.000005399
      5        6          -0.000005863   -0.000004828   -0.000001545
      6        6           0.000015116    0.000011513   -0.000000741
      7        8          -0.000031354   -0.000011614   -0.000016224
      8        1          -0.000001563   -0.000000526    0.000002199
      9        8          -0.000055816    0.000012999    0.000002343
     10        1           0.000002668   -0.000000991   -0.000001921
     11        1           0.000046068    0.000013429    0.000011805
     12        1          -0.000004951    0.000000976    0.000001552
     13        6          -0.000001484    0.000003565   -0.000000670
     14        1           0.000000709    0.000000703    0.000000423
     15        1           0.000000092    0.000000493    0.000000754
     16        1           0.000001114    0.000001011    0.000000805
     17        1           0.000004073   -0.000002305   -0.000002254
     18        6          -0.000004645   -0.000004423   -0.000000193
     19        1           0.000000563   -0.000000005   -0.000001076
     20        1           0.000001138   -0.000000751    0.000002052
     21        1           0.000002556    0.000002034   -0.000001299
 -------------------------------------------------------------------
 Cartesian Forces:  Max     0.000055816 RMS     0.000014531

 GradGradGradGradGradGradGradGradGradGradGradGradGradGradGradGradGradGrad
 Berny optimization.
 Using GEDIIS/GDIIS optimizer.
 FormGI is forming the generalized inverse of G from B-inverse, IUseBI=4.
 Internal  Forces:  Max     0.000030968 RMS     0.000006017
 Search for a local minimum.
 Step number  21 out of a maximum of  122
 All quantities printed in internal units (Hartrees-Bohrs-Radians)
 Mixed Optimization -- En-DIIS/RFO-DIIS
 Swapping is turned off.
 Update second derivatives using D2CorX and points    8    9   10   11   12
                                                     13   14   15   16   17
                                                     18   19   20   21
 DE= -8.49D-08 DEPred=-5.11D-08 R= 1.66D+00
 Trust test= 1.66D+00 RLast= 7.81D-03 DXMaxT set to 7.51D-01
 ITU=  0  0  0  0  0  1  1  1  1  1  1  0  1  1  1  1  1  1  1  1
 ITU=  0
     Eigenvalues ---    0.00096   0.00113   0.00473   0.00666   0.00713
     Eigenvalues ---    0.01069   0.01509   0.01650   0.01961   0.02005
     Eigenvalues ---    0.02103   0.02130   0.02180   0.02245   0.03362
     Eigenvalues ---    0.04470   0.06429   0.07078   0.07157   0.07228
     Eigenvalues ---    0.07288   0.10607   0.12753   0.15216   0.15919
     Eigenvalues ---    0.15985   0.16000   0.16002   0.16008   0.16033
     Eigenvalues ---    0.16101   0.16358   0.20153   0.23490   0.23841
     Eigenvalues ---    0.24090   0.25146   0.31711   0.31928   0.33469
     Eigenvalues ---    0.34216   0.34261   0.34290   0.34403   0.34666
     Eigenvalues ---    0.34707   0.35318   0.35576   0.36724   0.41071
     Eigenvalues ---    0.43265   0.44071   0.46927   0.47897   0.49389
     Eigenvalues ---    0.53508   0.55248
 En-DIIS/RFO-DIIS/Sim-DIIS IScMMF=       -3 using points:    21   20   19   18   17   16   15   14   13   12
 RFO step:  Lambda=-4.58342761D-08.
 DIIS inversion failure, remove point  10.
 DIIS inversion failure, remove point   9.
 DIIS inversion failure, remove point   8.
 DIIS inversion failure, remove point   7.
 DIIS inversion failure, remove point   6.
 DIIS inversion failure, remove point   5.
 DIIS inversion failure, remove point   4.
 DIIS inversion failure, remove point   3.
 RFO-DIIS uses    2 points instead of   10
 DidBck=F Rises=F RFO-DIIS coefs:    1.48348   -0.48348    0.00000    0.00000    0.00000
                  RFO-DIIS coefs:    0.00000    0.00000    0.00000    0.00000    0.00000
 Iteration  1 RMS(Cart)=  0.00049432 RMS(Int)=  0.00000032
 Iteration  2 RMS(Cart)=  0.00000033 RMS(Int)=  0.00000003
 Variable       Old X    -DE/DX   Delta X   Delta X   Delta X     New X
                                 (Linear)    (Quad)   (Total)
    R1        2.62178  -0.00001  -0.00001  -0.00002  -0.00002   2.62176
    R2        2.67243   0.00001   0.00002   0.00002   0.00004   2.67246
    R3        2.84845   0.00000   0.00000   0.00000   0.00000   2.84845
    R4        2.64796   0.00002   0.00001   0.00003   0.00003   2.64800
    R5        2.04751   0.00000   0.00000   0.00000   0.00000   2.04751
    R6        2.66921   0.00001   0.00002   0.00003   0.00004   2.66925
    R7        2.53995  -0.00003  -0.00004  -0.00005  -0.00009   2.53986
    R8        2.66400   0.00000   0.00003   0.00001   0.00004   2.66404
    R9        4.67339  -0.00001  -0.00005  -0.00062  -0.00066   4.67273
   R10        2.04355  -0.00001   0.00000  -0.00001  -0.00002   2.04353
   R11        2.61800  -0.00001  -0.00002  -0.00002  -0.00003   2.61796
   R12        2.85001   0.00000   0.00001  -0.00001   0.00000   2.85001
   R13        2.05146   0.00000   0.00000   0.00000   0.00000   2.05146
   R14        1.83382   0.00000  -0.00001  -0.00001  -0.00001   1.83380
   R15        3.41083  -0.00002  -0.00044  -0.00016  -0.00060   3.41023
   R16        4.07310   0.00000   0.00041   0.00009   0.00050   4.07361
   R17        1.86341   0.00003   0.00004   0.00005   0.00009   1.86350
   R18        2.06154   0.00000   0.00000   0.00000   0.00000   2.06154
   R19        2.06816   0.00000   0.00000   0.00000   0.00000   2.06816
   R20        2.06889   0.00000   0.00000   0.00000   0.00000   2.06889
   R21        2.06884   0.00000   0.00001   0.00000   0.00001   2.06886
   R22        2.06238   0.00000   0.00000   0.00000   0.00000   2.06239
   R23        2.06654   0.00000  -0.00002   0.00000  -0.00001   2.06653
    A1        2.08419   0.00000   0.00001  -0.00001   0.00000   2.08420
    A2        2.11063   0.00001   0.00000   0.00002   0.00002   2.11065
    A3        2.08823   0.00000  -0.00001  -0.00001  -0.00002   2.08821
    A4        2.09599   0.00000   0.00000   0.00001   0.00001   2.09601
    A5        2.11886   0.00000  -0.00001   0.00002   0.00001   2.11886
    A6        2.06761  -0.00001   0.00001  -0.00003  -0.00002   2.06759
    A7        2.09278  -0.00001  -0.00001  -0.00001  -0.00002   2.09276
    A8        2.08043   0.00000   0.00004   0.00000   0.00004   2.08047
    A9        2.10991   0.00001  -0.00002   0.00000  -0.00002   2.10989
   A10        2.09727   0.00000   0.00000  -0.00001  -0.00001   2.09726
   A11        1.52448  -0.00001  -0.00004  -0.00005  -0.00008   1.52440
   A12        2.08360   0.00000   0.00003   0.00001   0.00004   2.08364
   A13        2.23664   0.00000   0.00003  -0.00014  -0.00012   2.23653
   A14        2.09559   0.00000  -0.00006  -0.00001  -0.00007   2.09552
   A15        2.07075   0.00000   0.00000   0.00001   0.00001   2.07076
   A16        2.08663   0.00000  -0.00003  -0.00001  -0.00004   2.08659
   A17        2.12523   0.00000   0.00003   0.00000   0.00002   2.12526
   A18        2.12211   0.00000  -0.00001   0.00000   0.00000   2.12211
   A19        2.07570   0.00000   0.00000  -0.00001  -0.00002   2.07568
   A20        2.08512   0.00000   0.00001   0.00001   0.00002   2.08514
   A21        1.64129   0.00000   0.00045  -0.00003   0.00041   1.64170
   A22        1.15174   0.00001   0.00002   0.00013   0.00015   1.15189
   A23        1.86525   0.00000   0.00048  -0.00003   0.00045   1.86570
   A24        2.05075   0.00000   0.00038   0.00009   0.00047   2.05122
   A25        1.24829   0.00001   0.00003   0.00002   0.00006   1.24835
   A26        1.82491   0.00000  -0.00006  -0.00003  -0.00009   1.82482
   A27        2.48625  -0.00001   0.00018  -0.00024  -0.00007   2.48618
   A28        1.94741   0.00000   0.00000   0.00000   0.00000   1.94742
   A29        1.93844   0.00000   0.00000   0.00000   0.00000   1.93843
   A30        1.93357   0.00000   0.00000   0.00000   0.00000   1.93357
   A31        1.88781   0.00000   0.00000   0.00000   0.00000   1.88781
   A32        1.88562   0.00000   0.00000   0.00001   0.00001   1.88563
   A33        1.86812   0.00000   0.00000   0.00000   0.00000   1.86812
   A34        1.93595   0.00000  -0.00001   0.00000  -0.00002   1.93593
   A35        1.94522   0.00000   0.00000   0.00000   0.00000   1.94522
   A36        1.93619   0.00000  -0.00001   0.00001   0.00000   1.93618
   A37        1.88419   0.00000  -0.00003   0.00000  -0.00003   1.88416
   A38        1.86897   0.00000   0.00003  -0.00001   0.00002   1.86900
   A39        1.89061   0.00000   0.00003   0.00000   0.00003   1.89063
    D1       -0.00367   0.00000  -0.00001   0.00001   0.00000  -0.00367
    D2        3.09628   0.00000  -0.00004  -0.00001  -0.00005   3.09623
    D3       -3.12803   0.00000   0.00001   0.00003   0.00004  -3.12799
    D4       -0.02807   0.00000  -0.00002   0.00001  -0.00001  -0.02809
    D5        0.03532   0.00000   0.00002   0.00004   0.00007   0.03538
    D6       -3.13078   0.00000   0.00003   0.00002   0.00005  -3.13073
    D7       -3.12329   0.00000   0.00000   0.00003   0.00003  -3.12326
    D8       -0.00619   0.00000   0.00000   0.00001   0.00001  -0.00618
    D9        0.02131   0.00000  -0.00002  -0.00008  -0.00009   0.02121
   D10        2.12909   0.00000  -0.00001  -0.00008  -0.00009   2.12900
   D11       -2.08037   0.00000  -0.00002  -0.00008  -0.00010  -2.08047
   D12       -3.10301   0.00000   0.00000  -0.00006  -0.00006  -3.10307
   D13       -0.99523   0.00000   0.00001  -0.00006  -0.00006  -0.99528
   D14        1.07849   0.00000   0.00000  -0.00007  -0.00006   1.07843
   D15       -0.05897   0.00000   0.00000  -0.00004  -0.00004  -0.05901
   D16        3.06977   0.00000  -0.00004  -0.00009  -0.00013   3.06963
   D17        3.12305   0.00000   0.00003  -0.00002   0.00001   3.12306
   D18       -0.03140   0.00000  -0.00001  -0.00007  -0.00008  -0.03148
   D19        0.09161   0.00000   0.00000   0.00002   0.00002   0.09163
   D20        2.42156   0.00000   0.00001  -0.00020  -0.00019   2.42137
   D21       -2.92570   0.00000   0.00024   0.00016   0.00040  -2.92530
   D22       -3.03690   0.00000   0.00004   0.00007   0.00011  -3.03679
   D23       -0.70696   0.00000   0.00005  -0.00015  -0.00010  -0.70705
   D24        0.22897   0.00000   0.00028   0.00021   0.00049   0.22946
   D25       -2.60856   0.00000   0.00014   0.00001   0.00015  -2.60841
   D26        0.52005   0.00000   0.00010  -0.00004   0.00006   0.52011
   D27       -0.06012   0.00000   0.00002   0.00003   0.00004  -0.06008
   D28        3.11739   0.00000   0.00009   0.00001   0.00010   3.11749
   D29       -2.02985   0.00001   0.00004   0.00025   0.00029  -2.02956
   D30        1.14766   0.00001   0.00011   0.00024   0.00035   1.14801
   D31        2.95633   0.00000  -0.00022  -0.00011  -0.00033   2.95600
   D32       -0.14934   0.00000  -0.00015  -0.00012  -0.00027  -0.14962
   D33       -1.35331   0.00000  -0.00040   0.00020  -0.00020  -1.35351
   D34        0.50863   0.00000  -0.00007   0.00016   0.00010   0.50873
   D35        0.86507   0.00000  -0.00041   0.00006  -0.00035   0.86471
   D36        2.72701   0.00000  -0.00008   0.00003  -0.00005   2.72695
   D37       -0.00306   0.00000  -0.00003  -0.00006  -0.00009  -0.00315
   D38       -3.12002   0.00000  -0.00003  -0.00004  -0.00007  -3.12009
   D39        3.10178   0.00000  -0.00010  -0.00005  -0.00015   3.10164
   D40       -0.01518   0.00000  -0.00010  -0.00003  -0.00013  -0.01531
   D41        1.10539   0.00000   0.00142   0.00001   0.00144   1.10682
   D42       -3.07779   0.00000   0.00137   0.00001   0.00139  -3.07641
   D43       -0.96949   0.00000   0.00140   0.00002   0.00142  -0.96807
   D44       -1.99913   0.00000   0.00150   0.00000   0.00149  -1.99764
   D45        0.10087   0.00000   0.00145   0.00000   0.00144   0.10232
   D46        2.20918   0.00000   0.00147   0.00000   0.00147   2.21065
   D47       -0.61897   0.00000   0.00015  -0.00025  -0.00010  -0.61907
   D48        0.89729   0.00000   0.00044  -0.00023   0.00021   0.89750
   D49       -1.09310   0.00000   0.00014  -0.00034  -0.00020  -1.09330
   D50        0.33318   0.00000  -0.00018   0.00021   0.00003   0.33320
         Item               Value     Threshold  Converged?
 Maximum Force            0.000031     0.000450     YES
 RMS     Force            0.000006     0.000300     YES
 Maximum Displacement     0.002446     0.001800     NO 
 RMS     Displacement     0.000494     0.001200     YES
 Predicted change in Energy=-2.291751D-08
 GradGradGradGradGradGradGradGradGradGradGradGradGradGradGradGradGradGrad

                          Input orientation:                          
 ---------------------------------------------------------------------
 Center     Atomic      Atomic             Coordinates (Angstroms)
 Number     Number       Type             X           Y           Z
 ---------------------------------------------------------------------
      1          6           0       -1.773501   -0.069159    0.056423
      2          6           0       -0.981924   -1.197089   -0.104776
      3          6           0        0.399603   -1.064152   -0.297751
      4          6           0        0.975990    0.221380   -0.399561
      5          6           0        0.184694    1.370500   -0.197641
      6          6           0       -1.172734    1.210795    0.028465
      7          8           0        2.827804   -0.623741    1.004296
      8          1           0       -1.798098    2.087497    0.165615
      9          8           0        1.161190   -2.169334   -0.368392
     10          1           0        2.321181   -0.563758    1.829782
     11          1           0        2.035394   -1.891418   -0.006505
     12          1           0        1.995597    0.319773   -0.746156
     13          6           0       -3.258798   -0.190852    0.282573
     14          1           0       -3.575109   -1.234312    0.317821
     15          1           0       -3.554139    0.287081    1.221784
     16          1           0       -3.815748    0.305345   -0.518802
     17          1           0       -1.401728   -2.194305   -0.047394
     18          6           0        0.820954    2.735469   -0.278765
     19          1           0        1.208252    2.927087   -1.284674
     20          1           0        0.106064    3.524057   -0.037637
     21          1           0        1.665692    2.814447    0.411202
 ---------------------------------------------------------------------
                    Distance matrix (angstroms):
                    1          2          3          4          5
     1  C    0.000000
     2  C    1.387374   0.000000
     3  C    2.416161   1.401260   0.000000
     4  C    2.802148   2.435648   1.412508   0.000000
     5  C    2.443706   2.821726   2.446168   1.409751   0.000000
     6  C    1.414208   2.419105   2.784608   2.403989   1.385367
     7  O    4.730543   4.009090   2.790242   2.472703   3.522454
     8  H    2.159558   3.395255   3.870076   3.390779   2.139511
     9  O    3.633678   2.368057   1.344036   2.398079   3.676021
    10  H    4.489527   3.879965   2.910198   2.719550   3.523688
    11  H    4.222827   3.097734   1.856072   2.395985   3.755227
    12  H    3.873177   3.402627   2.159516   1.081392   2.164316
    13  C    1.507335   2.519268   3.805697   4.309138   3.811308
    14  H    2.161412   2.627657   4.025695   4.831788   4.602919
    15  H    2.157694   3.252508   4.445997   4.811979   4.143361
    16  H    2.154509   3.234081   4.437744   4.793956   4.152257
    17  H    2.159916   1.083497   2.141195   3.407799   3.904759
    18  C    3.835295   4.329625   3.822959   2.521759   1.508160
    19  H    4.434735   4.816416   4.190217   2.856260   2.156913
    20  H    4.056207   4.845354   4.604942   3.434449   2.160924
    21  H    4.502121   4.834100   4.141150   2.803038   2.156160
                    6          7          8          9         10
     6  C    0.000000
     7  O    4.508001   0.000000
     8  H    1.085586   5.427077   0.000000
     9  O    4.126738   2.655322   5.211829   0.000000
    10  H    4.312914   0.970408   5.173690   2.958956   0.000000
    11  H    4.462850   1.804615   5.527843   0.986120   2.283922
    12  H    3.381166   2.155660   4.283492   2.652281   2.742643
    13  C    2.526033   6.144510   2.708910   4.886148   5.802507
    14  H    3.440011   6.468488   3.770324   4.876236   6.123880
    15  H    2.819281   6.450278   2.727758   5.549501   5.967660
    16  H    2.846903   6.878940   2.777661   5.560267   6.628204
    17  H    3.413633   4.632674   4.305381   2.583063   4.476888
    18  C    2.528599   4.118007   2.734369   4.917407   4.193036
    19  H    3.215445   4.524457   3.441858   5.178349   4.808788
    20  H    2.644027   5.069292   2.393920   5.799776   5.010413
    21  H    3.282507   3.677418   3.547761   5.069552   3.722137
                   11         12         13         14         15
    11  H    0.000000
    12  H    2.331959   0.000000
    13  C    5.568120   5.378447   0.000000
    14  H    5.658155   5.880475   1.090919   0.000000
    15  H    6.123514   5.888414   1.094424   1.769810   0.000000
    16  H    6.270891   5.815808   1.094809   1.768726   1.760231
    17  H    3.450684   4.283768   2.751620   2.403861   3.521499
    18  C    4.791354   2.726505   5.052012   5.953188   5.233324
    19  H    5.053303   2.776329   5.668539   6.539554   5.994357
    20  H    5.748970   3.786790   5.022487   6.026563   5.045913
    21  H    4.738810   2.769786   5.770525   6.623229   5.855873
                   16         17         18         19         20
    16  H    0.000000
    17  H    3.506845   0.000000
    18  C    5.240431   5.412625   0.000000
    19  H    5.718449   5.879754   1.094792   0.000000
    20  H    5.096296   5.913814   1.091367   1.768132   0.000000
    21  H    6.099727   5.891262   1.093560   1.760094   1.771283
                   21
    21  H    0.000000
 Stoichiometry    C8H11O2(2)
 Framework group  C1[X(C8H11O2)]
 Deg. of freedom    57
 Full point group                 C1      NOp   1
 Largest Abelian subgroup         C1      NOp   1
 Largest concise Abelian subgroup C1      NOp   1
                         Standard orientation:                         
 ---------------------------------------------------------------------
 Center     Atomic      Atomic             Coordinates (Angstroms)
 Number     Number       Type             X           Y           Z
 ---------------------------------------------------------------------
      1          6           0       -1.714725   -0.355995    0.090863
      2          6           0       -0.773131   -1.348100   -0.141379
      3          6           0        0.566559   -1.005912   -0.368685
      4          6           0        0.945187    0.353419   -0.432240
      5          6           0        0.002207    1.364961   -0.158435
      6          6           0       -1.308587    0.998608    0.100112
      7          8           0        2.948653   -0.262461    0.879658
      8          1           0       -2.050024    1.767799    0.292760
      9          8           0        1.478361   -1.983389   -0.508644
     10          1           0        2.467991   -0.309143    1.721368
     11          1           0        2.314791   -1.593701   -0.160849
     12          1           0        1.926709    0.613996   -0.803887
     13          6           0       -3.157485   -0.703612    0.354805
     14          1           0       -3.316656   -1.782857    0.354648
     15          1           0       -3.486276   -0.310410    1.321786
     16          1           0       -3.808682   -0.264776   -0.408066
     17          1           0       -1.040596   -2.397720   -0.114439
     18          6           0        0.429159    2.810837   -0.199683
     19          1           0        0.748788    3.095472   -1.207348
     20          1           0       -0.384277    3.475806    0.095649
     21          1           0        1.277012    2.987101    0.468112
 ---------------------------------------------------------------------
 Rotational constants (GHZ):           1.6185752           1.0863603           0.7055720
 Standard basis: 6-311G(d,p) (5D, 7F)
 There are   256 symmetry adapted cartesian basis functions of A   symmetry.
 There are   246 symmetry adapted basis functions of A   symmetry.
   246 basis functions,   408 primitive gaussians,   256 cartesian basis functions
    38 alpha electrons       37 beta electrons
       nuclear repulsion energy       513.3918696940 Hartrees.
 NAtoms=   21 NActive=   21 NUniq=   21 SFac= 1.00D+00 NAtFMM=   60 NAOKFM=F Big=F
 Integral buffers will be    131072 words long.
 Raffenetti 2 integral format.
 Two-electron integral symmetry is turned on.
 One-electron integrals computed using PRISM.
 NBasis=   246 RedAO= T EigKep=  1.80D-04  NBF=   246
 NBsUse=   246 1.00D-06 EigRej= -1.00D+00 NBFU=   246
 Initial guess from the checkpoint file:  "SR-11-TS-P2_2.chk"
 B after Tr=     0.000000    0.000000    0.000000
         Rot=    1.000000   -0.000008    0.000009    0.000008 Ang=   0.00 deg.
 Initial guess <Sx>= 0.0000 <Sy>= 0.0000 <Sz>= 0.5000 <S**2>= 0.7559 S= 0.5030
 Requested convergence on RMS density matrix=1.00D-08 within 128 cycles.
 Requested convergence on MAX density matrix=1.00D-06.
 Requested convergence on             energy=1.00D-06.
 No special actions if energy rises.
 SCF Done:  E(UB3LYP) =  -461.979200638     A.U. after    8 cycles
            NFock=  8  Conv=0.82D-08     -V/T= 2.0038
 <Sx>= 0.0000 <Sy>= 0.0000 <Sz>= 0.5000 <S**2>= 0.7559 S= 0.5030
 <L.S>= 0.000000000000E+00
 Annihilation of the first spin contaminant:
 S**2 before annihilation     0.7559,   after     0.7500
 Calling FoFJK, ICntrl=      2127 FMM=F ISym2X=0 I1Cent= 0 IOpClX= 1 NMat=1 NMatS=1 NMatT=0.
 ***** Axes restored to original set *****
 -------------------------------------------------------------------
 Center     Atomic                   Forces (Hartrees/Bohr)
 Number     Number              X              Y              Z
 -------------------------------------------------------------------
      1        6          -0.000000546   -0.000009437   -0.000001204
      2        6          -0.000016332    0.000008671    0.000003373
      3        6           0.000024977   -0.000013949    0.000002528
      4        6           0.000002894    0.000026283   -0.000003576
      5        6           0.000006006   -0.000011616   -0.000001080
      6        6           0.000005592    0.000003713    0.000000980
      7        8          -0.000020035   -0.000003876   -0.000017846
      8        1          -0.000000444    0.000000167    0.000001594
      9        8          -0.000029319    0.000001286    0.000000707
     10        1          -0.000002802   -0.000002903   -0.000003002
     11        1           0.000026316    0.000005677    0.000008949
     12        1           0.000001377   -0.000005088    0.000010487
     13        6          -0.000001128    0.000002245   -0.000001026
     14        1           0.000000478    0.000000494    0.000000328
     15        1           0.000000420    0.000000407    0.000000597
     16        1           0.000000994    0.000000884    0.000000826
     17        1           0.000003125   -0.000002092   -0.000002096
     18        6          -0.000006779   -0.000003011   -0.000000697
     19        1           0.000001540   -0.000000261   -0.000000470
     20        1           0.000001244   -0.000000762    0.000001618
     21        1           0.000002422    0.000003167   -0.000000990
 -------------------------------------------------------------------
 Cartesian Forces:  Max     0.000029319 RMS     0.000008797

 GradGradGradGradGradGradGradGradGradGradGradGradGradGradGradGradGradGrad
 Berny optimization.
 Using GEDIIS/GDIIS optimizer.
 FormGI is forming the generalized inverse of G from B-inverse, IUseBI=4.
 Internal  Forces:  Max     0.000015906 RMS     0.000003980
 Search for a local minimum.
 Step number  22 out of a maximum of  122
 All quantities printed in internal units (Hartrees-Bohrs-Radians)
 Mixed Optimization -- En-DIIS/RFO-DIIS
 Swapping is turned off.
 Update second derivatives using D2CorX and points    8    9   10   11   12
                                                     13   14   15   16   17
                                                     18   19   20   21   22
 DE= -3.26D-08 DEPred=-2.29D-08 R= 1.42D+00
 Trust test= 1.42D+00 RLast= 3.94D-03 DXMaxT set to 7.51D-01
 ITU=  0  0  0  0  0  0  1  1  1  1  1  1  0  1  1  1  1  1  1  1
 ITU=  1  0
     Eigenvalues ---    0.00091   0.00112   0.00470   0.00658   0.00715
     Eigenvalues ---    0.00901   0.01509   0.01641   0.02003   0.02091
     Eigenvalues ---    0.02111   0.02141   0.02183   0.02236   0.03338
     Eigenvalues ---    0.04315   0.06407   0.07079   0.07156   0.07229
     Eigenvalues ---    0.07290   0.09331   0.12953   0.15083   0.15893
     Eigenvalues ---    0.15986   0.15999   0.16001   0.16005   0.16039
     Eigenvalues ---    0.16075   0.16384   0.19620   0.23527   0.23989
     Eigenvalues ---    0.24236   0.25044   0.31709   0.31937   0.33462
     Eigenvalues ---    0.34218   0.34261   0.34293   0.34403   0.34667
     Eigenvalues ---    0.34707   0.35320   0.35577   0.36699   0.41560
     Eigenvalues ---    0.43031   0.43320   0.47096   0.47883   0.49271
     Eigenvalues ---    0.53165   0.53602
 En-DIIS/RFO-DIIS/Sim-DIIS IScMMF=       -3 using points:    22   21   20   19   18   17   16   15   14   13
 RFO step:  Lambda=-2.37074143D-08.
 DIIS inversion failure, remove point  10.
 DIIS inversion failure, remove point   9.
 DIIS inversion failure, remove point   8.
 DIIS inversion failure, remove point   7.
 DIIS inversion failure, remove point   6.
 DIIS inversion failure, remove point   5.
 DIIS inversion failure, remove point   4.
 DIIS inversion failure, remove point   3.
 RFO-DIIS uses    2 points instead of   10
 DidBck=F Rises=F RFO-DIIS coefs:    1.42793   -0.42793    0.00000    0.00000    0.00000
                  RFO-DIIS coefs:    0.00000    0.00000    0.00000    0.00000    0.00000
 Iteration  1 RMS(Cart)=  0.00023596 RMS(Int)=  0.00000006
 Iteration  2 RMS(Cart)=  0.00000006 RMS(Int)=  0.00000001
 Variable       Old X    -DE/DX   Delta X   Delta X   Delta X     New X
                                 (Linear)    (Quad)   (Total)
    R1        2.62176  -0.00001  -0.00001  -0.00002  -0.00003   2.62173
    R2        2.67246   0.00000   0.00002   0.00002   0.00003   2.67250
    R3        2.84845   0.00000   0.00000   0.00000   0.00000   2.84845
    R4        2.64800   0.00001   0.00001   0.00002   0.00004   2.64803
    R5        2.04751   0.00000   0.00000   0.00000   0.00000   2.04752
    R6        2.66925   0.00001   0.00002   0.00002   0.00004   2.66929
    R7        2.53986  -0.00001  -0.00004  -0.00004  -0.00008   2.53978
    R8        2.66404  -0.00001   0.00002   0.00000   0.00002   2.66406
    R9        4.67273  -0.00001  -0.00028  -0.00029  -0.00057   4.67216
   R10        2.04353   0.00000  -0.00001  -0.00001  -0.00002   2.04352
   R11        2.61796   0.00000  -0.00001  -0.00001  -0.00002   2.61794
   R12        2.85001   0.00000   0.00000   0.00000   0.00000   2.85001
   R13        2.05146   0.00000   0.00000   0.00000   0.00000   2.05146
   R14        1.83380   0.00000  -0.00001   0.00000  -0.00001   1.83380
   R15        3.41023  -0.00001  -0.00026  -0.00034  -0.00060   3.40963
   R16        4.07361  -0.00001   0.00022  -0.00011   0.00011   4.07372
   R17        1.86350   0.00002   0.00004   0.00005   0.00008   1.86358
   R18        2.06154   0.00000   0.00000   0.00000   0.00000   2.06154
   R19        2.06816   0.00000   0.00000   0.00000   0.00000   2.06816
   R20        2.06889   0.00000   0.00000   0.00000   0.00000   2.06889
   R21        2.06886   0.00000   0.00000   0.00000   0.00001   2.06886
   R22        2.06239   0.00000   0.00000   0.00000   0.00000   2.06239
   R23        2.06653   0.00000  -0.00001   0.00000   0.00000   2.06653
    A1        2.08420   0.00000   0.00000   0.00000   0.00000   2.08419
    A2        2.11065   0.00000   0.00001   0.00001   0.00002   2.11067
    A3        2.08821   0.00000  -0.00001  -0.00001  -0.00002   2.08819
    A4        2.09601   0.00000   0.00001   0.00001   0.00001   2.09602
    A5        2.11886   0.00000   0.00000   0.00002   0.00002   2.11889
    A6        2.06759   0.00000  -0.00001  -0.00003  -0.00004   2.06755
    A7        2.09276   0.00000  -0.00001  -0.00001  -0.00002   2.09274
    A8        2.08047  -0.00001   0.00002  -0.00002   0.00000   2.08047
    A9        2.10989   0.00001  -0.00001   0.00002   0.00001   2.10990
   A10        2.09726   0.00000   0.00000  -0.00001  -0.00001   2.09725
   A11        1.52440  -0.00001  -0.00003  -0.00007  -0.00011   1.52429
   A12        2.08364   0.00000   0.00002   0.00000   0.00002   2.08365
   A13        2.23653   0.00000  -0.00005   0.00000  -0.00005   2.23648
   A14        2.09552   0.00000  -0.00003   0.00001  -0.00002   2.09550
   A15        2.07076   0.00000   0.00000   0.00000   0.00001   2.07077
   A16        2.08659   0.00001  -0.00002   0.00001  -0.00001   2.08658
   A17        2.12526  -0.00001   0.00001  -0.00001   0.00000   2.12525
   A18        2.12211   0.00000   0.00000   0.00001   0.00000   2.12211
   A19        2.07568   0.00000  -0.00001  -0.00001  -0.00002   2.07566
   A20        2.08514   0.00000   0.00001   0.00000   0.00001   2.08515
   A21        1.64170   0.00000   0.00018  -0.00007   0.00010   1.64180
   A22        1.15189   0.00001   0.00006   0.00009   0.00015   1.15205
   A23        1.86570   0.00000   0.00019  -0.00008   0.00011   1.86581
   A24        2.05122   0.00000   0.00020  -0.00002   0.00018   2.05139
   A25        1.24835   0.00001   0.00002   0.00007   0.00009   1.24844
   A26        1.82482   0.00000  -0.00004  -0.00002  -0.00005   1.82477
   A27        2.48618  -0.00001  -0.00003  -0.00009  -0.00012   2.48605
   A28        1.94742   0.00000   0.00000   0.00000   0.00000   1.94741
   A29        1.93843   0.00000   0.00000   0.00000  -0.00001   1.93843
   A30        1.93357   0.00000   0.00000   0.00000   0.00000   1.93357
   A31        1.88781   0.00000   0.00000   0.00000   0.00000   1.88781
   A32        1.88563   0.00000   0.00000   0.00001   0.00001   1.88564
   A33        1.86812   0.00000   0.00000   0.00000   0.00000   1.86812
   A34        1.93593   0.00000  -0.00001   0.00000  -0.00001   1.93592
   A35        1.94522   0.00000   0.00000   0.00000   0.00000   1.94521
   A36        1.93618   0.00001   0.00000   0.00002   0.00002   1.93620
   A37        1.88416   0.00000  -0.00001   0.00000  -0.00001   1.88415
   A38        1.86900   0.00000   0.00001  -0.00001   0.00000   1.86900
   A39        1.89063   0.00000   0.00001  -0.00001   0.00000   1.89064
    D1       -0.00367   0.00000   0.00000   0.00002   0.00002  -0.00365
    D2        3.09623   0.00000  -0.00002   0.00001  -0.00002   3.09622
    D3       -3.12799   0.00000   0.00002   0.00002   0.00004  -3.12795
    D4       -0.02809   0.00000  -0.00001   0.00001   0.00000  -0.02808
    D5        0.03538   0.00000   0.00003   0.00002   0.00005   0.03543
    D6       -3.13073   0.00000   0.00002   0.00000   0.00002  -3.13070
    D7       -3.12326   0.00000   0.00001   0.00002   0.00003  -3.12323
    D8       -0.00618   0.00000   0.00000   0.00000   0.00001  -0.00618
    D9        0.02121   0.00000  -0.00004  -0.00003  -0.00007   0.02114
   D10        2.12900   0.00000  -0.00004  -0.00003  -0.00007   2.12892
   D11       -2.08047   0.00000  -0.00004  -0.00003  -0.00008  -2.08055
   D12       -3.10307   0.00000  -0.00002  -0.00003  -0.00005  -3.10312
   D13       -0.99528   0.00000  -0.00002  -0.00003  -0.00005  -0.99534
   D14        1.07843   0.00000  -0.00003  -0.00003  -0.00006   1.07837
   D15       -0.05901   0.00000  -0.00002  -0.00004  -0.00006  -0.05907
   D16        3.06963   0.00000  -0.00006  -0.00006  -0.00012   3.06952
   D17        3.12306   0.00000   0.00000  -0.00003  -0.00003   3.12303
   D18       -0.03148   0.00000  -0.00004  -0.00005  -0.00009  -0.03157
   D19        0.09163   0.00000   0.00001   0.00003   0.00004   0.09167
   D20        2.42137   0.00000  -0.00008  -0.00003  -0.00011   2.42126
   D21       -2.92530   0.00000   0.00017   0.00001   0.00018  -2.92512
   D22       -3.03679   0.00000   0.00005   0.00005   0.00010  -3.03670
   D23       -0.70705   0.00000  -0.00004  -0.00001  -0.00005  -0.70711
   D24        0.22946   0.00000   0.00021   0.00003   0.00024   0.22970
   D25       -2.60841   0.00000   0.00006  -0.00005   0.00002  -2.60839
   D26        0.52011   0.00000   0.00002  -0.00007  -0.00004   0.52006
   D27       -0.06008   0.00000   0.00002   0.00001   0.00003  -0.06005
   D28        3.11749   0.00000   0.00004   0.00003   0.00007   3.11756
   D29       -2.02956   0.00001   0.00013   0.00013   0.00025  -2.02931
   D30        1.14801   0.00001   0.00015   0.00015   0.00030   1.14830
   D31        2.95600   0.00000  -0.00014   0.00002  -0.00012   2.95588
   D32       -0.14962   0.00000  -0.00012   0.00004  -0.00008  -0.14969
   D33       -1.35351   0.00000  -0.00009   0.00013   0.00004  -1.35347
   D34        0.50873   0.00000   0.00004   0.00007   0.00011   0.50884
   D35        0.86471   0.00000  -0.00015   0.00005  -0.00010   0.86461
   D36        2.72695   0.00000  -0.00002  -0.00001  -0.00003   2.72692
   D37       -0.00315   0.00000  -0.00004  -0.00003  -0.00007  -0.00322
   D38       -3.12009   0.00000  -0.00003  -0.00001  -0.00004  -3.12014
   D39        3.10164   0.00000  -0.00006  -0.00005  -0.00011   3.10152
   D40       -0.01531   0.00000  -0.00005  -0.00003  -0.00009  -0.01540
   D41        1.10682   0.00000   0.00061  -0.00006   0.00055   1.10737
   D42       -3.07641   0.00000   0.00059  -0.00006   0.00053  -3.07588
   D43       -0.96807   0.00000   0.00061  -0.00006   0.00055  -0.96752
   D44       -1.99764   0.00000   0.00064  -0.00004   0.00060  -1.99704
   D45        0.10232   0.00000   0.00062  -0.00004   0.00058   0.10289
   D46        2.21065   0.00000   0.00063  -0.00004   0.00059   2.21125
   D47       -0.61907   0.00000  -0.00004  -0.00017  -0.00021  -0.61928
   D48        0.89750   0.00000   0.00009  -0.00019  -0.00010   0.89740
   D49       -1.09330   0.00000  -0.00008  -0.00019  -0.00028  -1.09358
   D50        0.33320   0.00000   0.00001   0.00018   0.00019   0.33339
         Item               Value     Threshold  Converged?
 Maximum Force            0.000016     0.000450     YES
 RMS     Force            0.000004     0.000300     YES
 Maximum Displacement     0.001031     0.001800     YES
 RMS     Displacement     0.000236     0.001200     YES
 Predicted change in Energy=-1.185368D-08
 Optimization completed.
    -- Stationary point found.
                           ----------------------------
                           !   Optimized Parameters   !
                           ! (Angstroms and Degrees)  !
 --------------------------                            --------------------------
 ! Name  Definition              Value          Derivative Info.                !
 --------------------------------------------------------------------------------
 ! R1    R(1,2)                  1.3874         -DE/DX =    0.0                 !
 ! R2    R(1,6)                  1.4142         -DE/DX =    0.0                 !
 ! R3    R(1,13)                 1.5073         -DE/DX =    0.0                 !
 ! R4    R(2,3)                  1.4013         -DE/DX =    0.0                 !
 ! R5    R(2,17)                 1.0835         -DE/DX =    0.0                 !
 ! R6    R(3,4)                  1.4125         -DE/DX =    0.0                 !
 ! R7    R(3,9)                  1.344          -DE/DX =    0.0                 !
 ! R8    R(4,5)                  1.4098         -DE/DX =    0.0                 !
 ! R9    R(4,7)                  2.4727         -DE/DX =    0.0                 !
 ! R10   R(4,12)                 1.0814         -DE/DX =    0.0                 !
 ! R11   R(5,6)                  1.3854         -DE/DX =    0.0                 !
 ! R12   R(5,18)                 1.5082         -DE/DX =    0.0                 !
 ! R13   R(6,8)                  1.0856         -DE/DX =    0.0                 !
 ! R14   R(7,10)                 0.9704         -DE/DX =    0.0                 !
 ! R15   R(7,11)                 1.8046         -DE/DX =    0.0                 !
 ! R16   R(7,12)                 2.1557         -DE/DX =    0.0                 !
 ! R17   R(9,11)                 0.9861         -DE/DX =    0.0                 !
 ! R18   R(13,14)                1.0909         -DE/DX =    0.0                 !
 ! R19   R(13,15)                1.0944         -DE/DX =    0.0                 !
 ! R20   R(13,16)                1.0948         -DE/DX =    0.0                 !
 ! R21   R(18,19)                1.0948         -DE/DX =    0.0                 !
 ! R22   R(18,20)                1.0914         -DE/DX =    0.0                 !
 ! R23   R(18,21)                1.0936         -DE/DX =    0.0                 !
 ! A1    A(2,1,6)              119.4157         -DE/DX =    0.0                 !
 ! A2    A(2,1,13)             120.9314         -DE/DX =    0.0                 !
 ! A3    A(6,1,13)             119.6455         -DE/DX =    0.0                 !
 ! A4    A(1,2,3)              120.0924         -DE/DX =    0.0                 !
 ! A5    A(1,2,17)             121.4019         -DE/DX =    0.0                 !
 ! A6    A(3,2,17)             118.4639         -DE/DX =    0.0                 !
 ! A7    A(2,3,4)              119.9061         -DE/DX =    0.0                 !
 ! A8    A(2,3,9)              119.202          -DE/DX =    0.0                 !
 ! A9    A(4,3,9)              120.8876         -DE/DX =    0.0                 !
 ! A10   A(3,4,5)              120.1642         -DE/DX =    0.0                 !
 ! A11   A(3,4,7)               87.3416         -DE/DX =    0.0                 !
 ! A12   A(3,4,12)             119.3836         -DE/DX =    0.0                 !
 ! A13   A(5,4,7)              128.1436         -DE/DX =    0.0                 !
 ! A14   A(5,4,12)             120.0644         -DE/DX =    0.0                 !
 ! A15   A(4,5,6)              118.6456         -DE/DX =    0.0                 !
 ! A16   A(4,5,18)             119.5529         -DE/DX =    0.0                 !
 ! A17   A(6,5,18)             121.7682         -DE/DX =    0.0                 !
 ! A18   A(1,6,5)              121.5878         -DE/DX =    0.0                 !
 ! A19   A(1,6,8)              118.9277         -DE/DX =    0.0                 !
 ! A20   A(5,6,8)              119.4698         -DE/DX =    0.0                 !
 ! A21   A(4,7,10)              94.0626         -DE/DX =    0.0                 !
 ! A22   A(4,7,11)              65.9985         -DE/DX =    0.0                 !
 ! A23   A(10,7,11)            106.8968         -DE/DX =    0.0                 !
 ! A24   A(10,7,12)            117.5261         -DE/DX =    0.0                 !
 ! A25   A(11,7,12)             71.5252         -DE/DX =    0.0                 !
 ! A26   A(3,9,11)             104.5545         -DE/DX =    0.0                 !
 ! A27   A(7,11,9)             142.4475         -DE/DX =    0.0                 !
 ! A28   A(1,13,14)            111.5787         -DE/DX =    0.0                 !
 ! A29   A(1,13,15)            111.0641         -DE/DX =    0.0                 !
 ! A30   A(1,13,16)            110.7854         -DE/DX =    0.0                 !
 ! A31   A(14,13,15)           108.1633         -DE/DX =    0.0                 !
 ! A32   A(14,13,16)           108.0386         -DE/DX =    0.0                 !
 ! A33   A(15,13,16)           107.0354         -DE/DX =    0.0                 !
 ! A34   A(5,18,19)            110.9208         -DE/DX =    0.0                 !
 ! A35   A(5,18,20)            111.4527         -DE/DX =    0.0                 !
 ! A36   A(5,18,21)            110.9352         -DE/DX =    0.0                 !
 ! A37   A(19,18,20)           107.9547         -DE/DX =    0.0                 !
 ! A38   A(19,18,21)           107.0857         -DE/DX =    0.0                 !
 ! A39   A(20,18,21)           108.3253         -DE/DX =    0.0                 !
 ! D1    D(6,1,2,3)             -0.2102         -DE/DX =    0.0                 !
 ! D2    D(6,1,2,17)           177.401          -DE/DX =    0.0                 !
 ! D3    D(13,1,2,3)          -179.2204         -DE/DX =    0.0                 !
 ! D4    D(13,1,2,17)           -1.6092         -DE/DX =    0.0                 !
 ! D5    D(2,1,6,5)              2.0274         -DE/DX =    0.0                 !
 ! D6    D(2,1,6,8)           -179.3774         -DE/DX =    0.0                 !
 ! D7    D(13,1,6,5)          -178.9495         -DE/DX =    0.0                 !
 ! D8    D(13,1,6,8)            -0.3543         -DE/DX =    0.0                 !
 ! D9    D(2,1,13,14)            1.2153         -DE/DX =    0.0                 !
 ! D10   D(2,1,13,15)          121.9825         -DE/DX =    0.0                 !
 ! D11   D(2,1,13,16)         -119.2023         -DE/DX =    0.0                 !
 ! D12   D(6,1,13,14)         -177.7927         -DE/DX =    0.0                 !
 ! D13   D(6,1,13,15)          -57.0255         -DE/DX =    0.0                 !
 ! D14   D(6,1,13,16)           61.7897         -DE/DX =    0.0                 !
 ! D15   D(1,2,3,4)             -3.3812         -DE/DX =    0.0                 !
 ! D16   D(1,2,3,9)            175.877          -DE/DX =    0.0                 !
 ! D17   D(17,2,3,4)           178.938          -DE/DX =    0.0                 !
 ! D18   D(17,2,3,9)            -1.8037         -DE/DX =    0.0                 !
 ! D19   D(2,3,4,5)              5.2503         -DE/DX =    0.0                 !
 ! D20   D(2,3,4,7)            138.7344         -DE/DX =    0.0                 !
 ! D21   D(2,3,4,12)          -167.6073         -DE/DX =    0.0                 !
 ! D22   D(9,3,4,5)           -173.9953         -DE/DX =    0.0                 !
 ! D23   D(9,3,4,7)            -40.5112         -DE/DX =    0.0                 !
 ! D24   D(9,3,4,12)            13.1471         -DE/DX =    0.0                 !
 ! D25   D(2,3,9,11)          -149.4508         -DE/DX =    0.0                 !
 ! D26   D(4,3,9,11)            29.8            -DE/DX =    0.0                 !
 ! D27   D(3,4,5,6)             -3.4423         -DE/DX =    0.0                 !
 ! D28   D(3,4,5,18)           178.6188         -DE/DX =    0.0                 !
 ! D29   D(7,4,5,6)           -116.2852         -DE/DX =    0.0                 !
 ! D30   D(7,4,5,18)            65.7758         -DE/DX =    0.0                 !
 ! D31   D(12,4,5,6)           169.3664         -DE/DX =    0.0                 !
 ! D32   D(12,4,5,18)           -8.5725         -DE/DX =    0.0                 !
 ! D33   D(3,4,7,10)           -77.5503         -DE/DX =    0.0                 !
 ! D34   D(3,4,7,11)            29.1481         -DE/DX =    0.0                 !
 ! D35   D(5,4,7,10)            49.5444         -DE/DX =    0.0                 !
 ! D36   D(5,4,7,11)           156.2428         -DE/DX =    0.0                 !
 ! D37   D(4,5,6,1)             -0.1804         -DE/DX =    0.0                 !
 ! D38   D(4,5,6,8)           -178.7682         -DE/DX =    0.0                 !
 ! D39   D(18,5,6,1)           177.7107         -DE/DX =    0.0                 !
 ! D40   D(18,5,6,8)            -0.8771         -DE/DX =    0.0                 !
 ! D41   D(4,5,18,19)           63.4162         -DE/DX =    0.0                 !
 ! D42   D(4,5,18,20)         -176.2653         -DE/DX =    0.0                 !
 ! D43   D(4,5,18,21)          -55.4664         -DE/DX =    0.0                 !
 ! D44   D(6,5,18,19)         -114.4562         -DE/DX =    0.0                 !
 ! D45   D(6,5,18,20)            5.8623         -DE/DX =    0.0                 !
 ! D46   D(6,5,18,21)          126.6612         -DE/DX =    0.0                 !
 ! D47   D(4,7,11,9)           -35.4702         -DE/DX =    0.0                 !
 ! D48   D(10,7,11,9)           51.4228         -DE/DX =    0.0                 !
 ! D49   D(12,7,11,9)          -62.6414         -DE/DX =    0.0                 !
 ! D50   D(3,9,11,7)            19.0912         -DE/DX =    0.0                 !
 --------------------------------------------------------------------------------
 GradGradGradGradGradGradGradGradGradGradGradGradGradGradGradGradGradGrad

                          Input orientation:                          
 ---------------------------------------------------------------------
 Center     Atomic      Atomic             Coordinates (Angstroms)
 Number     Number       Type             X           Y           Z
 ---------------------------------------------------------------------
      1          6           0       -1.773501   -0.069159    0.056423
      2          6           0       -0.981924   -1.197089   -0.104776
      3          6           0        0.399603   -1.064152   -0.297751
      4          6           0        0.975990    0.221380   -0.399561
      5          6           0        0.184694    1.370500   -0.197641
      6          6           0       -1.172734    1.210795    0.028465
      7          8           0        2.827804   -0.623741    1.004296
      8          1           0       -1.798098    2.087497    0.165615
      9          8           0        1.161190   -2.169334   -0.368392
     10          1           0        2.321181   -0.563758    1.829782
     11          1           0        2.035394   -1.891418   -0.006505
     12          1           0        1.995597    0.319773   -0.746156
     13          6           0       -3.258798   -0.190852    0.282573
     14          1           0       -3.575109   -1.234312    0.317821
     15          1           0       -3.554139    0.287081    1.221784
     16          1           0       -3.815748    0.305345   -0.518802
     17          1           0       -1.401728   -2.194305   -0.047394
     18          6           0        0.820954    2.735469   -0.278765
     19          1           0        1.208252    2.927087   -1.284674
     20          1           0        0.106064    3.524057   -0.037637
     21          1           0        1.665692    2.814447    0.411202
 ---------------------------------------------------------------------
                    Distance matrix (angstroms):
                    1          2          3          4          5
     1  C    0.000000
     2  C    1.387374   0.000000
     3  C    2.416161   1.401260   0.000000
     4  C    2.802148   2.435648   1.412508   0.000000
     5  C    2.443706   2.821726   2.446168   1.409751   0.000000
     6  C    1.414208   2.419105   2.784608   2.403989   1.385367
     7  O    4.730543   4.009090   2.790242   2.472703   3.522454
     8  H    2.159558   3.395255   3.870076   3.390779   2.139511
     9  O    3.633678   2.368057   1.344036   2.398079   3.676021
    10  H    4.489527   3.879965   2.910198   2.719550   3.523688
    11  H    4.222827   3.097734   1.856072   2.395985   3.755227
    12  H    3.873177   3.402627   2.159516   1.081392   2.164316
    13  C    1.507335   2.519268   3.805697   4.309138   3.811308
    14  H    2.161412   2.627657   4.025695   4.831788   4.602919
    15  H    2.157694   3.252508   4.445997   4.811979   4.143361
    16  H    2.154509   3.234081   4.437744   4.793956   4.152257
    17  H    2.159916   1.083497   2.141195   3.407799   3.904759
    18  C    3.835295   4.329625   3.822959   2.521759   1.508160
    19  H    4.434735   4.816416   4.190217   2.856260   2.156913
    20  H    4.056207   4.845354   4.604942   3.434449   2.160924
    21  H    4.502121   4.834100   4.141150   2.803038   2.156160
                    6          7          8          9         10
     6  C    0.000000
     7  O    4.508001   0.000000
     8  H    1.085586   5.427077   0.000000
     9  O    4.126738   2.655322   5.211829   0.000000
    10  H    4.312914   0.970408   5.173690   2.958956   0.000000
    11  H    4.462850   1.804615   5.527843   0.986120   2.283922
    12  H    3.381166   2.155660   4.283492   2.652281   2.742643
    13  C    2.526033   6.144510   2.708910   4.886148   5.802507
    14  H    3.440011   6.468488   3.770324   4.876236   6.123880
    15  H    2.819281   6.450278   2.727758   5.549501   5.967660
    16  H    2.846903   6.878940   2.777661   5.560267   6.628204
    17  H    3.413633   4.632674   4.305381   2.583063   4.476888
    18  C    2.528599   4.118007   2.734369   4.917407   4.193036
    19  H    3.215445   4.524457   3.441858   5.178349   4.808788
    20  H    2.644027   5.069292   2.393920   5.799776   5.010413
    21  H    3.282507   3.677418   3.547761   5.069552   3.722137
                   11         12         13         14         15
    11  H    0.000000
    12  H    2.331959   0.000000
    13  C    5.568120   5.378447   0.000000
    14  H    5.658155   5.880475   1.090919   0.000000
    15  H    6.123514   5.888414   1.094424   1.769810   0.000000
    16  H    6.270891   5.815808   1.094809   1.768726   1.760231
    17  H    3.450684   4.283768   2.751620   2.403861   3.521499
    18  C    4.791354   2.726505   5.052012   5.953188   5.233324
    19  H    5.053303   2.776329   5.668539   6.539554   5.994357
    20  H    5.748970   3.786790   5.022487   6.026563   5.045913
    21  H    4.738810   2.769786   5.770525   6.623229   5.855873
                   16         17         18         19         20
    16  H    0.000000
    17  H    3.506845   0.000000
    18  C    5.240431   5.412625   0.000000
    19  H    5.718449   5.879754   1.094792   0.000000
    20  H    5.096296   5.913814   1.091367   1.768132   0.000000
    21  H    6.099727   5.891262   1.093560   1.760094   1.771283
                   21
    21  H    0.000000
 Stoichiometry    C8H11O2(2)
 Framework group  C1[X(C8H11O2)]
 Deg. of freedom    57
 Full point group                 C1      NOp   1
 Largest Abelian subgroup         C1      NOp   1
 Largest concise Abelian subgroup C1      NOp   1
                         Standard orientation:                         
 ---------------------------------------------------------------------
 Center     Atomic      Atomic             Coordinates (Angstroms)
 Number     Number       Type             X           Y           Z
 ---------------------------------------------------------------------
      1          6           0       -1.714725   -0.355995    0.090863
      2          6           0       -0.773131   -1.348100   -0.141379
      3          6           0        0.566559   -1.005912   -0.368685
      4          6           0        0.945187    0.353419   -0.432240
      5          6           0        0.002207    1.364961   -0.158435
      6          6           0       -1.308587    0.998608    0.100112
      7          8           0        2.948653   -0.262461    0.879658
      8          1           0       -2.050024    1.767799    0.292760
      9          8           0        1.478361   -1.983389   -0.508644
     10          1           0        2.467991   -0.309143    1.721368
     11          1           0        2.314791   -1.593701   -0.160849
     12          1           0        1.926709    0.613996   -0.803887
     13          6           0       -3.157485   -0.703612    0.354805
     14          1           0       -3.316656   -1.782857    0.354648
     15          1           0       -3.486276   -0.310410    1.321786
     16          1           0       -3.808682   -0.264776   -0.408066
     17          1           0       -1.040596   -2.397720   -0.114439
     18          6           0        0.429159    2.810837   -0.199683
     19          1           0        0.748788    3.095472   -1.207348
     20          1           0       -0.384277    3.475806    0.095649
     21          1           0        1.277012    2.987101    0.468112
 ---------------------------------------------------------------------
 Rotational constants (GHZ):           1.6185752           1.0863603           0.7055720

 **********************************************************************

            Population analysis using the SCF density.

 **********************************************************************

 Orbital symmetries:
 Alpha Orbitals:
       Occupied  (A) (A) (A) (A) (A) (A) (A) (A) (A) (A) (A) (A)
                 (A) (A) (A) (A) (A) (A) (A) (A) (A) (A) (A) (A)
                 (A) (A) (A) (A) (A) (A) (A) (A) (A) (A) (A) (A)
                 (A) (A)
       Virtual   (A) (A) (A) (A) (A) (A) (A) (A) (A) (A) (A) (A)
                 (A) (A) (A) (A) (A) (A) (A) (A) (A) (A) (A) (A)
                 (A) (A) (A) (A) (A) (A) (A) (A) (A) (A) (A) (A)
                 (A) (A) (A) (A) (A) (A) (A) (A) (A) (A) (A) (A)
                 (A) (A) (A) (A) (A) (A) (A) (A) (A) (A) (A) (A)
                 (A) (A) (A) (A) (A) (A) (A) (A) (A) (A) (A) (A)
                 (A) (A) (A) (A) (A) (A) (A) (A) (A) (A) (A) (A)
                 (A) (A) (A) (A) (A) (A) (A) (A) (A) (A) (A) (A)
                 (A) (A) (A) (A) (A) (A) (A) (A) (A) (A) (A) (A)
                 (A) (A) (A) (A) (A) (A) (A) (A) (A) (A) (A) (A)
                 (A) (A) (A) (A) (A) (A) (A) (A) (A) (A) (A) (A)
                 (A) (A) (A) (A) (A) (A) (A) (A) (A) (A) (A) (A)
                 (A) (A) (A) (A) (A) (A) (A) (A) (A) (A) (A) (A)
                 (A) (A) (A) (A) (A) (A) (A) (A) (A) (A) (A) (A)
                 (A) (A) (A) (A) (A) (A) (A) (A) (A) (A) (A) (A)
                 (A) (A) (A) (A) (A) (A) (A) (A) (A) (A) (A) (A)
                 (A) (A) (A) (A) (A) (A) (A) (A) (A) (A) (A) (A)
                 (A) (A) (A) (A)
 Beta  Orbitals:
       Occupied  (A) (A) (A) (A) (A) (A) (A) (A) (A) (A) (A) (A)
                 (A) (A) (A) (A) (A) (A) (A) (A) (A) (A) (A) (A)
                 (A) (A) (A) (A) (A) (A) (A) (A) (A) (A) (A) (A)
                 (A)
       Virtual   (A) (A) (A) (A) (A) (A) (A) (A) (A) (A) (A) (A)
                 (A) (A) (A) (A) (A) (A) (A) (A) (A) (A) (A) (A)
                 (A) (A) (A) (A) (A) (A) (A) (A) (A) (A) (A) (A)
                 (A) (A) (A) (A) (A) (A) (A) (A) (A) (A) (A) (A)
                 (A) (A) (A) (A) (A) (A) (A) (A) (A) (A) (A) (A)
                 (A) (A) (A) (A) (A) (A) (A) (A) (A) (A) (A) (A)
                 (A) (A) (A) (A) (A) (A) (A) (A) (A) (A) (A) (A)
                 (A) (A) (A) (A) (A) (A) (A) (A) (A) (A) (A) (A)
                 (A) (A) (A) (A) (A) (A) (A) (A) (A) (A) (A) (A)
                 (A) (A) (A) (A) (A) (A) (A) (A) (A) (A) (A) (A)
                 (A) (A) (A) (A) (A) (A) (A) (A) (A) (A) (A) (A)
                 (A) (A) (A) (A) (A) (A) (A) (A) (A) (A) (A) (A)
                 (A) (A) (A) (A) (A) (A) (A) (A) (A) (A) (A) (A)
                 (A) (A) (A) (A) (A) (A) (A) (A) (A) (A) (A) (A)
                 (A) (A) (A) (A) (A) (A) (A) (A) (A) (A) (A) (A)
                 (A) (A) (A) (A) (A) (A) (A) (A) (A) (A) (A) (A)
                 (A) (A) (A) (A) (A) (A) (A) (A) (A) (A) (A) (A)
                 (A) (A) (A) (A) (A)
 The electronic state is 2-A.
 Alpha  occ. eigenvalues --  -19.13751 -19.13157 -10.24740 -10.20138 -10.19578
 Alpha  occ. eigenvalues --  -10.18519 -10.17823 -10.17669 -10.17462 -10.17294
 Alpha  occ. eigenvalues --   -1.06306  -0.97038  -0.87074  -0.79735  -0.76218
 Alpha  occ. eigenvalues --   -0.70296  -0.69851  -0.61418  -0.59039  -0.53299
 Alpha  occ. eigenvalues --   -0.51157  -0.48870  -0.44671  -0.44437  -0.43359
 Alpha  occ. eigenvalues --   -0.42603  -0.42170  -0.41674  -0.40876  -0.40101
 Alpha  occ. eigenvalues --   -0.37304  -0.36859  -0.34927  -0.34310  -0.32338
 Alpha  occ. eigenvalues --   -0.30347  -0.25273  -0.23202
 Alpha virt. eigenvalues --   -0.02132  -0.00824   0.03752   0.05066   0.06152
 Alpha virt. eigenvalues --    0.07987   0.08665   0.09306   0.11265   0.12002
 Alpha virt. eigenvalues --    0.12656   0.13195   0.14038   0.16794   0.20110
 Alpha virt. eigenvalues --    0.20835   0.23628   0.25833   0.27082   0.28709
 Alpha virt. eigenvalues --    0.29774   0.30657   0.31298   0.33814   0.35840
 Alpha virt. eigenvalues --    0.36429   0.37787   0.39101   0.39897   0.41458
 Alpha virt. eigenvalues --    0.42984   0.44303   0.44775   0.46892   0.47486
 Alpha virt. eigenvalues --    0.48342   0.50270   0.50846   0.52743   0.53596
 Alpha virt. eigenvalues --    0.53945   0.55801   0.56443   0.56773   0.59338
 Alpha virt. eigenvalues --    0.59661   0.61002   0.61526   0.62933   0.63888
 Alpha virt. eigenvalues --    0.64270   0.66568   0.66979   0.69461   0.74731
 Alpha virt. eigenvalues --    0.77520   0.77723   0.82014   0.82777   0.83958
 Alpha virt. eigenvalues --    0.84561   0.86152   0.87463   0.88780   0.92002
 Alpha virt. eigenvalues --    0.92455   0.94055   0.95413   0.98079   0.99228
 Alpha virt. eigenvalues --    1.00192   1.01944   1.05297   1.08270   1.10989
 Alpha virt. eigenvalues --    1.13025   1.17795   1.19371   1.28763   1.30660
 Alpha virt. eigenvalues --    1.32553   1.34229   1.36099   1.37169   1.38202
 Alpha virt. eigenvalues --    1.39947   1.42153   1.44395   1.44708   1.45729
 Alpha virt. eigenvalues --    1.47104   1.48407   1.49159   1.50196   1.50551
 Alpha virt. eigenvalues --    1.54161   1.56441   1.56767   1.58410   1.58850
 Alpha virt. eigenvalues --    1.59172   1.63212   1.64274   1.67312   1.68211
 Alpha virt. eigenvalues --    1.68891   1.72110   1.75455   1.77049   1.78811
 Alpha virt. eigenvalues --    1.80880   1.83663   1.88849   1.90800   1.91949
 Alpha virt. eigenvalues --    1.92287   1.94261   1.95811   1.97193   1.98732
 Alpha virt. eigenvalues --    2.00146   2.02216   2.06551   2.07997   2.08656
 Alpha virt. eigenvalues --    2.11806   2.12857   2.18614   2.20750   2.24816
 Alpha virt. eigenvalues --    2.28974   2.30304   2.34824   2.35397   2.36708
 Alpha virt. eigenvalues --    2.37887   2.40841   2.42229   2.43962   2.46017
 Alpha virt. eigenvalues --    2.48005   2.49922   2.51278   2.51869   2.54773
 Alpha virt. eigenvalues --    2.55020   2.55941   2.60027   2.61960   2.64170
 Alpha virt. eigenvalues --    2.65155   2.67697   2.69680   2.74248   2.75148
 Alpha virt. eigenvalues --    2.78870   2.81472   2.84202   2.85216   2.87185
 Alpha virt. eigenvalues --    2.90296   2.91558   2.94250   3.01151   3.04069
 Alpha virt. eigenvalues --    3.09176   3.10117   3.11009   3.12928   3.15276
 Alpha virt. eigenvalues --    3.18821   3.19245   3.23293   3.32385   3.36822
 Alpha virt. eigenvalues --    3.44270   3.51928   3.57601   3.59148   3.62970
 Alpha virt. eigenvalues --    3.76136   3.77307   3.77901   3.79005   3.80651
 Alpha virt. eigenvalues --    3.82902   4.02038   4.08014   4.09990   4.30164
 Alpha virt. eigenvalues --    4.32891   4.80104   4.83149   4.85517   4.90734
 Alpha virt. eigenvalues --    5.34616   5.42400   5.71214  23.49022  23.84920
 Alpha virt. eigenvalues --   23.87732  23.92565  23.93315  24.02441  24.08526
 Alpha virt. eigenvalues --   24.14693  49.77778  49.92929
  Beta  occ. eigenvalues --  -19.13644 -19.11241 -10.24619 -10.20020 -10.19560
  Beta  occ. eigenvalues --  -10.18326 -10.17826 -10.17624 -10.17462 -10.17336
  Beta  occ. eigenvalues --   -1.06048  -0.92143  -0.86808  -0.79552  -0.75952
  Beta  occ. eigenvalues --   -0.70205  -0.69654  -0.61239  -0.58858  -0.53103
  Beta  occ. eigenvalues --   -0.50934  -0.48751  -0.44237  -0.43305  -0.43048
  Beta  occ. eigenvalues --   -0.42472  -0.42019  -0.41082  -0.40577  -0.39749
  Beta  occ. eigenvalues --   -0.37119  -0.36227  -0.34445  -0.31945  -0.28519
  Beta  occ. eigenvalues --   -0.25702  -0.23405
  Beta virt. eigenvalues --   -0.14994  -0.01103  -0.00205   0.03883   0.05229
  Beta virt. eigenvalues --    0.06352   0.08023   0.08695   0.09474   0.11406
  Beta virt. eigenvalues --    0.12128   0.12802   0.13216   0.14115   0.17237
  Beta virt. eigenvalues --    0.20207   0.20960   0.23842   0.25965   0.27150
  Beta virt. eigenvalues --    0.28765   0.29837   0.30707   0.31381   0.33966
  Beta virt. eigenvalues --    0.35962   0.36526   0.37997   0.39386   0.40135
  Beta virt. eigenvalues --    0.41707   0.43210   0.44447   0.44875   0.47084
  Beta virt. eigenvalues --    0.47726   0.48516   0.50474   0.51318   0.52827
  Beta virt. eigenvalues --    0.53805   0.54064   0.55940   0.56517   0.56813
  Beta virt. eigenvalues --    0.59500   0.59734   0.61087   0.61636   0.63110
  Beta virt. eigenvalues --    0.64096   0.65075   0.66726   0.67092   0.69623
  Beta virt. eigenvalues --    0.74983   0.77897   0.78366   0.82289   0.83133
  Beta virt. eigenvalues --    0.84218   0.85680   0.86461   0.87978   0.89989
  Beta virt. eigenvalues --    0.92225   0.92871   0.94461   0.95916   0.98428
  Beta virt. eigenvalues --    0.99350   1.00520   1.02335   1.05532   1.08606
  Beta virt. eigenvalues --    1.11377   1.13447   1.18200   1.19728   1.29552
  Beta virt. eigenvalues --    1.30758   1.32808   1.34359   1.36215   1.37202
  Beta virt. eigenvalues --    1.38555   1.40348   1.42361   1.44447   1.44756
  Beta virt. eigenvalues --    1.45872   1.47373   1.48678   1.49257   1.50389
  Beta virt. eigenvalues --    1.50642   1.54273   1.56509   1.56866   1.58611
  Beta virt. eigenvalues --    1.59035   1.59294   1.63380   1.64435   1.67491
  Beta virt. eigenvalues --    1.68363   1.69010   1.72313   1.75627   1.77138
  Beta virt. eigenvalues --    1.78954   1.80944   1.83777   1.89061   1.90979
  Beta virt. eigenvalues --    1.92098   1.92577   1.94467   1.96025   1.97788
  Beta virt. eigenvalues --    1.98923   2.00365   2.02393   2.06712   2.08147
  Beta virt. eigenvalues --    2.08968   2.11904   2.12909   2.18711   2.20860
  Beta virt. eigenvalues --    2.25036   2.29069   2.30425   2.34915   2.35437
  Beta virt. eigenvalues --    2.36797   2.38000   2.40992   2.42290   2.44027
  Beta virt. eigenvalues --    2.46138   2.48062   2.50294   2.51349   2.51983
  Beta virt. eigenvalues --    2.54958   2.55143   2.56141   2.60287   2.62023
  Beta virt. eigenvalues --    2.64339   2.65219   2.67953   2.69784   2.74497
  Beta virt. eigenvalues --    2.75737   2.79781   2.81847   2.85183   2.86985
  Beta virt. eigenvalues --    2.88868   2.90410   2.93078   2.95131   3.02705
  Beta virt. eigenvalues --    3.04546   3.10814   3.11255   3.13592   3.15693
  Beta virt. eigenvalues --    3.16157   3.18979   3.19399   3.23658   3.32628
  Beta virt. eigenvalues --    3.37030   3.44481   3.52086   3.57761   3.59259
  Beta virt. eigenvalues --    3.63105   3.77360   3.77772   3.78150   3.79125
  Beta virt. eigenvalues --    3.80745   3.82987   4.02191   4.08217   4.10168
  Beta virt. eigenvalues --    4.30281   4.33001   4.80959   4.84923   4.88880
  Beta virt. eigenvalues --    4.95199   5.34890   5.44118   5.71354  23.49111
  Beta virt. eigenvalues --   23.84975  23.87841  23.92576  23.93350  24.02608
  Beta virt. eigenvalues --   24.08547  24.14743  49.79679  49.93073
          Condensed to atoms (all electrons):
               1          2          3          4          5          6
     1  C    5.041862   0.519469  -0.038750  -0.047287  -0.036744   0.484914
     2  C    0.519469   4.883951   0.501743  -0.046872  -0.039608  -0.055816
     3  C   -0.038750   0.501743   4.794631   0.386956  -0.012767  -0.043605
     4  C   -0.047287  -0.046872   0.386956   5.244676   0.333538  -0.052223
     5  C   -0.036744  -0.039608  -0.012767   0.333538   5.118902   0.550422
     6  C    0.484914  -0.055816  -0.043605  -0.052223   0.550422   4.861559
     7  O   -0.000227   0.001170   0.004811   0.011494  -0.002606   0.000312
     8  H   -0.051005   0.007706  -0.000895   0.010160  -0.040772   0.419384
     9  O    0.004108  -0.056363   0.351835  -0.065027   0.007960   0.000210
    10  H   -0.000078  -0.000292   0.005289  -0.002177  -0.000760   0.000189
    11  H   -0.000056   0.003846  -0.047564  -0.012432   0.001248  -0.000265
    12  H   -0.000275   0.005422  -0.045281   0.412413  -0.027729   0.006076
    13  C    0.359172  -0.054981   0.007192  -0.000478   0.005760  -0.060765
    14  H   -0.034058  -0.006486   0.000784  -0.000116  -0.000261   0.006319
    15  H   -0.036770   0.000913  -0.000423   0.000099   0.000207  -0.003946
    16  H   -0.036509   0.000937  -0.000422   0.000098   0.000149  -0.004610
    17  H   -0.038361   0.404328  -0.043482   0.011863  -0.002178   0.009114
    18  C    0.007073  -0.000026   0.003345  -0.050235   0.352104  -0.056314
    19  H   -0.000277   0.000013   0.000274  -0.003165  -0.036261  -0.000308
    20  H    0.000722  -0.000007  -0.000201   0.006682  -0.035395  -0.008156
    21  H   -0.000482   0.000150  -0.000198  -0.006783  -0.034549   0.002844
               7          8          9         10         11         12
     1  C   -0.000227  -0.051005   0.004108  -0.000078  -0.000056  -0.000275
     2  C    0.001170   0.007706  -0.056363  -0.000292   0.003846   0.005422
     3  C    0.004811  -0.000895   0.351835   0.005289  -0.047564  -0.045281
     4  C    0.011494   0.010160  -0.065027  -0.002177  -0.012432   0.412413
     5  C   -0.002606  -0.040772   0.007960  -0.000760   0.001248  -0.027729
     6  C    0.000312   0.419384   0.000210   0.000189  -0.000265   0.006076
     7  O    8.093690   0.000008  -0.031674   0.262158   0.069672   0.011930
     8  H    0.000008   0.584800   0.000011  -0.000008  -0.000009  -0.000263
     9  O   -0.031674   0.000011   7.815423   0.003361   0.315582   0.000734
    10  H    0.262158  -0.000008   0.003361   0.493725  -0.010180  -0.002276
    11  H    0.069672  -0.000009   0.315582  -0.010180   0.420724  -0.001167
    12  H    0.011930  -0.000263   0.000734  -0.002276  -0.001167   0.498457
    13  C    0.000000  -0.004451  -0.000104  -0.000001   0.000026   0.000039
    14  H    0.000000  -0.000025  -0.000029   0.000000   0.000001  -0.000002
    15  H    0.000000   0.001232   0.000005   0.000001  -0.000003  -0.000004
    16  H    0.000000   0.001210   0.000003   0.000000   0.000000   0.000001
    17  H    0.000054  -0.000261   0.006174  -0.000007  -0.000486  -0.000346
    18  C   -0.000878  -0.010637  -0.000107   0.000082   0.000085  -0.003905
    19  H   -0.000101   0.000025  -0.000007   0.000034   0.000011   0.000591
    20  H   -0.000019   0.003969   0.000002   0.000000   0.000003   0.000003
    21  H    0.002105   0.000201   0.000013  -0.000034  -0.000144   0.002120
              13         14         15         16         17         18
     1  C    0.359172  -0.034058  -0.036770  -0.036509  -0.038361   0.007073
     2  C   -0.054981  -0.006486   0.000913   0.000937   0.404328  -0.000026
     3  C    0.007192   0.000784  -0.000423  -0.000422  -0.043482   0.003345
     4  C   -0.000478  -0.000116   0.000099   0.000098   0.011863  -0.050235
     5  C    0.005760  -0.000261   0.000207   0.000149  -0.002178   0.352104
     6  C   -0.060765   0.006319  -0.003946  -0.004610   0.009114  -0.056314
     7  O    0.000000   0.000000   0.000000   0.000000   0.000054  -0.000878
     8  H   -0.004451  -0.000025   0.001232   0.001210  -0.000261  -0.010637
     9  O   -0.000104  -0.000029   0.000005   0.000003   0.006174  -0.000107
    10  H   -0.000001   0.000000   0.000001   0.000000  -0.000007   0.000082
    11  H    0.000026   0.000001  -0.000003   0.000000  -0.000486   0.000085
    12  H    0.000039  -0.000002  -0.000004   0.000001  -0.000346  -0.003905
    13  C    4.805344   0.408239   0.402298   0.401463  -0.011219  -0.000234
    14  H    0.408239   0.562338  -0.026284  -0.025797   0.002906   0.000013
    15  H    0.402298  -0.026284   0.566291  -0.029464   0.000197  -0.000012
    16  H    0.401463  -0.025797  -0.029464   0.564264   0.000297  -0.000002
    17  H   -0.011219   0.002906   0.000197   0.000297   0.564477   0.000051
    18  C   -0.000234   0.000013  -0.000012  -0.000002   0.000051   4.802967
    19  H    0.000015  -0.000001   0.000003  -0.000005  -0.000003   0.400716
    20  H   -0.000035   0.000002  -0.000004   0.000000  -0.000004   0.408550
    21  H    0.000016  -0.000001  -0.000002   0.000001  -0.000001   0.400884
              19         20         21
     1  C   -0.000277   0.000722  -0.000482
     2  C    0.000013  -0.000007   0.000150
     3  C    0.000274  -0.000201  -0.000198
     4  C   -0.003165   0.006682  -0.006783
     5  C   -0.036261  -0.035395  -0.034549
     6  C   -0.000308  -0.008156   0.002844
     7  O   -0.000101  -0.000019   0.002105
     8  H    0.000025   0.003969   0.000201
     9  O   -0.000007   0.000002   0.000013
    10  H    0.000034   0.000000  -0.000034
    11  H    0.000011   0.000003  -0.000144
    12  H    0.000591   0.000003   0.002120
    13  C    0.000015  -0.000035   0.000016
    14  H   -0.000001   0.000002  -0.000001
    15  H    0.000003  -0.000004  -0.000002
    16  H   -0.000005   0.000000   0.000001
    17  H   -0.000003  -0.000004  -0.000001
    18  C    0.400716   0.408550   0.400884
    19  H    0.567349  -0.026254  -0.029512
    20  H   -0.026254   0.570401  -0.026983
    21  H   -0.029512  -0.026983   0.561590
          Atomic-Atomic Spin Densities.
               1          2          3          4          5          6
     1  C    0.088906  -0.005875  -0.002328  -0.006264  -0.001027   0.015988
     2  C   -0.005875  -0.039418   0.008515   0.002619  -0.000417  -0.000525
     3  C   -0.002328   0.008515   0.083755   0.010711   0.002520  -0.002472
     4  C   -0.006264   0.002619   0.010711   0.093589   0.011795   0.001179
     5  C   -0.001027  -0.000417   0.002520   0.011795   0.023181  -0.018548
     6  C    0.015988  -0.000525  -0.002472   0.001179  -0.018548   0.035747
     7  O   -0.000007   0.000046  -0.008011  -0.039736  -0.002862   0.000302
     8  H   -0.000583   0.000168  -0.000171   0.000525  -0.000651   0.000871
     9  O   -0.000013   0.000132  -0.017397   0.000714  -0.000065   0.000046
    10  H   -0.000043   0.000077   0.000485   0.001673   0.000283  -0.000102
    11  H   -0.000085   0.000259   0.000368   0.002889   0.000103  -0.000011
    12  H    0.000119  -0.000439   0.002837   0.003837   0.000999  -0.000391
    13  C   -0.003156  -0.000013   0.000198  -0.000188   0.000262  -0.001116
    14  H   -0.000160   0.000036   0.000019  -0.000006   0.000003  -0.000030
    15  H   -0.001308  -0.000221   0.000107  -0.000073   0.000144  -0.000856
    16  H   -0.002317   0.000468  -0.000099   0.000112  -0.000085   0.000025
    17  H   -0.000291   0.000217  -0.000551   0.000372  -0.000172   0.000176
    18  C    0.000120  -0.000043  -0.000024  -0.001536  -0.002054   0.001292
    19  H    0.000034  -0.000008   0.000018  -0.000549  -0.000385   0.000247
    20  H    0.000005   0.000005  -0.000007  -0.000031  -0.000064   0.000063
    21  H    0.000008  -0.000011  -0.000011  -0.000724   0.000027   0.000070
               7          8          9         10         11         12
     1  C   -0.000007  -0.000583  -0.000013  -0.000043  -0.000085   0.000119
     2  C    0.000046   0.000168   0.000132   0.000077   0.000259  -0.000439
     3  C   -0.008011  -0.000171  -0.017397   0.000485   0.000368   0.002837
     4  C   -0.039736   0.000525   0.000714   0.001673   0.002889   0.003837
     5  C   -0.002862  -0.000651  -0.000065   0.000283   0.000103   0.000999
     6  C    0.000302   0.000871   0.000046  -0.000102  -0.000011  -0.000391
     7  O    0.789590   0.000007   0.002485   0.000655  -0.007809  -0.006963
     8  H    0.000007  -0.001401   0.000000  -0.000003  -0.000002   0.000000
     9  O    0.002485   0.000000   0.048697  -0.000514   0.003352  -0.000170
    10  H    0.000655  -0.000003  -0.000514  -0.021424   0.001152   0.000567
    11  H   -0.007809  -0.000002   0.003352   0.001152  -0.006380   0.000966
    12  H   -0.006963   0.000000  -0.000170   0.000567   0.000966   0.001487
    13  C    0.000000  -0.000139   0.000000   0.000001   0.000003  -0.000001
    14  H    0.000000  -0.000006   0.000000   0.000000   0.000000   0.000000
    15  H    0.000000  -0.000251   0.000000   0.000001   0.000001  -0.000001
    16  H    0.000000   0.000252   0.000000   0.000000  -0.000001   0.000002
    17  H    0.000032   0.000015   0.000109  -0.000013  -0.000041   0.000006
    18  C    0.000007  -0.000005   0.000003  -0.000036  -0.000004   0.000632
    19  H   -0.000035  -0.000035   0.000002   0.000002   0.000002  -0.000004
    20  H   -0.000001  -0.000053   0.000000   0.000000   0.000000   0.000019
    21  H    0.000166   0.000045   0.000000  -0.000029   0.000017  -0.000306
              13         14         15         16         17         18
     1  C   -0.003156  -0.000160  -0.001308  -0.002317  -0.000291   0.000120
     2  C   -0.000013   0.000036  -0.000221   0.000468   0.000217  -0.000043
     3  C    0.000198   0.000019   0.000107  -0.000099  -0.000551  -0.000024
     4  C   -0.000188  -0.000006  -0.000073   0.000112   0.000372  -0.001536
     5  C    0.000262   0.000003   0.000144  -0.000085  -0.000172  -0.002054
     6  C   -0.001116  -0.000030  -0.000856   0.000025   0.000176   0.001292
     7  O    0.000000   0.000000   0.000000   0.000000   0.000032   0.000007
     8  H   -0.000139  -0.000006  -0.000251   0.000252   0.000015  -0.000005
     9  O    0.000000   0.000000   0.000000   0.000000   0.000109   0.000003
    10  H    0.000001   0.000000   0.000001   0.000000  -0.000013  -0.000036
    11  H    0.000003   0.000000   0.000001  -0.000001  -0.000041  -0.000004
    12  H   -0.000001   0.000000  -0.000001   0.000002   0.000006   0.000632
    13  C   -0.004785   0.000340   0.002073   0.000876  -0.000077   0.000004
    14  H    0.000340  -0.000098   0.000080  -0.000154  -0.000044   0.000000
    15  H    0.002073   0.000080   0.005279  -0.001344  -0.000071   0.000003
    16  H    0.000876  -0.000154  -0.001344   0.006895   0.000084  -0.000005
    17  H   -0.000077  -0.000044  -0.000071   0.000084   0.001596  -0.000003
    18  C    0.000004   0.000000   0.000003  -0.000005  -0.000003  -0.000306
    19  H    0.000001   0.000000   0.000000  -0.000001   0.000000   0.001204
    20  H    0.000000   0.000000   0.000001  -0.000001   0.000000   0.000099
    21  H   -0.000001   0.000000  -0.000001   0.000001   0.000001   0.000542
              19         20         21
     1  C    0.000034   0.000005   0.000008
     2  C   -0.000008   0.000005  -0.000011
     3  C    0.000018  -0.000007  -0.000011
     4  C   -0.000549  -0.000031  -0.000724
     5  C   -0.000385  -0.000064   0.000027
     6  C    0.000247   0.000063   0.000070
     7  O   -0.000035  -0.000001   0.000166
     8  H   -0.000035  -0.000053   0.000045
     9  O    0.000002   0.000000   0.000000
    10  H    0.000002   0.000000  -0.000029
    11  H    0.000002   0.000000   0.000017
    12  H   -0.000004   0.000019  -0.000306
    13  C    0.000001   0.000000  -0.000001
    14  H    0.000000   0.000000   0.000000
    15  H    0.000000   0.000001  -0.000001
    16  H   -0.000001  -0.000001   0.000001
    17  H    0.000000   0.000000   0.000001
    18  C    0.001204   0.000099   0.000542
    19  H    0.000211   0.000003  -0.000088
    20  H    0.000003  -0.000387   0.000094
    21  H   -0.000088   0.000094  -0.000068
 Mulliken charges and spin densities:
               1          2
     1  C   -0.096439   0.081725
     2  C   -0.069198  -0.034425
     3  C    0.176728   0.078462
     4  C   -0.131183   0.080909
     5  C   -0.100661   0.012986
     6  C   -0.055338   0.031956
     7  O   -0.421899   0.727865
     8  H    0.079620  -0.001417
     9  O   -0.352111   0.037379
    10  H    0.250973  -0.017268
    11  H    0.261106  -0.005221
    12  H    0.143463   0.003197
    13  C   -0.257294  -0.005720
    14  H    0.112459  -0.000019
    15  H    0.125665   0.003563
    16  H    0.128388   0.004706
    17  H    0.096887   0.001343
    18  C   -0.253519  -0.000111
    19  H    0.126862   0.000619
    20  H    0.106725  -0.000258
    21  H    0.128766  -0.000270
 Sum of Mulliken charges =   0.00000   1.00000
 Mulliken charges and spin densities with hydrogens summed into heavy atoms:
               1          2
     1  C   -0.096439   0.081725
     2  C    0.027689  -0.033083
     3  C    0.176728   0.078462
     4  C    0.012280   0.084105
     5  C   -0.100661   0.012986
     6  C    0.024282   0.030538
     7  O   -0.170926   0.710598
     9  O   -0.091005   0.032158
    13  C    0.109218   0.002531
    18  C    0.108834  -0.000020
 Electronic spatial extent (au):  <R**2>=           1670.0670
 Charge=              0.0000 electrons
 Dipole moment (field-independent basis, Debye):
    X=             -2.4850    Y=              1.4001    Z=              0.9663  Tot=              3.0115
 Quadrupole moment (field-independent basis, Debye-Ang):
   XX=            -61.4471   YY=            -59.4841   ZZ=            -59.5465
   XY=              1.6207   XZ=             -0.3313   YZ=             -2.0991
 Traceless Quadrupole moment (field-independent basis, Debye-Ang):
   XX=             -1.2879   YY=              0.6751   ZZ=              0.6128
   XY=              1.6207   XZ=             -0.3313   YZ=             -2.0991
 Octapole moment (field-independent basis, Debye-Ang**2):
  XXX=            -15.4811  YYY=              4.2122  ZZZ=             10.8223  XYY=             -0.4710
  XXY=             -6.3779  XXZ=              0.4079  XZZ=             14.0766  YZZ=             -2.2674
  YYZ=              3.6464  XYZ=             -4.3142
 Hexadecapole moment (field-independent basis, Debye-Ang**3):
 XXXX=          -1247.6153 YYYY=           -837.7887 ZZZZ=           -130.7282 XXXY=            -31.4744
 XXXZ=            -11.1609 YYYX=              3.6611 YYYZ=             -5.5666 ZZZX=             23.8209
 ZZZY=             -3.4286 XXYY=           -327.2710 XXZZ=           -208.0724 YYZZ=           -168.5770
 XXYZ=             -4.8880 YYXZ=              5.1268 ZZXY=             -5.9842
 N-N= 5.133918696940D+02 E-N=-2.105095592878D+03  KE= 4.602207516368D+02
                          Isotropic Fermi Contact Couplings
        Atom                 a.u.       MegaHertz       Gauss      10(-4) cm-1
     1  C(13)              0.00403       4.52711       1.61538       1.51008
     2  C(13)             -0.00482      -5.42227      -1.93480      -1.80867
     3  C(13)              0.00086       0.96376       0.34389       0.32147
     4  C(13)              0.01897      21.32202       7.60823       7.11226
     5  C(13)             -0.00190      -2.13915      -0.76330      -0.71354
     6  C(13)              0.00012       0.13029       0.04649       0.04346
     7  O(17)              0.05909     -35.81929     -12.78121     -11.94803
     8  H(1)              -0.00034      -1.54141      -0.55001      -0.51416
     9  O(17)              0.00260      -1.57716      -0.56277      -0.52608
    10  H(1)              -0.01072     -47.89736     -17.09097     -15.97684
    11  H(1)               0.00003       0.11186       0.03991       0.03731
    12  H(1)               0.00592      26.47911       9.44840       8.83248
    13  C(13)             -0.00251      -2.82711      -1.00878      -0.94302
    14  H(1)               0.00000       0.01830       0.00653       0.00610
    15  H(1)               0.00212       9.49344       3.38750       3.16667
    16  H(1)               0.00255      11.40315       4.06893       3.80368
    17  H(1)               0.00026       1.14718       0.40934       0.38266
    18  C(13)             -0.00054      -0.60146      -0.21462      -0.20063
    19  H(1)               0.00065       2.88964       1.03110       0.96388
    20  H(1)              -0.00008      -0.34802      -0.12418      -0.11609
    21  H(1)               0.00029       1.30842       0.46688       0.43644
 --------------------------------------------------------
       Center         ----  Spin Dipole Couplings  ----
                      3XX-RR        3YY-RR        3ZZ-RR
 --------------------------------------------------------
     1   Atom       -0.038364     -0.048885      0.087250
     2   Atom        0.020479      0.012056     -0.032535
     3   Atom       -0.047983     -0.053190      0.101173
     4   Atom        0.034024     -0.080914      0.046889
     5   Atom       -0.010777     -0.009693      0.020470
     6   Atom       -0.019401     -0.020482      0.039883
     7   Atom        1.276955     -0.586575     -0.690380
     8   Atom       -0.000121      0.002182     -0.002061
     9   Atom       -0.086489     -0.083111      0.169600
    10   Atom       -0.006683     -0.083010      0.089693
    11   Atom       -0.004702      0.008627     -0.003925
    12   Atom        0.002400     -0.012784      0.010384
    13   Atom        0.001145     -0.003218      0.002073
    14   Atom        0.001046      0.000167     -0.001212
    15   Atom        0.001966     -0.001365     -0.000602
    16   Atom        0.002557     -0.001244     -0.001313
    17   Atom        0.003088     -0.000299     -0.002789
    18   Atom       -0.001856      0.003414     -0.001558
    19   Atom       -0.001321      0.002495     -0.001174
    20   Atom       -0.000318      0.001815     -0.001497
    21   Atom       -0.001492      0.004483     -0.002990
 --------------------------------------------------------
                        XY            XZ            YZ
 --------------------------------------------------------
     1   Atom       -0.001592      0.031265     -0.013499
     2   Atom        0.001927     -0.003818      0.001625
     3   Atom        0.002429      0.027747      0.001889
     4   Atom        0.004875      0.132830      0.005586
     5   Atom       -0.005211     -0.008167      0.005066
     6   Atom       -0.000910     -0.002646     -0.006081
     7   Atom       -1.546807      1.438910     -0.804565
     8   Atom       -0.004429     -0.000267      0.000316
     9   Atom        0.010118     -0.057729     -0.049375
    10   Atom       -0.015595     -0.072017     -0.023676
    11   Atom        0.011458      0.010512      0.019822
    12   Atom       -0.000242     -0.005779     -0.013323
    13   Atom        0.001559      0.001370     -0.000408
    14   Atom        0.001539     -0.000083     -0.000173
    15   Atom        0.000262     -0.001629      0.000222
    16   Atom        0.000182      0.000726     -0.000357
    17   Atom        0.001835     -0.000014      0.000421
    18   Atom       -0.002470      0.000794     -0.001594
    19   Atom       -0.000922      0.000526     -0.001892
    20   Atom       -0.001474      0.000114      0.000006
    21   Atom       -0.001688      0.000580      0.000327
 --------------------------------------------------------


 ---------------------------------------------------------------------------------
              Anisotropic Spin Dipole Couplings in Principal Axis System
 ---------------------------------------------------------------------------------

       Atom             a.u.   MegaHertz   Gauss  10(-4) cm-1        Axes

              Baa    -0.0506    -6.793    -2.424    -2.266 -0.2700  0.9504  0.1543
     1 C(13)  Bbb    -0.0452    -6.070    -2.166    -2.025  0.9357  0.2968 -0.1906
              Bcc     0.0959    12.864     4.590     4.291  0.2269 -0.0929  0.9695
 
              Baa    -0.0329    -4.412    -1.574    -1.472  0.0727 -0.0392  0.9966
     2 C(13)  Bbb     0.0118     1.578     0.563     0.527 -0.1936  0.9797  0.0526
              Bcc     0.0211     2.833     1.011     0.945  0.9784  0.1967 -0.0637
 
              Baa    -0.0552    -7.402    -2.641    -2.469 -0.6768  0.7277  0.1113
     3 C(13)  Bbb    -0.0510    -6.849    -2.444    -2.285  0.7145  0.6857 -0.1388
              Bcc     0.1062    14.251     5.085     4.754  0.1773  0.0144  0.9840
 
              Baa    -0.0925   -12.418    -4.431    -4.142  0.7232  0.0284 -0.6901
     4 C(13)  Bbb    -0.0811   -10.886    -3.884    -3.631 -0.0406  0.9992 -0.0015
              Bcc     0.1737    23.303     8.315     7.773  0.6895  0.0291  0.7237
 
              Baa    -0.0157    -2.110    -0.753    -0.704  0.7911  0.6044  0.0939
     5 C(13)  Bbb    -0.0079    -1.060    -0.378    -0.354 -0.5567  0.7752 -0.2987
              Bcc     0.0236     3.171     1.131     1.058 -0.2533  0.1840  0.9497
 
              Baa    -0.0217    -2.913    -1.039    -0.972  0.4684  0.8770  0.1067
     6 C(13)  Bbb    -0.0189    -2.535    -0.904    -0.845  0.8825 -0.4702 -0.0089
              Bcc     0.0406     5.448     1.944     1.817 -0.0424 -0.0984  0.9942
 
              Baa    -1.4632   105.875    37.779    35.316  0.5895  0.7374 -0.3299
     7 O(17)  Bbb    -1.4433   104.439    37.267    34.837 -0.1599  0.5068  0.8471
              Bcc     2.9065  -210.315   -75.046   -70.153  0.7918 -0.4466  0.4166
 
              Baa    -0.0035    -1.892    -0.675    -0.631  0.7914  0.6112  0.0123
     8 H(1)   Bbb    -0.0021    -1.112    -0.397    -0.371  0.0231 -0.0500  0.9985
              Bcc     0.0056     3.003     1.072     1.002 -0.6109  0.7899  0.0537
 
              Baa    -0.0989     7.159     2.554     2.388  0.9724  0.0716  0.2222
     9 O(17)  Bbb    -0.0923     6.681     2.384     2.229 -0.1090  0.9809  0.1609
              Bcc     0.1913   -13.840    -4.938    -4.617 -0.2064 -0.1807  0.9616
 
              Baa    -0.0960   -51.234   -18.282   -17.090  0.3618  0.8968  0.2546
    10 H(1)   Bbb    -0.0330   -17.614    -6.285    -5.875  0.8098 -0.4376  0.3908
              Bcc     0.1290    68.848    24.567    22.965 -0.4619 -0.0648  0.8845
 
              Baa    -0.0188   -10.026    -3.577    -3.344 -0.1993 -0.5181  0.8318
    11 H(1)   Bbb    -0.0112    -5.998    -2.140    -2.001  0.8914 -0.4484 -0.0658
              Bcc     0.0300    16.024     5.718     5.345  0.4071  0.7283  0.5512
 
              Baa    -0.0192   -10.236    -3.652    -3.414  0.1246  0.8953  0.4278
    12 H(1)   Bbb     0.0010     0.545     0.194     0.182  0.9411 -0.2432  0.2348
              Bcc     0.0182     9.691     3.458     3.233 -0.3143 -0.3733  0.8729
 
              Baa    -0.0038    -0.514    -0.184    -0.172 -0.3310  0.9330  0.1413
    13 C(13)  Bbb     0.0007     0.096     0.034     0.032  0.7100  0.3449 -0.6139
              Bcc     0.0031     0.418     0.149     0.139  0.6215  0.1029  0.7766
 
              Baa    -0.0013    -0.667    -0.238    -0.223 -0.1577  0.2864  0.9450
    14 H(1)   Bbb    -0.0010    -0.514    -0.184    -0.172 -0.5837  0.7449 -0.3232
              Bcc     0.0022     1.182     0.422     0.394  0.7965  0.6026 -0.0497
 
              Baa    -0.0017    -0.904    -0.323    -0.302 -0.3336  0.6939 -0.6381
    15 H(1)   Bbb    -0.0011    -0.569    -0.203    -0.190  0.2794  0.7193  0.6361
              Bcc     0.0028     1.473     0.526     0.491  0.9003  0.0339 -0.4338
 
              Baa    -0.0017    -0.930    -0.332    -0.310 -0.1568  0.6127  0.7746
    16 H(1)   Bbb    -0.0009    -0.507    -0.181    -0.169  0.0848  0.7898 -0.6075
              Bcc     0.0027     1.436     0.513     0.479  0.9840  0.0296  0.1758
 
              Baa    -0.0029    -1.536    -0.548    -0.512  0.0656 -0.2059  0.9764
    17 H(1)   Bbb    -0.0010    -0.542    -0.193    -0.181 -0.3980  0.8919  0.2148
              Bcc     0.0039     2.078     0.741     0.693  0.9150  0.4027  0.0234
 
              Baa    -0.0029    -0.384    -0.137    -0.128  0.9306  0.3223 -0.1732
    18 C(13)  Bbb    -0.0020    -0.271    -0.097    -0.090  0.0693  0.3097  0.9483
              Bcc     0.0049     0.655     0.234     0.218 -0.3593  0.8945 -0.2659
 
              Baa    -0.0020    -1.071    -0.382    -0.357 -0.2540  0.3300  0.9092
    19 H(1)   Bbb    -0.0015    -0.810    -0.289    -0.270  0.9435  0.2913  0.1579
              Bcc     0.0035     1.881     0.671     0.627 -0.2127  0.8979 -0.3853
 
              Baa    -0.0015    -0.812    -0.290    -0.271 -0.2058 -0.0926  0.9742
    20 H(1)   Bbb    -0.0010    -0.558    -0.199    -0.186  0.8663  0.4458  0.2254
              Bcc     0.0026     1.370     0.489     0.457 -0.4551  0.8903 -0.0115
 
              Baa    -0.0033    -1.760    -0.628    -0.587 -0.4088 -0.1267  0.9038
    21 H(1)   Bbb    -0.0016    -0.871    -0.311    -0.290  0.8770  0.2193  0.4275
              Bcc     0.0049     2.631     0.939     0.877 -0.2523  0.9674  0.0215
 

 ---------------------------------------------------------------------------------

 1|1|UNPC-PC-20250526LCFF|FOpt|UB3LYP|6-311G(d,p)|C8H11O2(2)|ADMINISTRA
 TOR|18-Jan-2026|0||# opt freq ub3lyp/6-311g(d,p) geom=connectivity||Ti
 tle Card Required||0,2|C,-1.7735013499,-0.0691586824,0.0564228696|C,-0
 .9819241308,-1.1970893534,-0.1047763504|C,0.3996031111,-1.064151957,-0
 .2977510892|C,0.9759896595,0.2213798503,-0.3995613449|C,0.1846943918,1
 .3705001235,-0.1976412378|C,-1.1727344396,1.2107946417,0.0284645833|O,
 2.827804199,-0.6237408728,1.0042961013|H,-1.7980984045,2.0874967155,0.
 1656151322|O,1.1611900219,-2.1693343231,-0.3683918138|H,2.3211811169,-
 0.5637583706,1.8297816519|H,2.0353939291,-1.8914178448,-0.0065045289|H
 ,1.9955969463,0.3197726926,-0.7461562914|C,-3.2587980579,-0.1908515298
 ,0.2825729448|H,-3.5751086122,-1.2343122283,0.3178209571|H,-3.55413854
 51,0.2870810486,1.2217840954|H,-3.8157475116,0.3053454053,-0.518802473
 4|H,-1.4017282406,-2.1943045015,-0.0473938771|C,0.8209538473,2.7354687
 68,-0.2787653406|H,1.2082515052,2.9270871361,-1.284673575|H,0.10606385
 18,3.5240574653,-0.0376369186|H,1.6656917119,2.8144468167,0.4112015053
 ||Version=EM64W-G16RevA.03|State=2-A|HF=-461.9792006|S2=0.755932|S2-1=
 0.|S2A=0.750023|RMSD=8.234e-009|RMSF=8.797e-006|Dipole=-0.8965447,0.70
 33974,0.3244339|Quadrupole=-0.5461623,-0.0056454,0.5518077,1.3858823,-
 0.5625075,-1.4483656|PG=C01 [X(C8H11O2)]||@


 THE RED LIGHT IS ALWAYS LONGER THAN THE GREEN LIGHT.

                     -- PETER'S THEORY OF RELATIVITY
 Job cpu time:       0 days  0 hours 17 minutes  1.0 seconds.
 Elapsed time:       0 days  0 hours 16 minutes 53.5 seconds.
 File lengths (MBytes):  RWF=     72 Int=      0 D2E=      0 Chk=      7 Scr=      1
 Normal termination of Gaussian 16 at Sun Jan 18 20:18:16 2026.
 Link1:  Proceeding to internal job step number  2.
 ----------------------------------------------------------------------
 #N Geom=AllCheck Guess=TCheck SCRF=Check GenChk UB3LYP/6-311G(d,p) Fre
 q
 ----------------------------------------------------------------------
 1/10=4,29=7,30=1,38=1,40=1/1,3;
 2/12=2,40=1/2;
 3/5=4,6=6,7=101,11=2,14=-4,25=1,30=1,70=2,71=2,74=-5,116=2,140=1/1,2,3;
 4/5=101/1;
 5/5=2,38=6,98=1/2;
 8/6=4,10=90,11=11/1;
 11/6=1,8=1,9=11,15=111,16=1/1,2,10;
 10/6=1/2;
 6/7=2,8=2,9=2,10=2,28=1/1;
 7/8=1,10=1,25=1/1,2,3,16;
 1/10=4,30=1/3;
 99//99;
 Structure from the checkpoint file:  "SR-11-TS-P2_2.chk"
 -------------------
 Title Card Required
 -------------------
 Charge =  0 Multiplicity = 2
 Redundant internal coordinates found in file.  (old form).
 C,0,-1.7735013499,-0.0691586824,0.0564228696
 C,0,-0.9819241308,-1.1970893534,-0.1047763504
 C,0,0.3996031111,-1.064151957,-0.2977510892
 C,0,0.9759896595,0.2213798503,-0.3995613449
 C,0,0.1846943918,1.3705001235,-0.1976412378
 C,0,-1.1727344396,1.2107946417,0.0284645833
 O,0,2.827804199,-0.6237408728,1.0042961013
 H,0,-1.7980984045,2.0874967155,0.1656151322
 O,0,1.1611900219,-2.1693343231,-0.3683918138
 H,0,2.3211811169,-0.5637583706,1.8297816519
 H,0,2.0353939291,-1.8914178448,-0.0065045289
 H,0,1.9955969463,0.3197726926,-0.7461562914
 C,0,-3.2587980579,-0.1908515298,0.2825729448
 H,0,-3.5751086122,-1.2343122283,0.3178209571
 H,0,-3.5541385451,0.2870810486,1.2217840954
 H,0,-3.8157475116,0.3053454053,-0.5188024734
 H,0,-1.4017282406,-2.1943045015,-0.0473938771
 C,0,0.8209538473,2.735468768,-0.2787653406
 H,0,1.2082515052,2.9270871361,-1.284673575
 H,0,0.1060638518,3.5240574653,-0.0376369186
 H,0,1.6656917119,2.8144468167,0.4112015053
 Recover connectivity data from disk.

 GradGradGradGradGradGradGradGradGradGradGradGradGradGradGradGradGradGrad
 Berny optimization.
 Initialization pass.
                           ----------------------------
                           !    Initial Parameters    !
                           ! (Angstroms and Degrees)  !
 --------------------------                            --------------------------
 ! Name  Definition              Value          Derivative Info.                !
 --------------------------------------------------------------------------------
 ! R1    R(1,2)                  1.3874         calculate D2E/DX2 analytically  !
 ! R2    R(1,6)                  1.4142         calculate D2E/DX2 analytically  !
 ! R3    R(1,13)                 1.5073         calculate D2E/DX2 analytically  !
 ! R4    R(2,3)                  1.4013         calculate D2E/DX2 analytically  !
 ! R5    R(2,17)                 1.0835         calculate D2E/DX2 analytically  !
 ! R6    R(3,4)                  1.4125         calculate D2E/DX2 analytically  !
 ! R7    R(3,9)                  1.344          calculate D2E/DX2 analytically  !
 ! R8    R(4,5)                  1.4098         calculate D2E/DX2 analytically  !
 ! R9    R(4,7)                  2.4727         calculate D2E/DX2 analytically  !
 ! R10   R(4,12)                 1.0814         calculate D2E/DX2 analytically  !
 ! R11   R(5,6)                  1.3854         calculate D2E/DX2 analytically  !
 ! R12   R(5,18)                 1.5082         calculate D2E/DX2 analytically  !
 ! R13   R(6,8)                  1.0856         calculate D2E/DX2 analytically  !
 ! R14   R(7,10)                 0.9704         calculate D2E/DX2 analytically  !
 ! R15   R(7,11)                 1.8046         calculate D2E/DX2 analytically  !
 ! R16   R(7,12)                 2.1557         calculate D2E/DX2 analytically  !
 ! R17   R(9,11)                 0.9861         calculate D2E/DX2 analytically  !
 ! R18   R(13,14)                1.0909         calculate D2E/DX2 analytically  !
 ! R19   R(13,15)                1.0944         calculate D2E/DX2 analytically  !
 ! R20   R(13,16)                1.0948         calculate D2E/DX2 analytically  !
 ! R21   R(18,19)                1.0948         calculate D2E/DX2 analytically  !
 ! R22   R(18,20)                1.0914         calculate D2E/DX2 analytically  !
 ! R23   R(18,21)                1.0936         calculate D2E/DX2 analytically  !
 ! A1    A(2,1,6)              119.4157         calculate D2E/DX2 analytically  !
 ! A2    A(2,1,13)             120.9314         calculate D2E/DX2 analytically  !
 ! A3    A(6,1,13)             119.6455         calculate D2E/DX2 analytically  !
 ! A4    A(1,2,3)              120.0924         calculate D2E/DX2 analytically  !
 ! A5    A(1,2,17)             121.4019         calculate D2E/DX2 analytically  !
 ! A6    A(3,2,17)             118.4639         calculate D2E/DX2 analytically  !
 ! A7    A(2,3,4)              119.9061         calculate D2E/DX2 analytically  !
 ! A8    A(2,3,9)              119.202          calculate D2E/DX2 analytically  !
 ! A9    A(4,3,9)              120.8876         calculate D2E/DX2 analytically  !
 ! A10   A(3,4,5)              120.1642         calculate D2E/DX2 analytically  !
 ! A11   A(3,4,7)               87.3416         calculate D2E/DX2 analytically  !
 ! A12   A(3,4,12)             119.3836         calculate D2E/DX2 analytically  !
 ! A13   A(5,4,7)              128.1436         calculate D2E/DX2 analytically  !
 ! A14   A(5,4,12)             120.0644         calculate D2E/DX2 analytically  !
 ! A15   A(4,5,6)              118.6456         calculate D2E/DX2 analytically  !
 ! A16   A(4,5,18)             119.5529         calculate D2E/DX2 analytically  !
 ! A17   A(6,5,18)             121.7682         calculate D2E/DX2 analytically  !
 ! A18   A(1,6,5)              121.5878         calculate D2E/DX2 analytically  !
 ! A19   A(1,6,8)              118.9277         calculate D2E/DX2 analytically  !
 ! A20   A(5,6,8)              119.4698         calculate D2E/DX2 analytically  !
 ! A21   A(4,7,10)              94.0626         calculate D2E/DX2 analytically  !
 ! A22   A(4,7,11)              65.9985         calculate D2E/DX2 analytically  !
 ! A23   A(10,7,11)            106.8968         calculate D2E/DX2 analytically  !
 ! A24   A(10,7,12)            117.5261         calculate D2E/DX2 analytically  !
 ! A25   A(11,7,12)             71.5252         calculate D2E/DX2 analytically  !
 ! A26   A(3,9,11)             104.5545         calculate D2E/DX2 analytically  !
 ! A27   A(7,11,9)             142.4475         calculate D2E/DX2 analytically  !
 ! A28   A(1,13,14)            111.5787         calculate D2E/DX2 analytically  !
 ! A29   A(1,13,15)            111.0641         calculate D2E/DX2 analytically  !
 ! A30   A(1,13,16)            110.7854         calculate D2E/DX2 analytically  !
 ! A31   A(14,13,15)           108.1633         calculate D2E/DX2 analytically  !
 ! A32   A(14,13,16)           108.0386         calculate D2E/DX2 analytically  !
 ! A33   A(15,13,16)           107.0354         calculate D2E/DX2 analytically  !
 ! A34   A(5,18,19)            110.9208         calculate D2E/DX2 analytically  !
 ! A35   A(5,18,20)            111.4527         calculate D2E/DX2 analytically  !
 ! A36   A(5,18,21)            110.9352         calculate D2E/DX2 analytically  !
 ! A37   A(19,18,20)           107.9547         calculate D2E/DX2 analytically  !
 ! A38   A(19,18,21)           107.0857         calculate D2E/DX2 analytically  !
 ! A39   A(20,18,21)           108.3253         calculate D2E/DX2 analytically  !
 ! D1    D(6,1,2,3)             -0.2102         calculate D2E/DX2 analytically  !
 ! D2    D(6,1,2,17)           177.401          calculate D2E/DX2 analytically  !
 ! D3    D(13,1,2,3)          -179.2204         calculate D2E/DX2 analytically  !
 ! D4    D(13,1,2,17)           -1.6092         calculate D2E/DX2 analytically  !
 ! D5    D(2,1,6,5)              2.0274         calculate D2E/DX2 analytically  !
 ! D6    D(2,1,6,8)           -179.3774         calculate D2E/DX2 analytically  !
 ! D7    D(13,1,6,5)          -178.9495         calculate D2E/DX2 analytically  !
 ! D8    D(13,1,6,8)            -0.3543         calculate D2E/DX2 analytically  !
 ! D9    D(2,1,13,14)            1.2153         calculate D2E/DX2 analytically  !
 ! D10   D(2,1,13,15)          121.9825         calculate D2E/DX2 analytically  !
 ! D11   D(2,1,13,16)         -119.2023         calculate D2E/DX2 analytically  !
 ! D12   D(6,1,13,14)         -177.7927         calculate D2E/DX2 analytically  !
 ! D13   D(6,1,13,15)          -57.0255         calculate D2E/DX2 analytically  !
 ! D14   D(6,1,13,16)           61.7897         calculate D2E/DX2 analytically  !
 ! D15   D(1,2,3,4)             -3.3812         calculate D2E/DX2 analytically  !
 ! D16   D(1,2,3,9)            175.877          calculate D2E/DX2 analytically  !
 ! D17   D(17,2,3,4)           178.938          calculate D2E/DX2 analytically  !
 ! D18   D(17,2,3,9)            -1.8037         calculate D2E/DX2 analytically  !
 ! D19   D(2,3,4,5)              5.2503         calculate D2E/DX2 analytically  !
 ! D20   D(2,3,4,7)            138.7344         calculate D2E/DX2 analytically  !
 ! D21   D(2,3,4,12)          -167.6073         calculate D2E/DX2 analytically  !
 ! D22   D(9,3,4,5)           -173.9953         calculate D2E/DX2 analytically  !
 ! D23   D(9,3,4,7)            -40.5112         calculate D2E/DX2 analytically  !
 ! D24   D(9,3,4,12)            13.1471         calculate D2E/DX2 analytically  !
 ! D25   D(2,3,9,11)          -149.4508         calculate D2E/DX2 analytically  !
 ! D26   D(4,3,9,11)            29.8            calculate D2E/DX2 analytically  !
 ! D27   D(3,4,5,6)             -3.4423         calculate D2E/DX2 analytically  !
 ! D28   D(3,4,5,18)           178.6188         calculate D2E/DX2 analytically  !
 ! D29   D(7,4,5,6)           -116.2852         calculate D2E/DX2 analytically  !
 ! D30   D(7,4,5,18)            65.7758         calculate D2E/DX2 analytically  !
 ! D31   D(12,4,5,6)           169.3664         calculate D2E/DX2 analytically  !
 ! D32   D(12,4,5,18)           -8.5725         calculate D2E/DX2 analytically  !
 ! D33   D(3,4,7,10)           -77.5503         calculate D2E/DX2 analytically  !
 ! D34   D(3,4,7,11)            29.1481         calculate D2E/DX2 analytically  !
 ! D35   D(5,4,7,10)            49.5444         calculate D2E/DX2 analytically  !
 ! D36   D(5,4,7,11)           156.2428         calculate D2E/DX2 analytically  !
 ! D37   D(4,5,6,1)             -0.1804         calculate D2E/DX2 analytically  !
 ! D38   D(4,5,6,8)           -178.7682         calculate D2E/DX2 analytically  !
 ! D39   D(18,5,6,1)           177.7107         calculate D2E/DX2 analytically  !
 ! D40   D(18,5,6,8)            -0.8771         calculate D2E/DX2 analytically  !
 ! D41   D(4,5,18,19)           63.4162         calculate D2E/DX2 analytically  !
 ! D42   D(4,5,18,20)         -176.2653         calculate D2E/DX2 analytically  !
 ! D43   D(4,5,18,21)          -55.4664         calculate D2E/DX2 analytically  !
 ! D44   D(6,5,18,19)         -114.4562         calculate D2E/DX2 analytically  !
 ! D45   D(6,5,18,20)            5.8623         calculate D2E/DX2 analytically  !
 ! D46   D(6,5,18,21)          126.6612         calculate D2E/DX2 analytically  !
 ! D47   D(4,7,11,9)           -35.4702         calculate D2E/DX2 analytically  !
 ! D48   D(10,7,11,9)           51.4228         calculate D2E/DX2 analytically  !
 ! D49   D(12,7,11,9)          -62.6414         calculate D2E/DX2 analytically  !
 ! D50   D(3,9,11,7)            19.0912         calculate D2E/DX2 analytically  !
 --------------------------------------------------------------------------------
 Trust Radius=3.00D-01 FncErr=1.00D-07 GrdErr=1.00D-07 EigMax=2.50D+02 EigMin=1.00D-04
 Number of steps in this run=      2 maximum allowed number of steps=      2.
 GradGradGradGradGradGradGradGradGradGradGradGradGradGradGradGradGradGrad

                          Input orientation:                          
 ---------------------------------------------------------------------
 Center     Atomic      Atomic             Coordinates (Angstroms)
 Number     Number       Type             X           Y           Z
 ---------------------------------------------------------------------
      1          6           0       -1.773501   -0.069159    0.056423
      2          6           0       -0.981924   -1.197089   -0.104776
      3          6           0        0.399603   -1.064152   -0.297751
      4          6           0        0.975990    0.221380   -0.399561
      5          6           0        0.184694    1.370500   -0.197641
      6          6           0       -1.172734    1.210795    0.028465
      7          8           0        2.827804   -0.623741    1.004296
      8          1           0       -1.798098    2.087497    0.165615
      9          8           0        1.161190   -2.169334   -0.368392
     10          1           0        2.321181   -0.563758    1.829782
     11          1           0        2.035394   -1.891418   -0.006505
     12          1           0        1.995597    0.319773   -0.746156
     13          6           0       -3.258798   -0.190852    0.282573
     14          1           0       -3.575109   -1.234312    0.317821
     15          1           0       -3.554139    0.287081    1.221784
     16          1           0       -3.815748    0.305345   -0.518802
     17          1           0       -1.401728   -2.194305   -0.047394
     18          6           0        0.820954    2.735469   -0.278765
     19          1           0        1.208252    2.927087   -1.284674
     20          1           0        0.106064    3.524057   -0.037637
     21          1           0        1.665692    2.814447    0.411202
 ---------------------------------------------------------------------
                    Distance matrix (angstroms):
                    1          2          3          4          5
     1  C    0.000000
     2  C    1.387374   0.000000
     3  C    2.416161   1.401260   0.000000
     4  C    2.802148   2.435648   1.412508   0.000000
     5  C    2.443706   2.821726   2.446168   1.409751   0.000000
     6  C    1.414208   2.419105   2.784608   2.403989   1.385367
     7  O    4.730543   4.009090   2.790242   2.472703   3.522454
     8  H    2.159558   3.395255   3.870076   3.390779   2.139511
     9  O    3.633678   2.368057   1.344036   2.398079   3.676021
    10  H    4.489527   3.879965   2.910198   2.719550   3.523688
    11  H    4.222827   3.097734   1.856072   2.395985   3.755227
    12  H    3.873177   3.402627   2.159516   1.081392   2.164316
    13  C    1.507335   2.519268   3.805697   4.309138   3.811308
    14  H    2.161412   2.627657   4.025695   4.831788   4.602919
    15  H    2.157694   3.252508   4.445997   4.811979   4.143361
    16  H    2.154509   3.234081   4.437744   4.793956   4.152257
    17  H    2.159916   1.083497   2.141195   3.407799   3.904759
    18  C    3.835295   4.329625   3.822959   2.521759   1.508160
    19  H    4.434735   4.816416   4.190217   2.856260   2.156913
    20  H    4.056207   4.845354   4.604942   3.434449   2.160924
    21  H    4.502121   4.834100   4.141150   2.803038   2.156160
                    6          7          8          9         10
     6  C    0.000000
     7  O    4.508001   0.000000
     8  H    1.085586   5.427077   0.000000
     9  O    4.126738   2.655322   5.211829   0.000000
    10  H    4.312914   0.970408   5.173690   2.958956   0.000000
    11  H    4.462850   1.804615   5.527843   0.986120   2.283922
    12  H    3.381166   2.155660   4.283492   2.652281   2.742643
    13  C    2.526033   6.144510   2.708910   4.886148   5.802507
    14  H    3.440011   6.468488   3.770324   4.876236   6.123880
    15  H    2.819281   6.450278   2.727758   5.549501   5.967660
    16  H    2.846903   6.878940   2.777661   5.560267   6.628204
    17  H    3.413633   4.632674   4.305381   2.583063   4.476888
    18  C    2.528599   4.118007   2.734369   4.917407   4.193036
    19  H    3.215445   4.524457   3.441858   5.178349   4.808788
    20  H    2.644027   5.069292   2.393920   5.799776   5.010413
    21  H    3.282507   3.677418   3.547761   5.069552   3.722137
                   11         12         13         14         15
    11  H    0.000000
    12  H    2.331959   0.000000
    13  C    5.568120   5.378447   0.000000
    14  H    5.658155   5.880475   1.090919   0.000000
    15  H    6.123514   5.888414   1.094424   1.769810   0.000000
    16  H    6.270891   5.815808   1.094809   1.768726   1.760231
    17  H    3.450684   4.283768   2.751620   2.403861   3.521499
    18  C    4.791354   2.726505   5.052012   5.953188   5.233324
    19  H    5.053303   2.776329   5.668539   6.539554   5.994357
    20  H    5.748970   3.786790   5.022487   6.026563   5.045913
    21  H    4.738810   2.769786   5.770525   6.623229   5.855873
                   16         17         18         19         20
    16  H    0.000000
    17  H    3.506845   0.000000
    18  C    5.240431   5.412625   0.000000
    19  H    5.718449   5.879754   1.094792   0.000000
    20  H    5.096296   5.913814   1.091367   1.768132   0.000000
    21  H    6.099727   5.891262   1.093560   1.760094   1.771283
                   21
    21  H    0.000000
 Stoichiometry    C8H11O2(2)
 Framework group  C1[X(C8H11O2)]
 Deg. of freedom    57
 Full point group                 C1      NOp   1
 Largest Abelian subgroup         C1      NOp   1
 Largest concise Abelian subgroup C1      NOp   1
                         Standard orientation:                         
 ---------------------------------------------------------------------
 Center     Atomic      Atomic             Coordinates (Angstroms)
 Number     Number       Type             X           Y           Z
 ---------------------------------------------------------------------
      1          6           0       -1.714725   -0.355995    0.090863
      2          6           0       -0.773131   -1.348100   -0.141379
      3          6           0        0.566559   -1.005912   -0.368685
      4          6           0        0.945187    0.353419   -0.432240
      5          6           0        0.002207    1.364961   -0.158435
      6          6           0       -1.308587    0.998608    0.100112
      7          8           0        2.948653   -0.262461    0.879658
      8          1           0       -2.050024    1.767799    0.292760
      9          8           0        1.478361   -1.983389   -0.508644
     10          1           0        2.467991   -0.309143    1.721368
     11          1           0        2.314791   -1.593701   -0.160849
     12          1           0        1.926709    0.613996   -0.803887
     13          6           0       -3.157485   -0.703612    0.354805
     14          1           0       -3.316656   -1.782857    0.354648
     15          1           0       -3.486276   -0.310410    1.321786
     16          1           0       -3.808682   -0.264776   -0.408066
     17          1           0       -1.040596   -2.397720   -0.114439
     18          6           0        0.429159    2.810837   -0.199683
     19          1           0        0.748788    3.095472   -1.207348
     20          1           0       -0.384277    3.475806    0.095649
     21          1           0        1.277012    2.987101    0.468112
 ---------------------------------------------------------------------
 Rotational constants (GHZ):           1.6185752           1.0863603           0.7055720
 Standard basis: 6-311G(d,p) (5D, 7F)
 There are   256 symmetry adapted cartesian basis functions of A   symmetry.
 There are   246 symmetry adapted basis functions of A   symmetry.
   246 basis functions,   408 primitive gaussians,   256 cartesian basis functions
    38 alpha electrons       37 beta electrons
       nuclear repulsion energy       513.3918696940 Hartrees.
 NAtoms=   21 NActive=   21 NUniq=   21 SFac= 1.00D+00 NAtFMM=   60 NAOKFM=F Big=F
 Integral buffers will be    131072 words long.
 Raffenetti 2 integral format.
 Two-electron integral symmetry is turned on.
 One-electron integrals computed using PRISM.
 NBasis=   246 RedAO= T EigKep=  1.80D-04  NBF=   246
 NBsUse=   246 1.00D-06 EigRej= -1.00D+00 NBFU=   246
 Initial guess from the checkpoint file:  "SR-11-TS-P2_2.chk"
 B after Tr=     0.000000    0.000000    0.000000
         Rot=    1.000000    0.000000    0.000000    0.000000 Ang=   0.00 deg.
 Initial guess <Sx>= 0.0000 <Sy>= 0.0000 <Sz>= 0.5000 <S**2>= 0.7559 S= 0.5030
 Requested convergence on RMS density matrix=1.00D-08 within 128 cycles.
 Requested convergence on MAX density matrix=1.00D-06.
 Requested convergence on             energy=1.00D-06.
 No special actions if energy rises.
 SCF Done:  E(UB3LYP) =  -461.979200638     A.U. after    1 cycles
            NFock=  1  Conv=0.36D-08     -V/T= 2.0038
 <Sx>= 0.0000 <Sy>= 0.0000 <Sz>= 0.5000 <S**2>= 0.7559 S= 0.5030
 <L.S>= 0.000000000000E+00
 Annihilation of the first spin contaminant:
 S**2 before annihilation     0.7559,   after     0.7500
 DoSCS=F DFT=T ScalE2(SS,OS)=  1.000000  1.000000
 Range of M.O.s used for correlation:     1   246
 NBasis=   246 NAE=    38 NBE=    37 NFC=     0 NFV=     0
 NROrb=    246 NOA=    38 NOB=    37 NVA=   208 NVB=   209

 **** Warning!!: The largest alpha MO coefficient is  0.14193817D+02


 **** Warning!!: The largest beta MO coefficient is  0.14463140D+02


 **** Warning!!: The smallest beta delta epsilon is  0.84107001D-01

 Symmetrizing basis deriv contribution to polar:
 IMax=3 JMax=2 DiffMx= 0.00D+00
 G2DrvN: will do    22 centers at a time, making    1 passes.
 Calling FoFCou, ICntrl=  3107 FMM=F I1Cent=   0 AccDes= 0.00D+00.
 End of G2Drv F.D. properties file   721 does not exist.
 End of G2Drv F.D. properties file   722 does not exist.
 End of G2Drv F.D. properties file   788 does not exist.
          IDoAtm=111111111111111111111
          Differentiating once with respect to electric field.
                with respect to dipole field.
          Differentiating once with respect to nuclear coordinates.
 Keep R1 and R2 ints in memory in canonical form, NReq=940400629.
          There are    66 degrees of freedom in the 1st order CPHF.  IDoFFX=6 NUNeed=     3.
     63 vectors produced by pass  0 Test12= 2.37D-14 1.52D-09 XBig12= 9.22D+02 1.98D+01.
 AX will form    63 AO Fock derivatives at one time.
     63 vectors produced by pass  1 Test12= 2.37D-14 1.52D-09 XBig12= 1.92D+02 2.01D+00.
     63 vectors produced by pass  2 Test12= 2.37D-14 1.52D-09 XBig12= 8.03D+00 4.39D-01.
     63 vectors produced by pass  3 Test12= 2.37D-14 1.52D-09 XBig12= 8.67D-02 4.42D-02.
     63 vectors produced by pass  4 Test12= 2.37D-14 1.52D-09 XBig12= 8.76D-04 3.03D-03.
     63 vectors produced by pass  5 Test12= 2.37D-14 1.52D-09 XBig12= 4.02D-06 1.88D-04.
     37 vectors produced by pass  6 Test12= 2.37D-14 1.52D-09 XBig12= 1.53D-08 8.45D-06.
      8 vectors produced by pass  7 Test12= 2.37D-14 1.52D-09 XBig12= 4.78D-11 5.00D-07.
      3 vectors produced by pass  8 Test12= 2.37D-14 1.52D-09 XBig12= 1.85D-13 2.85D-08.
      1 vectors produced by pass  9 Test12= 2.37D-14 1.52D-09 XBig12= 6.90D-16 1.53D-09.
 InvSVY:  IOpt=1 It=  1 EMax= 1.42D-14
 Solved reduced A of dimension   427 with    66 vectors.
 Isotropic polarizability for W=    0.000000      119.07 Bohr**3.
 End of Minotr F.D. properties file   721 does not exist.
 End of Minotr F.D. properties file   722 does not exist.
 End of Minotr F.D. properties file   788 does not exist.

 **********************************************************************

            Population analysis using the SCF density.

 **********************************************************************

 Orbital symmetries:
 Alpha Orbitals:
       Occupied  (A) (A) (A) (A) (A) (A) (A) (A) (A) (A) (A) (A)
                 (A) (A) (A) (A) (A) (A) (A) (A) (A) (A) (A) (A)
                 (A) (A) (A) (A) (A) (A) (A) (A) (A) (A) (A) (A)
                 (A) (A)
       Virtual   (A) (A) (A) (A) (A) (A) (A) (A) (A) (A) (A) (A)
                 (A) (A) (A) (A) (A) (A) (A) (A) (A) (A) (A) (A)
                 (A) (A) (A) (A) (A) (A) (A) (A) (A) (A) (A) (A)
                 (A) (A) (A) (A) (A) (A) (A) (A) (A) (A) (A) (A)
                 (A) (A) (A) (A) (A) (A) (A) (A) (A) (A) (A) (A)
                 (A) (A) (A) (A) (A) (A) (A) (A) (A) (A) (A) (A)
                 (A) (A) (A) (A) (A) (A) (A) (A) (A) (A) (A) (A)
                 (A) (A) (A) (A) (A) (A) (A) (A) (A) (A) (A) (A)
                 (A) (A) (A) (A) (A) (A) (A) (A) (A) (A) (A) (A)
                 (A) (A) (A) (A) (A) (A) (A) (A) (A) (A) (A) (A)
                 (A) (A) (A) (A) (A) (A) (A) (A) (A) (A) (A) (A)
                 (A) (A) (A) (A) (A) (A) (A) (A) (A) (A) (A) (A)
                 (A) (A) (A) (A) (A) (A) (A) (A) (A) (A) (A) (A)
                 (A) (A) (A) (A) (A) (A) (A) (A) (A) (A) (A) (A)
                 (A) (A) (A) (A) (A) (A) (A) (A) (A) (A) (A) (A)
                 (A) (A) (A) (A) (A) (A) (A) (A) (A) (A) (A) (A)
                 (A) (A) (A) (A) (A) (A) (A) (A) (A) (A) (A) (A)
                 (A) (A) (A) (A)
 Beta  Orbitals:
       Occupied  (A) (A) (A) (A) (A) (A) (A) (A) (A) (A) (A) (A)
                 (A) (A) (A) (A) (A) (A) (A) (A) (A) (A) (A) (A)
                 (A) (A) (A) (A) (A) (A) (A) (A) (A) (A) (A) (A)
                 (A)
       Virtual   (A) (A) (A) (A) (A) (A) (A) (A) (A) (A) (A) (A)
                 (A) (A) (A) (A) (A) (A) (A) (A) (A) (A) (A) (A)
                 (A) (A) (A) (A) (A) (A) (A) (A) (A) (A) (A) (A)
                 (A) (A) (A) (A) (A) (A) (A) (A) (A) (A) (A) (A)
                 (A) (A) (A) (A) (A) (A) (A) (A) (A) (A) (A) (A)
                 (A) (A) (A) (A) (A) (A) (A) (A) (A) (A) (A) (A)
                 (A) (A) (A) (A) (A) (A) (A) (A) (A) (A) (A) (A)
                 (A) (A) (A) (A) (A) (A) (A) (A) (A) (A) (A) (A)
                 (A) (A) (A) (A) (A) (A) (A) (A) (A) (A) (A) (A)
                 (A) (A) (A) (A) (A) (A) (A) (A) (A) (A) (A) (A)
                 (A) (A) (A) (A) (A) (A) (A) (A) (A) (A) (A) (A)
                 (A) (A) (A) (A) (A) (A) (A) (A) (A) (A) (A) (A)
                 (A) (A) (A) (A) (A) (A) (A) (A) (A) (A) (A) (A)
                 (A) (A) (A) (A) (A) (A) (A) (A) (A) (A) (A) (A)
                 (A) (A) (A) (A) (A) (A) (A) (A) (A) (A) (A) (A)
                 (A) (A) (A) (A) (A) (A) (A) (A) (A) (A) (A) (A)
                 (A) (A) (A) (A) (A) (A) (A) (A) (A) (A) (A) (A)
                 (A) (A) (A) (A) (A)
 The electronic state is 2-A.
 Alpha  occ. eigenvalues --  -19.13751 -19.13157 -10.24740 -10.20138 -10.19579
 Alpha  occ. eigenvalues --  -10.18519 -10.17823 -10.17669 -10.17462 -10.17294
 Alpha  occ. eigenvalues --   -1.06306  -0.97038  -0.87074  -0.79735  -0.76218
 Alpha  occ. eigenvalues --   -0.70296  -0.69851  -0.61418  -0.59039  -0.53299
 Alpha  occ. eigenvalues --   -0.51157  -0.48870  -0.44671  -0.44437  -0.43359
 Alpha  occ. eigenvalues --   -0.42603  -0.42170  -0.41674  -0.40876  -0.40101
 Alpha  occ. eigenvalues --   -0.37304  -0.36859  -0.34927  -0.34310  -0.32338
 Alpha  occ. eigenvalues --   -0.30347  -0.25273  -0.23202
 Alpha virt. eigenvalues --   -0.02132  -0.00824   0.03752   0.05066   0.06152
 Alpha virt. eigenvalues --    0.07987   0.08665   0.09306   0.11265   0.12002
 Alpha virt. eigenvalues --    0.12656   0.13195   0.14038   0.16794   0.20110
 Alpha virt. eigenvalues --    0.20835   0.23628   0.25833   0.27082   0.28709
 Alpha virt. eigenvalues --    0.29774   0.30657   0.31298   0.33814   0.35840
 Alpha virt. eigenvalues --    0.36429   0.37787   0.39101   0.39897   0.41458
 Alpha virt. eigenvalues --    0.42984   0.44303   0.44775   0.46892   0.47486
 Alpha virt. eigenvalues --    0.48342   0.50270   0.50846   0.52743   0.53596
 Alpha virt. eigenvalues --    0.53945   0.55801   0.56443   0.56773   0.59338
 Alpha virt. eigenvalues --    0.59661   0.61002   0.61526   0.62933   0.63888
 Alpha virt. eigenvalues --    0.64270   0.66568   0.66979   0.69461   0.74731
 Alpha virt. eigenvalues --    0.77520   0.77723   0.82014   0.82777   0.83958
 Alpha virt. eigenvalues --    0.84561   0.86152   0.87463   0.88780   0.92002
 Alpha virt. eigenvalues --    0.92455   0.94055   0.95413   0.98079   0.99228
 Alpha virt. eigenvalues --    1.00192   1.01944   1.05297   1.08270   1.10989
 Alpha virt. eigenvalues --    1.13025   1.17795   1.19371   1.28763   1.30660
 Alpha virt. eigenvalues --    1.32553   1.34229   1.36099   1.37169   1.38202
 Alpha virt. eigenvalues --    1.39947   1.42153   1.44395   1.44708   1.45729
 Alpha virt. eigenvalues --    1.47104   1.48407   1.49159   1.50196   1.50551
 Alpha virt. eigenvalues --    1.54161   1.56441   1.56767   1.58410   1.58850
 Alpha virt. eigenvalues --    1.59172   1.63212   1.64274   1.67312   1.68211
 Alpha virt. eigenvalues --    1.68891   1.72110   1.75455   1.77049   1.78811
 Alpha virt. eigenvalues --    1.80880   1.83663   1.88849   1.90800   1.91949
 Alpha virt. eigenvalues --    1.92287   1.94261   1.95811   1.97193   1.98732
 Alpha virt. eigenvalues --    2.00146   2.02216   2.06551   2.07997   2.08656
 Alpha virt. eigenvalues --    2.11806   2.12857   2.18614   2.20750   2.24816
 Alpha virt. eigenvalues --    2.28974   2.30304   2.34824   2.35397   2.36708
 Alpha virt. eigenvalues --    2.37887   2.40841   2.42229   2.43962   2.46017
 Alpha virt. eigenvalues --    2.48005   2.49922   2.51278   2.51869   2.54773
 Alpha virt. eigenvalues --    2.55020   2.55941   2.60027   2.61960   2.64170
 Alpha virt. eigenvalues --    2.65155   2.67697   2.69680   2.74248   2.75148
 Alpha virt. eigenvalues --    2.78870   2.81472   2.84202   2.85216   2.87185
 Alpha virt. eigenvalues --    2.90296   2.91558   2.94250   3.01151   3.04069
 Alpha virt. eigenvalues --    3.09176   3.10117   3.11009   3.12928   3.15276
 Alpha virt. eigenvalues --    3.18821   3.19245   3.23293   3.32385   3.36822
 Alpha virt. eigenvalues --    3.44270   3.51928   3.57601   3.59148   3.62970
 Alpha virt. eigenvalues --    3.76136   3.77307   3.77901   3.79005   3.80651
 Alpha virt. eigenvalues --    3.82902   4.02038   4.08014   4.09990   4.30164
 Alpha virt. eigenvalues --    4.32891   4.80104   4.83149   4.85517   4.90734
 Alpha virt. eigenvalues --    5.34616   5.42400   5.71214  23.49022  23.84920
 Alpha virt. eigenvalues --   23.87732  23.92565  23.93315  24.02441  24.08526
 Alpha virt. eigenvalues --   24.14693  49.77778  49.92929
  Beta  occ. eigenvalues --  -19.13644 -19.11241 -10.24619 -10.20020 -10.19560
  Beta  occ. eigenvalues --  -10.18326 -10.17826 -10.17625 -10.17462 -10.17336
  Beta  occ. eigenvalues --   -1.06048  -0.92143  -0.86808  -0.79552  -0.75952
  Beta  occ. eigenvalues --   -0.70205  -0.69654  -0.61239  -0.58858  -0.53103
  Beta  occ. eigenvalues --   -0.50934  -0.48751  -0.44237  -0.43305  -0.43048
  Beta  occ. eigenvalues --   -0.42472  -0.42019  -0.41082  -0.40577  -0.39749
  Beta  occ. eigenvalues --   -0.37119  -0.36228  -0.34445  -0.31945  -0.28519
  Beta  occ. eigenvalues --   -0.25702  -0.23405
  Beta virt. eigenvalues --   -0.14994  -0.01103  -0.00205   0.03883   0.05229
  Beta virt. eigenvalues --    0.06352   0.08023   0.08695   0.09474   0.11406
  Beta virt. eigenvalues --    0.12128   0.12802   0.13216   0.14115   0.17237
  Beta virt. eigenvalues --    0.20207   0.20960   0.23842   0.25965   0.27150
  Beta virt. eigenvalues --    0.28765   0.29837   0.30707   0.31381   0.33966
  Beta virt. eigenvalues --    0.35962   0.36526   0.37997   0.39386   0.40135
  Beta virt. eigenvalues --    0.41707   0.43210   0.44447   0.44875   0.47084
  Beta virt. eigenvalues --    0.47726   0.48516   0.50474   0.51318   0.52827
  Beta virt. eigenvalues --    0.53805   0.54064   0.55940   0.56517   0.56813
  Beta virt. eigenvalues --    0.59500   0.59734   0.61087   0.61636   0.63110
  Beta virt. eigenvalues --    0.64096   0.65075   0.66726   0.67092   0.69623
  Beta virt. eigenvalues --    0.74983   0.77897   0.78366   0.82289   0.83133
  Beta virt. eigenvalues --    0.84217   0.85680   0.86461   0.87978   0.89989
  Beta virt. eigenvalues --    0.92225   0.92871   0.94461   0.95916   0.98428
  Beta virt. eigenvalues --    0.99350   1.00520   1.02335   1.05532   1.08606
  Beta virt. eigenvalues --    1.11377   1.13447   1.18200   1.19728   1.29552
  Beta virt. eigenvalues --    1.30758   1.32808   1.34359   1.36215   1.37201
  Beta virt. eigenvalues --    1.38555   1.40348   1.42361   1.44447   1.44756
  Beta virt. eigenvalues --    1.45872   1.47373   1.48678   1.49257   1.50389
  Beta virt. eigenvalues --    1.50642   1.54273   1.56509   1.56866   1.58611
  Beta virt. eigenvalues --    1.59035   1.59294   1.63380   1.64435   1.67491
  Beta virt. eigenvalues --    1.68363   1.69010   1.72313   1.75627   1.77138
  Beta virt. eigenvalues --    1.78954   1.80944   1.83777   1.89061   1.90979
  Beta virt. eigenvalues --    1.92098   1.92577   1.94467   1.96025   1.97788
  Beta virt. eigenvalues --    1.98923   2.00365   2.02393   2.06712   2.08147
  Beta virt. eigenvalues --    2.08968   2.11904   2.12909   2.18711   2.20860
  Beta virt. eigenvalues --    2.25036   2.29069   2.30425   2.34915   2.35437
  Beta virt. eigenvalues --    2.36797   2.38000   2.40992   2.42290   2.44027
  Beta virt. eigenvalues --    2.46138   2.48062   2.50294   2.51349   2.51983
  Beta virt. eigenvalues --    2.54958   2.55143   2.56141   2.60287   2.62023
  Beta virt. eigenvalues --    2.64339   2.65219   2.67953   2.69784   2.74497
  Beta virt. eigenvalues --    2.75737   2.79781   2.81847   2.85183   2.86985
  Beta virt. eigenvalues --    2.88868   2.90410   2.93078   2.95131   3.02705
  Beta virt. eigenvalues --    3.04546   3.10814   3.11255   3.13592   3.15693
  Beta virt. eigenvalues --    3.16157   3.18979   3.19399   3.23658   3.32628
  Beta virt. eigenvalues --    3.37030   3.44481   3.52086   3.57761   3.59259
  Beta virt. eigenvalues --    3.63105   3.77360   3.77772   3.78150   3.79125
  Beta virt. eigenvalues --    3.80745   3.82987   4.02191   4.08217   4.10168
  Beta virt. eigenvalues --    4.30281   4.33001   4.80959   4.84923   4.88880
  Beta virt. eigenvalues --    4.95199   5.34890   5.44118   5.71354  23.49111
  Beta virt. eigenvalues --   23.84975  23.87841  23.92576  23.93350  24.02608
  Beta virt. eigenvalues --   24.08547  24.14743  49.79679  49.93073
          Condensed to atoms (all electrons):
               1          2          3          4          5          6
     1  C    5.041861   0.519469  -0.038750  -0.047287  -0.036744   0.484914
     2  C    0.519469   4.883951   0.501743  -0.046872  -0.039608  -0.055816
     3  C   -0.038750   0.501743   4.794631   0.386956  -0.012767  -0.043605
     4  C   -0.047287  -0.046872   0.386956   5.244676   0.333538  -0.052223
     5  C   -0.036744  -0.039608  -0.012767   0.333538   5.118904   0.550422
     6  C    0.484914  -0.055816  -0.043605  -0.052223   0.550422   4.861559
     7  O   -0.000227   0.001170   0.004811   0.011494  -0.002606   0.000312
     8  H   -0.051005   0.007706  -0.000895   0.010160  -0.040772   0.419384
     9  O    0.004108  -0.056363   0.351835  -0.065027   0.007960   0.000210
    10  H   -0.000078  -0.000292   0.005289  -0.002177  -0.000760   0.000189
    11  H   -0.000056   0.003846  -0.047564  -0.012432   0.001248  -0.000265
    12  H   -0.000275   0.005422  -0.045281   0.412413  -0.027729   0.006076
    13  C    0.359172  -0.054981   0.007192  -0.000478   0.005760  -0.060765
    14  H   -0.034058  -0.006486   0.000784  -0.000116  -0.000261   0.006319
    15  H   -0.036770   0.000913  -0.000423   0.000099   0.000207  -0.003946
    16  H   -0.036509   0.000937  -0.000422   0.000098   0.000149  -0.004610
    17  H   -0.038361   0.404328  -0.043482   0.011863  -0.002178   0.009114
    18  C    0.007073  -0.000026   0.003345  -0.050235   0.352104  -0.056314
    19  H   -0.000277   0.000013   0.000274  -0.003165  -0.036261  -0.000308
    20  H    0.000722  -0.000007  -0.000201   0.006682  -0.035395  -0.008156
    21  H   -0.000482   0.000150  -0.000198  -0.006783  -0.034549   0.002844
               7          8          9         10         11         12
     1  C   -0.000227  -0.051005   0.004108  -0.000078  -0.000056  -0.000275
     2  C    0.001170   0.007706  -0.056363  -0.000292   0.003846   0.005422
     3  C    0.004811  -0.000895   0.351835   0.005289  -0.047564  -0.045281
     4  C    0.011494   0.010160  -0.065027  -0.002177  -0.012432   0.412413
     5  C   -0.002606  -0.040772   0.007960  -0.000760   0.001248  -0.027729
     6  C    0.000312   0.419384   0.000210   0.000189  -0.000265   0.006076
     7  O    8.093690   0.000008  -0.031674   0.262158   0.069672   0.011930
     8  H    0.000008   0.584800   0.000011  -0.000008  -0.000009  -0.000263
     9  O   -0.031674   0.000011   7.815423   0.003361   0.315582   0.000734
    10  H    0.262158  -0.000008   0.003361   0.493725  -0.010180  -0.002276
    11  H    0.069672  -0.000009   0.315582  -0.010180   0.420724  -0.001167
    12  H    0.011930  -0.000263   0.000734  -0.002276  -0.001167   0.498457
    13  C    0.000000  -0.004451  -0.000104  -0.000001   0.000026   0.000039
    14  H    0.000000  -0.000025  -0.000029   0.000000   0.000001  -0.000002
    15  H    0.000000   0.001232   0.000005   0.000001  -0.000003  -0.000004
    16  H    0.000000   0.001210   0.000003   0.000000   0.000000   0.000001
    17  H    0.000054  -0.000261   0.006174  -0.000007  -0.000486  -0.000346
    18  C   -0.000878  -0.010637  -0.000107   0.000082   0.000085  -0.003905
    19  H   -0.000101   0.000025  -0.000007   0.000034   0.000011   0.000591
    20  H   -0.000019   0.003969   0.000002   0.000000   0.000003   0.000003
    21  H    0.002105   0.000201   0.000013  -0.000034  -0.000144   0.002120
              13         14         15         16         17         18
     1  C    0.359172  -0.034058  -0.036770  -0.036509  -0.038361   0.007073
     2  C   -0.054981  -0.006486   0.000913   0.000937   0.404328  -0.000026
     3  C    0.007192   0.000784  -0.000423  -0.000422  -0.043482   0.003345
     4  C   -0.000478  -0.000116   0.000099   0.000098   0.011863  -0.050235
     5  C    0.005760  -0.000261   0.000207   0.000149  -0.002178   0.352104
     6  C   -0.060765   0.006319  -0.003946  -0.004610   0.009114  -0.056314
     7  O    0.000000   0.000000   0.000000   0.000000   0.000054  -0.000878
     8  H   -0.004451  -0.000025   0.001232   0.001210  -0.000261  -0.010637
     9  O   -0.000104  -0.000029   0.000005   0.000003   0.006174  -0.000107
    10  H   -0.000001   0.000000   0.000001   0.000000  -0.000007   0.000082
    11  H    0.000026   0.000001  -0.000003   0.000000  -0.000486   0.000085
    12  H    0.000039  -0.000002  -0.000004   0.000001  -0.000346  -0.003905
    13  C    4.805344   0.408239   0.402298   0.401463  -0.011219  -0.000234
    14  H    0.408239   0.562338  -0.026284  -0.025797   0.002906   0.000013
    15  H    0.402298  -0.026284   0.566291  -0.029464   0.000197  -0.000012
    16  H    0.401463  -0.025797  -0.029464   0.564264   0.000297  -0.000002
    17  H   -0.011219   0.002906   0.000197   0.000297   0.564477   0.000051
    18  C   -0.000234   0.000013  -0.000012  -0.000002   0.000051   4.802967
    19  H    0.000015  -0.000001   0.000003  -0.000005  -0.000003   0.400716
    20  H   -0.000035   0.000002  -0.000004   0.000000  -0.000004   0.408550
    21  H    0.000016  -0.000001  -0.000002   0.000001  -0.000001   0.400884
              19         20         21
     1  C   -0.000277   0.000722  -0.000482
     2  C    0.000013  -0.000007   0.000150
     3  C    0.000274  -0.000201  -0.000198
     4  C   -0.003165   0.006682  -0.006783
     5  C   -0.036261  -0.035395  -0.034549
     6  C   -0.000308  -0.008156   0.002844
     7  O   -0.000101  -0.000019   0.002105
     8  H    0.000025   0.003969   0.000201
     9  O   -0.000007   0.000002   0.000013
    10  H    0.000034   0.000000  -0.000034
    11  H    0.000011   0.000003  -0.000144
    12  H    0.000591   0.000003   0.002120
    13  C    0.000015  -0.000035   0.000016
    14  H   -0.000001   0.000002  -0.000001
    15  H    0.000003  -0.000004  -0.000002
    16  H   -0.000005   0.000000   0.000001
    17  H   -0.000003  -0.000004  -0.000001
    18  C    0.400716   0.408550   0.400884
    19  H    0.567349  -0.026254  -0.029512
    20  H   -0.026254   0.570401  -0.026983
    21  H   -0.029512  -0.026983   0.561590
          Atomic-Atomic Spin Densities.
               1          2          3          4          5          6
     1  C    0.088907  -0.005875  -0.002328  -0.006264  -0.001027   0.015988
     2  C   -0.005875  -0.039419   0.008515   0.002619  -0.000417  -0.000525
     3  C   -0.002328   0.008515   0.083756   0.010711   0.002520  -0.002472
     4  C   -0.006264   0.002619   0.010711   0.093589   0.011795   0.001179
     5  C   -0.001027  -0.000417   0.002520   0.011795   0.023181  -0.018548
     6  C    0.015988  -0.000525  -0.002472   0.001179  -0.018548   0.035746
     7  O   -0.000007   0.000046  -0.008011  -0.039736  -0.002862   0.000302
     8  H   -0.000583   0.000168  -0.000171   0.000525  -0.000651   0.000871
     9  O   -0.000013   0.000132  -0.017398   0.000714  -0.000065   0.000046
    10  H   -0.000043   0.000077   0.000485   0.001673   0.000283  -0.000102
    11  H   -0.000085   0.000259   0.000368   0.002889   0.000103  -0.000011
    12  H    0.000119  -0.000439   0.002837   0.003837   0.000999  -0.000391
    13  C   -0.003156  -0.000013   0.000198  -0.000188   0.000262  -0.001116
    14  H   -0.000160   0.000036   0.000019  -0.000006   0.000003  -0.000030
    15  H   -0.001308  -0.000221   0.000107  -0.000073   0.000144  -0.000856
    16  H   -0.002317   0.000468  -0.000099   0.000112  -0.000085   0.000025
    17  H   -0.000291   0.000217  -0.000551   0.000372  -0.000172   0.000176
    18  C    0.000120  -0.000043  -0.000024  -0.001536  -0.002054   0.001292
    19  H    0.000034  -0.000008   0.000018  -0.000549  -0.000385   0.000247
    20  H    0.000005   0.000005  -0.000007  -0.000031  -0.000064   0.000063
    21  H    0.000008  -0.000011  -0.000011  -0.000724   0.000027   0.000070
               7          8          9         10         11         12
     1  C   -0.000007  -0.000583  -0.000013  -0.000043  -0.000085   0.000119
     2  C    0.000046   0.000168   0.000132   0.000077   0.000259  -0.000439
     3  C   -0.008011  -0.000171  -0.017398   0.000485   0.000368   0.002837
     4  C   -0.039736   0.000525   0.000714   0.001673   0.002889   0.003837
     5  C   -0.002862  -0.000651  -0.000065   0.000283   0.000103   0.000999
     6  C    0.000302   0.000871   0.000046  -0.000102  -0.000011  -0.000391
     7  O    0.789590   0.000007   0.002485   0.000655  -0.007809  -0.006963
     8  H    0.000007  -0.001401   0.000000  -0.000003  -0.000002   0.000000
     9  O    0.002485   0.000000   0.048697  -0.000514   0.003352  -0.000170
    10  H    0.000655  -0.000003  -0.000514  -0.021424   0.001152   0.000567
    11  H   -0.007809  -0.000002   0.003352   0.001152  -0.006380   0.000966
    12  H   -0.006963   0.000000  -0.000170   0.000567   0.000966   0.001487
    13  C    0.000000  -0.000139   0.000000   0.000001   0.000003  -0.000001
    14  H    0.000000  -0.000006   0.000000   0.000000   0.000000   0.000000
    15  H    0.000000  -0.000251   0.000000   0.000001   0.000001  -0.000001
    16  H    0.000000   0.000252   0.000000   0.000000  -0.000001   0.000002
    17  H    0.000032   0.000015   0.000109  -0.000013  -0.000041   0.000006
    18  C    0.000007  -0.000005   0.000003  -0.000036  -0.000004   0.000632
    19  H   -0.000035  -0.000035   0.000002   0.000002   0.000002  -0.000004
    20  H   -0.000001  -0.000053   0.000000   0.000000   0.000000   0.000019
    21  H    0.000166   0.000045   0.000000  -0.000029   0.000017  -0.000306
              13         14         15         16         17         18
     1  C   -0.003156  -0.000160  -0.001308  -0.002317  -0.000291   0.000120
     2  C   -0.000013   0.000036  -0.000221   0.000468   0.000217  -0.000043
     3  C    0.000198   0.000019   0.000107  -0.000099  -0.000551  -0.000024
     4  C   -0.000188  -0.000006  -0.000073   0.000112   0.000372  -0.001536
     5  C    0.000262   0.000003   0.000144  -0.000085  -0.000172  -0.002054
     6  C   -0.001116  -0.000030  -0.000856   0.000025   0.000176   0.001292
     7  O    0.000000   0.000000   0.000000   0.000000   0.000032   0.000007
     8  H   -0.000139  -0.000006  -0.000251   0.000252   0.000015  -0.000005
     9  O    0.000000   0.000000   0.000000   0.000000   0.000109   0.000003
    10  H    0.000001   0.000000   0.000001   0.000000  -0.000013  -0.000036
    11  H    0.000003   0.000000   0.000001  -0.000001  -0.000041  -0.000004
    12  H   -0.000001   0.000000  -0.000001   0.000002   0.000006   0.000632
    13  C   -0.004785   0.000340   0.002073   0.000876  -0.000077   0.000004
    14  H    0.000340  -0.000098   0.000080  -0.000154  -0.000044   0.000000
    15  H    0.002073   0.000080   0.005279  -0.001344  -0.000071   0.000003
    16  H    0.000876  -0.000154  -0.001344   0.006895   0.000084  -0.000005
    17  H   -0.000077  -0.000044  -0.000071   0.000084   0.001596  -0.000003
    18  C    0.000004   0.000000   0.000003  -0.000005  -0.000003  -0.000306
    19  H    0.000001   0.000000   0.000000  -0.000001   0.000000   0.001204
    20  H    0.000000   0.000000   0.000001  -0.000001   0.000000   0.000099
    21  H   -0.000001   0.000000  -0.000001   0.000001   0.000001   0.000542
              19         20         21
     1  C    0.000034   0.000005   0.000008
     2  C   -0.000008   0.000005  -0.000011
     3  C    0.000018  -0.000007  -0.000011
     4  C   -0.000549  -0.000031  -0.000724
     5  C   -0.000385  -0.000064   0.000027
     6  C    0.000247   0.000063   0.000070
     7  O   -0.000035  -0.000001   0.000166
     8  H   -0.000035  -0.000053   0.000045
     9  O    0.000002   0.000000   0.000000
    10  H    0.000002   0.000000  -0.000029
    11  H    0.000002   0.000000   0.000017
    12  H   -0.000004   0.000019  -0.000306
    13  C    0.000001   0.000000  -0.000001
    14  H    0.000000   0.000000   0.000000
    15  H    0.000000   0.000001  -0.000001
    16  H   -0.000001  -0.000001   0.000001
    17  H    0.000000   0.000000   0.000001
    18  C    0.001204   0.000099   0.000542
    19  H    0.000211   0.000003  -0.000088
    20  H    0.000003  -0.000387   0.000094
    21  H   -0.000088   0.000094  -0.000068
 Mulliken charges and spin densities:
               1          2
     1  C   -0.096439   0.081725
     2  C   -0.069197  -0.034426
     3  C    0.176728   0.078463
     4  C   -0.131183   0.080908
     5  C   -0.100662   0.012987
     6  C   -0.055338   0.031955
     7  O   -0.421900   0.727865
     8  H    0.079620  -0.001417
     9  O   -0.352111   0.037379
    10  H    0.250973  -0.017268
    11  H    0.261106  -0.005221
    12  H    0.143463   0.003197
    13  C   -0.257294  -0.005720
    14  H    0.112459  -0.000018
    15  H    0.125665   0.003563
    16  H    0.128388   0.004706
    17  H    0.096887   0.001343
    18  C   -0.253519  -0.000111
    19  H    0.126862   0.000619
    20  H    0.106725  -0.000258
    21  H    0.128766  -0.000270
 Sum of Mulliken charges =   0.00000   1.00000
 Mulliken charges and spin densities with hydrogens summed into heavy atoms:
               1          2
     1  C   -0.096439   0.081725
     2  C    0.027690  -0.033083
     3  C    0.176728   0.078463
     4  C    0.012280   0.084105
     5  C   -0.100662   0.012987
     6  C    0.024282   0.030538
     7  O   -0.170926   0.710597
     9  O   -0.091005   0.032158
    13  C    0.109218   0.002531
    18  C    0.108834  -0.000020
 APT charges:
               1
     1  C    0.294523
     2  C   -0.181539
     3  C    0.462645
     4  C   -0.353998
     5  C    0.244119
     6  C   -0.301344
     7  O   -0.230751
     8  H    0.028821
     9  O   -0.495962
    10  H    0.191549
    11  H    0.192730
    12  H    0.112377
    13  C    0.014670
    14  H   -0.008858
    15  H   -0.013570
    16  H   -0.016323
    17  H    0.045024
    18  C    0.049778
    19  H   -0.020412
    20  H   -0.006627
    21  H   -0.006852
 Sum of APT charges =   0.00000
 APT charges with hydrogens summed into heavy atoms:
               1
     1  C    0.294523
     2  C   -0.136515
     3  C    0.462645
     4  C   -0.241622
     5  C    0.244119
     6  C   -0.272523
     7  O   -0.039202
     9  O   -0.303232
    13  C   -0.024081
    18  C    0.015887
 Electronic spatial extent (au):  <R**2>=           1670.0670
 Charge=              0.0000 electrons
 Dipole moment (field-independent basis, Debye):
    X=             -2.4850    Y=              1.4001    Z=              0.9663  Tot=              3.0115
 Quadrupole moment (field-independent basis, Debye-Ang):
   XX=            -61.4471   YY=            -59.4841   ZZ=            -59.5465
   XY=              1.6207   XZ=             -0.3313   YZ=             -2.0991
 Traceless Quadrupole moment (field-independent basis, Debye-Ang):
   XX=             -1.2879   YY=              0.6751   ZZ=              0.6128
   XY=              1.6207   XZ=             -0.3313   YZ=             -2.0991
 Octapole moment (field-independent basis, Debye-Ang**2):
  XXX=            -15.4811  YYY=              4.2123  ZZZ=             10.8223  XYY=             -0.4710
  XXY=             -6.3779  XXZ=              0.4079  XZZ=             14.0766  YZZ=             -2.2674
  YYZ=              3.6463  XYZ=             -4.3143
 Hexadecapole moment (field-independent basis, Debye-Ang**3):
 XXXX=          -1247.6152 YYYY=           -837.7885 ZZZZ=           -130.7282 XXXY=            -31.4744
 XXXZ=            -11.1609 YYYX=              3.6611 YYYZ=             -5.5667 ZZZX=             23.8209
 ZZZY=             -3.4286 XXYY=           -327.2710 XXZZ=           -208.0724 YYZZ=           -168.5770
 XXYZ=             -4.8880 YYXZ=              5.1268 ZZXY=             -5.9842
 N-N= 5.133918696940D+02 E-N=-2.105095600813D+03  KE= 4.602207542938D+02
  Exact polarizability: 175.205  -2.611 112.655  15.058  -0.260  69.338
 Approx polarizability: 296.067  -9.541 174.566  27.184   4.287 108.808
                          Isotropic Fermi Contact Couplings
        Atom                 a.u.       MegaHertz       Gauss      10(-4) cm-1
     1  C(13)              0.00403       4.52729       1.61545       1.51014
     2  C(13)             -0.00482      -5.42247      -1.93487      -1.80874
     3  C(13)              0.00086       0.96388       0.34394       0.32152
     4  C(13)              0.01897      21.32196       7.60821       7.11224
     5  C(13)             -0.00190      -2.13908      -0.76328      -0.71352
     6  C(13)              0.00012       0.13018       0.04645       0.04342
     7  O(17)              0.05909     -35.81922     -12.78119     -11.94801
     8  H(1)              -0.00034      -1.54136      -0.55000      -0.51414
     9  O(17)              0.00260      -1.57722      -0.56279      -0.52610
    10  H(1)              -0.01072     -47.89725     -17.09093     -15.97680
    11  H(1)               0.00003       0.11184       0.03991       0.03730
    12  H(1)               0.00592      26.47909       9.44840       8.83247
    13  C(13)             -0.00251      -2.82717      -1.00881      -0.94304
    14  H(1)               0.00000       0.01831       0.00653       0.00611
    15  H(1)               0.00212       9.49350       3.38752       3.16669
    16  H(1)               0.00255      11.40321       4.06895       3.80370
    17  H(1)               0.00026       1.14729       0.40938       0.38270
    18  C(13)             -0.00054      -0.60149      -0.21463      -0.20064
    19  H(1)               0.00065       2.88968       1.03111       0.96389
    20  H(1)              -0.00008      -0.34801      -0.12418      -0.11609
    21  H(1)               0.00029       1.30845       0.46689       0.43645
 --------------------------------------------------------
       Center         ----  Spin Dipole Couplings  ----
                      3XX-RR        3YY-RR        3ZZ-RR
 --------------------------------------------------------
     1   Atom       -0.038364     -0.048886      0.087250
     2   Atom        0.020479      0.012057     -0.032535
     3   Atom       -0.047984     -0.053190      0.101174
     4   Atom        0.034024     -0.080914      0.046889
     5   Atom       -0.010777     -0.009693      0.020470
     6   Atom       -0.019401     -0.020482      0.039883
     7   Atom        1.276953     -0.586571     -0.690381
     8   Atom       -0.000121      0.002182     -0.002061
     9   Atom       -0.086489     -0.083112      0.169601
    10   Atom       -0.006683     -0.083010      0.089693
    11   Atom       -0.004702      0.008627     -0.003925
    12   Atom        0.002400     -0.012784      0.010384
    13   Atom        0.001145     -0.003218      0.002073
    14   Atom        0.001046      0.000167     -0.001212
    15   Atom        0.001966     -0.001365     -0.000602
    16   Atom        0.002557     -0.001244     -0.001313
    17   Atom        0.003088     -0.000299     -0.002789
    18   Atom       -0.001856      0.003414     -0.001558
    19   Atom       -0.001321      0.002495     -0.001174
    20   Atom       -0.000318      0.001815     -0.001497
    21   Atom       -0.001492      0.004483     -0.002990
 --------------------------------------------------------
                        XY            XZ            YZ
 --------------------------------------------------------
     1   Atom       -0.001592      0.031265     -0.013499
     2   Atom        0.001927     -0.003818      0.001625
     3   Atom        0.002429      0.027747      0.001889
     4   Atom        0.004875      0.132829      0.005586
     5   Atom       -0.005211     -0.008167      0.005066
     6   Atom       -0.000910     -0.002646     -0.006081
     7   Atom       -1.546809      1.438908     -0.804567
     8   Atom       -0.004428     -0.000267      0.000316
     9   Atom        0.010118     -0.057729     -0.049375
    10   Atom       -0.015595     -0.072017     -0.023676
    11   Atom        0.011458      0.010512      0.019822
    12   Atom       -0.000242     -0.005779     -0.013323
    13   Atom        0.001559      0.001370     -0.000408
    14   Atom        0.001539     -0.000083     -0.000173
    15   Atom        0.000262     -0.001629      0.000222
    16   Atom        0.000182      0.000726     -0.000357
    17   Atom        0.001835     -0.000014      0.000421
    18   Atom       -0.002470      0.000794     -0.001594
    19   Atom       -0.000922      0.000526     -0.001892
    20   Atom       -0.001474      0.000114      0.000006
    21   Atom       -0.001688      0.000580      0.000327
 --------------------------------------------------------


 ---------------------------------------------------------------------------------
              Anisotropic Spin Dipole Couplings in Principal Axis System
 ---------------------------------------------------------------------------------

       Atom             a.u.   MegaHertz   Gauss  10(-4) cm-1        Axes

              Baa    -0.0506    -6.793    -2.424    -2.266 -0.2700  0.9504  0.1543
     1 C(13)  Bbb    -0.0452    -6.070    -2.166    -2.025  0.9357  0.2968 -0.1906
              Bcc     0.0959    12.864     4.590     4.291  0.2269 -0.0929  0.9695
 
              Baa    -0.0329    -4.412    -1.574    -1.472  0.0727 -0.0392  0.9966
     2 C(13)  Bbb     0.0118     1.578     0.563     0.527 -0.1936  0.9797  0.0526
              Bcc     0.0211     2.833     1.011     0.945  0.9784  0.1967 -0.0637
 
              Baa    -0.0552    -7.402    -2.641    -2.469 -0.6768  0.7277  0.1113
     3 C(13)  Bbb    -0.0510    -6.849    -2.444    -2.285  0.7145  0.6857 -0.1388
              Bcc     0.1062    14.251     5.085     4.754  0.1773  0.0144  0.9840
 
              Baa    -0.0925   -12.418    -4.431    -4.142  0.7232  0.0284 -0.6901
     4 C(13)  Bbb    -0.0811   -10.886    -3.884    -3.631 -0.0406  0.9992 -0.0015
              Bcc     0.1737    23.303     8.315     7.773  0.6895  0.0291  0.7237
 
              Baa    -0.0157    -2.110    -0.753    -0.704  0.7911  0.6044  0.0939
     5 C(13)  Bbb    -0.0079    -1.061    -0.378    -0.354 -0.5567  0.7752 -0.2987
              Bcc     0.0236     3.171     1.131     1.058 -0.2533  0.1840  0.9497
 
              Baa    -0.0217    -2.913    -1.039    -0.972  0.4684  0.8770  0.1067
     6 C(13)  Bbb    -0.0189    -2.535    -0.904    -0.845  0.8825 -0.4703 -0.0089
              Bcc     0.0406     5.448     1.944     1.817 -0.0424 -0.0984  0.9942
 
              Baa    -1.4632   105.875    37.779    35.316  0.5895  0.7374 -0.3299
     7 O(17)  Bbb    -1.4433   104.439    37.267    34.837 -0.1599  0.5068  0.8471
              Bcc     2.9065  -210.315   -75.046   -70.153  0.7918 -0.4466  0.4166
 
              Baa    -0.0035    -1.892    -0.675    -0.631  0.7914  0.6112  0.0123
     8 H(1)   Bbb    -0.0021    -1.112    -0.397    -0.371  0.0231 -0.0500  0.9985
              Bcc     0.0056     3.003     1.072     1.002 -0.6109  0.7899  0.0537
 
              Baa    -0.0989     7.159     2.554     2.388  0.9724  0.0716  0.2222
     9 O(17)  Bbb    -0.0923     6.681     2.384     2.229 -0.1090  0.9809  0.1609
              Bcc     0.1913   -13.840    -4.939    -4.617 -0.2064 -0.1807  0.9616
 
              Baa    -0.0960   -51.234   -18.282   -17.090  0.3618  0.8968  0.2546
    10 H(1)   Bbb    -0.0330   -17.614    -6.285    -5.875  0.8098 -0.4376  0.3908
              Bcc     0.1290    68.848    24.567    22.965 -0.4619 -0.0648  0.8845
 
              Baa    -0.0188   -10.026    -3.577    -3.344 -0.1993 -0.5181  0.8318
    11 H(1)   Bbb    -0.0112    -5.998    -2.140    -2.001  0.8914 -0.4484 -0.0658
              Bcc     0.0300    16.024     5.718     5.345  0.4071  0.7283  0.5512
 
              Baa    -0.0192   -10.236    -3.652    -3.414  0.1246  0.8953  0.4278
    12 H(1)   Bbb     0.0010     0.545     0.194     0.182  0.9411 -0.2432  0.2348
              Bcc     0.0182     9.691     3.458     3.233 -0.3143 -0.3733  0.8729
 
              Baa    -0.0038    -0.514    -0.184    -0.172 -0.3310  0.9330  0.1413
    13 C(13)  Bbb     0.0007     0.096     0.034     0.032  0.7100  0.3449 -0.6139
              Bcc     0.0031     0.418     0.149     0.139  0.6215  0.1029  0.7766
 
              Baa    -0.0013    -0.667    -0.238    -0.223 -0.1577  0.2864  0.9450
    14 H(1)   Bbb    -0.0010    -0.514    -0.184    -0.172 -0.5837  0.7449 -0.3232
              Bcc     0.0022     1.182     0.422     0.394  0.7965  0.6026 -0.0497
 
              Baa    -0.0017    -0.904    -0.323    -0.302 -0.3336  0.6939 -0.6381
    15 H(1)   Bbb    -0.0011    -0.569    -0.203    -0.190  0.2794  0.7193  0.6361
              Bcc     0.0028     1.473     0.526     0.491  0.9003  0.0339 -0.4338
 
              Baa    -0.0017    -0.930    -0.332    -0.310 -0.1568  0.6127  0.7746
    16 H(1)   Bbb    -0.0009    -0.507    -0.181    -0.169  0.0848  0.7898 -0.6075
              Bcc     0.0027     1.436     0.513     0.479  0.9840  0.0296  0.1758
 
              Baa    -0.0029    -1.536    -0.548    -0.512  0.0656 -0.2059  0.9764
    17 H(1)   Bbb    -0.0010    -0.542    -0.193    -0.181 -0.3980  0.8919  0.2148
              Bcc     0.0039     2.078     0.741     0.693  0.9150  0.4027  0.0234
 
              Baa    -0.0029    -0.384    -0.137    -0.128  0.9306  0.3223 -0.1732
    18 C(13)  Bbb    -0.0020    -0.271    -0.097    -0.090  0.0692  0.3097  0.9483
              Bcc     0.0049     0.655     0.234     0.218 -0.3593  0.8945 -0.2659
 
              Baa    -0.0020    -1.071    -0.382    -0.357 -0.2540  0.3300  0.9092
    19 H(1)   Bbb    -0.0015    -0.810    -0.289    -0.270  0.9435  0.2913  0.1579
              Bcc     0.0035     1.881     0.671     0.627 -0.2127  0.8979 -0.3853
 
              Baa    -0.0015    -0.812    -0.290    -0.271 -0.2058 -0.0926  0.9742
    20 H(1)   Bbb    -0.0010    -0.558    -0.199    -0.186  0.8663  0.4458  0.2254
              Bcc     0.0026     1.370     0.489     0.457 -0.4551  0.8903 -0.0115
 
              Baa    -0.0033    -1.760    -0.628    -0.587 -0.4088 -0.1267  0.9038
    21 H(1)   Bbb    -0.0016    -0.871    -0.311    -0.290  0.8770  0.2193  0.4275
              Bcc     0.0049     2.631     0.939     0.877 -0.2523  0.9674  0.0215
 

 ---------------------------------------------------------------------------------

 Calling FoFJK, ICntrl=    100127 FMM=F ISym2X=0 I1Cent= 0 IOpClX= 1 NMat=1 NMatS=1 NMatT=0.
 Full mass-weighted force constant matrix:
 Low frequencies ---   -5.9913   -2.9544   -0.0003    0.0008    0.0008    5.6435
 Low frequencies ---   34.2718   53.1657   77.6827
 Diagonal vibrational polarizability:
       29.0828945      28.8833223      37.8129951
 Harmonic frequencies (cm**-1), IR intensities (KM/Mole), Raman scattering
 activities (A**4/AMU), depolarization ratios for plane and unpolarized
 incident light, reduced masses (AMU), force constants (mDyne/A),
 and normal coordinates:
                      1                      2                      3
                      A                      A                      A
 Frequencies --     34.2669                53.1648                77.6824
 Red. masses --      5.7768                 1.0452                 1.0343
 Frc consts  --      0.0040                 0.0017                 0.0037
 IR Inten    --      1.1251                 0.3289                 0.1533
  Atom  AN      X      Y      Z        X      Y      Z        X      Y      Z
     1   6    -0.07   0.00  -0.05     0.01   0.00   0.02     0.00   0.00   0.01
     2   6    -0.04   0.01   0.03     0.00   0.00   0.01     0.00   0.00   0.01
     3   6    -0.03   0.02   0.11     0.00   0.00  -0.01     0.00   0.00   0.00
     4   6    -0.04   0.02   0.11     0.00   0.00  -0.01     0.00   0.00  -0.01
     5   6    -0.06   0.02   0.04     0.00   0.00   0.01     0.00   0.00  -0.02
     6   6    -0.08   0.01  -0.05     0.01   0.00   0.02     0.00   0.00  -0.01
     7   8     0.40  -0.11  -0.22    -0.02   0.01  -0.01    -0.01   0.00  -0.01
     8   1    -0.10   0.01  -0.12     0.01   0.00   0.04     0.00   0.00  -0.02
     9   8    -0.03   0.02   0.17     0.00   0.00  -0.02     0.00   0.00  -0.01
    10   1     0.56   0.04  -0.11    -0.02   0.00  -0.01    -0.01  -0.02  -0.01
    11   1     0.00   0.04   0.10     0.00   0.00  -0.02     0.00   0.00  -0.01
    12   1     0.00   0.02   0.20     0.00   0.00  -0.02    -0.01   0.00  -0.03
    13   6    -0.09   0.00  -0.16     0.00   0.00  -0.02     0.01   0.00   0.02
    14   1    -0.07   0.00  -0.09     0.10  -0.01   0.51     0.01   0.00   0.05
    15   1    -0.19   0.07  -0.23    -0.20   0.48  -0.29     0.01   0.02   0.01
    16   1    -0.02  -0.07  -0.26     0.09  -0.47  -0.37     0.00  -0.02   0.01
    17   1    -0.04   0.01   0.02     0.00   0.00   0.02     0.01   0.00   0.02
    18   6    -0.08   0.02   0.05     0.01   0.00   0.01     0.01   0.00   0.02
    19   1     0.02   0.00   0.08    -0.02   0.01   0.01     0.56  -0.13   0.16
    20   1    -0.12   0.02  -0.05     0.02   0.00   0.04    -0.16   0.03  -0.50
    21   1    -0.15   0.06   0.13     0.02  -0.01   0.00    -0.36   0.09   0.46
                      4                      5                      6
                      A                      A                      A
 Frequencies --    100.9088               179.5184               212.9750
 Red. masses --      4.8851                 3.1302                 6.6051
 Frc consts  --      0.0293                 0.0594                 0.1765
 IR Inten    --      0.4387                 3.5452                14.8348
  Atom  AN      X      Y      Z        X      Y      Z        X      Y      Z
     1   6    -0.01  -0.01  -0.02    -0.03   0.00  -0.12    -0.06   0.00   0.02
     2   6    -0.04  -0.04   0.00    -0.04   0.00  -0.13    -0.08  -0.02  -0.06
     3   6    -0.03  -0.08   0.02    -0.02   0.00  -0.07    -0.07  -0.04  -0.04
     4   6     0.00  -0.09  -0.04    -0.02   0.00  -0.07    -0.04  -0.08   0.09
     5   6     0.05  -0.06   0.05    -0.02   0.00  -0.11    -0.01  -0.06   0.04
     6   6     0.04  -0.02   0.05    -0.05   0.01  -0.20    -0.03  -0.02   0.04
     7   8    -0.08   0.33  -0.20     0.07   0.01   0.05     0.32   0.26   0.27
     8   1     0.07   0.00   0.10    -0.04   0.01  -0.18    -0.01   0.00   0.04
     9   8    -0.02  -0.08   0.12     0.00  -0.01   0.10    -0.08  -0.06  -0.25
    10   1    -0.02   0.47  -0.16     0.03   0.13   0.04     0.17   0.20   0.19
    11   1    -0.02  -0.02   0.04    -0.03   0.02   0.13    -0.01  -0.19  -0.41
    12   1    -0.05  -0.11  -0.18     0.04  -0.01   0.08     0.03  -0.09   0.24
    13   6    -0.04   0.05  -0.11     0.03  -0.02   0.20    -0.08   0.06   0.03
    14   1    -0.11   0.06  -0.25     0.08  -0.02   0.44    -0.13   0.06   0.05
    15   1    -0.05  -0.05  -0.07     0.23   0.14   0.20    -0.06   0.09   0.02
    16   1     0.01   0.18  -0.08    -0.16  -0.19   0.27    -0.06   0.07   0.02
    17   1    -0.08  -0.03   0.00    -0.02   0.00  -0.04    -0.13  -0.02  -0.16
    18   6     0.14  -0.09   0.17     0.04  -0.01   0.16     0.05  -0.09  -0.09
    19   1     0.19  -0.03   0.20     0.02   0.20   0.21     0.11  -0.24  -0.12
    20   1     0.19  -0.06   0.21     0.09  -0.03   0.33     0.07  -0.01  -0.22
    21   1     0.15  -0.21   0.20     0.07  -0.20   0.17     0.03  -0.05  -0.08
                      7                      8                      9
                      A                      A                      A
 Frequencies --    224.4338               270.0419               283.0529
 Red. masses --      3.3898                 2.6443                 4.4909
 Frc consts  --      0.1006                 0.1136                 0.2120
 IR Inten    --      3.2043                 0.7629                 0.2131
  Atom  AN      X      Y      Z        X      Y      Z        X      Y      Z
     1   6     0.00   0.00   0.03     0.04  -0.04   0.01     0.01  -0.01  -0.11
     2   6     0.06  -0.01   0.32     0.02  -0.06   0.01     0.01  -0.03  -0.05
     3   6     0.01   0.00   0.07     0.03  -0.04  -0.03     0.04  -0.04   0.09
     4   6    -0.01   0.00  -0.03     0.03  -0.03  -0.11     0.10  -0.03   0.37
     5   6    -0.02   0.00  -0.08     0.03  -0.04  -0.05     0.04  -0.02   0.14
     6   6    -0.05   0.02  -0.21     0.07  -0.07   0.02    -0.01  -0.02  -0.18
     7   8     0.00   0.01   0.01     0.03   0.00   0.04    -0.12   0.04  -0.13
     8   1    -0.08   0.03  -0.38     0.08  -0.08   0.07    -0.07  -0.01  -0.42
     9   8    -0.01   0.00  -0.15     0.04  -0.04   0.01     0.01  -0.03  -0.10
    10   1    -0.03  -0.21  -0.02    -0.03   0.02   0.00     0.07   0.05  -0.02
    11   1     0.05  -0.06  -0.27     0.03  -0.03   0.01     0.03  -0.08  -0.08
    12   1    -0.02   0.00  -0.03     0.03  -0.05  -0.12     0.08   0.00   0.35
    13   6    -0.02   0.00  -0.05    -0.02   0.23   0.00     0.02   0.10   0.09
    14   1    -0.03   0.00  -0.14    -0.28   0.26   0.01    -0.06   0.11   0.27
    15   1    -0.07  -0.07  -0.04     0.05   0.33  -0.02     0.21   0.26   0.08
    16   1     0.03   0.06  -0.06     0.10   0.37  -0.02    -0.06   0.05   0.13
    17   1     0.10  -0.01   0.51     0.03  -0.06   0.04    -0.01  -0.03  -0.11
    18   6     0.04  -0.01   0.12    -0.21   0.03   0.07    -0.08   0.01  -0.03
    19   1     0.00   0.17   0.15    -0.26   0.20   0.10    -0.14  -0.10  -0.08
    20   1     0.09  -0.02   0.30    -0.37  -0.18   0.12    -0.14  -0.04  -0.11
    21   1     0.08  -0.19   0.10    -0.27   0.16   0.11    -0.08   0.20  -0.08
                     10                     11                     12
                      A                      A                      A
 Frequencies --    315.6019               369.3319               463.8991
 Red. masses --      3.3258                 1.1403                 1.0758
 Frc consts  --      0.1952                 0.0916                 0.1364
 IR Inten    --     10.7325                83.6551                65.9704
  Atom  AN      X      Y      Z        X      Y      Z        X      Y      Z
     1   6    -0.03  -0.08   0.00     0.00  -0.01   0.02     0.01   0.00   0.01
     2   6    -0.02  -0.09  -0.01     0.00  -0.01   0.03    -0.01   0.00  -0.01
     3   6    -0.01  -0.02   0.00     0.00   0.00  -0.01    -0.01  -0.01   0.00
     4   6    -0.10  -0.01   0.01    -0.01   0.00   0.00     0.00  -0.01  -0.01
     5   6    -0.08  -0.03   0.01     0.00   0.00   0.00     0.00   0.00  -0.03
     6   6    -0.06  -0.06   0.01     0.00  -0.01  -0.01     0.01   0.01   0.01
     7   8    -0.01  -0.03  -0.01    -0.02  -0.06   0.01    -0.05   0.02   0.00
     8   1    -0.10  -0.09   0.01    -0.01  -0.01  -0.03     0.02   0.01   0.03
     9   8     0.21   0.21  -0.01     0.02   0.03  -0.05    -0.01   0.00  -0.01
    10   1     0.05  -0.31   0.01     0.16   0.93   0.16     0.83  -0.23   0.49
    11   1     0.09   0.41   0.12    -0.07  -0.04   0.24    -0.04   0.00   0.07
    12   1    -0.12   0.02  -0.01     0.00  -0.01   0.00    -0.01  -0.01  -0.02
    13   6    -0.09   0.13   0.03    -0.01   0.00   0.00     0.01  -0.01   0.00
    14   1    -0.30   0.16   0.08    -0.02   0.01  -0.02     0.02  -0.01  -0.01
    15   1     0.00   0.25   0.01    -0.02   0.00  -0.01     0.00  -0.02   0.00
    16   1    -0.01   0.23   0.02     0.01   0.02  -0.01     0.01  -0.01  -0.01
    17   1    -0.01  -0.10  -0.02     0.01  -0.01   0.05    -0.02   0.00  -0.01
    18   6     0.12  -0.10  -0.03     0.01   0.00   0.00     0.00   0.01   0.00
    19   1     0.17  -0.21  -0.05     0.02  -0.01   0.00     0.00   0.05   0.02
    20   1     0.26   0.07  -0.05     0.02   0.01   0.00    -0.01  -0.01   0.02
    21   1     0.17  -0.25  -0.06     0.01  -0.01   0.00    -0.01  -0.01   0.02
                     13                     14                     15
                      A                      A                      A
 Frequencies --    501.6773               510.8050               517.3452
 Red. masses --      2.9476                 5.0651                 6.1115
 Frc consts  --      0.4371                 0.7787                 0.9637
 IR Inten    --     18.3240                 3.8993                 8.8165
  Atom  AN      X      Y      Z        X      Y      Z        X      Y      Z
     1   6    -0.07   0.12  -0.04    -0.18   0.01   0.00     0.02   0.24  -0.01
     2   6    -0.14   0.00   0.05     0.06   0.21   0.02     0.06   0.21  -0.02
     3   6    -0.10  -0.11   0.02     0.11   0.17  -0.05     0.15  -0.13  -0.01
     4   6     0.01  -0.14  -0.02     0.26   0.08  -0.06    -0.10  -0.08   0.00
     5   6     0.16  -0.04   0.04     0.07  -0.17   0.03    -0.18  -0.09  -0.01
     6   6     0.10   0.07  -0.03     0.02  -0.06  -0.01    -0.20   0.23   0.07
     7   8     0.02   0.00   0.01    -0.02   0.00  -0.01    -0.01  -0.02  -0.01
     8   1     0.21   0.19  -0.07     0.18   0.10  -0.05    -0.13   0.28   0.13
     9   8     0.12   0.11  -0.04    -0.02   0.05   0.02     0.21  -0.16  -0.03
    10   1    -0.08  -0.06  -0.05     0.10  -0.04   0.06     0.03   0.04   0.02
    11   1    -0.01   0.29   0.14     0.02  -0.04   0.01     0.17  -0.13   0.03
    12   1    -0.01  -0.31  -0.20     0.22   0.20  -0.07    -0.13   0.15   0.07
    13   6    -0.04  -0.07   0.01    -0.26  -0.03   0.05     0.11   0.06  -0.02
    14   1     0.23  -0.11  -0.01    -0.24  -0.04   0.07     0.27   0.04  -0.04
    15   1    -0.08  -0.19   0.04    -0.23  -0.03   0.06     0.06  -0.01   0.00
    16   1    -0.19  -0.23   0.05    -0.29  -0.05   0.07     0.03  -0.02   0.00
    17   1    -0.29   0.04   0.11     0.27   0.16   0.05    -0.20   0.27  -0.01
    18   6    -0.05   0.02   0.01    -0.04  -0.22   0.00    -0.11  -0.21   0.02
    19   1    -0.14   0.09   0.00    -0.07  -0.26  -0.02    -0.08  -0.20   0.03
    20   1    -0.23  -0.19   0.00    -0.07  -0.25  -0.03    -0.07  -0.17   0.03
    21   1    -0.10   0.27   0.01    -0.04  -0.14  -0.02    -0.11  -0.27   0.03
                     16                     17                     18
                      A                      A                      A
 Frequencies --    543.9159               583.1113               594.3645
 Red. masses --      3.1521                 4.2856                 3.9823
 Frc consts  --      0.5494                 0.8585                 0.8289
 IR Inten    --      0.9143                 3.5955                 3.2905
  Atom  AN      X      Y      Z        X      Y      Z        X      Y      Z
     1   6     0.02   0.00   0.27     0.13   0.03   0.13     0.01   0.02  -0.20
     2   6    -0.05   0.02  -0.11    -0.03   0.00   0.00     0.00   0.01   0.02
     3   6     0.00  -0.01   0.04    -0.13   0.08  -0.15    -0.01   0.07   0.32
     4   6     0.07  -0.03   0.14    -0.01  -0.01   0.01     0.01   0.00   0.02
     5   6    -0.01  -0.01  -0.26     0.01  -0.11   0.09    -0.03  -0.05  -0.19
     6   6     0.03   0.01  -0.02     0.01   0.00  -0.09     0.05  -0.04   0.12
     7   8    -0.01   0.00  -0.02     0.01   0.01   0.01     0.00  -0.02   0.00
     8   1     0.05   0.05  -0.09    -0.02   0.02  -0.33     0.13  -0.05   0.46
     9   8     0.03   0.03  -0.01    -0.15   0.16   0.06    -0.10   0.12  -0.06
    10   1    -0.14   0.03  -0.10     0.00  -0.04   0.00    -0.07   0.12  -0.03
    11   1     0.02   0.05   0.00    -0.17   0.23   0.07     0.00   0.00  -0.21
    12   1     0.13  -0.08   0.28     0.02   0.00   0.10    -0.04  -0.11  -0.19
    13   6    -0.05  -0.02   0.01     0.25   0.04  -0.04     0.11   0.02  -0.03
    14   1    -0.04  -0.02  -0.16     0.25   0.05  -0.16     0.15   0.02   0.12
    15   1    -0.35  -0.12  -0.05     0.05  -0.01  -0.08     0.37   0.09   0.03
    16   1     0.18   0.04  -0.15     0.40   0.09  -0.14    -0.10  -0.05   0.11
    17   1    -0.12   0.03  -0.41    -0.01   0.01   0.14    -0.02   0.01  -0.22
    18   6    -0.01   0.00   0.00    -0.07  -0.23   0.01    -0.04  -0.13  -0.01
    19   1     0.07   0.34   0.12    -0.11  -0.31  -0.02     0.02   0.07   0.07
    20   1    -0.01  -0.09   0.19    -0.10  -0.24  -0.03    -0.03  -0.17   0.09
    21   1    -0.06  -0.23   0.13    -0.06  -0.14  -0.03    -0.07  -0.29   0.07
                     19                     20                     21
                      A                      A                      A
 Frequencies --    713.7295               803.7082               836.8130
 Red. masses --      2.5381                 1.1852                 1.2334
 Frc consts  --      0.7618                 0.4510                 0.5089
 IR Inten    --     13.9089                86.6201               106.9938
  Atom  AN      X      Y      Z        X      Y      Z        X      Y      Z
     1   6     0.02  -0.01   0.12     0.00   0.01   0.01     0.00   0.00   0.01
     2   6     0.00   0.02  -0.11    -0.01  -0.01  -0.01     0.00   0.01  -0.01
     3   6     0.05   0.01   0.23     0.01   0.00   0.03     0.00   0.02   0.07
     4   6    -0.04   0.01  -0.15    -0.05   0.00  -0.08    -0.04   0.01  -0.07
     5   6     0.02   0.00   0.13     0.03  -0.01   0.02     0.01   0.00   0.01
     6   6    -0.03   0.01  -0.11     0.02   0.00  -0.02     0.01  -0.01  -0.04
     7   8     0.00  -0.01   0.02    -0.03  -0.02  -0.01     0.00   0.02  -0.02
     8   1    -0.08   0.02  -0.38     0.05   0.01   0.09     0.06  -0.03   0.21
     9   8    -0.01  -0.01  -0.02     0.01   0.01   0.03     0.00   0.00  -0.05
    10   1     0.05   0.02   0.04     0.07   0.15   0.06    -0.07  -0.18  -0.07
    11   1     0.06  -0.08  -0.11     0.18   0.14  -0.63    -0.16  -0.25   0.68
    12   1    -0.17  -0.03  -0.54     0.21   0.04   0.65     0.20  -0.03   0.52
    13   6     0.00   0.00   0.02    -0.01   0.00   0.00     0.01   0.00   0.00
    14   1    -0.03   0.00  -0.01     0.01   0.00  -0.01     0.01   0.00  -0.02
    15   1    -0.11  -0.01  -0.01    -0.03  -0.02   0.01    -0.03  -0.01   0.00
    16   1     0.10   0.03  -0.05    -0.02  -0.02   0.00     0.03   0.01  -0.02
    17   1    -0.06   0.02  -0.54    -0.03  -0.01   0.00     0.03   0.00   0.04
    18   6     0.00  -0.01   0.02     0.01  -0.01   0.01     0.00  -0.01   0.01
    19   1    -0.05  -0.14  -0.03    -0.04  -0.05  -0.02    -0.03  -0.09  -0.02
    20   1     0.00   0.02  -0.03    -0.04  -0.04  -0.04    -0.02  -0.01  -0.04
    21   1     0.03   0.10  -0.05     0.00   0.11  -0.02     0.01   0.07  -0.03
                     22                     23                     24
                      A                      A                      A
 Frequencies --    857.7729               882.5629               963.6072
 Red. masses --      1.2838                 1.3874                 2.1907
 Frc consts  --      0.5565                 0.6367                 1.1985
 IR Inten    --      5.7469                 2.5884                 6.2571
  Atom  AN      X      Y      Z        X      Y      Z        X      Y      Z
     1   6     0.01   0.00   0.03     0.00   0.00  -0.01     0.07  -0.02  -0.02
     2   6    -0.01   0.00  -0.09    -0.01   0.01  -0.13     0.16   0.03  -0.02
     3   6     0.00   0.00   0.03     0.01   0.00   0.07     0.02   0.00  -0.02
     4   6     0.02  -0.01   0.04    -0.02   0.00  -0.02    -0.13  -0.10   0.04
     5   6     0.00   0.00   0.01     0.00   0.00  -0.01     0.04  -0.02  -0.01
     6   6    -0.03   0.01  -0.10     0.03  -0.01   0.11    -0.03   0.11   0.01
     7   8     0.00  -0.01   0.00     0.00   0.00   0.00     0.00   0.00   0.00
     8   1     0.12  -0.04   0.67    -0.11   0.04  -0.60    -0.01   0.13   0.03
     9   8     0.00   0.00   0.00     0.00   0.00  -0.02    -0.06   0.05   0.01
    10   1     0.01   0.03   0.01     0.00  -0.01   0.00     0.00  -0.02   0.00
    11   1     0.03   0.03  -0.13     0.01  -0.05   0.00    -0.05  -0.02   0.05
    12   1    -0.08  -0.02  -0.25     0.01  -0.01   0.06    -0.13  -0.18   0.01
    13   6     0.00   0.00   0.03     0.00   0.00   0.01    -0.07  -0.07   0.01
    14   1    -0.04   0.00  -0.09     0.00   0.00  -0.03    -0.42  -0.02   0.08
    15   1    -0.17  -0.02  -0.02    -0.03   0.00   0.00     0.05   0.13  -0.03
    16   1     0.16   0.04  -0.08     0.01  -0.01  -0.01     0.04   0.12   0.03
    17   1     0.12  -0.01   0.57     0.16  -0.02   0.73     0.35  -0.02  -0.10
    18   6     0.00   0.00   0.01     0.00   0.00  -0.02     0.08  -0.03  -0.02
    19   1    -0.03  -0.07  -0.02     0.04   0.10   0.03    -0.11   0.28   0.01
    20   1    -0.01   0.02  -0.05     0.00  -0.03   0.06    -0.25  -0.45   0.04
    21   1     0.02   0.07  -0.03    -0.03  -0.08   0.04    -0.08   0.32   0.08
                     25                     26                     27
                      A                      A                      A
 Frequencies --    966.1030               996.1681              1037.7338
 Red. masses --      3.1359                 4.3387                 1.5910
 Frc consts  --      1.7245                 2.5367                 1.0095
 IR Inten    --      2.7231                12.1110                 5.5389
  Atom  AN      X      Y      Z        X      Y      Z        X      Y      Z
     1   6    -0.10  -0.05   0.02     0.06  -0.02  -0.01    -0.03   0.01   0.01
     2   6    -0.04   0.17   0.01    -0.08  -0.28   0.00    -0.01  -0.07   0.00
     3   6    -0.01  -0.03   0.02     0.01  -0.01   0.03     0.00   0.01   0.01
     4   6     0.13  -0.14  -0.05     0.26   0.06  -0.08     0.05   0.04  -0.01
     5   6    -0.03  -0.14   0.01    -0.01   0.02  -0.01     0.00  -0.05   0.01
     6   6    -0.17  -0.08   0.04    -0.15   0.31   0.06    -0.11  -0.02   0.02
     7   8     0.00   0.00   0.00     0.00   0.00   0.00     0.00   0.00   0.00
     8   1    -0.20  -0.09  -0.02    -0.11   0.39  -0.02    -0.22  -0.13   0.05
     9   8    -0.01   0.05   0.00    -0.02   0.02  -0.01     0.00   0.00   0.00
    10   1     0.00   0.00   0.00    -0.02  -0.01  -0.01     0.00  -0.01   0.00
    11   1    -0.02   0.12  -0.03    -0.02  -0.02   0.06     0.00  -0.03   0.03
    12   1     0.22  -0.24   0.10     0.32   0.07   0.06     0.01   0.19  -0.02
    13   6     0.13  -0.05  -0.03    -0.01  -0.09  -0.01     0.02   0.10   0.00
    14   1    -0.30   0.02   0.06    -0.44  -0.03   0.10     0.47   0.03  -0.08
    15   1     0.33   0.26  -0.09     0.15   0.17  -0.05    -0.13  -0.19   0.07
    16   1     0.32   0.25  -0.01     0.10   0.16   0.04    -0.15  -0.19  -0.02
    17   1    -0.11   0.20   0.05    -0.13  -0.28   0.03     0.06  -0.10  -0.02
    18   6     0.06   0.16   0.00    -0.03  -0.04   0.03     0.11   0.00  -0.03
    19   1     0.02   0.18  -0.01    -0.04  -0.16  -0.01    -0.10   0.34   0.00
    20   1     0.04   0.15  -0.02     0.00   0.03  -0.04    -0.21  -0.42   0.04
    21   1     0.05   0.25  -0.01     0.02  -0.01  -0.04    -0.06   0.35   0.10
                     28                     29                     30
                      A                      A                      A
 Frequencies --   1050.6173              1054.9783              1060.5524
 Red. masses --      1.7871                 1.5468                 1.5853
 Frc consts  --      1.1622                 1.0143                 1.0506
 IR Inten    --     10.4811                 5.4087                 2.4265
  Atom  AN      X      Y      Z        X      Y      Z        X      Y      Z
     1   6    -0.05  -0.02  -0.02     0.03  -0.01   0.14    -0.01  -0.01   0.05
     2   6    -0.10   0.02   0.02    -0.01   0.00  -0.03    -0.04   0.02  -0.01
     3   6    -0.01   0.02   0.01     0.00   0.00   0.00    -0.01   0.01   0.00
     4   6    -0.04   0.12   0.01     0.00   0.00   0.00    -0.02   0.05   0.03
     5   6     0.03   0.04   0.05     0.01   0.00   0.05    -0.02   0.03  -0.12
     6   6     0.04  -0.03  -0.02    -0.01   0.00  -0.05     0.03  -0.03   0.02
     7   8     0.00   0.00   0.00     0.00   0.00   0.00     0.00   0.00   0.00
     8   1     0.09   0.00   0.05     0.04   0.00   0.15    -0.01  -0.02  -0.13
     9   8     0.05  -0.06  -0.01     0.00   0.00   0.00     0.02  -0.03   0.00
    10   1     0.00   0.01   0.00     0.00   0.00   0.00     0.00   0.00   0.00
    11   1     0.03  -0.02   0.00    -0.01   0.01   0.01     0.01  -0.01   0.00
    12   1    -0.10   0.33  -0.02     0.00   0.01   0.00    -0.08   0.10  -0.08
    13   6     0.06  -0.09   0.01    -0.03   0.00  -0.15     0.01  -0.02  -0.05
    14   1    -0.36  -0.02   0.02     0.05  -0.01   0.31    -0.07  -0.01   0.11
    15   1     0.11   0.19  -0.08     0.60   0.06   0.06     0.25   0.07   0.00
    16   1     0.30   0.20  -0.04    -0.53  -0.06   0.27    -0.10   0.04   0.08
    17   1    -0.33   0.08   0.04     0.02   0.00   0.15    -0.10   0.04   0.09
    18   6     0.05  -0.06  -0.08    -0.01   0.00  -0.05     0.06  -0.03   0.13
    19   1     0.03   0.36   0.04     0.09   0.17   0.04    -0.31  -0.45  -0.12
    20   1    -0.14  -0.38   0.14     0.03  -0.01   0.10    -0.15  -0.12  -0.27
    21   1    -0.13  -0.05   0.15    -0.06  -0.17   0.07     0.16   0.55  -0.17
                     31                     32                     33
                      A                      A                      A
 Frequencies --   1173.6123              1196.3747              1261.3495
 Red. masses --      1.5685                 1.6266                 1.5606
 Frc consts  --      1.2728                 1.3717                 1.4629
 IR Inten    --      5.8553                13.4319                86.0776
  Atom  AN      X      Y      Z        X      Y      Z        X      Y      Z
     1   6    -0.16  -0.04   0.03     0.04   0.02  -0.01     0.01   0.09   0.00
     2   6    -0.03  -0.04   0.00     0.02  -0.03  -0.01     0.04   0.03  -0.01
     3   6    -0.03   0.06   0.00     0.07  -0.07   0.01    -0.12  -0.11   0.05
     4   6    -0.04   0.00   0.02    -0.03   0.00   0.00     0.03   0.04  -0.01
     5   6     0.00  -0.05   0.00    -0.03  -0.16  -0.01     0.06   0.00  -0.02
     6   6     0.01   0.04   0.00     0.03  -0.01  -0.01    -0.01  -0.02   0.00
     7   8     0.00   0.00   0.00     0.01   0.00   0.00     0.01   0.00   0.00
     8   1     0.43   0.46  -0.05     0.35   0.30  -0.04    -0.24  -0.25   0.04
     9   8     0.04  -0.04   0.00    -0.06   0.05   0.00     0.00  -0.04  -0.02
    10   1     0.01   0.01   0.00    -0.02  -0.01  -0.01    -0.01   0.01  -0.01
    11   1     0.04  -0.03  -0.03    -0.06   0.02   0.08    -0.23   0.50   0.05
    12   1    -0.06   0.04  -0.01    -0.21   0.73   0.04    -0.04   0.44   0.06
    13   6     0.08   0.02  -0.01    -0.02   0.00   0.00    -0.01  -0.03   0.00
    14   1     0.15   0.01  -0.03    -0.03   0.00   0.01    -0.10  -0.01   0.02
    15   1     0.10   0.05  -0.02    -0.03  -0.01   0.00     0.01   0.06  -0.03
    16   1     0.10   0.05  -0.02    -0.03  -0.01   0.01     0.02   0.06   0.02
    17   1     0.65  -0.22  -0.13    -0.29   0.05   0.06     0.52  -0.10  -0.12
    18   6     0.00   0.02   0.00     0.01   0.07   0.01    -0.02   0.00   0.01
    19   1     0.01   0.01   0.00     0.02   0.06   0.00     0.03  -0.05   0.00
    20   1     0.03   0.07  -0.01     0.08   0.18  -0.02     0.02   0.04  -0.01
    21   1     0.01   0.02  -0.01     0.03   0.10  -0.02     0.02  -0.05  -0.02
                     34                     35                     36
                      A                      A                      A
 Frequencies --   1333.3661              1339.4511              1393.6634
 Red. masses --      4.1175                 1.6575                 3.1003
 Frc consts  --      4.3130                 1.7521                 3.5479
 IR Inten    --     63.5590                83.0208                80.5770
  Atom  AN      X      Y      Z        X      Y      Z        X      Y      Z
     1   6    -0.15  -0.20   0.02    -0.03  -0.05   0.00    -0.18   0.13   0.05
     2   6    -0.08   0.08   0.01     0.12   0.02  -0.02     0.11  -0.08  -0.02
     3   6     0.22  -0.17  -0.01    -0.01  -0.11   0.02     0.07  -0.14  -0.04
     4   6     0.04  -0.16  -0.03     0.02   0.10  -0.01    -0.06   0.09   0.02
     5   6    -0.04   0.23   0.02    -0.02   0.08   0.01     0.21   0.03  -0.05
     6   6     0.10   0.11  -0.01    -0.06  -0.05   0.01    -0.10  -0.06   0.01
     7   8     0.01   0.01   0.01     0.00   0.00   0.00     0.00   0.00   0.00
     8   1    -0.21  -0.18   0.04     0.42   0.43  -0.06    -0.14  -0.09   0.03
     9   8    -0.10   0.07  -0.01    -0.03  -0.02  -0.01    -0.05   0.10   0.03
    10   1    -0.02   0.00  -0.02    -0.01   0.01  -0.01     0.01  -0.02   0.01
    11   1    -0.12   0.23   0.07    -0.23   0.50   0.04     0.27  -0.63  -0.07
    12   1    -0.09   0.53   0.08     0.15  -0.35   0.01    -0.04  -0.04  -0.02
    13   6     0.03   0.04   0.00     0.00   0.03   0.00     0.02  -0.03  -0.01
    14   1     0.30   0.01  -0.07     0.11   0.01  -0.02     0.16  -0.04  -0.02
    15   1     0.13  -0.03   0.06     0.02  -0.03   0.03     0.17   0.20  -0.05
    16   1     0.10  -0.04  -0.11     0.01  -0.03  -0.04     0.17   0.21   0.00
    17   1     0.14   0.01   0.00    -0.27   0.12   0.05    -0.12  -0.04   0.00
    18   6     0.00  -0.04   0.00     0.02  -0.03  -0.01    -0.05   0.01   0.01
    19   1    -0.08  -0.14  -0.05    -0.05  -0.01  -0.02     0.16  -0.18   0.02
    20   1    -0.13  -0.21   0.01    -0.04  -0.09   0.00    -0.05  -0.03   0.02
    21   1    -0.03  -0.15   0.06    -0.03  -0.01   0.04     0.10  -0.17  -0.12
                     37                     38                     39
                      A                      A                      A
 Frequencies --   1412.1665              1416.1779              1449.0292
 Red. masses --      1.2483                 1.3357                 2.2552
 Frc consts  --      1.4667                 1.5783                 2.7899
 IR Inten    --      3.4564                 0.1753                14.4837
  Atom  AN      X      Y      Z        X      Y      Z        X      Y      Z
     1   6     0.02  -0.01  -0.01    -0.04  -0.02   0.01    -0.03  -0.16   0.00
     2   6     0.00   0.00   0.00     0.01   0.00   0.00     0.06   0.02  -0.01
     3   6    -0.01   0.02   0.00     0.02  -0.02   0.00    -0.05   0.10   0.02
     4   6     0.00   0.00   0.00    -0.01   0.00   0.00    -0.06  -0.01   0.02
     5   6     0.01   0.00   0.00     0.02   0.04   0.00     0.18  -0.06  -0.05
     6   6     0.00   0.01   0.00     0.00   0.00   0.00    -0.06   0.09   0.02
     7   8     0.00   0.00   0.00     0.00   0.00   0.00     0.00   0.00   0.00
     8   1    -0.03  -0.02   0.01    -0.02  -0.02   0.00    -0.19  -0.02   0.05
     9   8     0.01  -0.01   0.00    -0.01   0.01   0.00     0.03  -0.05  -0.01
    10   1     0.00   0.00   0.00     0.00   0.00   0.00     0.00   0.00   0.00
    11   1    -0.01   0.03   0.00     0.00   0.00   0.00    -0.09   0.19   0.03
    12   1    -0.01   0.01   0.00    -0.01   0.00   0.00    -0.12   0.19   0.02
    13   6    -0.12  -0.01   0.02     0.08   0.01  -0.01     0.03   0.07   0.00
    14   1     0.39  -0.08  -0.07    -0.25   0.06   0.04    -0.15   0.08   0.01
    15   1     0.47   0.08   0.16    -0.30  -0.06  -0.10     0.07  -0.29   0.15
    16   1     0.38   0.10  -0.32    -0.25  -0.08   0.20     0.00  -0.30  -0.18
    17   1    -0.04   0.01   0.01    -0.01   0.01   0.00    -0.35   0.14   0.07
    18   6    -0.03  -0.07   0.01    -0.05  -0.12   0.01    -0.06   0.04   0.01
    19   1     0.11   0.28   0.14     0.18   0.43   0.22     0.36  -0.21   0.07
    20   1     0.18   0.22  -0.05     0.27   0.32  -0.09    -0.12  -0.11   0.11
    21   1     0.03   0.29  -0.15     0.05   0.44  -0.24     0.20  -0.12  -0.26
                     40                     41                     42
                      A                      A                      A
 Frequencies --   1484.2045              1485.0130              1491.6039
 Red. masses --      1.0456                 1.0448                 1.1240
 Frc consts  --      1.3571                 1.3575                 1.4734
 IR Inten    --     14.3915                 0.3319                37.2767
  Atom  AN      X      Y      Z        X      Y      Z        X      Y      Z
     1   6     0.00   0.00  -0.01     0.00   0.00  -0.01    -0.01  -0.02   0.00
     2   6     0.00   0.00   0.00     0.00   0.00   0.00     0.01  -0.02   0.00
     3   6     0.01   0.00   0.00    -0.01   0.00   0.00     0.03   0.05   0.00
     4   6     0.00   0.00   0.00     0.00   0.00   0.00    -0.01  -0.01   0.00
     5   6    -0.01   0.00  -0.01     0.01   0.00   0.01     0.00  -0.03   0.00
     6   6     0.01   0.00   0.00     0.00   0.00   0.00     0.01   0.02   0.00
     7   8     0.00   0.00   0.00     0.00   0.00   0.00     0.00   0.00   0.00
     8   1     0.00  -0.01   0.00     0.00   0.01  -0.01    -0.06  -0.05   0.01
     9   8     0.00   0.00   0.00     0.00   0.00   0.00     0.00  -0.03  -0.01
    10   1     0.00   0.00   0.00     0.00   0.00   0.00     0.00   0.00   0.00
    11   1    -0.02   0.03   0.00     0.00  -0.01   0.00    -0.11   0.23   0.03
    12   1     0.00  -0.01   0.00     0.00   0.01   0.01    -0.01  -0.04   0.01
    13   6    -0.01  -0.01  -0.03     0.00   0.01  -0.04    -0.01  -0.05   0.00
    14   1     0.14  -0.02   0.44     0.07  -0.01   0.54     0.41  -0.09  -0.11
    15   1    -0.17  -0.23   0.01    -0.15  -0.36   0.07    -0.22   0.43  -0.25
    16   1     0.13   0.34   0.06     0.18   0.30   0.00    -0.13   0.37   0.33
    17   1     0.00   0.00   0.01    -0.01   0.00   0.00    -0.12   0.01   0.02
    18   6    -0.01   0.00  -0.04     0.01   0.00   0.03    -0.01   0.02   0.01
    19   1     0.23  -0.30  -0.03    -0.18   0.25   0.03     0.19   0.04   0.07
    20   1     0.15  -0.04   0.51    -0.14   0.03  -0.43    -0.14  -0.11  -0.07
    21   1    -0.16   0.32   0.09     0.15  -0.27  -0.09     0.18  -0.06  -0.21
                     43                     44                     45
                      A                      A                      A
 Frequencies --   1505.1073              1530.8569              1599.6651
 Red. masses --      1.2381                 2.2746                 4.6098
 Frc consts  --      1.6525                 3.1407                 6.9500
 IR Inten    --     40.9392                29.8288               109.0755
  Atom  AN      X      Y      Z        X      Y      Z        X      Y      Z
     1   6     0.05   0.04  -0.01    -0.07   0.08   0.02     0.16  -0.25  -0.05
     2   6    -0.05   0.01   0.01    -0.05  -0.06   0.01    -0.17   0.19   0.04
     3   6     0.01  -0.04   0.00     0.20   0.00  -0.02    -0.02  -0.23  -0.01
     4   6     0.03   0.00  -0.01    -0.07   0.11   0.02    -0.05   0.26   0.02
     5   6    -0.08   0.03   0.02    -0.02  -0.14   0.00     0.08  -0.15  -0.02
     6   6     0.00  -0.05   0.00     0.08   0.05  -0.02    -0.01   0.12   0.01
     7   8     0.00   0.00   0.00     0.00   0.00   0.00     0.00   0.00   0.00
     8   1     0.15   0.09  -0.02    -0.24  -0.29   0.03    -0.09   0.04   0.03
     9   8     0.00   0.02   0.00    -0.05  -0.03  -0.01     0.00   0.05   0.01
    10   1     0.00   0.00   0.00    -0.01   0.00   0.00     0.00   0.00   0.00
    11   1     0.04  -0.08  -0.01    -0.24   0.50   0.08     0.23  -0.38  -0.05
    12   1     0.04  -0.04   0.00     0.06  -0.49  -0.02     0.08  -0.35  -0.05
    13   6    -0.01   0.00   0.00     0.02   0.00   0.00    -0.03   0.01   0.01
    14   1    -0.14   0.02   0.03    -0.23   0.04   0.05     0.25  -0.03  -0.05
    15   1     0.06  -0.11   0.07     0.15  -0.16   0.10    -0.19   0.10  -0.08
    16   1     0.04  -0.10  -0.09     0.10  -0.15  -0.16    -0.13   0.09   0.14
    17   1     0.18  -0.05  -0.03     0.06  -0.11   0.00     0.39   0.05  -0.07
    18   6    -0.02   0.02   0.01     0.01   0.03   0.00     0.00   0.02   0.00
    19   1     0.52   0.00   0.16     0.00   0.03   0.00    -0.03   0.00  -0.01
    20   1    -0.29  -0.36   0.06     0.01   0.04  -0.02     0.03   0.08  -0.02
    21   1     0.35   0.03  -0.44     0.02   0.01  -0.01    -0.01  -0.03   0.02
                     46                     47                     48
                      A                      A                      A
 Frequencies --   1640.7491              3023.7909              3025.7950
 Red. masses --      5.1314                 1.0377                 1.0376
 Frc consts  --      8.1390                 5.5904                 5.5969
 IR Inten    --    107.0575                19.3740                21.0354
  Atom  AN      X      Y      Z        X      Y      Z        X      Y      Z
     1   6    -0.19  -0.05   0.04     0.00   0.00   0.00     0.00   0.00   0.00
     2   6     0.25  -0.01  -0.05     0.00   0.00   0.00     0.00   0.00   0.00
     3   6    -0.24  -0.10   0.03     0.00   0.00   0.00     0.00   0.00   0.00
     4   6     0.08   0.09  -0.02     0.00   0.00   0.00     0.00   0.00   0.00
     5   6    -0.25  -0.11   0.05     0.00   0.00   0.00     0.00   0.00   0.00
     6   6     0.27   0.18  -0.04     0.00   0.00   0.00     0.00   0.00   0.00
     7   8     0.00   0.00   0.00     0.00   0.00   0.00     0.00   0.00   0.00
     8   1    -0.28  -0.39   0.02     0.01  -0.01   0.00    -0.01   0.01   0.00
     9   8     0.03   0.03   0.01     0.00   0.00   0.00     0.00   0.00   0.00
    10   1     0.00   0.00   0.00     0.00   0.00   0.00     0.00   0.00   0.00
    11   1     0.20  -0.39  -0.08     0.00   0.00   0.00     0.00   0.00   0.00
    12   1     0.12  -0.07  -0.01     0.00   0.00   0.00     0.01   0.00   0.00
    13   6     0.03   0.01  -0.01     0.05  -0.01  -0.01     0.00   0.00   0.00
    14   1    -0.01   0.01   0.01    -0.05  -0.40   0.00     0.00   0.03   0.00
    15   1     0.04  -0.03   0.02    -0.17   0.22   0.55     0.01  -0.02  -0.05
    16   1     0.03  -0.02  -0.04    -0.38   0.27  -0.47     0.03  -0.02   0.04
    17   1    -0.29   0.13   0.05     0.00   0.01   0.00     0.00   0.00   0.00
    18   6     0.02   0.02   0.00     0.00   0.00   0.00     0.02   0.04  -0.02
    19   1     0.12   0.08   0.04    -0.02  -0.01   0.06    -0.20  -0.17   0.66
    20   1    -0.09  -0.12   0.02     0.03  -0.02  -0.01     0.33  -0.26  -0.12
    21   1     0.08   0.10  -0.09    -0.04  -0.01  -0.03    -0.42  -0.08  -0.34
                     49                     50                     51
                      A                      A                      A
 Frequencies --   3071.8325              3076.9189              3107.7924
 Red. masses --      1.0997                 1.0990                 1.1013
 Frc consts  --      6.1138                 6.1303                 6.2672
 IR Inten    --     15.3032                14.2942                16.1129
  Atom  AN      X      Y      Z        X      Y      Z        X      Y      Z
     1   6     0.00   0.00   0.00     0.00   0.00   0.00     0.00   0.00   0.00
     2   6     0.00   0.00   0.00     0.00   0.00   0.00     0.00   0.00   0.00
     3   6     0.00   0.00   0.00     0.00   0.00   0.00     0.00   0.00   0.00
     4   6     0.00   0.00   0.00     0.00   0.00   0.00     0.00   0.00   0.00
     5   6     0.00   0.00   0.00     0.00   0.00   0.00     0.00   0.00   0.00
     6   6     0.00   0.00   0.00     0.00   0.00   0.00     0.00   0.00   0.00
     7   8     0.00   0.00   0.00     0.00   0.00   0.00     0.00   0.00   0.00
     8   1     0.00   0.00   0.00     0.00   0.00   0.00    -0.03   0.03   0.01
     9   8     0.00   0.00   0.00     0.00   0.00   0.00     0.00   0.00   0.00
    10   1     0.00   0.00   0.00     0.00   0.00   0.00     0.00   0.00   0.00
    11   1     0.00   0.00   0.00     0.00   0.00   0.00     0.00   0.00   0.00
    12   1     0.00   0.00   0.00     0.00   0.00   0.00     0.00   0.00   0.00
    13   6    -0.02   0.00  -0.09     0.00   0.00   0.00     0.00   0.00   0.00
    14   1    -0.01  -0.04  -0.02     0.00   0.00   0.00     0.00   0.02   0.00
    15   1    -0.22   0.27   0.63     0.00   0.00   0.01     0.00   0.00   0.00
    16   1     0.41  -0.29   0.47     0.00   0.00   0.00     0.00   0.00   0.00
    17   1     0.00   0.00   0.00     0.00   0.00   0.00     0.00   0.00   0.00
    18   6     0.00   0.00   0.00    -0.02   0.00  -0.09    -0.08   0.03   0.02
    19   1     0.00   0.00  -0.01    -0.20  -0.17   0.60     0.05   0.06  -0.21
    20   1     0.00   0.00   0.00    -0.13   0.10   0.03     0.66  -0.53  -0.24
    21   1     0.00   0.00   0.00     0.57   0.11   0.43     0.30   0.07   0.26
                     52                     53                     54
                      A                      A                      A
 Frequencies --   3110.9456              3156.6576              3185.5457
 Red. masses --      1.1001                 1.0900                 1.0912
 Frc consts  --      6.2730                 6.3991                 6.5244
 IR Inten    --     18.1281                15.7273                 6.3603
  Atom  AN      X      Y      Z        X      Y      Z        X      Y      Z
     1   6     0.00   0.00   0.00     0.00   0.00   0.00     0.00   0.00   0.00
     2   6     0.00   0.00   0.00     0.00   0.00   0.00    -0.02  -0.08   0.00
     3   6     0.00   0.00   0.00     0.00   0.00   0.00     0.00   0.00   0.00
     4   6     0.00   0.00   0.00     0.00   0.00   0.00     0.00   0.00   0.00
     5   6     0.00   0.00   0.00     0.00   0.00   0.00     0.00   0.00   0.00
     6   6     0.00   0.00   0.00     0.06  -0.06  -0.02     0.00   0.00   0.00
     7   8     0.00   0.00   0.00     0.00   0.00   0.00     0.00   0.00   0.00
     8   1     0.01  -0.01   0.00    -0.68   0.71   0.18     0.02  -0.02  -0.01
     9   8     0.00   0.00   0.00     0.00   0.00   0.00     0.00   0.00   0.00
    10   1     0.00   0.00   0.00     0.00   0.00   0.00     0.00   0.00   0.00
    11   1     0.00   0.00   0.00     0.00   0.00   0.00     0.01   0.01   0.00
    12   1     0.00   0.00   0.00    -0.01   0.00   0.00    -0.01   0.00   0.00
    13   6     0.01  -0.09  -0.01     0.00   0.00   0.00     0.00   0.00   0.00
    14   1     0.13   0.90   0.00     0.00   0.01   0.00     0.01   0.03   0.00
    15   1    -0.08   0.09   0.27    -0.01   0.00   0.01     0.00   0.00   0.00
    16   1    -0.15   0.09  -0.19    -0.01   0.00  -0.01     0.00   0.00   0.00
    17   1    -0.01  -0.03   0.00     0.01   0.03   0.00     0.25   0.96  -0.03
    18   6     0.00   0.00   0.00     0.00   0.00   0.00     0.00   0.00   0.00
    19   1     0.00   0.00   0.00     0.00   0.00   0.00     0.00   0.00   0.00
    20   1    -0.01   0.01   0.00    -0.03   0.03   0.01     0.00   0.00   0.00
    21   1    -0.01   0.00   0.00    -0.01   0.00  -0.01     0.00   0.00   0.00
                     55                     56                     57
                      A                      A                      A
 Frequencies --   3199.0038              3370.4461              3757.3235
 Red. masses --      1.0886                 1.0658                 1.0670
 Frc consts  --      6.5636                 7.1337                 8.8748
 IR Inten    --     21.9265                37.9134                96.3578
  Atom  AN      X      Y      Z        X      Y      Z        X      Y      Z
     1   6     0.00   0.00   0.00     0.00   0.00   0.00     0.00   0.00   0.00
     2   6     0.00   0.00   0.00     0.00   0.00   0.00     0.00   0.00   0.00
     3   6     0.00   0.00   0.00    -0.01   0.01   0.00     0.00   0.00   0.00
     4   6    -0.08  -0.02   0.03     0.00   0.00   0.00     0.00   0.00   0.00
     5   6     0.00   0.00   0.00     0.00   0.00   0.00     0.00   0.00   0.00
     6   6     0.00   0.00   0.00     0.00   0.00   0.00     0.00   0.00   0.00
     7   8     0.00   0.00   0.00     0.00   0.00   0.00     0.03   0.00  -0.05
     8   1    -0.01   0.01   0.00     0.00   0.00   0.00     0.00   0.00   0.00
     9   8     0.00   0.00   0.00    -0.05  -0.02  -0.02     0.00   0.00   0.00
    10   1     0.00   0.00   0.01     0.01   0.01  -0.02    -0.49  -0.04   0.87
    11   1    -0.03  -0.01  -0.01     0.89   0.32   0.31     0.02   0.01   0.01
    12   1     0.90   0.24  -0.34     0.03   0.01  -0.01     0.00   0.00   0.00
    13   6     0.00   0.00   0.00     0.00   0.00   0.00     0.00   0.00   0.00
    14   1     0.00   0.00   0.00     0.00   0.00   0.00     0.00   0.00   0.00
    15   1     0.00   0.00   0.00     0.00   0.00   0.00     0.00   0.00   0.00
    16   1     0.00   0.00   0.00     0.00   0.00   0.00     0.00   0.00   0.00
    17   1     0.00   0.01   0.00    -0.01  -0.01   0.00     0.00   0.00   0.00
    18   6     0.00   0.00   0.00     0.00   0.00   0.00     0.00   0.00   0.00
    19   1     0.00   0.00  -0.01     0.00   0.00   0.00     0.00   0.00   0.00
    20   1     0.00   0.00   0.00     0.00   0.00   0.00     0.00   0.00   0.00
    21   1     0.00   0.00   0.00     0.00   0.00   0.00     0.00   0.00   0.00

 -------------------
 - Thermochemistry -
 -------------------
 Temperature   298.150 Kelvin.  Pressure   1.00000 Atm.
 Atom     1 has atomic number  6 and mass  12.00000
 Atom     2 has atomic number  6 and mass  12.00000
 Atom     3 has atomic number  6 and mass  12.00000
 Atom     4 has atomic number  6 and mass  12.00000
 Atom     5 has atomic number  6 and mass  12.00000
 Atom     6 has atomic number  6 and mass  12.00000
 Atom     7 has atomic number  8 and mass  15.99491
 Atom     8 has atomic number  1 and mass   1.00783
 Atom     9 has atomic number  8 and mass  15.99491
 Atom    10 has atomic number  1 and mass   1.00783
 Atom    11 has atomic number  1 and mass   1.00783
 Atom    12 has atomic number  1 and mass   1.00783
 Atom    13 has atomic number  6 and mass  12.00000
 Atom    14 has atomic number  1 and mass   1.00783
 Atom    15 has atomic number  1 and mass   1.00783
 Atom    16 has atomic number  1 and mass   1.00783
 Atom    17 has atomic number  1 and mass   1.00783
 Atom    18 has atomic number  6 and mass  12.00000
 Atom    19 has atomic number  1 and mass   1.00783
 Atom    20 has atomic number  1 and mass   1.00783
 Atom    21 has atomic number  1 and mass   1.00783
 Molecular mass:   139.07590 amu.
 Principal axes and moments of inertia in atomic units:
                           1         2         3
     Eigenvalues --  1115.018461661.273142557.84130
           X            0.99857   0.05294  -0.00706
           Y           -0.05302   0.99853  -0.01149
           Z            0.00644   0.01185   0.99991
 This molecule is an asymmetric top.
 Rotational symmetry number  1.
 Warning -- assumption of classical behavior for rotation
           may cause significant error
 Rotational temperatures (Kelvin)      0.07768     0.05214     0.03386
 Rotational constants (GHZ):           1.61858     1.08636     0.70557
 Zero-point vibrational energy     447755.6 (Joules/Mol)
                                  107.01615 (Kcal/Mol)
 Warning -- explicit consideration of  18 degrees of freedom as
           vibrations may cause significant error
 Vibrational temperatures:     49.30    76.49   111.77   145.19   258.29
          (Kelvin)            306.42   322.91   388.53   407.25   454.08
                              531.39   667.45   721.80   734.93   744.34
                              782.57   838.97   855.16  1026.90  1156.36
                             1203.99  1234.14  1269.81  1386.42  1390.01
                             1433.26  1493.07  1511.60  1517.88  1525.90
                             1688.57  1721.32  1814.80  1918.42  1927.17
                             2005.17  2031.79  2037.56  2084.83  2135.44
                             2136.60  2146.09  2165.51  2202.56  2301.56
                             2360.67  4350.56  4353.44  4419.68  4427.00
                             4471.42  4475.96  4541.73  4583.29  4602.65
                             4849.32  5405.95
 
 Zero-point correction=                           0.170541 (Hartree/Particle)
 Thermal correction to Energy=                    0.182053
 Thermal correction to Enthalpy=                  0.182997
 Thermal correction to Gibbs Free Energy=         0.131907
 Sum of electronic and zero-point Energies=           -461.808660
 Sum of electronic and thermal Energies=              -461.797147
 Sum of electronic and thermal Enthalpies=            -461.796203
 Sum of electronic and thermal Free Energies=         -461.847294
 
                     E (Thermal)             CV                S
                      KCal/Mol        Cal/Mol-Kelvin    Cal/Mol-Kelvin
 Total                  114.240             41.591            107.530
 Electronic               0.000              0.000              1.377
 Translational            0.889              2.981             40.701
 Rotational               0.889              2.981             29.939
 Vibrational            112.463             35.629             35.512
 Vibration     1          0.594              1.983              5.566
 Vibration     2          0.596              1.976              4.696
 Vibration     3          0.599              1.964              3.949
 Vibration     4          0.604              1.948              3.437
 Vibration     5          0.629              1.867              2.333
 Vibration     6          0.644              1.821              2.018
 Vibration     7          0.649              1.804              1.923
 Vibration     8          0.674              1.728              1.596
 Vibration     9          0.682              1.705              1.515
 Vibration    10          0.703              1.644              1.333
 Vibration    11          0.742              1.535              1.083
 Vibration    12          0.821              1.330              0.755
 Vibration    13          0.857              1.246              0.654
 Vibration    14          0.866              1.226              0.632
 Vibration    15          0.872              1.212              0.616
 Vibration    16          0.899              1.153              0.557
 Vibration    17          0.940              1.068              0.480
 Vibration    18          0.952              1.044              0.459
                       Q            Log10(Q)             Ln(Q)
 Total Bot       0.212416D-60        -60.672813       -139.704314
 Total V=0       0.589623D+18         17.770574         40.918259
 Vib (Bot)       0.211437D-74        -74.674818       -171.945124
 Vib (Bot)    1  0.604049D+01          0.781072          1.798486
 Vib (Bot)    2  0.388711D+01          0.589626          1.357665
 Vib (Bot)    3  0.265203D+01          0.423579          0.975326
 Vib (Bot)    4  0.203343D+01          0.308230          0.709726
 Vib (Bot)    5  0.111902D+01          0.048836          0.112449
 Vib (Bot)    6  0.931460D+00         -0.030836         -0.071002
 Vib (Bot)    7  0.879693D+00         -0.055669         -0.128183
 Vib (Bot)    8  0.715656D+00         -0.145296         -0.334556
 Vib (Bot)    9  0.678144D+00         -0.168678         -0.388396
 Vib (Bot)   10  0.597188D+00         -0.223889         -0.515523
 Vib (Bot)   11  0.493166D+00         -0.307007         -0.706910
 Vib (Bot)   12  0.365464D+00         -0.437156         -1.006589
 Vib (Bot)   13  0.327119D+00         -0.485295         -1.117432
 Vib (Bot)   14  0.318654D+00         -0.496680         -1.143649
 Vib (Bot)   15  0.312762D+00         -0.504785         -1.162311
 Vib (Bot)   16  0.290205D+00         -0.537295         -1.237167
 Vib (Bot)   17  0.260511D+00         -0.584174         -1.345111
 Vib (Bot)   18  0.252680D+00         -0.597428         -1.375630
 Vib (V=0)       0.586906D+04          3.768569          8.677450
 Vib (V=0)    1  0.656115D+01          0.816980          1.881166
 Vib (V=0)    2  0.441913D+01          0.645337          1.485943
 Vib (V=0)    3  0.319875D+01          0.504981          1.162761
 Vib (V=0)    4  0.259400D+01          0.413971          0.953202
 Vib (V=0)    5  0.172564D+01          0.236950          0.545599
 Vib (V=0)    6  0.155717D+01          0.192337          0.442873
 Vib (V=0)    7  0.151186D+01          0.179511          0.413340
 Vib (V=0)    8  0.137302D+01          0.137677          0.317013
 Vib (V=0)    9  0.134254D+01          0.127928          0.294566
 Vib (V=0)   10  0.127887D+01          0.106825          0.245975
 Vib (V=0)   11  0.120229D+01          0.080010          0.184229
 Vib (V=0)   12  0.111933D+01          0.048956          0.112726
 Vib (V=0)   13  0.109750D+01          0.040405          0.093035
 Vib (V=0)   14  0.109291D+01          0.038584          0.088843
 Vib (V=0)   15  0.108976D+01          0.037332          0.085960
 Vib (V=0)   16  0.107812D+01          0.032666          0.075216
 Vib (V=0)   17  0.106380D+01          0.026858          0.061844
 Vib (V=0)   18  0.106022D+01          0.025396          0.058477
 Electronic      0.200000D+01          0.301030          0.693147
 Translational   0.644661D+08          7.809332         17.981651
 Rotational      0.779191D+06          5.891644         13.566012
 ***** Axes restored to original set *****
 -------------------------------------------------------------------
 Center     Atomic                   Forces (Hartrees/Bohr)
 Number     Number              X              Y              Z
 -------------------------------------------------------------------
      1        6          -0.000000582   -0.000009515   -0.000001215
      2        6          -0.000016310    0.000008680    0.000003384
      3        6           0.000024953   -0.000013974    0.000002523
      4        6           0.000002943    0.000026166   -0.000003576
      5        6           0.000006088   -0.000011577   -0.000001105
      6        6           0.000005462    0.000003682    0.000001015
      7        8          -0.000020024   -0.000003896   -0.000017870
      8        1          -0.000000458    0.000000204    0.000001595
      9        8          -0.000029327    0.000001344    0.000000722
     10        1          -0.000002813   -0.000002897   -0.000002983
     11        1           0.000026310    0.000005676    0.000008944
     12        1           0.000001386   -0.000005074    0.000010484
     13        6          -0.000001125    0.000002245   -0.000001049
     14        1           0.000000486    0.000000516    0.000000328
     15        1           0.000000420    0.000000411    0.000000603
     16        1           0.000001007    0.000000875    0.000000842
     17        1           0.000003136   -0.000002057   -0.000002100
     18        6          -0.000006768   -0.000002968   -0.000000728
     19        1           0.000001544   -0.000000265   -0.000000486
     20        1           0.000001216   -0.000000739    0.000001627
     21        1           0.000002456    0.000003164   -0.000000955
 -------------------------------------------------------------------
 Cartesian Forces:  Max     0.000029327 RMS     0.000008791
 FormGI is forming the generalized inverse of G from B-inverse, IUseBI=4.

 GradGradGradGradGradGradGradGradGradGradGradGradGradGradGradGradGradGrad
 Berny optimization.
 Internal  Forces:  Max     0.000015889 RMS     0.000003977
 Search for a local minimum.
 Step number   1 out of a maximum of    2
 All quantities printed in internal units (Hartrees-Bohrs-Radians)
 Second derivative matrix not updated -- analytic derivatives used.
 ITU=  0
     Eigenvalues ---    0.00020   0.00043   0.00102   0.00276   0.00636
     Eigenvalues ---    0.00667   0.00794   0.01033   0.01305   0.01491
     Eigenvalues ---    0.01671   0.01707   0.01925   0.01988   0.02148
     Eigenvalues ---    0.02257   0.02634   0.05120   0.05624   0.05656
     Eigenvalues ---    0.05819   0.05851   0.09173   0.09692   0.11222
     Eigenvalues ---    0.12025   0.12137   0.12445   0.14029   0.14198
     Eigenvalues ---    0.14300   0.14483   0.17598   0.18299   0.18886
     Eigenvalues ---    0.20102   0.20507   0.27104   0.30137   0.31281
     Eigenvalues ---    0.32849   0.32907   0.32945   0.33534   0.33608
     Eigenvalues ---    0.33630   0.34328   0.34397   0.35412   0.35948
     Eigenvalues ---    0.38350   0.40305   0.41189   0.43398   0.45216
     Eigenvalues ---    0.49949   0.50672
 Angle between quadratic step and forces=  71.56 degrees.
 Linear search not attempted -- first point.
 Iteration  1 RMS(Cart)=  0.00060767 RMS(Int)=  0.00000028
 Iteration  2 RMS(Cart)=  0.00000028 RMS(Int)=  0.00000002
 Variable       Old X    -DE/DX   Delta X   Delta X   Delta X     New X
                                 (Linear)    (Quad)   (Total)
    R1        2.62176  -0.00001   0.00000  -0.00003  -0.00003   2.62173
    R2        2.67246   0.00000   0.00000   0.00003   0.00003   2.67249
    R3        2.84845   0.00000   0.00000  -0.00001  -0.00001   2.84844
    R4        2.64800   0.00001   0.00000   0.00003   0.00003   2.64803
    R5        2.04751   0.00000   0.00000   0.00000   0.00000   2.04752
    R6        2.66925   0.00001   0.00000   0.00007   0.00007   2.66933
    R7        2.53986  -0.00001   0.00000  -0.00007  -0.00007   2.53979
    R8        2.66404  -0.00001   0.00000   0.00000   0.00000   2.66404
    R9        4.67273  -0.00001   0.00000  -0.00161  -0.00161   4.67112
   R10        2.04353   0.00000   0.00000  -0.00003  -0.00003   2.04351
   R11        2.61796   0.00000   0.00000  -0.00002  -0.00002   2.61795
   R12        2.85001   0.00000   0.00000  -0.00001  -0.00001   2.85000
   R13        2.05146   0.00000   0.00000   0.00000   0.00000   2.05146
   R14        1.83380   0.00000   0.00000  -0.00001  -0.00001   1.83379
   R15        3.41023  -0.00001   0.00000  -0.00070  -0.00070   3.40953
   R16        4.07361  -0.00001   0.00000  -0.00042  -0.00042   4.07319
   R17        1.86350   0.00002   0.00000   0.00011   0.00011   1.86361
   R18        2.06154   0.00000   0.00000   0.00000   0.00000   2.06154
   R19        2.06816   0.00000   0.00000   0.00001   0.00001   2.06817
   R20        2.06889   0.00000   0.00000  -0.00001  -0.00001   2.06888
   R21        2.06886   0.00000   0.00000   0.00001   0.00001   2.06887
   R22        2.06239   0.00000   0.00000   0.00000   0.00000   2.06238
   R23        2.06653   0.00000   0.00000   0.00000   0.00000   2.06652
    A1        2.08420   0.00000   0.00000  -0.00001  -0.00001   2.08418
    A2        2.11065   0.00000   0.00000   0.00002   0.00002   2.11068
    A3        2.08821   0.00000   0.00000  -0.00001  -0.00001   2.08820
    A4        2.09601   0.00000   0.00000   0.00001   0.00001   2.09602
    A5        2.11886   0.00000   0.00000   0.00004   0.00004   2.11891
    A6        2.06759   0.00000   0.00000  -0.00006  -0.00006   2.06753
    A7        2.09276   0.00000   0.00000  -0.00001  -0.00001   2.09275
    A8        2.08047  -0.00001   0.00000  -0.00001  -0.00001   2.08046
    A9        2.10989   0.00001   0.00000   0.00002   0.00002   2.10990
   A10        2.09726   0.00000   0.00000  -0.00002  -0.00002   2.09724
   A11        1.52440  -0.00001   0.00000  -0.00015  -0.00015   1.52425
   A12        2.08364   0.00000   0.00000  -0.00001  -0.00001   2.08363
   A13        2.23653   0.00000   0.00000  -0.00028  -0.00028   2.23625
   A14        2.09552   0.00000   0.00000   0.00003   0.00003   2.09554
   A15        2.07076   0.00000   0.00000   0.00002   0.00002   2.07077
   A16        2.08659   0.00001   0.00000   0.00001   0.00001   2.08661
   A17        2.12526  -0.00001   0.00000  -0.00003  -0.00003   2.12522
   A18        2.12211   0.00000   0.00000   0.00002   0.00002   2.12212
   A19        2.07568   0.00000   0.00000  -0.00002  -0.00002   2.07566
   A20        2.08514   0.00000   0.00000   0.00000   0.00000   2.08514
   A21        1.64170   0.00000   0.00000   0.00013   0.00013   1.64184
   A22        1.15189   0.00001   0.00000   0.00040   0.00040   1.15229
   A23        1.86570   0.00000   0.00000  -0.00020  -0.00020   1.86550
   A24        2.05122   0.00000   0.00000   0.00043   0.00043   2.05165
   A25        1.24835   0.00001   0.00000   0.00024   0.00024   1.24859
   A26        1.82482   0.00000   0.00000  -0.00012  -0.00012   1.82470
   A27        2.48618  -0.00001   0.00000  -0.00045  -0.00045   2.48573
   A28        1.94742   0.00000   0.00000   0.00000   0.00000   1.94741
   A29        1.93843   0.00000   0.00000  -0.00002  -0.00002   1.93841
   A30        1.93357   0.00000   0.00000   0.00001   0.00001   1.93358
   A31        1.88781   0.00000   0.00000  -0.00001  -0.00001   1.88779
   A32        1.88563   0.00000   0.00000   0.00003   0.00003   1.88566
   A33        1.86812   0.00000   0.00000   0.00000   0.00000   1.86812
   A34        1.93593   0.00000   0.00000  -0.00002  -0.00002   1.93591
   A35        1.94522   0.00000   0.00000  -0.00001  -0.00001   1.94521
   A36        1.93618   0.00001   0.00000   0.00005   0.00005   1.93623
   A37        1.88416   0.00000   0.00000  -0.00001  -0.00001   1.88415
   A38        1.86900   0.00000   0.00000  -0.00001  -0.00001   1.86899
   A39        1.89063   0.00000   0.00000   0.00000   0.00000   1.89064
    D1       -0.00367   0.00000   0.00000   0.00004   0.00004  -0.00363
    D2        3.09623   0.00000   0.00000  -0.00001  -0.00001   3.09622
    D3       -3.12799   0.00000   0.00000   0.00011   0.00011  -3.12788
    D4       -0.02809   0.00000   0.00000   0.00006   0.00006  -0.02802
    D5        0.03538   0.00000   0.00000   0.00006   0.00006   0.03545
    D6       -3.13073   0.00000   0.00000   0.00003   0.00003  -3.13070
    D7       -3.12326   0.00000   0.00000  -0.00001  -0.00001  -3.12327
    D8       -0.00618   0.00000   0.00000  -0.00004  -0.00004  -0.00623
    D9        0.02121   0.00000   0.00000  -0.00075  -0.00075   0.02046
   D10        2.12900   0.00000   0.00000  -0.00078  -0.00078   2.12821
   D11       -2.08047   0.00000   0.00000  -0.00079  -0.00079  -2.08126
   D12       -3.10307   0.00000   0.00000  -0.00068  -0.00068  -3.10374
   D13       -0.99528   0.00000   0.00000  -0.00071  -0.00071  -0.99599
   D14        1.07843   0.00000   0.00000  -0.00072  -0.00072   1.07772
   D15       -0.05901   0.00000   0.00000  -0.00009  -0.00009  -0.05910
   D16        3.06963   0.00000   0.00000  -0.00018  -0.00018   3.06946
   D17        3.12306   0.00000   0.00000  -0.00005  -0.00005   3.12301
   D18       -0.03148   0.00000   0.00000  -0.00014  -0.00014  -0.03162
   D19        0.09163   0.00000   0.00000   0.00005   0.00005   0.09168
   D20        2.42137   0.00000   0.00000  -0.00042  -0.00042   2.42095
   D21       -2.92530   0.00000   0.00000   0.00010   0.00010  -2.92520
   D22       -3.03679   0.00000   0.00000   0.00014   0.00014  -3.03665
   D23       -0.70705   0.00000   0.00000  -0.00033  -0.00033  -0.70739
   D24        0.22946   0.00000   0.00000   0.00019   0.00019   0.22965
   D25       -2.60841   0.00000   0.00000   0.00023   0.00023  -2.60818
   D26        0.52011   0.00000   0.00000   0.00014   0.00014   0.52025
   D27       -0.06008   0.00000   0.00000   0.00005   0.00005  -0.06003
   D28        3.11749   0.00000   0.00000   0.00016   0.00016   3.11764
   D29       -2.02956   0.00001   0.00000   0.00057   0.00057  -2.02899
   D30        1.14801   0.00001   0.00000   0.00068   0.00068   1.14869
   D31        2.95600   0.00000   0.00000  -0.00001  -0.00001   2.95600
   D32       -0.14962   0.00000   0.00000   0.00010   0.00010  -0.14952
   D33       -1.35351   0.00000   0.00000   0.00057   0.00057  -1.35294
   D34        0.50873   0.00000   0.00000   0.00027   0.00027   0.50900
   D35        0.86471   0.00000   0.00000   0.00025   0.00025   0.86496
   D36        2.72695   0.00000   0.00000  -0.00006  -0.00006   2.72690
   D37       -0.00315   0.00000   0.00000  -0.00010  -0.00010  -0.00325
   D38       -3.12009   0.00000   0.00000  -0.00007  -0.00007  -3.12016
   D39        3.10164   0.00000   0.00000  -0.00021  -0.00021   3.10142
   D40       -0.01531   0.00000   0.00000  -0.00018  -0.00018  -0.01549
   D41        1.10682   0.00000   0.00000   0.00110   0.00110   1.10792
   D42       -3.07641   0.00000   0.00000   0.00106   0.00106  -3.07535
   D43       -0.96807   0.00000   0.00000   0.00109   0.00109  -0.96698
   D44       -1.99764   0.00000   0.00000   0.00121   0.00121  -1.99643
   D45        0.10232   0.00000   0.00000   0.00117   0.00117   0.10349
   D46        2.21065   0.00000   0.00000   0.00120   0.00120   2.21186
   D47       -0.61907   0.00000   0.00000  -0.00015  -0.00015  -0.61922
   D48        0.89750   0.00000   0.00000   0.00022   0.00022   0.89772
   D49       -1.09330   0.00000   0.00000  -0.00033  -0.00033  -1.09363
   D50        0.33320   0.00000   0.00000  -0.00003  -0.00003   0.33317
         Item               Value     Threshold  Converged?
 Maximum Force            0.000016     0.000450     YES
 RMS     Force            0.000004     0.000300     YES
 Maximum Displacement     0.003031     0.001800     NO 
 RMS     Displacement     0.000608     0.001200     YES
 Predicted change in Energy=-2.763822D-08
                           ----------------------------
                           ! Non-Optimized Parameters !
                           ! (Angstroms and Degrees)  !
 --------------------------                            --------------------------
 ! Name  Definition              Value          Derivative Info.                !
 --------------------------------------------------------------------------------
 ! R1    R(1,2)                  1.3874         -DE/DX =    0.0                 !
 ! R2    R(1,6)                  1.4142         -DE/DX =    0.0                 !
 ! R3    R(1,13)                 1.5073         -DE/DX =    0.0                 !
 ! R4    R(2,3)                  1.4013         -DE/DX =    0.0                 !
 ! R5    R(2,17)                 1.0835         -DE/DX =    0.0                 !
 ! R6    R(3,4)                  1.4125         -DE/DX =    0.0                 !
 ! R7    R(3,9)                  1.344          -DE/DX =    0.0                 !
 ! R8    R(4,5)                  1.4097         -DE/DX =    0.0                 !
 ! R9    R(4,7)                  2.4719         -DE/DX =    0.0                 !
 ! R10   R(4,12)                 1.0814         -DE/DX =    0.0                 !
 ! R11   R(5,6)                  1.3854         -DE/DX =    0.0                 !
 ! R12   R(5,18)                 1.5082         -DE/DX =    0.0                 !
 ! R13   R(6,8)                  1.0856         -DE/DX =    0.0                 !
 ! R14   R(7,10)                 0.9704         -DE/DX =    0.0                 !
 ! R15   R(7,11)                 1.8042         -DE/DX =    0.0                 !
 ! R16   R(7,12)                 2.1554         -DE/DX =    0.0                 !
 ! R17   R(9,11)                 0.9862         -DE/DX =    0.0                 !
 ! R18   R(13,14)                1.0909         -DE/DX =    0.0                 !
 ! R19   R(13,15)                1.0944         -DE/DX =    0.0                 !
 ! R20   R(13,16)                1.0948         -DE/DX =    0.0                 !
 ! R21   R(18,19)                1.0948         -DE/DX =    0.0                 !
 ! R22   R(18,20)                1.0914         -DE/DX =    0.0                 !
 ! R23   R(18,21)                1.0936         -DE/DX =    0.0                 !
 ! A1    A(2,1,6)              119.415          -DE/DX =    0.0                 !
 ! A2    A(2,1,13)             120.9328         -DE/DX =    0.0                 !
 ! A3    A(6,1,13)             119.6448         -DE/DX =    0.0                 !
 ! A4    A(1,2,3)              120.093          -DE/DX =    0.0                 !
 ! A5    A(1,2,17)             121.4044         -DE/DX =    0.0                 !
 ! A6    A(3,2,17)             118.4606         -DE/DX =    0.0                 !
 ! A7    A(2,3,4)              119.9056         -DE/DX =    0.0                 !
 ! A8    A(2,3,9)              119.2016         -DE/DX =    0.0                 !
 ! A9    A(4,3,9)              120.8885         -DE/DX =    0.0                 !
 ! A10   A(3,4,5)              120.1628         -DE/DX =    0.0                 !
 ! A11   A(3,4,7)               87.3332         -DE/DX =    0.0                 !
 ! A12   A(3,4,12)             119.3832         -DE/DX =    0.0                 !
 ! A13   A(5,4,7)              128.1278         -DE/DX =    0.0                 !
 ! A14   A(5,4,12)             120.0659         -DE/DX =    0.0                 !
 ! A15   A(4,5,6)              118.6465         -DE/DX =    0.0                 !
 ! A16   A(4,5,18)             119.5537         -DE/DX =    0.0                 !
 ! A17   A(6,5,18)             121.7663         -DE/DX =    0.0                 !
 ! A18   A(1,6,5)              121.5886         -DE/DX =    0.0                 !
 ! A19   A(1,6,8)              118.9266         -DE/DX =    0.0                 !
 ! A20   A(5,6,8)              119.4699         -DE/DX =    0.0                 !
 ! A21   A(4,7,10)              94.0703         -DE/DX =    0.0                 !
 ! A22   A(4,7,11)              66.0216         -DE/DX =    0.0                 !
 ! A23   A(10,7,11)            106.8853         -DE/DX =    0.0                 !
 ! A24   A(10,7,12)            117.5509         -DE/DX =    0.0                 !
 ! A25   A(11,7,12)             71.5391         -DE/DX =    0.0                 !
 ! A26   A(3,9,11)             104.5479         -DE/DX =    0.0                 !
 ! A27   A(7,11,9)             142.4219         -DE/DX =    0.0                 !
 ! A28   A(1,13,14)            111.5784         -DE/DX =    0.0                 !
 ! A29   A(1,13,15)            111.0629         -DE/DX =    0.0                 !
 ! A30   A(1,13,16)            110.786          -DE/DX =    0.0                 !
 ! A31   A(14,13,15)           108.1627         -DE/DX =    0.0                 !
 ! A32   A(14,13,16)           108.0402         -DE/DX =    0.0                 !
 ! A33   A(15,13,16)           107.0354         -DE/DX =    0.0                 !
 ! A34   A(5,18,19)            110.9197         -DE/DX =    0.0                 !
 ! A35   A(5,18,20)            111.4522         -DE/DX =    0.0                 !
 ! A36   A(5,18,21)            110.9379         -DE/DX =    0.0                 !
 ! A37   A(19,18,20)           107.9538         -DE/DX =    0.0                 !
 ! A38   A(19,18,21)           107.0852         -DE/DX =    0.0                 !
 ! A39   A(20,18,21)           108.3256         -DE/DX =    0.0                 !
 ! D1    D(6,1,2,3)             -0.2081         -DE/DX =    0.0                 !
 ! D2    D(6,1,2,17)           177.4005         -DE/DX =    0.0                 !
 ! D3    D(13,1,2,3)          -179.2142         -DE/DX =    0.0                 !
 ! D4    D(13,1,2,17)           -1.6055         -DE/DX =    0.0                 !
 ! D5    D(2,1,6,5)              2.031          -DE/DX =    0.0                 !
 ! D6    D(2,1,6,8)           -179.3758         -DE/DX =    0.0                 !
 ! D7    D(13,1,6,5)          -178.95           -DE/DX =    0.0                 !
 ! D8    D(13,1,6,8)            -0.3567         -DE/DX =    0.0                 !
 ! D9    D(2,1,13,14)            1.1723         -DE/DX =    0.0                 !
 ! D10   D(2,1,13,15)          121.9376         -DE/DX =    0.0                 !
 ! D11   D(2,1,13,16)         -119.2475         -DE/DX =    0.0                 !
 ! D12   D(6,1,13,14)         -177.8315         -DE/DX =    0.0                 !
 ! D13   D(6,1,13,15)          -57.0662         -DE/DX =    0.0                 !
 ! D14   D(6,1,13,16)           61.7487         -DE/DX =    0.0                 !
 ! D15   D(1,2,3,4)             -3.3864         -DE/DX =    0.0                 !
 ! D16   D(1,2,3,9)            175.8669         -DE/DX =    0.0                 !
 ! D17   D(17,2,3,4)           178.9352         -DE/DX =    0.0                 !
 ! D18   D(17,2,3,9)            -1.8116         -DE/DX =    0.0                 !
 ! D19   D(2,3,4,5)              5.253          -DE/DX =    0.0                 !
 ! D20   D(2,3,4,7)            138.7102         -DE/DX =    0.0                 !
 ! D21   D(2,3,4,12)          -167.6018         -DE/DX =    0.0                 !
 ! D22   D(9,3,4,5)           -173.9875         -DE/DX =    0.0                 !
 ! D23   D(9,3,4,7)            -40.5303         -DE/DX =    0.0                 !
 ! D24   D(9,3,4,12)            13.1578         -DE/DX =    0.0                 !
 ! D25   D(2,3,9,11)          -149.4376         -DE/DX =    0.0                 !
 ! D26   D(4,3,9,11)            29.8081         -DE/DX =    0.0                 !
 ! D27   D(3,4,5,6)             -3.4396         -DE/DX =    0.0                 !
 ! D28   D(3,4,5,18)           178.6277         -DE/DX =    0.0                 !
 ! D29   D(7,4,5,6)           -116.2524         -DE/DX =    0.0                 !
 ! D30   D(7,4,5,18)            65.8149         -DE/DX =    0.0                 !
 ! D31   D(12,4,5,6)           169.3661         -DE/DX =    0.0                 !
 ! D32   D(12,4,5,18)           -8.5666         -DE/DX =    0.0                 !
 ! D33   D(3,4,7,10)           -77.5178         -DE/DX =    0.0                 !
 ! D34   D(3,4,7,11)            29.1633         -DE/DX =    0.0                 !
 ! D35   D(5,4,7,10)            49.5585         -DE/DX =    0.0                 !
 ! D36   D(5,4,7,11)           156.2397         -DE/DX =    0.0                 !
 ! D37   D(4,5,6,1)             -0.1863         -DE/DX =    0.0                 !
 ! D38   D(4,5,6,8)           -178.7721         -DE/DX =    0.0                 !
 ! D39   D(18,5,6,1)           177.6985         -DE/DX =    0.0                 !
 ! D40   D(18,5,6,8)            -0.8873         -DE/DX =    0.0                 !
 ! D41   D(4,5,18,19)           63.4793         -DE/DX =    0.0                 !
 ! D42   D(4,5,18,20)         -176.2044         -DE/DX =    0.0                 !
 ! D43   D(4,5,18,21)          -55.4037         -DE/DX =    0.0                 !
 ! D44   D(6,5,18,19)         -114.3868         -DE/DX =    0.0                 !
 ! D45   D(6,5,18,20)            5.9295         -DE/DX =    0.0                 !
 ! D46   D(6,5,18,21)          126.7302         -DE/DX =    0.0                 !
 ! D47   D(4,7,11,9)           -35.479          -DE/DX =    0.0                 !
 ! D48   D(10,7,11,9)           51.4356         -DE/DX =    0.0                 !
 ! D49   D(12,7,11,9)          -62.6603         -DE/DX =    0.0                 !
 ! D50   D(3,9,11,7)            19.0894         -DE/DX =    0.0                 !
 --------------------------------------------------------------------------------
 GradGradGradGradGradGradGradGradGradGradGradGradGradGradGradGradGradGrad


 ----------------------------------------------------------------------

 Electric dipole moment (input orientation):
 (Debye = 10**-18 statcoulomb cm , SI units = C m)
                  (au)            (Debye)         (10**-30 SI)
   Tot        0.118483D+01      0.301153D+01      0.100454D+02
   x         -0.896546D+00     -0.227879D+01     -0.760123D+01
   y          0.703395D+00      0.178785D+01      0.596363D+01
   z          0.324432D+00      0.824625D+00      0.275065D+01

 Dipole polarizability, Alpha (input orientation).
 (esu units = cm**3 , SI units = C**2 m**2 J**-1)
 Alpha(0;0):
               (au)            (10**-24 esu)      (10**-40 SI)
   iso        0.119066D+03      0.176438D+02      0.196314D+02
   aniso      0.959128D+02      0.142128D+02      0.158139D+02
   xx         0.172133D+03      0.255074D+02      0.283808D+02
   yx        -0.107627D+02     -0.159487D+01     -0.177453D+01
   yy         0.114452D+03      0.169601D+02      0.188707D+02
   zx         0.183298D+02      0.271619D+01      0.302217D+01
   zy        -0.470240D+01     -0.696824D+00     -0.775321D+00
   zz         0.706136D+02      0.104639D+02      0.116426D+02

 ----------------------------------------------------------------------

 Dipole orientation:
     6         -1.81038398         -1.33973713          2.48760093
     6         -1.96909140         -2.17310473          0.00689095
     6         -0.71923519         -0.85421802         -1.91931960
     6          0.59150974          1.40127946         -1.35399520
     6          0.82286001          2.21811489          1.17115462
     6         -0.37239023          0.84153054          3.05001933
     8          3.96217014         -0.09474566         -4.22366117
     1         -0.24258413          1.46924846          4.99876492
     8         -0.76448874         -1.77807286         -4.28476522
     1          4.65549420         -1.27647242         -3.00478297
     1          0.84763283         -1.22159509         -5.03577510
     1          1.22217180          2.60409752         -2.88092896
     6         -3.11325947         -2.74962704          4.59197661
     1         -4.08730431         -4.42624810          3.89189044
     1         -1.75898496         -3.34684987          6.03646796
     1         -4.50789137         -1.54351318          5.53037591
     1         -2.98833067         -3.88031671         -0.48187109
     6          2.27840941          4.59888619          1.75068661
     1          1.37063145          6.24740934          0.89134021
     1          2.40504207          4.92985192          3.78240007
     1          4.19643228          4.49574005          0.98839261

 Electric dipole moment (dipole orientation):
 (Debye = 10**-18 statcoulomb cm , SI units = C m)
                  (au)            (Debye)         (10**-30 SI)
   Tot        0.118483D+01      0.301153D+01      0.100454D+02
   x          0.000000D+00      0.000000D+00      0.000000D+00
   y          0.000000D+00      0.000000D+00      0.000000D+00
   z          0.118483D+01      0.301153D+01      0.100454D+02

 Dipole polarizability, Alpha (dipole orientation).
 (esu units = cm**3 , SI units = C**2 m**2 J**-1)
 Alpha(0;0):
               (au)            (10**-24 esu)      (10**-40 SI)
   iso        0.119066D+03      0.176438D+02      0.196314D+02
   aniso      0.959128D+02      0.142128D+02      0.158139D+02
   xx         0.115414D+03      0.171026D+02      0.190292D+02
   yx         0.225789D+02      0.334584D+01      0.372275D+01
   yy         0.970480D+02      0.143810D+02      0.160010D+02
   zx        -0.440547D+02     -0.652823D+01     -0.726364D+01
   zy         0.610196D+01      0.904217D+00      0.100608D+01
   zz         0.144737D+03      0.214478D+02      0.238639D+02

 ----------------------------------------------------------------------
 1|1|UNPC-PC-20250526LCFF|Freq|UB3LYP|6-311G(d,p)|C8H11O2(2)|ADMINISTRA
 TOR|18-Jan-2026|0||#N Geom=AllCheck Guess=TCheck SCRF=Check GenChk UB3
 LYP/6-311G(d,p) Freq||Title Card Required||0,2|C,-1.7735013499,-0.0691
 586824,0.0564228696|C,-0.9819241308,-1.1970893534,-0.1047763504|C,0.39
 96031111,-1.064151957,-0.2977510892|C,0.9759896595,0.2213798503,-0.399
 5613449|C,0.1846943918,1.3705001235,-0.1976412378|C,-1.1727344396,1.21
 07946417,0.0284645833|O,2.827804199,-0.6237408728,1.0042961013|H,-1.79
 80984045,2.0874967155,0.1656151322|O,1.1611900219,-2.1693343231,-0.368
 3918138|H,2.3211811169,-0.5637583706,1.8297816519|H,2.0353939291,-1.89
 14178448,-0.0065045289|H,1.9955969463,0.3197726926,-0.7461562914|C,-3.
 2587980579,-0.1908515298,0.2825729448|H,-3.5751086122,-1.2343122283,0.
 3178209571|H,-3.5541385451,0.2870810486,1.2217840954|H,-3.8157475116,0
 .3053454053,-0.5188024734|H,-1.4017282406,-2.1943045015,-0.0473938771|
 C,0.8209538473,2.735468768,-0.2787653406|H,1.2082515052,2.9270871361,-
 1.284673575|H,0.1060638518,3.5240574653,-0.0376369186|H,1.6656917119,2
 .8144468167,0.4112015053||Version=EM64W-G16RevA.03|State=2-A|HF=-461.9
 792006|S2=0.755932|S2-1=0.|S2A=0.750023|RMSD=3.646e-009|RMSF=8.791e-00
 6|ZeroPoint=0.1705411|Thermal=0.1820533|Dipole=-0.8965456,0.7033948,0.
 3244324|DipoleDeriv=0.6563762,-0.0822769,-0.0335483,0.5398638,0.266938
 3,0.2320316,-0.0689742,0.0270715,-0.039746,-0.2700832,0.4397113,0.1558
 352,0.0874955,-0.1468787,-0.0039016,0.0905701,-0.0549526,-0.1276539,0.
 5909417,-0.6919862,-0.1987317,0.4229269,0.698732,0.4951674,-0.1522548,
 0.1072473,0.0982614,-0.602607,0.0295258,-0.3280722,-0.2652015,-0.34744
 18,-0.1457331,-0.0299925,-0.0022568,-0.1119466,0.4415389,0.1145635,0.0
 683826,-0.1287124,0.443517,-0.1455284,-0.1994482,0.01257,-0.1526992,-0
 .7042401,-0.1801457,-0.1631028,-0.5558582,-0.0961731,-0.0959751,0.0855
 682,0.0199145,-0.1036187,0.0015682,-0.1182981,0.1122258,0.0277754,-0.4
 164256,-0.0232969,-0.1061089,-0.0501839,-0.2773942,0.0093358,0.0802129
 ,0.017408,0.0891075,-0.054069,-0.0167805,0.0409046,-0.0324779,0.131197
 5,-0.166925,0.4859056,0.3430897,0.1112609,-0.9637243,-0.2763317,0.1534
 114,-0.1737385,-0.3572376,0.0837309,0.0269397,0.0448741,0.0621099,0.23
 57557,0.0211172,0.3329923,-0.0594551,0.2551603,0.0255035,0.0099101,-0.
 1176368,-0.3354001,0.3447479,-0.103917,-0.282415,0.1745771,0.2079394,0
 .1167621,-0.0065524,0.0919418,0.0400707,0.0604412,0.0249116,0.0907886,
 -0.025658,0.159927,-0.1561159,0.017115,0.0036927,0.1274362,0.0998296,0
 .0098164,-0.0045706,-0.0074806,0.100297,0.0058483,0.0003408,0.0042435,
 -0.1150001,-0.110438,0.0068744,0.0134391,-0.0022536,0.0780147,-0.02121
 36,-0.0009863,0.0224609,-0.0166272,0.0429209,-0.0904206,0.0827371,-0.0
 682558,-0.0624187,-0.0693962,0.0177049,-0.0455123,0.0057027,0.0416273,
 0.0700702,-0.0715038,0.0663103,-0.0211997,0.0365703,-0.046306,0.007559
 6,-0.0743655,-0.0360861,-0.0037871,0.0050428,0.0272206,0.1345872,0.033
 1821,-0.1359554,-0.0049831,-0.053331,0.0182907,0.0106101,0.0103356,0.0
 649342,0.0978621,0.0445535,-0.0419055,0.0613665,-0.0288639,-0.018906,0
 .0124094,0.0719875,0.0547186,-0.0868838,-0.0262278,0.1290644,0.0392431
 ,0.0395287,-0.0627043,-0.0116253,0.0317637,-0.0447622,0.0690525,-0.029
 1026,-0.0465813,-0.0807362,0.0200816,0.0000465,0.0342891,-0.0942731,-0
 .0330889,0.0084993|Polar=172.1325899,-10.7627004,114.4524744,18.329772
 1,-4.7024,70.613619|Quadrupole=-0.5461589,-0.0056449,0.5518038,1.38588
 31,-0.5625074,-1.4483661|PG=C01 [X(C8H11O2)]|NImag=0||0.62084966,-0.02
 817935,0.64692803,-0.06988310,0.02593757,0.18777553,-0.18885129,0.0603
 7810,0.02595856,0.64691060,0.12970632,-0.27315231,-0.02890865,0.013729
 90,0.74504958,0.02652205,-0.01576809,-0.06394169,-0.07907616,0.0074196
 5,0.12750607,-0.03489116,0.08183454,0.00646541,-0.28233371,-0.07308698
 ,0.02831767,0.69134086,0.02551477,0.03239109,-0.00307415,-0.01343636,-
 0.12832940,-0.00444740,-0.01706421,0.65049503,0.00596823,-0.01192004,-
 0.00316216,0.02712292,0.00835773,-0.06940080,-0.05409080,-0.00466109,0
 .17923558,0.00136576,0.00765973,-0.00014065,-0.01441943,-0.02834713,0.
 00353793,-0.15707138,-0.08437619,0.02285640,0.65237242,0.00131216,-0.0
 4423848,-0.00103116,-0.04799993,0.01418601,0.01057217,-0.05568528,-0.2
 4463776,0.00758856,0.00773072,0.62778815,-0.00142446,-0.00448794,-0.00
 261912,0.00014560,0.00722029,0.00844714,0.02242395,0.02188776,-0.06723
 103,-0.16281290,0.00904363,0.16426227,-0.02022991,-0.07358764,0.002281
 13,-0.04184906,0.02120471,0.00753613,0.05778357,0.02595633,-0.00941740
 ,-0.16486467,0.05165767,0.03158735,0.65645432,-0.03252470,0.01541629,0
 .00495941,0.01488966,-0.00644970,-0.00302859,-0.00425340,-0.04741952,-
 0.00105004,0.09873903,-0.23159509,-0.03192790,0.01245606,0.61431454,0.
 00338151,0.01247047,0.00367223,0.00678190,-0.00407934,-0.00211429,-0.0
 0859359,-0.00195108,0.00119699,0.02749165,-0.01710108,-0.07074212,-0.0
 9294385,0.01423272,0.18854248,-0.14435659,-0.02529990,0.00905372,0.053
 57458,-0.00769366,-0.00792729,-0.04309619,-0.02332089,0.00600536,-0.04
 201225,0.05407913,0.00999411,-0.33444622,-0.05286895,0.04467431,0.6860
 2832,-0.08729068,-0.25546206,0.00312490,0.02806175,-0.05434730,-0.0060
 3955,-0.03215778,-0.01274087,0.00428993,0.01895865,0.03080820,-0.00485
 000,0.00978383,-0.12575777,-0.00167807,-0.03643565,0.67025905,0.008586
 60,-0.00638764,-0.06758621,-0.00694539,-0.00112608,0.00863943,0.005117
 36,0.00379105,-0.00378739,0.00946171,-0.01101843,0.00577429,0.04418952
 ,0.00851273,-0.06852080,-0.09349226,0.03063767,0.14043364,-0.00111521,
 -0.00517274,-0.00009632,-0.00221137,0.00040738,0.00065985,0.00289193,-
 0.01855042,-0.00223440,0.01058186,0.00229098,0.00040373,-0.00591953,0.
 00467709,0.00185465,0.00502077,0.00360985,-0.00042035,0.15822916,0.000
 52084,-0.00427891,-0.00000733,-0.00533910,0.00268911,0.00053977,0.0095
 7224,-0.01150296,-0.00217214,-0.00189516,0.00167873,0.00134308,0.00208
 755,-0.00177319,-0.00000302,0.00060189,0.00113653,0.00014730,-0.010504
 22,0.01998896,-0.00017925,-0.00195954,0.00024776,-0.00194050,0.0010185
 5,-0.00005831,0.00344060,-0.01076344,-0.00254201,0.00064594,0.00164457
 ,-0.00538981,-0.00185670,0.00181835,0.00301506,0.00157424,0.00129564,-
 0.00023736,-0.21042283,0.02785942,0.38439922,0.00955294,-0.01181070,-0
 .00185565,-0.00072981,-0.00284286,0.00082503,-0.00066848,-0.00086717,-
 0.00005424,-0.00507778,-0.00193766,0.00224308,-0.01410396,0.02616436,0
 .00338824,-0.14671002,0.12570378,0.02344063,-0.00000916,-0.00002271,-0
 .00010398,0.15521780,0.01849534,-0.01946085,-0.00383332,-0.00376020,-0
 .00331746,0.00020650,-0.00110329,-0.00009591,0.00015910,-0.00106468,0.
 00126002,-0.00003620,-0.00332467,0.00358821,0.00038634,0.12653236,-0.2
 3428637,-0.02893528,0.00000512,0.00007715,0.00010535,-0.13552074,0.250
 11587,-0.00046829,-0.00007116,0.00159759,-0.00006831,0.00034615,0.0051
 6357,0.00011894,-0.00025883,-0.00063735,0.00128981,0.00050379,0.006806
 58,0.00389340,-0.00428975,0.00255839,0.02331796,-0.02878443,-0.0379451
 3,-0.00001298,-0.00027947,-0.00042422,-0.02668185,0.03152723,0.0290779
 6,-0.00267050,-0.02414765,0.00017799,-0.05333443,0.05432732,0.00449019
 ,-0.16282817,0.10193968,0.00557425,0.02154722,0.00901354,0.00022158,-0
 .00769272,0.00046659,0.00310711,0.00897199,0.01151461,-0.00095270,-0.0
 1834381,-0.02183446,-0.02047575,0.00023274,0.00026408,-0.00043397,0.51
 784719,-0.00365457,0.00559598,0.00162822,0.02103069,0.00175031,0.00207
 256,0.07861015,-0.25377513,-0.02250533,0.02364854,-0.05634543,-0.00738
 799,-0.00714398,-0.00105365,0.00061520,0.00047677,-0.00468986,-0.00034
 182,-0.00086632,0.00027908,-0.00477579,0.00028808,0.00001550,0.0003240
 7,-0.02610175,0.39619206,-0.00135886,0.00227644,0.00605804,0.00762890,
 -0.00338631,0.00784487,-0.00679650,-0.00923670,-0.05452516,-0.00246337
 ,0.00282495,0.01036554,0.00217322,0.00153240,0.00634313,0.00001842,-0.
 00091733,-0.00121376,-0.01233433,-0.01232032,-0.00639281,-0.00015605,0
 .00004346,-0.00059698,0.13325278,0.06929337,0.10476669,0.00027596,0.00
 207044,0.00011504,0.00084147,-0.00011460,-0.00012270,-0.00129359,0.003
 82492,-0.00202267,-0.00353089,-0.00158255,-0.00132050,0.00146870,-0.00
 051558,-0.00007531,-0.00159475,-0.00134840,0.00014234,-0.14198546,0.01
 809716,0.22563786,0.00003417,0.00000782,-0.00007723,0.00098892,-0.0020
 7261,0.00097651,0.14313468,-0.00030763,-0.00072485,0.00003860,-0.00032
 124,-0.00004004,0.00038840,-0.00070060,-0.00028284,0.00044365,0.002268
 95,0.00080353,0.00045972,-0.00076402,0.00057683,0.00004106,0.00087530,
 0.00043889,-0.00011052,0.01566901,-0.00901268,-0.02629062,-0.00000063,
 -0.00003203,0.00007980,-0.00221464,-0.00200788,-0.00029246,-0.01735895
 ,0.00817062,-0.00040972,-0.00137484,0.00007286,-0.00069000,-0.00007314
 ,-0.00057104,-0.00017602,-0.00265401,-0.00029830,0.00156634,0.00094777
 ,-0.00069654,-0.00091097,0.00130960,0.00095276,0.00123288,0.00085974,-
 0.00027161,0.21839701,-0.02828392,-0.36742916,0.00006325,-0.00004854,-
 0.00018568,-0.00227913,0.00108305,0.00097382,-0.22096916,0.02771157,0.
 36920237,-0.00096411,0.00827574,0.00042787,0.00913522,0.00033295,-0.00
 121257,-0.04944883,0.02720538,-0.00663051,-0.00334996,-0.00944736,-0.0
 0129403,0.00134071,-0.00206983,-0.00067642,-0.00404781,-0.00469025,0.0
 0033762,-0.00172045,0.00462573,0.00772117,-0.00001607,-0.00003575,0.00
 026375,-0.30828334,-0.08771409,-0.11830331,0.00060089,0.00440488,0.003
 49731,0.35619084,0.00120120,0.00715237,-0.00080129,0.00762263,-0.00668
 680,-0.00044247,0.03472185,0.02081596,0.01297207,-0.00266447,-0.006596
 01,-0.00074806,0.00235840,-0.00198988,-0.00132958,-0.00383857,-0.00367
 764,0.00059687,0.00695297,0.00063364,0.00785859,-0.00015498,0.00000471
 ,0.00025702,-0.10454326,-0.08890020,-0.04890050,-0.00088570,0.00241428
 ,0.00109688,0.05927309,0.07843070,0.00207773,0.00424011,0.00069161,0.0
 0464220,-0.00339152,0.00262404,-0.00230581,0.01281104,0.00143761,-0.00
 410086,-0.00460509,-0.00156504,0.00142574,-0.00252695,-0.00148193,-0.0
 0320284,-0.00231346,0.00059303,0.00862262,0.01065610,0.00096587,0.0000
 3595,-0.00004623,0.00023439,-0.12046165,-0.04010543,-0.06622049,-0.001
 68218,-0.00268493,-0.00114757,0.11494657,0.02693549,0.06352211,-0.0000
 1570,-0.00107177,-0.00048325,0.00104667,-0.00252102,0.00158789,-0.0105
 4049,-0.00091970,0.00297795,-0.29949980,-0.02706951,0.09887643,-0.0141
 0137,-0.00183214,0.00310781,0.00212645,0.00376789,0.00178419,-0.006270
 52,0.00371126,-0.00422853,-0.00054821,-0.00015844,0.00041650,-0.000223
 90,0.00183562,-0.00194968,0.00133671,-0.00149296,0.00015132,0.00141607
 ,0.00079219,0.00091230,0.32446267,0.00017481,-0.00190692,-0.00022240,-
 0.00192003,-0.00488311,-0.00022096,-0.02641238,0.00064571,0.01052323,-
 0.02658126,-0.05868965,0.00693258,0.02405827,0.00649789,-0.00864565,0.
 00295362,-0.00379606,-0.00059254,0.00197030,-0.00143538,0.00209701,0.0
 0142988,0.00020034,0.00014697,0.00011216,0.00292658,-0.00148742,-0.000
 12766,0.00021311,-0.00044280,0.00018381,-0.00135625,0.00156501,0.02536
 342,0.06040168,-0.00064284,0.00123387,-0.00091844,0.00201919,-0.000182
 50,0.00412071,-0.00053361,-0.00471528,0.00257712,0.10357174,0.00459502
 ,-0.05715721,0.00222300,0.00384887,0.00068027,0.00120173,-0.00112106,0
 .00482148,-0.00423842,0.00267919,-0.00608334,0.00041180,0.00005282,0.0
 0045053,-0.00199839,0.00113755,-0.00337961,-0.00070488,0.00030623,-0.0
 0076741,0.00102853,0.00234201,0.00112135,-0.10171405,-0.00983069,0.057
 08944,-0.20456418,-0.00798946,0.02061681,-0.02386200,0.00240614,0.0049
 8009,0.00143868,0.00169327,0.00115970,-0.00170991,0.00126974,0.0000283
 9,0.00456345,-0.00134082,-0.00012432,-0.02027607,-0.00829504,0.0033298
 1,0.00044031,-0.00002221,0.00008719,0.00073469,0.00132581,-0.00035937,
 0.00047670,-0.00059658,0.00008693,-0.00020180,0.00008722,0.00018081,-0
 .00042790,-0.00035384,-0.00036658,0.00014833,0.00005314,0.00000609,0.4
 7857442,-0.01640932,-0.09037964,0.00129203,0.02725615,0.00497584,-0.00
 467702,-0.00016619,-0.00472506,-0.00031112,0.00173310,-0.00038212,0.00
 008300,-0.00240075,-0.00534700,-0.00019208,-0.03168030,0.00163756,0.00
 469841,-0.00018638,0.00012732,0.00003443,-0.00045861,0.00122350,0.0003
 3305,0.00122159,0.00045691,0.00000373,0.00008226,-0.00005123,-0.000190
 73,0.00034202,0.00003239,0.00003401,-0.00018257,0.00010641,-0.00002939
 ,0.00398685,0.58065939,0.02088774,-0.00000307,-0.07421478,0.00579272,0
 .00070138,0.00698339,0.00119657,-0.00009922,0.00952371,0.00031812,-0.0
 0036224,-0.00121723,0.00008647,-0.00037746,0.00386872,0.00195574,0.000
 74863,0.00332091,-0.00016716,0.00006358,-0.00001743,-0.00038852,-0.000
 15004,-0.00156460,0.00067795,-0.00056296,-0.00051598,0.00003246,-0.000
 07412,0.00014384,-0.00008335,-0.00011153,-0.00060791,-0.00009813,0.000
 13809,-0.00029448,0.00608464,0.00210637,0.52713777,-0.00913431,-0.0330
 7426,0.00055600,0.00164288,-0.00171827,-0.00035120,-0.00003433,0.00009
 476,-0.00004535,0.00003135,0.00008829,-0.00002335,0.00012237,-0.001796
 56,-0.00006943,-0.00634440,0.00140548,0.00137304,0.00011667,0.00007781
 ,0.00003549,0.00003441,-0.00006161,-0.00003199,0.00023393,0.00011443,0
 .00005897,-0.00004151,-0.00000206,0.00004635,-0.00012461,-0.00013364,-
 0.00012822,0.00003150,0.00009426,0.00001163,-0.06814016,-0.06782709,0.
 00266104,0.07589967,0.00051098,-0.00167080,-0.00012528,0.00182442,0.00
 072612,-0.00025009,-0.00001720,0.00028805,-0.00005500,-0.00012282,0.00
 013222,0.00002278,0.00052218,-0.00012951,-0.00016504,-0.00078314,0.000
 63875,0.00016684,0.00007082,0.00004937,-0.00000062,0.00016277,0.000352
 30,0.00001328,-0.00005747,0.00012607,0.00005102,-0.00002227,-0.0000021
 5,0.00006662,-0.00006832,-0.00009701,-0.00008144,0.00001039,0.00006087
 ,0.00002843,-0.07269985,-0.29303036,0.00794341,0.07748091,0.31693892,0
 .00092044,0.00495429,-0.00185393,-0.00023931,0.00025350,-0.00009988,-0
 .00000243,-0.00000357,-0.00021428,0.00004790,-0.00007184,-0.00000399,-
 0.00006546,0.00027668,0.00054419,0.00124605,-0.00023611,0.00142675,-0.
 00001422,-0.00000722,-0.00000789,-0.00004938,0.00005808,-0.00028840,-0
 .00005405,-0.00000177,-0.00006613,-0.00000021,-0.00001072,-0.00000508,
 0.00002587,0.00003189,0.00004041,-0.00001063,-0.00002362,0.00000557,0.
 00261289,0.00722216,-0.04732434,-0.00374082,-0.00844653,0.04575810,-0.
 01154384,0.01590523,0.02865000,-0.00306045,-0.00216746,0.00030358,-0.0
 0032786,0.00089289,-0.00169078,-0.00055471,-0.00003274,0.00009292,-0.0
 0012515,0.00018147,-0.00056795,0.00089883,0.00098049,-0.00099040,0.000
 10107,-0.00003607,-0.00003387,0.00027043,-0.00062071,0.00035751,-0.000
 38240,-0.00002011,0.00005669,-0.00004251,0.00003297,0.00007870,-0.0000
 8667,-0.00003706,0.00012658,0.00006247,-0.00004490,0.00005764,-0.06064
 590,0.02729273,0.05893193,0.00174391,-0.00305028,-0.00845193,0.0693814
 4,0.00179324,0.00083835,0.00322464,0.00063794,0.00018011,-0.00007426,-
 0.00014560,0.00007070,0.00030544,-0.00052263,0.00056412,0.00002949,0.0
 0129180,-0.00016703,0.00004858,-0.00190702,-0.00038697,0.00028522,0.00
 015012,0.00002288,0.00006971,-0.00006375,-0.00013906,-0.00025905,0.000
 37122,-0.00016509,0.00006370,-0.00004982,0.00003426,0.00004639,-0.0001
 7108,-0.00016352,-0.00016448,0.00003193,0.00002870,-0.00013730,0.02619
 951,-0.09614747,-0.09798760,0.00830955,-0.01219433,-0.02719777,-0.0314
 3127,0.10042006,0.00135476,-0.00090604,-0.00166194,0.00026159,0.000788
 17,-0.00035882,-0.00046469,-0.00022767,0.00006983,0.00002257,0.0002946
 1,0.00004113,0.00046314,0.00012397,0.00016604,-0.00024402,-0.00080471,
 0.00123341,0.00002961,0.00003050,0.00003873,0.00009914,0.00048991,-0.0
 0038164,0.00013163,0.00005076,0.00003738,-0.00001554,-0.00000330,-0.00
 003409,-0.00003151,-0.00000726,-0.00002538,-0.00003211,0.00002395,-0.0
 0006591,0.05804560,-0.09846016,-0.23620323,-0.00152124,0.00102975,0.00
 215762,-0.06386977,0.10860275,0.25657253,-0.01950215,0.01561535,-0.022
 76090,-0.00281317,-0.00183675,0.00077950,0.00029690,0.00084726,0.00167
 902,-0.00048050,-0.00018046,-0.00031838,-0.00009535,0.00008111,0.00081
 078,0.00115032,0.00093918,0.00108449,0.00001510,-0.00000492,-0.0000144
 7,0.00006020,-0.00063595,-0.00061357,-0.00011633,-0.00019267,-0.000067
 91,0.00000583,-0.00000456,0.00012969,-0.00011357,-0.00009892,-0.000138
 35,0.00003263,-0.00001878,-0.00001464,-0.10784321,0.05738429,-0.096861
 51,0.00460603,-0.00345192,0.00765508,0.00417339,-0.00441673,0.00579429
 ,0.12069361,0.00065350,0.00121826,-0.00358069,0.00069689,0.00003306,-0
 .00017057,-0.00030059,0.00003555,-0.00031079,-0.00058761,0.00059127,0.
 00006921,0.00131359,-0.00019700,-0.00039697,-0.00199548,-0.00049518,0.
 00032645,0.00018482,0.00002757,0.00003228,0.00003271,-0.00018041,0.000
 21429,0.00042173,-0.00013869,0.00005690,-0.00007984,0.00003198,0.00006
 348,-0.00018620,-0.00019296,-0.00014572,0.00014763,0.00003387,0.000144
 18,0.05576516,-0.09949907,0.08774159,0.01582424,-0.01285833,0.02335136
 ,-0.00790840,0.00687327,-0.01109893,-0.06407607,0.10436777,0.00367989,
 -0.00385389,0.00592646,0.00068065,-0.00028453,-0.00058667,0.00020371,-
 0.00013763,-0.00062351,0.00016222,-0.00015627,-0.00003078,-0.00034515,
 -0.00016493,0.00010226,0.00015753,0.00041828,0.00092228,-0.00004276,-0
 .00001680,-0.00000078,-0.00024467,-0.00023321,-0.00023893,-0.00007359,
 0.00006087,0.00006736,0.00003173,0.00000266,-0.00002049,0.00006855,0.0
 0003402,0.00007556,-0.00002835,-0.00004078,-0.00003883,-0.09522030,0.0
 8784248,-0.18408129,0.00106286,-0.00029930,-0.00020318,-0.01380754,0.0
 1356280,-0.02156940,0.10365746,-0.09664476,0.20005891,0.00972460,0.016
 01688,-0.00122772,-0.10043522,-0.10063304,0.00954737,-0.00717187,-0.03
 105568,0.00118983,-0.00550919,0.00106503,0.00191704,-0.00089524,0.0006
 0953,-0.00011457,-0.00154898,0.00335377,0.00152216,0.00016649,0.000247
 19,0.00010980,0.00054203,0.00087322,0.00011021,0.00300065,0.00069544,-
 0.00049338,-0.00000831,-0.00004272,0.00007325,-0.00019952,-0.00009315,
 -0.00052846,-0.00047206,-0.00145504,0.00015209,0.00123783,0.00145347,-
 0.00092197,-0.00017906,-0.00021773,0.00009676,0.00006854,-0.00014101,-
 0.00004496,-0.00008366,0.00004795,0.00008905,0.10159739,-0.01170516,-0
 .01848537,0.00164361,-0.10168737,-0.29180001,0.01386306,0.00110799,-0.
 00128841,-0.00012722,-0.00033845,0.00114163,-0.00009532,0.00051233,0.0
 0021998,-0.00002005,0.00381604,-0.00153241,-0.00076632,0.00019130,0.00
 011296,0.00006324,-0.00058561,-0.00097199,0.00001159,0.00016196,0.0010
 3210,-0.00000682,-0.00005652,-0.00000903,0.00008181,-0.00020372,-0.000
 10399,-0.00009254,0.00009023,-0.00000576,-0.00008305,-0.00179608,0.000
 59507,0.00026772,0.00111749,0.00063361,-0.00014912,0.00007542,0.000266
 52,0.00004207,0.00005528,0.00028429,-0.00005934,0.10932737,0.30984385,
 -0.00087354,-0.00419155,0.00209536,0.00785306,0.01512551,-0.03320072,0
 .00359517,0.00444998,0.00307738,0.00112481,-0.00081301,0.00498629,-0.0
 0092527,0.00045674,-0.00083216,0.00219993,-0.00033707,0.00658125,0.000
 10367,-0.00007275,-0.00009636,-0.00000008,-0.00019653,0.00054063,-0.00
 071586,0.00002169,-0.00357109,-0.00006147,-0.00003867,0.00000210,-0.00
 001342,0.00021604,-0.00011475,0.00007790,-0.00006853,0.00014693,-0.001
 01363,-0.00008482,-0.00471034,0.00006798,0.00007511,0.00035369,0.00066
 612,-0.00041152,0.00000108,-0.00068502,0.00040755,0.00019713,-0.011344
 29,-0.01460061,0.02519558,-0.00330261,0.00236401,0.00250890,-0.0001222
 7,-0.00105538,-0.00020223,-0.00311638,0.00376619,0.00122620,0.01270235
 ,0.01312102,-0.00159745,-0.10800019,-0.04153129,0.00655528,-0.01386974
 ,-0.03194475,0.00316900,-0.00012867,-0.00008197,-0.00022357,0.00071972
 ,-0.00123398,-0.00120043,0.00049698,0.00185123,-0.00030843,0.00002061,
 0.00014471,0.00004927,0.00012867,-0.00014821,0.00014881,0.00059800,0.0
 0042468,-0.00052456,0.00005259,-0.00120028,-0.00013343,-0.00037625,-0.
 00005684,0.00000323,0.00007814,0.00004356,0.00002886,0.00002411,0.0000
 2861,-0.00003687,0.00010851,-0.00003003,-0.00009966,0.55306140,0.00154
 472,0.00092448,-0.00053516,-0.00097515,-0.00022139,0.00014446,0.004427
 18,0.00071197,-0.00111497,-0.00969529,-0.03275034,0.00144108,-0.048932
 59,-0.18828746,0.00553924,-0.00743639,-0.00441646,0.00070766,-0.000474
 96,0.00011352,-0.00016083,0.00220843,0.00103990,0.00001948,-0.00063799
 ,-0.00090953,0.00031481,0.00008979,-0.00010920,0.00002787,-0.00007618,
 0.00009302,-0.00014209,-0.00120232,0.00129748,0.00033362,0.00012342,0.
 00027949,0.00003192,0.00011846,0.00004262,-0.00001198,0.00000632,0.000
 00474,-0.00002852,0.00001904,0.00000228,0.00002219,-0.00004680,0.00000
 330,0.00000257,-0.04395457,0.50431747,0.00183433,-0.00070872,0.0085423
 2,0.00001195,0.00039800,-0.00092023,0.00187402,-0.00092474,0.00440942,
 -0.00372343,-0.00195318,0.00294680,0.00786943,0.00179700,-0.07124485,0
 .00254125,0.00479651,0.00619391,-0.00002768,-0.00046391,0.00003897,-0.
 00078398,0.00044355,-0.00471296,-0.00009178,-0.00071105,0.00020130,0.0
 0009277,0.00012021,0.00006520,-0.00006339,-0.00002788,-0.00014890,-0.0
 0076514,0.00007883,-0.00142829,-0.00014876,0.00027168,-0.00028000,0.00
 001716,0.00001535,-0.00023028,0.00007508,-0.00000118,-0.00001591,-0.00
 011850,-0.00005156,0.00005529,-0.00012287,0.00000372,-0.00059111,-0.00
 324942,0.00996237,0.53151263,-0.00057753,0.00023389,-0.00120954,0.0004
 3898,-0.00010260,-0.00002151,-0.00091538,-0.00051608,-0.00038146,0.000
 12465,0.00194551,-0.00017440,-0.00760432,-0.00484517,0.01264800,-0.000
 24760,-0.00222356,-0.00018072,0.00016035,-0.00001533,0.00010024,0.0002
 2632,-0.00006776,0.00071828,0.00016187,-0.00005353,-0.00001183,-0.0000
 5338,-0.00002849,-0.00001757,-0.00003692,-0.00000510,-0.00001534,0.000
 34319,0.00010123,0.00034776,0.00000591,-0.00014743,0.00007152,-0.00005
 497,-0.00002226,0.00003403,-0.00001412,0.00000532,-0.00000275,-0.00000
 856,0.00000937,-0.00000210,0.00003482,-0.00003932,0.00018455,-0.074474
 35,-0.01239063,0.08405402,0.08025302,-0.00067067,-0.00034312,-0.001219
 13,-0.00020914,-0.00021146,0.00017024,-0.00053290,0.00004502,-0.000759
 31,-0.00044119,0.00023574,-0.00030002,-0.01288778,-0.00630049,0.027945
 73,0.00095113,-0.00198581,-0.00020780,-0.00001239,0.00011103,-0.000077
 03,-0.00012897,0.00004762,0.00043419,0.00009528,0.00010135,-0.00006234
 ,-0.00002449,-0.00001865,-0.00010245,0.00001682,0.00004756,0.00011743,
 0.00066235,-0.00028604,0.00015090,0.00010158,-0.00025945,0.00000796,-0
 .00004999,-0.00001760,0.00005317,-0.00000971,0.00003304,0.00001640,0.0
 0002025,0.00004533,-0.00001891,0.00004512,0.00000855,0.00002756,-0.013
 14204,-0.05269607,0.03984873,0.01835490,0.05723463,-0.00000770,0.00000
 891,-0.00007451,-0.00023230,-0.00003455,0.00002019,0.00038071,0.000447
 86,0.00027650,0.00061519,-0.00098699,0.00090537,0.00042113,0.00141613,
 0.00170034,-0.00073193,0.00023468,-0.00011922,-0.00008346,0.00008761,0
 .00002412,-0.00010820,0.00000301,-0.00002049,-0.00011149,0.00011554,0.
 00002753,0.00000922,-0.00008082,0.00002882,0.00001884,0.00000191,-0.00
 003985,-0.00029102,0.00031608,-0.00035927,-0.00001805,0.00003184,0.000
 02809,0.00001261,0.00001255,0.00000808,-0.00000849,-0.00000839,0.00000
 210,0.00001002,-0.00000725,0.00000283,-0.00003021,0.00002042,-0.000103
 84,0.08354664,0.03789756,-0.26463505,-0.09212257,-0.04262760,0.2877549
 2,0.00024684,-0.00009484,-0.00016180,-0.00002300,0.00002763,-0.0000303
 4,0.00062036,-0.00075252,0.00007174,-0.00104858,-0.00221359,0.00051595
 ,0.00983167,-0.01125011,-0.00399243,0.00090338,-0.00127268,-0.00029006
 ,-0.00005351,0.00022256,-0.00003227,0.00008681,0.00014273,0.00011427,-
 0.00013724,-0.00010690,0.00002699,0.00001725,-0.00008450,0.00002610,-0
 .00001192,-0.00001295,-0.00002252,0.00003872,-0.00027814,-0.00018481,0
 .00000213,0.00007521,0.00001113,0.00003544,0.00001458,-0.00000733,0.00
 000841,-0.00000241,-0.00000520,0.00000360,-0.00000211,-0.00000090,0.00
 001706,0.00002827,0.00002333,-0.16505127,0.12716174,0.03929533,-0.0074
 4480,0.00685040,0.00139812,0.17738514,-0.00009434,-0.00000948,0.000143
 56,-0.00024941,0.00015182,-0.00000280,0.00164208,-0.00030725,-0.000230
 58,-0.00398432,-0.00469258,0.00064184,0.02088164,-0.02131802,-0.006725
 18,0.00240762,0.00162383,-0.00020890,-0.00003397,0.00008033,0.00003962
 ,-0.00131956,0.00045525,0.00009202,-0.00025163,-0.00071595,0.00015393,
 -0.00001178,-0.00002132,-0.00009824,-0.00006878,0.00014551,-0.00006519
 ,-0.00013497,0.00015296,-0.00007465,-0.00000803,0.00005403,-0.00000647
 ,0.00001826,0.00001919,-0.00000231,-0.00004214,-0.00001828,0.00003586,
 -0.00004598,-0.00001877,-0.00001776,-0.00009210,0.00003567,-0.00000529
 ,0.12279608,-0.18185161,-0.04175877,-0.00431474,0.00440747,0.00041173,
 -0.13525591,0.19991184,-0.00011119,0.00004083,-0.00022819,-0.00003248,
 -0.00003419,-0.00002421,0.00007103,0.00012208,0.00056587,0.00058953,0.
 00013942,0.00118501,-0.00160935,0.00244880,-0.00114192,-0.00007319,0.0
 0026405,-0.00003056,-0.00003597,0.00011702,0.00002535,-0.00009727,-0.0
 0004555,0.00034462,-0.00006119,0.00002720,-0.00015046,-0.00000312,-0.0
 0006216,0.00001459,-0.00000861,0.00001860,0.00000017,-0.00023857,0.000
 10237,-0.00026002,0.00000650,-0.00001413,0.00000482,-0.00000519,0.0000
 0092,-0.00000484,0.00001400,-0.00000088,-0.00000373,-0.00002179,-0.000
 00210,-0.00001066,-0.00000815,0.00000122,0.00002149,0.03885073,-0.0431
 4575,-0.05992937,0.01992634,-0.02210989,-0.00557688,-0.04385016,0.0460
 9717,0.05973543,-0.00029667,0.00007440,0.00100752,0.00045480,-0.000022
 60,-0.00014330,-0.00063448,-0.00087623,0.00073601,0.00040345,0.0025752
 8,0.00051536,-0.01163709,-0.00343635,-0.00664337,-0.00012402,-0.002420
 47,-0.00026662,0.00003398,-0.00000807,0.00015920,0.00015122,-0.0000586
 9,-0.00065264,0.00005463,-0.00002785,-0.00003578,0.00002700,-0.0001600
 4,-0.00003970,0.00001930,0.00004752,0.00001430,0.00002863,-0.00008139,
 -0.00047500,-0.00000391,-0.00016877,-0.00005396,-0.00006858,-0.0000269
 6,-0.00000647,-0.00000302,0.00001714,0.00000063,-0.00000521,0.00001009
 ,0.00000858,0.00000517,-0.00004143,-0.00016428,-0.19954934,-0.00987620
 ,-0.12857040,0.00968281,0.00101143,0.00733293,-0.01542648,-0.00183803,
 -0.01330188,0.21688782,-0.00059147,-0.00035207,0.00134602,-0.00023021,
 -0.00030300,-0.00025502,-0.00028965,-0.00039399,0.00057793,-0.00011750
 ,0.00073782,0.00065898,-0.02504291,-0.00282846,-0.01899219,0.00056610,
 -0.00296804,-0.00017488,-0.00037835,0.00087495,0.00009112,-0.00027606,
 0.00010371,-0.00036023,-0.00012090,0.00022546,-0.00000451,0.00007838,-
 0.00037161,-0.00002611,0.00007111,-0.00000587,0.00000590,0.00017247,-0
 .00020642,-0.00067877,0.00009009,-0.00032651,-0.00001593,-0.00008043,-
 0.00000802,-0.00003856,0.00003334,0.00004500,0.00000789,0.00000195,0.0
 0003592,-0.00001518,0.00004231,0.00001945,0.00003761,-0.01016076,-0.04
 758822,-0.01113495,0.00412177,-0.00019865,0.00273977,0.01680354,0.0019
 1534,0.01603496,0.01530719,0.05159321,0.00014568,0.00047002,-0.0004187
 8,0.00032521,-0.00012812,-0.00007276,-0.00024168,-0.00035494,0.0000519
 9,-0.00006064,-0.00005521,0.00093247,0.00392451,0.00063221,0.00273519,
 0.00049833,0.00041177,-0.00022834,0.00005974,0.00010331,-0.00007559,0.
 00001674,0.00004956,0.00022214,0.00007607,-0.00003794,-0.00005318,0.00
 001705,0.00005643,-0.00002939,-0.00001896,0.00000717,0.00004568,-0.000
 05284,-0.00034873,-0.00026058,0.00002556,0.00000623,0.00002036,0.00001
 364,-0.00000276,0.00000780,0.00000998,0.00000372,0.00000020,0.00001471
 ,0.00000205,-0.00000352,0.00002903,0.00000195,0.00002147,-0.12851089,-
 0.01130551,-0.14982889,-0.02394495,-0.00128783,-0.01984979,0.00709487,
 0.00158044,0.00546351,0.14057887,0.01019618,0.16132001||0.00000058,0.0
 0000951,0.00000122,0.00001631,-0.00000868,-0.00000338,-0.00002495,0.00
 001397,-0.00000252,-0.00000294,-0.00002617,0.00000358,-0.00000609,0.00
 001158,0.00000111,-0.00000546,-0.00000368,-0.00000101,0.00002002,0.000
 00390,0.00001787,0.00000046,-0.00000020,-0.00000160,0.00002933,-0.0000
 0134,-0.00000072,0.00000281,0.00000290,0.00000298,-0.00002631,-0.00000
 568,-0.00000894,-0.00000139,0.00000507,-0.00001048,0.00000112,-0.00000
 224,0.00000105,-0.00000049,-0.00000052,-0.00000033,-0.00000042,-0.0000
 0041,-0.00000060,-0.00000101,-0.00000087,-0.00000084,-0.00000314,0.000
 00206,0.00000210,0.00000677,0.00000297,0.00000073,-0.00000154,0.000000
 26,0.00000049,-0.00000122,0.00000074,-0.00000163,-0.00000246,-0.000003
 16,0.00000096|||@


 HE THAT RISETH LATE MUST TROT ALL DAY.

                  -- BENJAMIN FRANKLIN
 Job cpu time:       0 days  0 hours  3 minutes 52.0 seconds.
 Elapsed time:       0 days  0 hours  3 minutes 50.4 seconds.
 File lengths (MBytes):  RWF=    250 Int=      0 D2E=      0 Chk=      8 Scr=      1
 Normal termination of Gaussian 16 at Sun Jan 18 20:22:08 2026.
