 Entering Link 1 = D:\Gaussian\G16W\l1.exe PID=     42716.
  
 Copyright (c) 1988,1990,1992,1993,1995,1998,2003,2009,2016,
            Gaussian, Inc.  All Rights Reserved.
  
 This is part of the Gaussian(R) 16 program.  It is based on
 the Gaussian(R) 09 system (copyright 2009, Gaussian, Inc.),
 the Gaussian(R) 03 system (copyright 2003, Gaussian, Inc.),
 the Gaussian(R) 98 system (copyright 1998, Gaussian, Inc.),
 the Gaussian(R) 94 system (copyright 1995, Gaussian, Inc.),
 the Gaussian 92(TM) system (copyright 1992, Gaussian, Inc.),
 the Gaussian 90(TM) system (copyright 1990, Gaussian, Inc.),
 the Gaussian 88(TM) system (copyright 1988, Gaussian, Inc.),
 the Gaussian 86(TM) system (copyright 1986, Carnegie Mellon
 University), and the Gaussian 82(TM) system (copyright 1983,
 Carnegie Mellon University). Gaussian is a federally registered
 trademark of Gaussian, Inc.
  
 This software contains proprietary and confidential information,
 including trade secrets, belonging to Gaussian, Inc.
  
 This software is provided under written license and may be
 used, copied, transmitted, or stored only in accord with that
 written license.
  
 The following legend is applicable only to US Government
 contracts under FAR:
  
                    RESTRICTED RIGHTS LEGEND
  
 Use, reproduction and disclosure by the US Government is
 subject to restrictions as set forth in subparagraphs (a)
 and (c) of the Commercial Computer Software - Restricted
 Rights clause in FAR 52.227-19.
  
 Gaussian, Inc.
 340 Quinnipiac St., Bldg. 40, Wallingford CT 06492
  
  
 ---------------------------------------------------------------
 Warning -- This program may not be used in any manner that
 competes with the business of Gaussian, Inc. or will provide
 assistance to any competitor of Gaussian, Inc.  The licensee
 of this program is prohibited from giving any competitor of
 Gaussian, Inc. access to this program.  By using this program,
 the user acknowledges that Gaussian, Inc. is engaged in the
 business of creating and licensing software in the field of
 computational chemistry and represents and warrants to the
 licensee that it is not a competitor of Gaussian, Inc. and that
 it will not use this program in any manner prohibited above.
 ---------------------------------------------------------------
  

 Cite this work as:
 Gaussian 16, Revision A.03,
 M. J. Frisch, G. W. Trucks, H. B. Schlegel, G. E. Scuseria, 
 M. A. Robb, J. R. Cheeseman, G. Scalmani, V. Barone, 
 G. A. Petersson, H. Nakatsuji, X. Li, M. Caricato, A. V. Marenich, 
 J. Bloino, B. G. Janesko, R. Gomperts, B. Mennucci, H. P. Hratchian, 
 J. V. Ortiz, A. F. Izmaylov, J. L. Sonnenberg, D. Williams-Young, 
 F. Ding, F. Lipparini, F. Egidi, J. Goings, B. Peng, A. Petrone, 
 T. Henderson, D. Ranasinghe, V. G. Zakrzewski, J. Gao, N. Rega, 
 G. Zheng, W. Liang, M. Hada, M. Ehara, K. Toyota, R. Fukuda, 
 J. Hasegawa, M. Ishida, T. Nakajima, Y. Honda, O. Kitao, H. Nakai, 
 T. Vreven, K. Throssell, J. A. Montgomery, Jr., J. E. Peralta, 
 F. Ogliaro, M. J. Bearpark, J. J. Heyd, E. N. Brothers, K. N. Kudin, 
 V. N. Staroverov, T. A. Keith, R. Kobayashi, J. Normand, 
 K. Raghavachari, A. P. Rendell, J. C. Burant, S. S. Iyengar, 
 J. Tomasi, M. Cossi, J. M. Millam, M. Klene, C. Adamo, R. Cammi, 
 J. W. Ochterski, R. L. Martin, K. Morokuma, O. Farkas, 
 J. B. Foresman, and D. J. Fox, Gaussian, Inc., Wallingford CT, 2016.
 
 ******************************************
 Gaussian 16:  EM64W-G16RevA.03 17-Dec-2016
                12-Jan-2026 
 ******************************************
 %nprocshared=30
 Will use up to   30 processors via shared memory.
 %mem=60GB
 %chk=SR-11-ts-P3.chk
 ----------------------------------------------------------------------
 # irc=(calcfc,recalc=5,stepsize=5) ub3lyp/6-311g(d,p) geom=connectivit
 y
 ----------------------------------------------------------------------
 1/10=4,18=10,26=3,38=1,39=5,44=3,57=2,71=5,172=1/1,23;
 2/12=2,17=6,18=5,29=1,40=1/2;
 3/5=4,6=6,7=101,11=2,25=1,30=1,71=2,74=-5,116=2,140=1/1,2,3;
 4//1;
 5/5=2,38=5/2;
 8/6=4,10=90,11=11/1;
 11/6=1,8=1,9=11,15=111,16=1/1,2,10;
 10/6=1,13=1/2;
 6/7=2,8=2,9=2,10=2,28=1/1;
 7/10=1,18=20,25=1/1,2,3,16;
 1/10=4,18=10,26=3,39=5,44=3,71=5/23(2);
 2/29=1/2;
 99/5=20/99;
 2/29=1/2;
 3/5=4,6=6,7=101,11=2,25=1,30=1,71=2,74=-5,116=2,140=1/1,2,3;
 4/5=5,16=3,69=1/1;
 5/5=2,38=5/2;
 8/6=4,10=90,11=11/1;
 11/6=1,8=1,9=11,15=111,16=1/1,2,10;
 10/6=1,13=1/2;
 7/10=1,18=20,25=1/1,2,3,16;
 1/18=10,26=3,39=5,44=3,71=5/23(-8);
 2/29=1/2;
 6/7=2,8=2,9=2,10=2,19=2,28=1/1;
 99/5=20,9=1/99;
 -------------------
 Title Card Required
 -------------------
 Symbolic Z-matrix:
 Charge =  0 Multiplicity = 2
 C                     1.66155  -0.2648   -0.12451 
 C                     1.20698   0.97692  -0.53601 
 C                    -0.1748    1.27021  -0.59364 
 C                    -1.10265   0.22706  -0.36742 
 C                    -0.66982  -1.0354    0.06237 
 C                     0.70299  -1.25292   0.17598 
 O                    -2.40929   0.52564  -0.57339 
 H                     1.04382  -2.23166   0.50194 
 O                    -0.44542   2.30744   1.16218 
 H                    -2.96398  -0.20636  -0.28473 
 H                     0.08802   1.72206   1.72137 
 H                    -0.52813   2.16314  -1.08768 
 C                     3.13524  -0.57292  -0.00716 
 H                     3.74204   0.27958  -0.31795 
 H                     3.41128  -0.81948   1.02324 
 H                     3.41529  -1.42788  -0.63048 
 H                     1.91005   1.76698  -0.77248 
 C                    -1.6719   -2.12433   0.35954 
 H                    -2.36554  -1.83553   1.15905 
 H                    -2.2704   -2.38207  -0.5226 
 H                    -1.17027  -3.0363    0.68513 
 
 IRC-IRC-IRC-IRC-IRC-IRC-IRC-IRC-IRC-IRC-IRC-IRC-IRC-IRC-IRC-IRC-IRC-IRC
 ------------------------------------------------------------------------
 INPUT DATA FOR L123
 ------------------------------------------------------------------------
 GENERAL PARAMETERS:
 Follow reaction path in both directions.
 Maximum points per path      =  10
 Step size                    =   0.050 bohr
 Integration scheme           = HPC                                 
    Redo corrector integration= Yes                                 
    DWI Weight Power          =  2
    DWI will use Hessian update vectors when possible.
    Max correction cycles     =  20
 Initial Hessian              = CalcFC
 Hessian evaluation           = Analytic every   5 predictor steps
                              = Update at all corrector steps
 Hessian updating method      = Bofill                              
 ------------------------------------------------------------------------
 IRC-IRC-IRC-IRC-IRC-IRC-IRC-IRC-IRC-IRC-IRC-IRC-IRC-IRC-IRC-IRC-IRC-IRC
                          Input orientation:                          
 ---------------------------------------------------------------------
 Center     Atomic      Atomic             Coordinates (Angstroms)
 Number     Number       Type             X           Y           Z
 ---------------------------------------------------------------------
      1          6           0        1.661552   -0.264800   -0.124505
      2          6           0        1.206975    0.976918   -0.536006
      3          6           0       -0.174803    1.270209   -0.593638
      4          6           0       -1.102646    0.227058   -0.367421
      5          6           0       -0.669824   -1.035398    0.062365
      6          6           0        0.702988   -1.252916    0.175980
      7          8           0       -2.409289    0.525636   -0.573393
      8          1           0        1.043823   -2.231661    0.501939
      9          8           0       -0.445422    2.307441    1.162180
     10          1           0       -2.963977   -0.206355   -0.284734
     11          1           0        0.088018    1.722055    1.721366
     12          1           0       -0.528131    2.163139   -1.087678
     13          6           0        3.135244   -0.572918   -0.007164
     14          1           0        3.742040    0.279577   -0.317949
     15          1           0        3.411284   -0.819480    1.023239
     16          1           0        3.415288   -1.427876   -0.630480
     17          1           0        1.910050    1.766976   -0.772483
     18          6           0       -1.671903   -2.124334    0.359537
     19          1           0       -2.365535   -1.835532    1.159052
     20          1           0       -2.270401   -2.382070   -0.522595
     21          1           0       -1.170269   -3.036301    0.685126
 ---------------------------------------------------------------------
                    Distance matrix (angstroms):
                    1          2          3          4          5
     1  C    0.000000
     2  C    1.384860   0.000000
     3  C    2.438963   1.413737   0.000000
     4  C    2.818106   2.434145   1.414295   0.000000
     5  C    2.462530   2.815997   2.447695   1.402086   0.000000
     6  C    1.409081   2.394386   2.780106   2.397065   1.394573
     7  O    4.171095   3.644505   2.355361   1.356056   2.422138
     8  H    2.154661   3.376230   3.866320   3.377635   2.135616
     9  O    3.565294   2.717452   2.057178   2.664510   3.526262
    10  H    4.628672   4.342823   3.170986   1.912913   2.463925
    11  H    3.135417   2.627360   2.373285   2.831206   3.306079
    12  H    3.408416   2.173029   1.079926   2.144119   3.401957
    13  C    1.510124   2.529800   3.833729   4.327754   3.833701
    14  H    2.159212   2.638255   4.049570   4.845223   4.619344
    15  H    2.164844   3.243034   4.454336   4.837845   4.198255
    16  H    2.164335   3.266283   4.491077   4.818686   4.161996
    17  H    2.147031   1.083710   2.150669   3.407603   3.899490
    18  C    3.847608   4.325240   3.830506   2.526176   1.509389
    19  H    4.509118   4.852414   4.185314   2.859945   2.172182
    20  H    4.483477   4.834783   4.211380   2.862740   2.171992
    21  H    4.044247   4.821657   4.601328   3.429568   2.154504
                    6          7          8          9         10
     6  C    0.000000
     7  O    3.662113   0.000000
     8  H    1.086444   4.547858   0.000000
     9  O    3.868795   3.169198   4.822574   0.000000
    10  H    3.841117   0.962712   4.558857   3.841334   0.000000
    11  H    3.408351   3.596370   4.246462   0.969497   4.130118
    12  H    3.844726   2.546500   4.930739   2.255998   3.491786
    13  C    2.532155   5.680606   2.717472   4.741835   6.116528
    14  H    3.439235   6.161546   3.776097   4.882402   6.723682
    15  H    2.870641   6.183659   2.805509   4.967003   6.536870
    16  H    2.835059   6.143709   2.748143   5.663153   6.504358
    17  H    3.387673   4.498583   4.285277   3.095686   5.280916
    18  C    2.536369   2.904555   2.721574   4.667882   2.400663
    19  H    3.274402   2.928890   3.494630   4.566297   2.257625
    20  H    3.256384   2.911464   3.472229   5.306649   2.295945
    21  H    2.636055   3.975731   2.362881   5.413738   3.488067
                   11         12         13         14         15
    11  H    0.000000
    12  H    2.909454   0.000000
    13  C    4.188115   4.698280   0.000000
    14  H    4.426220   4.730185   1.091575   0.000000
    15  H    4.241566   5.373172   1.094861   1.765251   0.000000
    16  H    5.150143   5.353034   1.094486   1.766306   1.762086
    17  H    3.088867   2.490185   2.749894   2.403153   3.488277
    18  C    4.443716   4.667448   5.064585   5.962261   5.289795
    19  H    4.358044   4.940973   5.763057   6.630060   5.867064
    20  H    5.238449   4.900382   5.723609   6.578426   6.092030
    21  H    5.029814   5.530764   5.008489   6.010989   5.100906
                   16         17         18         19         20
    16  H    0.000000
    17  H    3.534542   0.000000
    18  C    5.229216   5.408711   0.000000
    19  H    6.065189   5.915194   1.097158   0.000000
    20  H    5.766211   5.895184   1.096715   1.770788   0.000000
    21  H    5.034400   5.889351   1.090563   1.759293   1.759801
                   21
    21  H    0.000000
 Symmetry turned off by external request.
 Stoichiometry    C8H11O2(2)
 Framework group  C1[X(C8H11O2)]
 Deg. of freedom    57
 Full point group                 C1      NOp   1
 Rotational constants (GHZ):           1.7117883           1.1609525           0.7938155
 Standard basis: 6-311G(d,p) (5D, 7F)
   246 basis functions,   408 primitive gaussians,   256 cartesian basis functions
    38 alpha electrons       37 beta electrons
       nuclear repulsion energy       523.4954065016 Hartrees.
 NAtoms=   21 NActive=   21 NUniq=   21 SFac= 1.00D+00 NAtFMM=   60 NAOKFM=F Big=F
 Integral buffers will be    131072 words long.
 Raffenetti 2 integral format.
 Two-electron integral symmetry is turned off.
 One-electron integrals computed using PRISM.
 NBasis=   246 RedAO= T EigKep=  2.04D-04  NBF=   246
 NBsUse=   246 1.00D-06 EigRej= -1.00D+00 NBFU=   246
 ExpMin= 1.03D-01 ExpMax= 8.59D+03 ExpMxC= 1.30D+03 IAcc=3 IRadAn=         5 AccDes= 0.00D+00
 Harris functional with IExCor=  402 and IRadAn=       5 diagonalized for initial guess.
 HarFok:  IExCor=  402 AccDes= 0.00D+00 IRadAn=         5 IDoV= 1 UseB2=F ITyADJ=14
 ICtDFT=  3500011 ScaDFX=  1.000000  1.000000  1.000000  1.000000
 FoFCou: FMM=F IPFlag=           0 FMFlag=      100000 FMFlg1=           0
         NFxFlg=           0 DoJE=T BraDBF=F KetDBF=T FulRan=T
         wScrn=  0.000000 ICntrl=       500 IOpCl=  0 I1Cent=   200000004 NGrid=           0
         NMat0=    1 NMatS0=      1 NMatT0=    0 NMatD0=    1 NMtDS0=    0 NMtDT0=    0
 Symmetry not used in FoFCou.
 Initial guess <Sx>= 0.0000 <Sy>= 0.0000 <Sz>= 0.5000 <S**2>= 0.7500 S= 0.5000
 Requested convergence on RMS density matrix=1.00D-08 within 128 cycles.
 Requested convergence on MAX density matrix=1.00D-06.
 Requested convergence on             energy=1.00D-06.
 No special actions if energy rises.
 Integral accuracy reduced to 1.0D-05 until final iterations.
 EnCoef did     1 forward-backward iterations
 Initial convergence to 1.0D-05 achieved.  Increase integral accuracy.
 SCF Done:  E(UB3LYP) =  -461.967445874     A.U. after   23 cycles
            NFock= 23  Conv=0.93D-08     -V/T= 2.0038
 <Sx>= 0.0000 <Sy>= 0.0000 <Sz>= 0.5000 <S**2>= 0.7741 S= 0.5120
 <L.S>= 0.000000000000E+00
 Annihilation of the first spin contaminant:
 S**2 before annihilation     0.7741,   after     0.7503
 DoSCS=F DFT=T ScalE2(SS,OS)=  1.000000  1.000000
 Range of M.O.s used for correlation:     1   246
 NBasis=   246 NAE=    38 NBE=    37 NFC=     0 NFV=     0
 NROrb=    246 NOA=    38 NOB=    37 NVA=   208 NVB=   209

 **** Warning!!: The largest alpha MO coefficient is  0.11559733D+02


 **** Warning!!: The largest beta MO coefficient is  0.11501390D+02

 Symmetrizing basis deriv contribution to polar:
 IMax=3 JMax=2 DiffMx= 0.00D+00
 G2DrvN: will do    22 centers at a time, making    1 passes.
 Calling FoFCou, ICntrl=  3107 FMM=F I1Cent=   0 AccDes= 0.00D+00.
 End of G2Drv F.D. properties file   721 does not exist.
 End of G2Drv F.D. properties file   722 does not exist.
 End of G2Drv F.D. properties file   788 does not exist.
          IDoAtm=111111111111111111111
          Differentiating once with respect to nuclear coordinates.
 Keep R1 and R2 ints in memory in canonical form, NReq=955570734.
          There are    66 degrees of freedom in the 1st order CPHF.  IDoFFX=6 NUNeed=     0.
     60 vectors produced by pass  0 Test12= 2.37D-14 1.52D-09 XBig12= 3.28D-01 2.26D-01.
 AX will form    60 AO Fock derivatives at one time.
     60 vectors produced by pass  1 Test12= 2.37D-14 1.52D-09 XBig12= 6.87D-02 7.47D-02.
     60 vectors produced by pass  2 Test12= 2.37D-14 1.52D-09 XBig12= 2.13D-03 1.00D-02.
     60 vectors produced by pass  3 Test12= 2.37D-14 1.52D-09 XBig12= 2.17D-05 6.94D-04.
     60 vectors produced by pass  4 Test12= 2.37D-14 1.52D-09 XBig12= 1.15D-07 2.51D-05.
     60 vectors produced by pass  5 Test12= 2.37D-14 1.52D-09 XBig12= 5.92D-10 2.35D-06.
     41 vectors produced by pass  6 Test12= 2.37D-14 1.52D-09 XBig12= 2.32D-12 1.13D-07.
     11 vectors produced by pass  7 Test12= 2.37D-14 1.52D-09 XBig12= 8.38D-15 6.29D-09.
 InvSVY:  IOpt=1 It=  1 EMax= 8.88D-16
 Solved reduced A of dimension   412 with    66 vectors.
 End of Minotr F.D. properties file   721 does not exist.
 End of Minotr F.D. properties file   722 does not exist.
 End of Minotr F.D. properties file   788 does not exist.

 **********************************************************************

            Population analysis using the SCF density.

 **********************************************************************

 Alpha  occ. eigenvalues --  -19.16006 -19.09168 -10.24523 -10.19461 -10.18995
 Alpha  occ. eigenvalues --  -10.18874 -10.18470 -10.18367 -10.17827 -10.17234
 Alpha  occ. eigenvalues --   -1.07827  -0.93836  -0.86720  -0.79318  -0.77115
 Alpha  occ. eigenvalues --   -0.70835  -0.69310  -0.62222  -0.59963  -0.55347
 Alpha  occ. eigenvalues --   -0.50241  -0.47114  -0.45435  -0.44640  -0.42815
 Alpha  occ. eigenvalues --   -0.42514  -0.41565  -0.41282  -0.40819  -0.39542
 Alpha  occ. eigenvalues --   -0.38112  -0.36255  -0.35614  -0.34593  -0.31556
 Alpha  occ. eigenvalues --   -0.26933  -0.24035  -0.20853
 Alpha virt. eigenvalues --   -0.00923  -0.00206   0.02079   0.04409   0.06889
 Alpha virt. eigenvalues --    0.07470   0.08487   0.08971   0.09935   0.11047
 Alpha virt. eigenvalues --    0.11524   0.12726   0.14409   0.16736   0.19238
 Alpha virt. eigenvalues --    0.19961   0.22684   0.27205   0.27582   0.28836
 Alpha virt. eigenvalues --    0.29671   0.30742   0.30938   0.32010   0.33957
 Alpha virt. eigenvalues --    0.37449   0.38698   0.39593   0.40835   0.41445
 Alpha virt. eigenvalues --    0.43706   0.45323   0.46836   0.47017   0.48280
 Alpha virt. eigenvalues --    0.48913   0.49517   0.50055   0.51453   0.54201
 Alpha virt. eigenvalues --    0.55160   0.55891   0.56045   0.58615   0.58947
 Alpha virt. eigenvalues --    0.59618   0.60645   0.61117   0.62483   0.63641
 Alpha virt. eigenvalues --    0.64775   0.66742   0.68573   0.70416   0.72457
 Alpha virt. eigenvalues --    0.76554   0.79833   0.82322   0.83655   0.83936
 Alpha virt. eigenvalues --    0.86556   0.87791   0.88852   0.89809   0.91543
 Alpha virt. eigenvalues --    0.92612   0.93753   0.97944   0.99263   0.99593
 Alpha virt. eigenvalues --    1.01476   1.04764   1.06535   1.08535   1.12185
 Alpha virt. eigenvalues --    1.12905   1.19459   1.26845   1.31238   1.31648
 Alpha virt. eigenvalues --    1.34665   1.35234   1.36176   1.38477   1.39463
 Alpha virt. eigenvalues --    1.41200   1.42830   1.43510   1.44852   1.45169
 Alpha virt. eigenvalues --    1.45681   1.48397   1.49437   1.49941   1.52064
 Alpha virt. eigenvalues --    1.54779   1.56902   1.57436   1.57804   1.58859
 Alpha virt. eigenvalues --    1.61730   1.65074   1.65858   1.67737   1.67848
 Alpha virt. eigenvalues --    1.72171   1.74463   1.75385   1.77832   1.78372
 Alpha virt. eigenvalues --    1.80226   1.83694   1.85529   1.87251   1.90624
 Alpha virt. eigenvalues --    1.92805   1.93348   1.94630   1.97399   1.99248
 Alpha virt. eigenvalues --    2.00719   2.03708   2.05527   2.07589   2.09607
 Alpha virt. eigenvalues --    2.10841   2.15347   2.18782   2.21471   2.24606
 Alpha virt. eigenvalues --    2.28222   2.31709   2.32271   2.33992   2.35564
 Alpha virt. eigenvalues --    2.37196   2.41635   2.44315   2.45336   2.46115
 Alpha virt. eigenvalues --    2.46902   2.47774   2.50207   2.52828   2.54651
 Alpha virt. eigenvalues --    2.55999   2.57930   2.60903   2.63359   2.63789
 Alpha virt. eigenvalues --    2.65000   2.69855   2.71994   2.72782   2.78780
 Alpha virt. eigenvalues --    2.79850   2.82298   2.85652   2.87558   2.88924
 Alpha virt. eigenvalues --    2.92002   2.94072   2.94590   3.01225   3.02995
 Alpha virt. eigenvalues --    3.08170   3.12036   3.16024   3.17448   3.17711
 Alpha virt. eigenvalues --    3.18691   3.20357   3.21449   3.33413   3.37927
 Alpha virt. eigenvalues --    3.44304   3.52335   3.54709   3.61322   3.68191
 Alpha virt. eigenvalues --    3.76426   3.77965   3.79370   3.80997   3.82167
 Alpha virt. eigenvalues --    3.85660   4.00632   4.07563   4.12172   4.29212
 Alpha virt. eigenvalues --    4.33407   4.78629   4.81765   4.86266   4.92698
 Alpha virt. eigenvalues --    5.32917   5.44943   5.70922  23.49040  23.84199
 Alpha virt. eigenvalues --   23.89094  23.91878  23.94277  24.02369  24.07403
 Alpha virt. eigenvalues --   24.13770  49.83680  49.91284
  Beta  occ. eigenvalues --  -19.15856 -19.07360 -10.24221 -10.19496 -10.19116
  Beta  occ. eigenvalues --  -10.18868 -10.18484 -10.18183 -10.17607 -10.17227
  Beta  occ. eigenvalues --   -1.07496  -0.89628  -0.86177  -0.79292  -0.76747
  Beta  occ. eigenvalues --   -0.70567  -0.68998  -0.61970  -0.59896  -0.55178
  Beta  occ. eigenvalues --   -0.50087  -0.46948  -0.45060  -0.44402  -0.42704
  Beta  occ. eigenvalues --   -0.42488  -0.41332  -0.40912  -0.40201  -0.38368
  Beta  occ. eigenvalues --   -0.37805  -0.36086  -0.34419  -0.33510  -0.27156
  Beta  occ. eigenvalues --   -0.25007  -0.22580
  Beta virt. eigenvalues --   -0.10482   0.00422   0.01062   0.02121   0.04477
  Beta virt. eigenvalues --    0.06989   0.07516   0.08768   0.08993   0.10107
  Beta virt. eigenvalues --    0.11185   0.11649   0.12771   0.14473   0.17384
  Beta virt. eigenvalues --    0.19269   0.20050   0.22883   0.27389   0.27686
  Beta virt. eigenvalues --    0.28887   0.29761   0.30795   0.31005   0.32066
  Beta virt. eigenvalues --    0.34079   0.37782   0.39065   0.39821   0.41070
  Beta virt. eigenvalues --    0.41584   0.44119   0.45439   0.46952   0.47645
  Beta virt. eigenvalues --    0.48411   0.49695   0.50072   0.50183   0.51710
  Beta virt. eigenvalues --    0.54198   0.55133   0.55989   0.56071   0.58711
  Beta virt. eigenvalues --    0.59086   0.59755   0.60749   0.61302   0.62814
  Beta virt. eigenvalues --    0.63715   0.64883   0.66943   0.68703   0.70595
  Beta virt. eigenvalues --    0.72671   0.76696   0.80232   0.82523   0.83902
  Beta virt. eigenvalues --    0.84445   0.86928   0.88193   0.89061   0.90553
  Beta virt. eigenvalues --    0.92077   0.93345   0.94921   0.98350   0.99495
  Beta virt. eigenvalues --    0.99887   1.02525   1.05216   1.06634   1.09017
  Beta virt. eigenvalues --    1.12484   1.13299   1.20014   1.27171   1.31411
  Beta virt. eigenvalues --    1.31795   1.34743   1.35623   1.36517   1.38627
  Beta virt. eigenvalues --    1.39757   1.41286   1.43067   1.43852   1.44921
  Beta virt. eigenvalues --    1.45269   1.45909   1.48424   1.49472   1.50044
  Beta virt. eigenvalues --    1.52148   1.55214   1.57006   1.57625   1.58006
  Beta virt. eigenvalues --    1.59126   1.61878   1.65312   1.66045   1.67808
  Beta virt. eigenvalues --    1.68051   1.72231   1.74554   1.75530   1.77927
  Beta virt. eigenvalues --    1.78526   1.80502   1.83973   1.85854   1.87586
  Beta virt. eigenvalues --    1.90863   1.92854   1.93559   1.94899   1.97648
  Beta virt. eigenvalues --    1.99446   2.00917   2.04079   2.05601   2.07643
  Beta virt. eigenvalues --    2.09696   2.10964   2.15495   2.18918   2.21624
  Beta virt. eigenvalues --    2.24796   2.28260   2.31827   2.32335   2.34121
  Beta virt. eigenvalues --    2.35578   2.37346   2.41728   2.44479   2.45403
  Beta virt. eigenvalues --    2.46257   2.46968   2.47882   2.50265   2.53088
  Beta virt. eigenvalues --    2.54761   2.56039   2.58017   2.60948   2.63439
  Beta virt. eigenvalues --    2.64170   2.65152   2.70123   2.72770   2.73226
  Beta virt. eigenvalues --    2.79487   2.80338   2.83542   2.85938   2.88276
  Beta virt. eigenvalues --    2.89375   2.92092   2.94166   2.97636   3.01713
  Beta virt. eigenvalues --    3.04092   3.08659   3.12377   3.17061   3.18444
  Beta virt. eigenvalues --    3.19085   3.20126   3.20777   3.25470   3.33573
  Beta virt. eigenvalues --    3.38207   3.44431   3.52448   3.54926   3.61584
  Beta virt. eigenvalues --    3.68371   3.76404   3.77962   3.79404   3.82186
  Beta virt. eigenvalues --    3.82536   3.86065   4.00819   4.07752   4.12423
  Beta virt. eigenvalues --    4.29231   4.33416   4.79005   4.82417   4.87783
  Beta virt. eigenvalues --    5.00126   5.33129   5.46627   5.71100  23.49139
  Beta virt. eigenvalues --   23.84278  23.89127  23.91914  23.94405  24.02409
  Beta virt. eigenvalues --   24.07528  24.13884  49.85345  49.91595
          Condensed to atoms (all electrons):
               1          2          3          4          5          6
     1  C    5.140135   0.445124   0.012602  -0.092484  -0.006457   0.450358
     2  C    0.445124   4.965873   0.364451   0.016526  -0.079304  -0.005397
     3  C    0.012602   0.364451   5.140253   0.322537  -0.003333  -0.080361
     4  C   -0.092484   0.016526   0.322537   5.000396   0.213594   0.055885
     5  C   -0.006457  -0.079304  -0.003333   0.213594   5.490473   0.428087
     6  C    0.450358  -0.005397  -0.080361   0.055885   0.428087   4.884308
     7  O   -0.000408   0.004527  -0.066145   0.400498  -0.094161   0.004876
     8  H   -0.048469   0.008767  -0.001245   0.008777  -0.041385   0.416839
     9  O   -0.000902  -0.012654   0.055349  -0.022224   0.003920  -0.002319
    10  H   -0.000071  -0.000478   0.006969  -0.034588  -0.019857   0.000362
    11  H    0.007584  -0.003009  -0.014351  -0.004787   0.003364  -0.002066
    12  H    0.010764  -0.040132   0.420934  -0.054802   0.013813  -0.002389
    13  C    0.366060  -0.061745   0.007745  -0.001063   0.008031  -0.061808
    14  H   -0.033216  -0.007915   0.000695  -0.000102  -0.000210   0.006673
    15  H   -0.037610   0.000879  -0.000259   0.000056   0.000018  -0.005368
    16  H   -0.040113   0.001473  -0.000414   0.000086   0.000317  -0.004333
    17  H   -0.056094   0.431712  -0.050645   0.013226  -0.003388   0.011557
    18  C    0.007675  -0.000576   0.005795  -0.067653   0.336275  -0.050286
    19  H   -0.000577   0.000340  -0.000802   0.000118  -0.052119   0.001420
    20  H    0.000375  -0.000314   0.001012  -0.005328  -0.053146  -0.001295
    21  H    0.000267  -0.000013  -0.000192   0.007491  -0.023288  -0.007312
               7          8          9         10         11         12
     1  C   -0.000408  -0.048469  -0.000902  -0.000071   0.007584   0.010764
     2  C    0.004527   0.008767  -0.012654  -0.000478  -0.003009  -0.040132
     3  C   -0.066145  -0.001245   0.055349   0.006969  -0.014351   0.420934
     4  C    0.400498   0.008777  -0.022224  -0.034588  -0.004787  -0.054802
     5  C   -0.094161  -0.041385   0.003920  -0.019857   0.003364   0.013813
     6  C    0.004876   0.416839  -0.002319   0.000362  -0.002066  -0.002389
     7  O    7.746720  -0.000111  -0.001978   0.331161   0.000255   0.004863
     8  H   -0.000111   0.586146  -0.000020   0.000007  -0.000033   0.000059
     9  O   -0.001978  -0.000020   8.137634   0.000068   0.263576  -0.007276
    10  H    0.331161   0.000007   0.000068   0.456844  -0.000014  -0.000568
    11  H    0.000255  -0.000033   0.263576  -0.000014   0.517401   0.001277
    12  H    0.004863   0.000059  -0.007276  -0.000568   0.001277   0.534618
    13  C    0.000000  -0.004993  -0.000062  -0.000002   0.000029  -0.000164
    14  H    0.000000  -0.000056  -0.000034   0.000000   0.000019  -0.000011
    15  H    0.000000   0.001152   0.000047   0.000000  -0.000080   0.000011
    16  H   -0.000001   0.001415  -0.000005   0.000001   0.000019   0.000017
    17  H   -0.000085  -0.000325   0.005094   0.000037  -0.001033  -0.010506
    18  C   -0.006140  -0.010950   0.000079   0.010775  -0.000026  -0.000337
    19  H    0.001308   0.000199   0.000148   0.002449   0.000031  -0.000057
    20  H    0.003393  -0.000301  -0.000006  -0.000676  -0.000002   0.000045
    21  H    0.000322   0.004840  -0.000002  -0.000199  -0.000003   0.000014
              13         14         15         16         17         18
     1  C    0.366060  -0.033216  -0.037610  -0.040113  -0.056094   0.007675
     2  C   -0.061745  -0.007915   0.000879   0.001473   0.431712  -0.000576
     3  C    0.007745   0.000695  -0.000259  -0.000414  -0.050645   0.005795
     4  C   -0.001063  -0.000102   0.000056   0.000086   0.013226  -0.067653
     5  C    0.008031  -0.000210   0.000018   0.000317  -0.003388   0.336275
     6  C   -0.061808   0.006673  -0.005368  -0.004333   0.011557  -0.050286
     7  O    0.000000   0.000000   0.000000  -0.000001  -0.000085  -0.006140
     8  H   -0.004993  -0.000056   0.001152   0.001415  -0.000325  -0.010950
     9  O   -0.000062  -0.000034   0.000047  -0.000005   0.005094   0.000079
    10  H   -0.000002   0.000000   0.000000   0.000001   0.000037   0.010775
    11  H    0.000029   0.000019  -0.000080   0.000019  -0.001033  -0.000026
    12  H   -0.000164  -0.000011   0.000011   0.000017  -0.010506  -0.000337
    13  C    4.800349   0.406993   0.402287   0.403928  -0.010887  -0.000180
    14  H    0.406993   0.568137  -0.027102  -0.026357   0.003509   0.000015
    15  H    0.402287  -0.027102   0.578873  -0.033106   0.000167  -0.000012
    16  H    0.403928  -0.026357  -0.033106   0.576843   0.000114  -0.000011
    17  H   -0.010887   0.003509   0.000167   0.000114   0.577204   0.000014
    18  C   -0.000180   0.000015  -0.000012  -0.000011   0.000014   4.881427
    19  H    0.000008  -0.000001  -0.000009   0.000006   0.000000   0.403390
    20  H    0.000021  -0.000001   0.000006  -0.000012  -0.000007   0.411925
    21  H   -0.000046   0.000002  -0.000001   0.000000  -0.000001   0.395605
              19         20         21
     1  C   -0.000577   0.000375   0.000267
     2  C    0.000340  -0.000314  -0.000013
     3  C   -0.000802   0.001012  -0.000192
     4  C    0.000118  -0.005328   0.007491
     5  C   -0.052119  -0.053146  -0.023288
     6  C    0.001420  -0.001295  -0.007312
     7  O    0.001308   0.003393   0.000322
     8  H    0.000199  -0.000301   0.004840
     9  O    0.000148  -0.000006  -0.000002
    10  H    0.002449  -0.000676  -0.000199
    11  H    0.000031  -0.000002  -0.000003
    12  H   -0.000057   0.000045   0.000014
    13  C    0.000008   0.000021  -0.000046
    14  H   -0.000001  -0.000001   0.000002
    15  H   -0.000009   0.000006  -0.000001
    16  H    0.000006  -0.000012   0.000000
    17  H    0.000000  -0.000007  -0.000001
    18  C    0.403390   0.411925   0.395605
    19  H    0.581265  -0.043456  -0.021182
    20  H   -0.043456   0.579690  -0.020866
    21  H   -0.021182  -0.020866   0.542909
          Atomic-Atomic Spin Densities.
               1          2          3          4          5          6
     1  C   -0.087954  -0.019451   0.000203  -0.002419  -0.000480   0.014998
     2  C   -0.019451   0.169187   0.028810   0.004909   0.001305  -0.009208
     3  C    0.000203   0.028810  -0.059227   0.030534   0.000481  -0.001685
     4  C   -0.002419   0.004909   0.030534   0.204138   0.016156  -0.011172
     5  C   -0.000480   0.001305   0.000481   0.016156  -0.103236  -0.015292
     6  C    0.014998  -0.009208  -0.001685  -0.011172  -0.015292   0.236080
     7  O    0.000071  -0.000381  -0.000664  -0.032618   0.000183   0.000184
     8  H    0.000285  -0.000006  -0.000029  -0.000253  -0.000209   0.002268
     9  O    0.000469  -0.013787  -0.078458  -0.017423  -0.001001   0.001850
    10  H   -0.000003  -0.000003  -0.000059  -0.000125   0.000170   0.000019
    11  H   -0.000932   0.002029   0.007359   0.001913   0.000114  -0.001153
    12  H    0.000481  -0.001414   0.006130  -0.001692   0.000212  -0.000079
    13  C    0.002406   0.000214   0.000039  -0.000031   0.000101  -0.002382
    14  H    0.000215  -0.000071  -0.000005   0.000004  -0.000013   0.000043
    15  H    0.001811  -0.000001  -0.000038  -0.000002  -0.000005  -0.000137
    16  H    0.001973   0.000123  -0.000007   0.000006  -0.000024  -0.000201
    17  H   -0.000109   0.001779   0.000362  -0.000084   0.000050  -0.000204
    18  C   -0.000029  -0.000025  -0.000040  -0.001298   0.002363   0.001078
    19  H   -0.000018   0.000002  -0.000054  -0.000362   0.001964   0.000185
    20  H   -0.000014   0.000000  -0.000018  -0.000470   0.001925   0.000217
    21  H    0.000012  -0.000004   0.000000  -0.000016   0.000194  -0.000091
               7          8          9         10         11         12
     1  C    0.000071   0.000285   0.000469  -0.000003  -0.000932   0.000481
     2  C   -0.000381  -0.000006  -0.013787  -0.000003   0.002029  -0.001414
     3  C   -0.000664  -0.000029  -0.078458  -0.000059   0.007359   0.006130
     4  C   -0.032618  -0.000253  -0.017423  -0.000125   0.001913  -0.001692
     5  C    0.000183  -0.000209  -0.001001   0.000170   0.000114   0.000212
     6  C    0.000184   0.002268   0.001850   0.000019  -0.001153  -0.000079
     7  O    0.073474  -0.000001   0.002077   0.000241  -0.000334   0.000123
     8  H   -0.000001  -0.014402   0.000012   0.000001  -0.000009  -0.000004
     9  O    0.002077   0.000012   0.774498  -0.000004  -0.001979  -0.005239
    10  H    0.000241   0.000001  -0.000004  -0.001492  -0.000007  -0.000013
    11  H   -0.000334  -0.000009  -0.001979  -0.000007  -0.019074   0.000417
    12  H    0.000123  -0.000004  -0.005239  -0.000013   0.000417   0.012134
    13  C    0.000000  -0.000052  -0.000035   0.000000   0.000059   0.000007
    14  H    0.000000  -0.000001   0.000000   0.000000  -0.000001   0.000001
    15  H    0.000000  -0.000020  -0.000005   0.000000   0.000029   0.000002
    16  H    0.000000   0.000032   0.000001   0.000000  -0.000005  -0.000002
    17  H   -0.000007   0.000013   0.000449   0.000000  -0.000064  -0.000190
    18  C    0.000318   0.000413  -0.000009  -0.000078  -0.000009   0.000005
    19  H    0.000042   0.000013   0.000018   0.000023  -0.000020  -0.000001
    20  H    0.000075   0.000002  -0.000006  -0.000005   0.000004   0.000002
    21  H    0.000001  -0.000107  -0.000001   0.000002   0.000002   0.000000
              13         14         15         16         17         18
     1  C    0.002406   0.000215   0.001811   0.001973  -0.000109  -0.000029
     2  C    0.000214  -0.000071  -0.000001   0.000123   0.001779  -0.000025
     3  C    0.000039  -0.000005  -0.000038  -0.000007   0.000362  -0.000040
     4  C   -0.000031   0.000004  -0.000002   0.000006  -0.000084  -0.001298
     5  C    0.000101  -0.000013  -0.000005  -0.000024   0.000050   0.002363
     6  C   -0.002382   0.000043  -0.000137  -0.000201  -0.000204   0.001078
     7  O    0.000000   0.000000   0.000000   0.000000  -0.000007   0.000318
     8  H   -0.000052  -0.000001  -0.000020   0.000032   0.000013   0.000413
     9  O   -0.000035   0.000000  -0.000005   0.000001   0.000449  -0.000009
    10  H    0.000000   0.000000   0.000000   0.000000   0.000000  -0.000078
    11  H    0.000059  -0.000001   0.000029  -0.000005  -0.000064  -0.000009
    12  H    0.000007   0.000001   0.000002  -0.000002  -0.000190   0.000005
    13  C    0.006669  -0.000254  -0.000183  -0.000894   0.000173  -0.000001
    14  H   -0.000254  -0.000505   0.000183   0.000016  -0.000050   0.000000
    15  H   -0.000183   0.000183  -0.006186   0.001584  -0.000024   0.000002
    16  H   -0.000894   0.000016   0.001584  -0.005114   0.000025  -0.000001
    17  H    0.000173  -0.000050  -0.000024   0.000025  -0.010911   0.000000
    18  C   -0.000001   0.000000   0.000002  -0.000001   0.000000   0.005121
    19  H   -0.000001   0.000000   0.000001   0.000000   0.000001  -0.000717
    20  H    0.000000   0.000000  -0.000001   0.000001   0.000000  -0.000707
    21  H    0.000001   0.000000   0.000000   0.000000   0.000000  -0.000105
              19         20         21
     1  C   -0.000018  -0.000014   0.000012
     2  C    0.000002   0.000000  -0.000004
     3  C   -0.000054  -0.000018   0.000000
     4  C   -0.000362  -0.000470  -0.000016
     5  C    0.001964   0.001925   0.000194
     6  C    0.000185   0.000217  -0.000091
     7  O    0.000042   0.000075   0.000001
     8  H    0.000013   0.000002  -0.000107
     9  O    0.000018  -0.000006  -0.000001
    10  H    0.000023  -0.000005   0.000002
    11  H   -0.000020   0.000004   0.000002
    12  H   -0.000001   0.000002   0.000000
    13  C   -0.000001   0.000000   0.000001
    14  H    0.000000   0.000000   0.000000
    15  H    0.000001  -0.000001   0.000000
    16  H    0.000000   0.000001   0.000000
    17  H    0.000001   0.000000   0.000000
    18  C   -0.000717  -0.000707  -0.000105
    19  H   -0.005646   0.001490   0.000077
    20  H    0.001490  -0.005689   0.000095
    21  H    0.000077   0.000095  -0.000542
 Mulliken charges and spin densities:
               1          2
     1  C   -0.124543  -0.088484
     2  C   -0.028136   0.164006
     3  C   -0.120593  -0.066366
     4  C    0.243841   0.189695
     5  C   -0.121243  -0.095040
     6  C   -0.037433   0.215319
     7  O   -0.328893   0.042784
     8  H    0.079688  -0.012055
     9  O   -0.418435   0.661429
    10  H    0.247781  -0.001333
    11  H    0.231849  -0.011659
    12  H    0.129825   0.010880
    13  C   -0.254502   0.005836
    14  H    0.108962  -0.000439
    15  H    0.120050  -0.002989
    16  H    0.120133  -0.002489
    17  H    0.090338  -0.008793
    18  C   -0.316803   0.006280
    19  H    0.127520  -0.003004
    20  H    0.128942  -0.003098
    21  H    0.121653  -0.000482
 Sum of Mulliken charges =   0.00000   1.00000
 Mulliken charges and spin densities with hydrogens summed into heavy atoms:
               1          2
     1  C   -0.124543  -0.088484
     2  C    0.062201   0.155214
     3  C    0.009232  -0.055486
     4  C    0.243841   0.189695
     5  C   -0.121243  -0.095040
     6  C    0.042255   0.203264
     7  O   -0.081112   0.041451
     9  O   -0.186586   0.649770
    13  C    0.094643  -0.000081
    18  C    0.061312  -0.000303
 APT charges:
               1
     1  C    0.040294
     2  C   -0.497458
     3  C   -0.524932
     4  C   -0.186501
     5  C    0.112423
     6  C   -0.536429
     7  O   -0.408528
     8  H    0.468918
     9  O   -0.445856
    10  H    0.625022
    11  H    0.241731
    12  H    0.543322
    13  C   -1.284949
    14  H    0.473673
    15  H    0.410710
    16  H    0.461265
    17  H    0.526550
    18  C   -1.298719
    19  H    0.385009
    20  H    0.437542
    21  H    0.456914
 Sum of APT charges =   0.00000
 APT charges with hydrogens summed into heavy atoms:
               1
     1  C    0.040294
     2  C    0.029091
     3  C    0.018390
     4  C   -0.186501
     5  C    0.112423
     6  C   -0.067511
     7  O    0.216494
     9  O   -0.204125
    13  C    0.060699
    18  C   -0.019254
 Electronic spatial extent (au):  <R**2>=           1546.8329
 Charge=              0.0000 electrons
 Dipole moment (field-independent basis, Debye):
    X=              0.5288    Y=             -3.8342    Z=             -0.0942  Tot=              3.8717
 Quadrupole moment (field-independent basis, Debye-Ang):
   XX=            -53.3374   YY=            -64.0868   ZZ=            -61.0605
   XY=              6.4617   XZ=              0.4831   YZ=             -4.3171
 Traceless Quadrupole moment (field-independent basis, Debye-Ang):
   XX=              6.1575   YY=             -4.5919   ZZ=             -1.5656
   XY=              6.4617   XZ=              0.4831   YZ=             -4.3171
 Octapole moment (field-independent basis, Debye-Ang**2):
  XXX=            -22.3733  YYY=            -13.8989  ZZZ=              9.5998  XYY=              3.4012
  XXY=             -8.9940  XXZ=              2.2825  XZZ=             -2.3286  YZZ=              4.7427
  YYZ=             -8.9072  XYZ=              0.8063
 Hexadecapole moment (field-independent basis, Debye-Ang**3):
 XXXX=          -1038.7399 YYYY=           -757.4302 ZZZZ=           -177.3102 XXXY=             27.9335
 XXXZ=             -3.8429 YYYX=              3.5886 YYYZ=            -30.0274 ZZZX=              8.8735
 ZZZY=             15.3386 XXYY=           -306.5095 XXZZ=           -221.3650 YYZZ=           -152.0966
 XXYZ=              2.9521 YYXZ=              7.8931 ZZXY=              2.5856
 N-N= 5.234954065016D+02 E-N=-2.125406436998D+03  KE= 4.602252140390D+02
  Exact polarizability:   0.000   0.000   0.000   0.000   0.000   0.000
 Approx polarizability: 183.907  -9.390 195.455   1.006   1.042 113.795
                          Isotropic Fermi Contact Couplings
        Atom                 a.u.       MegaHertz       Gauss      10(-4) cm-1
     1  C(13)             -0.01195     -13.43185      -4.79282      -4.48038
     2  C(13)              0.01001      11.25180       4.01492       3.75320
     3  C(13)              0.02005      22.53964       8.04270       7.51842
     4  C(13)              0.01321      14.85575       5.30090       4.95534
     5  C(13)             -0.01389     -15.61582      -5.57211      -5.20888
     6  C(13)              0.01317      14.80084       5.28131       4.93703
     7  O(17)              0.00682      -4.13380      -1.47504      -1.37889
     8  H(1)              -0.00284     -12.69523      -4.52997      -4.23467
     9  O(17)              0.07231     -43.83694     -15.64211     -14.62243
    10  H(1)              -0.00079      -3.51150      -1.25299      -1.17131
    11  H(1)              -0.00993     -44.40349     -15.84427     -14.81141
    12  H(1)               0.00626      27.97481       9.98211       9.33139
    13  C(13)              0.00187       2.09775       0.74853       0.69973
    14  H(1)              -0.00016      -0.69783      -0.24900      -0.23277
    15  H(1)              -0.00132      -5.91170      -2.10944      -1.97193
    16  H(1)              -0.00112      -4.98951      -1.78038      -1.66432
    17  H(1)              -0.00225     -10.06268      -3.59061      -3.35655
    18  C(13)              0.00198       2.22788       0.79496       0.74314
    19  H(1)              -0.00145      -6.49873      -2.31891      -2.16774
    20  H(1)              -0.00149      -6.66523      -2.37832      -2.22328
    21  H(1)              -0.00017      -0.76496      -0.27296      -0.25516
 --------------------------------------------------------
       Center         ----  Spin Dipole Couplings  ----
                      3XX-RR        3YY-RR        3ZZ-RR
 --------------------------------------------------------
     1   Atom        0.035297      0.030759     -0.066055
     2   Atom       -0.084968     -0.064757      0.149725
     3   Atom        0.011183      0.013464     -0.024647
     4   Atom       -0.124159     -0.077677      0.201835
     5   Atom        0.039202      0.034818     -0.074021
     6   Atom       -0.116202     -0.073511      0.189712
     7   Atom       -0.124606     -0.071894      0.196501
     8   Atom       -0.013120      0.012738      0.000381
     9   Atom       -1.222870      0.068754      1.154116
    10   Atom        0.002522      0.002105     -0.004627
    11   Atom       -0.025903      0.000852      0.025051
    12   Atom       -0.005758     -0.007405      0.013164
    13   Atom        0.002511     -0.000682     -0.001829
    14   Atom        0.002337     -0.000914     -0.001423
    15   Atom        0.002129     -0.000629     -0.001501
    16   Atom        0.001917     -0.000608     -0.001309
    17   Atom        0.003005     -0.001932     -0.001073
    18   Atom       -0.000250      0.003000     -0.002750
    19   Atom       -0.000536      0.001884     -0.001348
    20   Atom       -0.000494      0.002209     -0.001715
    21   Atom       -0.000181      0.001662     -0.001481
 --------------------------------------------------------
                        XY            XZ            YZ
 --------------------------------------------------------
     1   Atom       -0.001037      0.000101     -0.032093
     2   Atom       -0.005187     -0.023041      0.083531
     3   Atom       -0.000444     -0.004292     -0.000173
     4   Atom       -0.001021     -0.009081      0.127102
     5   Atom       -0.001710      0.005805     -0.034108
     6   Atom       -0.006325     -0.005890      0.099180
     7   Atom        0.000137     -0.015640      0.134588
     8   Atom       -0.008706      0.002342     -0.003836
     9   Atom       -0.436553     -0.577098      1.895818
    10   Atom        0.011053     -0.002378     -0.000900
    11   Atom       -0.071740      0.061869     -0.046570
    12   Atom        0.001229      0.002170     -0.004217
    13   Atom       -0.000863     -0.000410      0.000453
    14   Atom       -0.001072     -0.000425      0.000118
    15   Atom       -0.000931      0.000672     -0.000093
    16   Atom       -0.001004     -0.000796      0.000312
    17   Atom        0.010667     -0.007927      0.000824
    18   Atom        0.001514     -0.000065     -0.000793
    19   Atom        0.001916     -0.000553     -0.001202
    20   Atom        0.001537      0.000173      0.000411
    21   Atom        0.001448     -0.000334     -0.000417
 --------------------------------------------------------


 ---------------------------------------------------------------------------------
              Anisotropic Spin Dipole Couplings in Principal Axis System
 ---------------------------------------------------------------------------------

       Atom             a.u.   MegaHertz   Gauss  10(-4) cm-1        Axes

              Baa    -0.0757   -10.162    -3.626    -3.390  0.0018  0.2886  0.9575
     1 C(13)  Bbb     0.0351     4.710     1.681     1.571  0.9821  0.1798 -0.0561
              Bcc     0.0406     5.452     1.945     1.818 -0.1883  0.9404 -0.2831
 
              Baa    -0.0944   -12.661    -4.518    -4.223 -0.3304  0.8830 -0.3334
     2 C(13)  Bbb    -0.0861   -11.559    -4.125    -3.856  0.9397  0.3407 -0.0289
              Bcc     0.1805    24.221     8.643     8.079 -0.0881  0.3228  0.9424
 
              Baa    -0.0252    -3.376    -1.204    -1.126  0.1174  0.0058  0.9931
     3 C(13)  Bbb     0.0116     1.556     0.555     0.519  0.9688  0.2193 -0.1158
              Bcc     0.0136     1.820     0.649     0.607 -0.2184  0.9756  0.0201
 
              Baa    -0.1282   -17.207    -6.140    -5.740 -0.5154  0.7949 -0.3203
     4 C(13)  Bbb    -0.1230   -16.501    -5.888    -5.504  0.8566  0.4881 -0.1671
              Bcc     0.2512    33.708    12.028    11.244 -0.0235  0.3605  0.9325
 
              Baa    -0.0840   -11.277    -4.024    -3.762 -0.0414  0.2750  0.9605
     5 C(13)  Bbb     0.0379     5.080     1.813     1.695  0.9009  0.4260 -0.0831
              Bcc     0.0462     6.197     2.211     2.067 -0.4321  0.8619 -0.2654
 
              Baa    -0.1179   -15.820    -5.645    -5.277  0.9380  0.3347 -0.0899
     6 C(13)  Bbb    -0.1052   -14.113    -5.036    -4.708 -0.3458  0.8872 -0.3053
              Bcc     0.2231    29.934    10.681     9.985 -0.0224  0.3175  0.9480
 
              Baa    -0.1327     9.603     3.427     3.203 -0.6288  0.7088 -0.3196
     7 O(17)  Bbb    -0.1202     8.698     3.104     2.901  0.7766  0.5927 -0.2135
              Bcc     0.2529   -18.301    -6.530    -6.104 -0.0381  0.3825  0.9232
 
              Baa    -0.0159    -8.461    -3.019    -2.822  0.9568  0.2817 -0.0715
     8 H(1)   Bbb    -0.0007    -0.380    -0.135    -0.127 -0.0075  0.2697  0.9629
              Bcc     0.0166     8.841     3.155     2.949 -0.2906  0.9208 -0.2602
 
              Baa    -1.3608    98.466    35.135    32.845  0.2216  0.8024 -0.5541
     9 O(17)  Bbb    -1.3555    98.085    34.999    32.718  0.9583 -0.0739  0.2762
              Bcc     2.7163  -196.551   -70.134   -65.562 -0.1807  0.5921  0.7853
 
              Baa    -0.0090    -4.800    -1.713    -1.601  0.6975 -0.6750  0.2405
    10 H(1)   Bbb    -0.0047    -2.492    -0.889    -0.831 -0.0807  0.2595  0.9624
              Bcc     0.0137     7.291     2.602     2.432  0.7120  0.6906 -0.1265
 
              Baa    -0.0896   -47.827   -17.066   -15.953  0.8166  0.5318 -0.2245
    11 H(1)   Bbb    -0.0311   -16.603    -5.924    -5.538 -0.2049  0.6306  0.7485
              Bcc     0.1208    64.430    22.990    21.492  0.5397 -0.5652  0.6239
 
              Baa    -0.0091    -4.841    -1.727    -1.615 -0.4572  0.8646  0.2086
    12 H(1)   Bbb    -0.0051    -2.722    -0.971    -0.908  0.8843  0.4669  0.0028
              Bcc     0.0142     7.563     2.699     2.523  0.0950 -0.1857  0.9780
 
              Baa    -0.0020    -0.267    -0.095    -0.089  0.0269 -0.3112  0.9500
    13 C(13)  Bbb    -0.0008    -0.107    -0.038    -0.036  0.2752  0.9159  0.2922
              Bcc     0.0028     0.374     0.133     0.125  0.9610 -0.2536 -0.1102
 
              Baa    -0.0015    -0.785    -0.280    -0.262  0.1128  0.0066  0.9936
    14 H(1)   Bbb    -0.0012    -0.659    -0.235    -0.220  0.2831  0.9583 -0.0385
              Bcc     0.0027     1.444     0.515     0.482  0.9524 -0.2856 -0.1063
 
              Baa    -0.0016    -0.869    -0.310    -0.290 -0.1976 -0.0934  0.9758
    15 H(1)   Bbb    -0.0009    -0.479    -0.171    -0.160  0.2615  0.9544  0.1443
              Bcc     0.0025     1.348     0.481     0.450  0.9448 -0.2837  0.1641
 
              Baa    -0.0015    -0.802    -0.286    -0.268  0.1894 -0.1265  0.9737
    16 H(1)   Bbb    -0.0010    -0.511    -0.182    -0.170  0.3429  0.9378  0.0552
              Bcc     0.0025     1.313     0.469     0.438  0.9201 -0.3234 -0.2210
 
              Baa    -0.0133    -7.080    -2.526    -2.362  0.6325 -0.6280  0.4535
    17 H(1)   Bbb    -0.0006    -0.315    -0.112    -0.105  0.0126  0.5937  0.8046
              Bcc     0.0139     7.395     2.639     2.467  0.7745  0.5032 -0.3834
 
              Baa    -0.0029    -0.385    -0.137    -0.128 -0.0618  0.1493  0.9869
    18 C(13)  Bbb    -0.0008    -0.110    -0.039    -0.037  0.9316 -0.3461  0.1107
              Bcc     0.0037     0.495     0.177     0.165  0.3581  0.9262 -0.1178
 
              Baa    -0.0018    -0.944    -0.337    -0.315 -0.2900  0.4329  0.8535
    19 H(1)   Bbb    -0.0015    -0.824    -0.294    -0.275  0.8393 -0.3134  0.4441
              Bcc     0.0033     1.768     0.631     0.590  0.4598  0.8452 -0.2724
 
              Baa    -0.0018    -0.938    -0.335    -0.313 -0.0203 -0.0953  0.9952
    20 H(1)   Bbb    -0.0012    -0.635    -0.226    -0.212  0.9119 -0.4100 -0.0206
              Bcc     0.0029     1.572     0.561     0.524  0.4100  0.9071  0.0952
 
              Baa    -0.0016    -0.835    -0.298    -0.278  0.1958  0.0387  0.9799
    21 H(1)   Bbb    -0.0010    -0.513    -0.183    -0.171  0.8551 -0.4959 -0.1513
              Bcc     0.0025     1.348     0.481     0.450  0.4801  0.8675 -0.1302
 

 ---------------------------------------------------------------------------------

 Calling FoFJK, ICntrl=    100147 FMM=F ISym2X=0 I1Cent= 0 IOpClX= 1 NMat=1 NMatS=1 NMatT=0.
 -------------------------------------------------------------------
 Center     Atomic                   Forces (Hartrees/Bohr)
 Number     Number              X              Y              Z
 -------------------------------------------------------------------
      1        6          -0.000073727    0.000027454   -0.000002054
      2        6           0.000053770   -0.000041749    0.000015126
      3        6          -0.000001340    0.000075534    0.000012493
      4        6          -0.000015303   -0.000014264   -0.000029944
      5        6           0.000002368    0.000038176    0.000018535
      6        6           0.000011212   -0.000026492   -0.000033994
      7        8          -0.000030988   -0.000005869    0.000008460
      8        1           0.000004096    0.000000037   -0.000029068
      9        8           0.000005051   -0.000025616   -0.000013386
     10        1           0.000041209    0.000003491    0.000010745
     11        1          -0.000001411    0.000021991   -0.000015612
     12        1          -0.000003182   -0.000007184   -0.000004611
     13        6           0.000019670   -0.000007947    0.000000963
     14        1          -0.000002954   -0.000009493    0.000019283
     15        1           0.000005425    0.000011419    0.000001719
     16        1           0.000007972    0.000005821    0.000008588
     17        1          -0.000000116   -0.000008213    0.000004191
     18        6          -0.000016618   -0.000043121    0.000000344
     19        1          -0.000014572    0.000000962    0.000011657
     20        1           0.000003598    0.000008653    0.000012294
     21        1           0.000005840   -0.000003590    0.000004270
 -------------------------------------------------------------------
 Cartesian Forces:  Max     0.000075534 RMS     0.000022396
 IRC-IRC-IRC-IRC-IRC-IRC-IRC-IRC-IRC-IRC-IRC-IRC-IRC-IRC-IRC-IRC-IRC-IRC
          ******** Start new reaction path calculation ********
 Supplied step size of   0.0500 bohr.
    Integration on MW PES will use step size of   0.1705 sqrt(amu)*bohr.
 Point Number:   0          Path Number:   1
 Calculating another point on the path.
 IRC-IRC-IRC-IRC-IRC-IRC-IRC-IRC-IRC-IRC-IRC-IRC-IRC-IRC-IRC-IRC-IRC-IRC
                          Input orientation:                          
 ---------------------------------------------------------------------
 Center     Atomic      Atomic             Coordinates (Angstroms)
 Number     Number       Type             X           Y           Z
 ---------------------------------------------------------------------
      1          6           0        1.692081   -0.306287   -0.113854
      2          6           0        1.238336    0.935805   -0.521866
      3          6           0       -0.145568    1.234648   -0.568462
      4          6           0       -1.072632    0.184703   -0.353551
      5          6           0       -0.639676   -1.077932    0.073285
      6          6           0        0.733429   -1.295585    0.186534
      7          8           0       -2.378522    0.483328   -0.562205
      8          1           0        1.074681   -2.274562    0.511171
      9          8           0       -0.412591    2.256946    1.158215
     10          1           0       -2.933736   -0.250490   -0.278965
     11          1           0        0.116553    1.675310    1.725024
     12          1           0       -0.497720    2.119711   -1.077944
     13          6           0        3.165612   -0.615666    0.002194
     14          1           0        3.772921    0.236283   -0.309028
     15          1           0        3.441675   -0.862047    1.032649
     16          1           0        3.444545   -1.471215   -0.620795
     17          1           0        1.941405    1.725773   -0.758474
     18          6           0       -1.641465   -2.167545    0.369151
     19          1           0       -2.335478   -1.879307    1.168521
     20          1           0       -2.239473   -2.425403   -0.513286
     21          1           0       -1.139540   -3.079424    0.694525
 ---------------------------------------------------------------------
                    Distance matrix (angstroms):
                    1          2          3          4          5
     1  C    0.000000
     2  C    1.383889   0.000000
     3  C    2.440922   1.416570   0.000000
     4  C    2.818185   2.435787   1.417046   0.000000
     5  C    2.463239   2.817138   2.450308   1.401387   0.000000
     6  C    1.409949   2.394966   2.782936   2.396832   1.394853
     7  O    4.170649   3.645274   2.355972   1.355751   2.421769
     8  H    2.155446   3.376448   3.869001   3.377378   2.136044
     9  O    3.552177   2.700675   2.024304   2.648638   3.514264
    10  H    4.629098   4.344247   3.172274   1.912763   2.464032
    11  H    3.128975   2.617972   2.350100   2.820735   3.298555
    12  H    3.407369   2.173649   1.080241   2.144651   3.401529
    13  C    1.510125   2.529050   3.835782   4.327801   3.833922
    14  H    2.159252   2.637944   4.051986   4.846032   4.619992
    15  H    2.164352   3.240909   4.452864   4.836963   4.198144
    16  H    2.164527   3.266632   4.495925   4.818544   4.161403
    17  H    2.146384   1.083669   2.152386   3.409294   3.900585
    18  C    3.848389   4.326423   3.832980   2.525655   1.509428
    19  H    4.510001   4.853289   4.184439   2.858604   2.171979
    20  H    4.484117   4.836625   4.217043   2.863509   2.172347
    21  H    4.044977   4.822443   4.603730   3.428916   2.154477
                    6          7          8          9         10
     6  C    0.000000
     7  O    3.661882   0.000000
     8  H    1.086388   4.547823   0.000000
     9  O    3.857201   3.157602   4.813025   0.000000
    10  H    3.841486   0.962796   4.559450   3.835217   0.000000
    11  H    3.402015   3.588542   4.241808   0.969312   4.126614
    12  H    3.844331   2.545811   4.930250   2.241983   3.491475
    13  C    2.532150   5.680119   2.717166   4.732000   6.116735
    14  H    3.439580   6.161605   3.775920   4.873847   6.724365
    15  H    2.870272   6.182903   2.805317   4.959763   6.537599
    16  H    2.834214   6.142619   2.746446   5.651686   6.503036
    17  H    3.388340   4.499329   4.285544   3.081743   5.282286
    18  C    2.536491   2.904789   2.721960   4.659278   2.401065
    19  H    3.274633   2.929046   3.495357   4.561380   2.259684
    20  H    3.256437   2.912463   3.472157   5.296773   2.295028
    21  H    2.635934   3.975883   2.363090   5.405581   3.488508
                   11         12         13         14         15
    11  H    0.000000
    12  H    2.903696   0.000000
    13  C    4.184911   4.697764   0.000000
    14  H    4.424612   4.730423   1.091559   0.000000
    15  H    4.239575   5.372552   1.094876   1.765262   0.000000
    16  H    5.145776   5.352120   1.094478   1.766517   1.762093
    17  H    3.082271   2.491301   2.749479   2.403129   3.486508
    18  C    4.438079   4.667204   5.064679   5.962708   5.289883
    19  H    4.354016   4.941266   5.763602   6.631094   5.867604
    20  H    5.232278   4.900062   5.723269   6.578386   6.091752
    21  H    5.024658   5.530333   5.008369   6.011098   5.100845
                   16         17         18         19         20
    16  H    0.000000
    17  H    3.535409   0.000000
    18  C    5.228035   5.409844   0.000000
    19  H    6.064392   5.916218   1.097146   0.000000
    20  H    5.764554   5.896788   1.096721   1.770851   0.000000
    21  H    5.032915   5.890105   1.090560   1.759324   1.759660
                   21
    21  H    0.000000
 Symmetry turned off by external request.
 Stoichiometry    C8H11O2(2)
 Framework group  C1[X(C8H11O2)]
 Deg. of freedom    57
 Full point group                 C1      NOp   1
 Rotational constants (GHZ):           1.7184505           1.1632893           0.7942240
 Standard basis: 6-311G(d,p) (5D, 7F)
   246 basis functions,   408 primitive gaussians,   256 cartesian basis functions
    38 alpha electrons       37 beta electrons
       nuclear repulsion energy       523.9150373817 Hartrees.
 NAtoms=   21 NActive=   21 NUniq=   21 SFac= 1.00D+00 NAtFMM=   60 NAOKFM=F Big=F
 Integral buffers will be    131072 words long.
 Raffenetti 2 integral format.
 Two-electron integral symmetry is turned off.
 One-electron integrals computed using PRISM.
 NBasis=   246 RedAO= T EigKep=  2.12D-04  NBF=   246
 NBsUse=   246 1.00D-06 EigRej= -1.00D+00 NBFU=   246
 Initial guess from the checkpoint file:  "SR-11-ts-P3.chk"
 B after Tr=     0.057892   -0.080889    0.019705
         Rot=    1.000000   -0.000020    0.000017   -0.000006 Ang=   0.00 deg.
 Initial guess <Sx>= 0.0000 <Sy>= 0.0000 <Sz>= 0.5000 <S**2>= 0.7740 S= 0.5119
 ExpMin= 1.03D-01 ExpMax= 8.59D+03 ExpMxC= 1.30D+03 IAcc=2 IRadAn=         4 AccDes= 0.00D+00
 Harris functional with IExCor=  402 and IRadAn=       4 diagonalized for initial guess.
 HarFok:  IExCor=  402 AccDes= 0.00D+00 IRadAn=         4 IDoV= 1 UseB2=F ITyADJ=14
 ICtDFT=  3500011 ScaDFX=  1.000000  1.000000  1.000000  1.000000
 FoFCou: FMM=F IPFlag=           0 FMFlag=      100000 FMFlg1=           0
         NFxFlg=           0 DoJE=T BraDBF=F KetDBF=T FulRan=T
         wScrn=  0.000000 ICntrl=       500 IOpCl=  0 I1Cent=   200000004 NGrid=           0
         NMat0=    1 NMatS0=      1 NMatT0=    0 NMatD0=    1 NMtDS0=    0 NMtDT0=    0
 Symmetry not used in FoFCou.
 Requested convergence on RMS density matrix=1.00D-08 within 128 cycles.
 Requested convergence on MAX density matrix=1.00D-06.
 Requested convergence on             energy=1.00D-06.
 No special actions if energy rises.
 Integral accuracy reduced to 1.0D-05 until final iterations.
 Initial convergence to 1.0D-05 achieved.  Increase integral accuracy.
 SCF Done:  E(UB3LYP) =  -461.967492876     A.U. after   16 cycles
            NFock= 16  Conv=0.49D-08     -V/T= 2.0038
 <Sx>= 0.0000 <Sy>= 0.0000 <Sz>= 0.5000 <S**2>= 0.7767 S= 0.5133
 <L.S>= 0.000000000000E+00
 Annihilation of the first spin contaminant:
 S**2 before annihilation     0.7767,   after     0.7504
 DoSCS=F DFT=T ScalE2(SS,OS)=  1.000000  1.000000
 Range of M.O.s used for correlation:     1   246
 NBasis=   246 NAE=    38 NBE=    37 NFC=     0 NFV=     0
 NROrb=    246 NOA=    38 NOB=    37 NVA=   208 NVB=   209

 **** Warning!!: The largest alpha MO coefficient is  0.10531572D+02


 **** Warning!!: The largest beta MO coefficient is  0.10443743D+02

 Symmetrizing basis deriv contribution to polar:
 IMax=3 JMax=2 DiffMx= 0.00D+00
 Calling FoFJK, ICntrl=      2147 FMM=F ISym2X=0 I1Cent= 0 IOpClX= 1 NMat=1 NMatS=1 NMatT=0.
 -------------------------------------------------------------------
 Center     Atomic                   Forces (Hartrees/Bohr)
 Number     Number              X              Y              Z
 -------------------------------------------------------------------
      1        6          -0.000077587    0.000172539   -0.000024627
      2        6           0.000213461   -0.000005860    0.000228594
      3        6          -0.000186895    0.000824023    0.001128944
      4        6          -0.000097412   -0.000132208    0.000181790
      5        6          -0.000064524    0.000091382    0.000018033
      6        6           0.000005234   -0.000067173   -0.000009917
      7        8          -0.000034373    0.000036430    0.000066174
      8        1           0.000005006    0.000000191   -0.000035813
      9        8           0.000235685   -0.000785768   -0.001347235
     10        1           0.000050968    0.000007273   -0.000019937
     11        1          -0.000037795    0.000026183   -0.000088346
     12        1           0.000022246   -0.000088861   -0.000012488
     13        6          -0.000000360   -0.000004185   -0.000074248
     14        1          -0.000002346   -0.000012190    0.000010815
     15        1           0.000002336    0.000010966   -0.000003547
     16        1          -0.000000585    0.000002371    0.000004427
     17        1           0.000003783    0.000000305    0.000023011
     18        6          -0.000030073   -0.000069918   -0.000056398
     19        1          -0.000017988   -0.000005175    0.000006344
     20        1           0.000004932    0.000005259    0.000005824
     21        1           0.000006287   -0.000005582   -0.000001403
 -------------------------------------------------------------------
 Cartesian Forces:  Max     0.001347235 RMS     0.000274121
 IRC-IRC-IRC-IRC-IRC-IRC-IRC-IRC-IRC-IRC-IRC-IRC-IRC-IRC-IRC-IRC-IRC-IRC
 Pt  1 Step number   1 out of a maximum of  20
 Modified Bulirsch-Stoer Extrapolation Cycles:
    EPS =    0.000010000000000
      PEZero:  N= 2 I= 1 D=  4.44D-04 Err=  2.70D-02
      PEZero:  N= 3 I= 2 D=  4.44D-04 Err=  5.40D-03
      PEZero:  N= 3 I= 1 D=  8.88D-04 Err=  1.89D-02
      PEZero:  N= 4 I= 3 D=  2.22D-04 Err=  4.66D-04
      PEZero:  N= 4 I= 2 D=  6.66D-04 Err=  4.78D-03
      PEZero:  N= 5 I= 4 D=  2.22D-04 Err=  2.92D-04
      PEZero:  N= 5 I= 3 D=  4.44D-04 Err=  2.80D-05
      PEZero:  N= 5 I= 2 D=  8.88D-04 Err=  2.73D-03
      PEZero:  N= 6 I= 5 D=  1.11D-04 Err=  2.17D-04
      PEZero:  N= 6 I= 4 D=  3.33D-04 Err=  3.06D-06
      PEZero:  N= 6 I= 3 D=  5.55D-04 Err=  1.31D-05
 Maximum DWI energy   std dev =  0.000000669 at pt    38
 Maximum DWI gradient std dev =  0.131220890 at pt     2
 CORRECTOR INTEGRATION CONVERGENCE:
   Recorrection delta-x convergence threshold:    0.010000
   Delta-x Convergence Met
 Point Number:   1          Path Number:   1
   CHANGE IN THE REACTION COORDINATE =    0.17025
   NET REACTION COORDINATE UP TO THIS POINT =    0.17025
  # OF POINTS ALONG THE PATH =   1
  # OF STEPS =   1

 Calculating another point on the path.
 IRC-IRC-IRC-IRC-IRC-IRC-IRC-IRC-IRC-IRC-IRC-IRC-IRC-IRC-IRC-IRC-IRC-IRC
                          Input orientation:                          
 ---------------------------------------------------------------------
 Center     Atomic      Atomic             Coordinates (Angstroms)
 Number     Number       Type             X           Y           Z
 ---------------------------------------------------------------------
      1          6           0        1.691909   -0.305118   -0.114080
      2          6           0        1.239261    0.937217   -0.518724
      3          6           0       -0.147051    1.242453   -0.553366
      4          6           0       -1.073272    0.184962   -0.350568
      5          6           0       -0.640227   -1.077724    0.073428
      6          6           0        0.733193   -1.295783    0.186114
      7          8           0       -2.378464    0.483625   -0.561597
      8          1           0        1.074902   -2.275080    0.509031
      9          8           0       -0.410594    2.249322    1.144008
     10          1           0       -2.933865   -0.251708   -0.282487
     11          1           0        0.116676    1.672935    1.717470
     12          1           0       -0.497819    2.118778   -1.079557
     13          6           0        3.165319   -0.615611    0.001466
     14          1           0        3.773203    0.235901   -0.309698
     15          1           0        3.440759   -0.861641    1.032191
     16          1           0        3.443762   -1.471731   -0.620918
     17          1           0        1.942504    1.726921   -0.755487
     18          6           0       -1.641723   -2.167984    0.368522
     19          1           0       -2.335814   -1.880166    1.168005
     20          1           0       -2.239608   -2.426034   -0.513913
     21          1           0       -1.139369   -3.079711    0.693669
 ---------------------------------------------------------------------
                    Distance matrix (angstroms):
                    1          2          3          4          5
     1  C    0.000000
     2  C    1.382759   0.000000
     3  C    2.443301   1.419941   0.000000
     4  C    2.818214   2.437617   1.420317   0.000000
     5  C    2.463927   2.818352   2.453429   1.400598   0.000000
     6  C    1.410911   2.395661   2.786450   2.396654   1.395182
     7  O    4.170170   3.646302   2.356924   1.355455   2.421267
     8  H    2.156321   3.376707   3.872324   3.377184   2.136605
     9  O    3.539557   2.684831   1.991060   2.633341   3.502585
    10  H    4.629147   4.345611   3.173676   1.912360   2.463687
    11  H    3.122279   2.608072   2.326276   2.811907   3.292704
    12  H    3.406219   2.174412   1.080676   2.145277   3.401070
    13  C    1.510197   2.528156   3.838234   4.327875   3.834177
    14  H    2.159341   2.637498   4.054739   4.846915   4.620688
    15  H    2.163824   3.238490   4.451245   4.835688   4.197662
    16  H    2.164915   3.267001   4.501699   4.818850   4.161289
    17  H    2.145550   1.083624   2.154485   3.411232   3.901748
    18  C    3.849191   4.327765   3.836014   2.525189   1.509550
    19  H    4.510773   4.854262   4.183844   2.857416   2.171872
    20  H    4.484972   4.838802   4.223523   2.864318   2.172770
    21  H    4.045610   4.823224   4.606614   3.428249   2.154482
                    6          7          8          9         10
     6  C    0.000000
     7  O    3.661663   0.000000
     8  H    1.086307   4.547794   0.000000
     9  O    3.846242   3.146313   4.804176   0.000000
    10  H    3.841484   0.962853   4.559688   3.828438   0.000000
    11  H    3.396827   3.582503   4.238555   0.969068   4.124303
    12  H    3.844027   2.545355   4.929813   2.229101   3.491252
    13  C    2.532186   5.679691   2.716856   4.722330   6.116625
    14  H    3.439992   6.161803   3.775735   4.865313   6.724824
    15  H    2.869711   6.181687   2.805137   4.952122   6.537296
    16  H    2.833626   6.142088   2.744750   5.640678   6.502085
    17  H    3.389069   4.500460   4.285762   3.068885   5.283718
    18  C    2.536579   2.904985   2.722363   4.650769   2.401159
    19  H    3.274816   2.929308   3.496167   4.556284   2.261298
    20  H    3.256540   2.913360   3.472056   5.287055   2.294177
    21  H    2.635621   3.975979   2.363158   5.397454   3.488653
                   11         12         13         14         15
    11  H    0.000000
    12  H    2.898230   0.000000
    13  C    4.180471   4.697241   0.000000
    14  H    4.420935   4.730701   1.091521   0.000000
    15  H    4.235943   5.371664   1.094894   1.765158   0.000000
    16  H    5.140669   5.351463   1.094456   1.766748   1.762098
    17  H    3.074423   2.492740   2.748766   2.402774   3.484425
    18  C    4.434443   4.667095   5.064805   5.963226   5.289481
    19  H    4.352143   4.941792   5.763886   6.631850   5.867252
    20  H    5.228067   4.899907   5.723328   6.578867   6.091333
    21  H    5.021300   5.529937   5.008121   6.011105   5.100197
                   16         17         18         19         20
    16  H    0.000000
    17  H    3.535994   0.000000
    18  C    5.227419   5.411133   0.000000
    19  H    6.063873   5.917339   1.097167   0.000000
    20  H    5.763925   5.898767   1.096699   1.770897   0.000000
    21  H    5.031781   5.890815   1.090562   1.759370   1.759567
                   21
    21  H    0.000000
 Symmetry turned off by external request.
 Stoichiometry    C8H11O2(2)
 Framework group  C1[X(C8H11O2)]
 Deg. of freedom    57
 Full point group                 C1      NOp   1
 Rotational constants (GHZ):           1.7248091           1.1655296           0.7945707
 Standard basis: 6-311G(d,p) (5D, 7F)
   246 basis functions,   408 primitive gaussians,   256 cartesian basis functions
    38 alpha electrons       37 beta electrons
       nuclear repulsion energy       524.3151890336 Hartrees.
 NAtoms=   21 NActive=   21 NUniq=   21 SFac= 1.00D+00 NAtFMM=   60 NAOKFM=F Big=F
 Integral buffers will be    131072 words long.
 Raffenetti 2 integral format.
 Two-electron integral symmetry is turned off.
 One-electron integrals computed using PRISM.
 NBasis=   246 RedAO= T EigKep=  2.21D-04  NBF=   246
 NBsUse=   246 1.00D-06 EigRej= -1.00D+00 NBFU=   246
 Initial guess from the checkpoint file:  "SR-11-ts-P3.chk"
 B after Tr=    -0.000007   -0.000079   -0.000195
         Rot=    1.000000   -0.000005    0.000015   -0.000001 Ang=   0.00 deg.
 Initial guess <Sx>= 0.0000 <Sy>= 0.0000 <Sz>= 0.5000 <S**2>= 0.7766 S= 0.5132
 ExpMin= 1.03D-01 ExpMax= 8.59D+03 ExpMxC= 1.30D+03 IAcc=2 IRadAn=         4 AccDes= 0.00D+00
 Harris functional with IExCor=  402 and IRadAn=       4 diagonalized for initial guess.
 HarFok:  IExCor=  402 AccDes= 0.00D+00 IRadAn=         4 IDoV= 1 UseB2=F ITyADJ=14
 ICtDFT=  3500011 ScaDFX=  1.000000  1.000000  1.000000  1.000000
 FoFCou: FMM=F IPFlag=           0 FMFlag=      100000 FMFlg1=           0
         NFxFlg=           0 DoJE=T BraDBF=F KetDBF=T FulRan=T
         wScrn=  0.000000 ICntrl=       500 IOpCl=  0 I1Cent=   200000004 NGrid=           0
         NMat0=    1 NMatS0=      1 NMatT0=    0 NMatD0=    1 NMtDS0=    0 NMtDT0=    0
 Symmetry not used in FoFCou.
 Requested convergence on RMS density matrix=1.00D-08 within 128 cycles.
 Requested convergence on MAX density matrix=1.00D-06.
 Requested convergence on             energy=1.00D-06.
 No special actions if energy rises.
 Integral accuracy reduced to 1.0D-05 until final iterations.
 Initial convergence to 1.0D-05 achieved.  Increase integral accuracy.
 SCF Done:  E(UB3LYP) =  -461.967655344     A.U. after   16 cycles
            NFock= 16  Conv=0.50D-08     -V/T= 2.0038
 <Sx>= 0.0000 <Sy>= 0.0000 <Sz>= 0.5000 <S**2>= 0.7792 S= 0.5145
 <L.S>= 0.000000000000E+00
 Annihilation of the first spin contaminant:
 S**2 before annihilation     0.7792,   after     0.7505
 DoSCS=F DFT=T ScalE2(SS,OS)=  1.000000  1.000000
 Range of M.O.s used for correlation:     1   246
 NBasis=   246 NAE=    38 NBE=    37 NFC=     0 NFV=     0
 NROrb=    246 NOA=    38 NOB=    37 NVA=   208 NVB=   209

 **** Warning!!: The largest alpha MO coefficient is  0.10203835D+02

 Symmetrizing basis deriv contribution to polar:
 IMax=3 JMax=2 DiffMx= 0.00D+00
 Calling FoFJK, ICntrl=      2147 FMM=F ISym2X=0 I1Cent= 0 IOpClX= 1 NMat=1 NMatS=1 NMatT=0.
 -------------------------------------------------------------------
 Center     Atomic                   Forces (Hartrees/Bohr)
 Number     Number              X              Y              Z
 -------------------------------------------------------------------
      1        6          -0.000008515    0.000331225   -0.000072486
      2        6           0.000368533    0.000097105    0.000492224
      3        6          -0.000441169    0.001812559    0.002721556
      4        6          -0.000189610   -0.000262417    0.000499344
      5        6          -0.000157845    0.000114959   -0.000018055
      6        6          -0.000014246   -0.000101993    0.000041979
      7        8          -0.000000361    0.000105780    0.000123909
      8        1           0.000002246    0.000000268   -0.000016976
      9        8           0.000531031   -0.001824212   -0.003248827
     10        1           0.000009535   -0.000006269   -0.000064962
     11        1          -0.000056356   -0.000004536   -0.000150835
     12        1           0.000058926   -0.000188987   -0.000004696
     13        6          -0.000047754    0.000009442   -0.000156544
     14        1           0.000002407   -0.000005571   -0.000015684
     15        1          -0.000011039   -0.000000069   -0.000009472
     16        1          -0.000016951   -0.000008398   -0.000006854
     17        1           0.000011399    0.000018148    0.000040408
     18        6          -0.000035890   -0.000061401   -0.000120030
     19        1          -0.000006145   -0.000012451   -0.000009718
     20        1           0.000000665   -0.000008732   -0.000012303
     21        1           0.000001139   -0.000004449   -0.000011977
 -------------------------------------------------------------------
 Cartesian Forces:  Max     0.003248827 RMS     0.000643717
 IRC-IRC-IRC-IRC-IRC-IRC-IRC-IRC-IRC-IRC-IRC-IRC-IRC-IRC-IRC-IRC-IRC-IRC
 Pt  2 Step number   1 out of a maximum of  20
 Modified Bulirsch-Stoer Extrapolation Cycles:
    EPS =    0.000010000000000
      PEZero:  N= 2 I= 1 D=  8.88D-04 Err=  6.44D-03
      PEZero:  N= 3 I= 2 D=  8.88D-04 Err=  8.59D-06
      PEZero:  N= 3 I= 1 D=  1.78D-03 Err=  6.45D-03
 Maximum DWI energy   std dev =  0.000002458 at pt    47
 Maximum DWI gradient std dev =  0.085561492 at pt    29
 CORRECTOR INTEGRATION CONVERGENCE:
   Recorrection delta-x convergence threshold:    0.010000
   Delta-x Convergence Met
 Point Number:   2          Path Number:   1
   CHANGE IN THE REACTION COORDINATE =    0.17041
   NET REACTION COORDINATE UP TO THIS POINT =    0.34066
  # OF POINTS ALONG THE PATH =   2
  # OF STEPS =   1

 Calculating another point on the path.
 IRC-IRC-IRC-IRC-IRC-IRC-IRC-IRC-IRC-IRC-IRC-IRC-IRC-IRC-IRC-IRC-IRC-IRC
                          Input orientation:                          
 ---------------------------------------------------------------------
 Center     Atomic      Atomic             Coordinates (Angstroms)
 Number     Number       Type             X           Y           Z
 ---------------------------------------------------------------------
      1          6           0        1.691848   -0.303870   -0.114372
      2          6           0        1.240325    0.938432   -0.516075
      3          6           0       -0.148745    1.250686   -0.537780
      4          6           0       -1.073997    0.184829   -0.347859
      5          6           0       -0.640794   -1.077592    0.073420
      6          6           0        0.733024   -1.295930    0.186245
      7          8           0       -2.378425    0.483936   -0.561183
      8          1           0        1.075125   -2.275251    0.508365
      9          8           0       -0.408526    2.241839    1.130181
     10          1           0       -2.934409   -0.252894   -0.286895
     11          1           0        0.115683    1.669690    1.710200
     12          1           0       -0.497894    2.117186   -1.081950
     13          6           0        3.165069   -0.615579    0.000585
     14          1           0        3.773562    0.235468   -0.310589
     15          1           0        3.439878   -0.861522    1.031517
     16          1           0        3.442786   -1.472253   -0.621353
     17          1           0        1.943684    1.727842   -0.753317
     18          6           0       -1.641967   -2.168366    0.367874
     19          1           0       -2.336143   -1.880824    1.167372
     20          1           0       -2.239682   -2.426774   -0.514573
     21          1           0       -1.139285   -3.079944    0.692919
 ---------------------------------------------------------------------
                    Distance matrix (angstroms):
                    1          2          3          4          5
     1  C    0.000000
     2  C    1.381504   0.000000
     3  C    2.446161   1.423900   0.000000
     4  C    2.818376   2.439734   1.424153   0.000000
     5  C    2.464778   2.819657   2.456940   1.399588   0.000000
     6  C    1.412054   2.396452   2.790516   2.396505   1.395628
     7  O    4.169821   3.647459   2.357950   1.355177   2.420837
     8  H    2.157427   3.377059   3.876146   3.376957   2.137274
     9  O    3.527197   2.669783   1.957540   2.618920   3.491320
    10  H    4.629754   4.347435   3.175472   1.912185   2.463864
    11  H    3.115815   2.599204   2.301935   2.802812   3.286162
    12  H    3.404805   2.175106   1.081133   2.145877   3.400281
    13  C    1.510218   2.527158   3.841113   4.328019   3.834495
    14  H    2.159379   2.636982   4.057928   4.847967   4.621485
    15  H    2.163249   3.236188   4.449981   4.834521   4.197204
    16  H    2.165163   3.267005   4.507824   4.818926   4.161021
    17  H    2.144651   1.083589   2.156940   3.413456   3.903009
    18  C    3.850095   4.329108   3.839250   2.524360   1.509583
    19  H    4.511582   4.855237   4.183134   2.855847   2.171663
    20  H    4.485958   4.840978   4.230399   2.864802   2.173125
    21  H    4.046433   4.824060   4.609788   3.427276   2.154457
                    6          7          8          9         10
     6  C    0.000000
     7  O    3.661651   0.000000
     8  H    1.086215   4.547973   0.000000
     9  O    3.835357   3.135513   4.794995   0.000000
    10  H    3.842115   0.962948   4.560563   3.822549   0.000000
    11  H    3.390937   3.575720   4.234088   0.968799   4.121623
    12  H    3.843545   2.544622   4.929198   2.217442   3.490845
    13  C    2.532230   5.679335   2.716655   4.712898   6.117011
    14  H    3.440479   6.162101   3.775706   4.857078   6.725767
    15  H    2.868842   6.180583   2.804349   4.944775   6.537597
    16  H    2.833040   6.141401   2.743517   5.629827   6.501332
    17  H    3.389937   4.501649   4.286139   3.056901   5.285514
    18  C    2.536675   2.905206   2.722821   4.642456   2.401700
    19  H    3.274828   2.929467   3.496658   4.551202   2.263398
    20  H    3.256829   2.914387   3.472364   5.277717   2.293521
    21  H    2.635330   3.976113   2.363303   5.389488   3.489229
                   11         12         13         14         15
    11  H    0.000000
    12  H    2.893585   0.000000
    13  C    4.176602   4.696509   0.000000
    14  H    4.418220   4.730878   1.091501   0.000000
    15  H    4.232957   5.370801   1.094910   1.765214   0.000000
    16  H    5.135910   5.350251   1.094451   1.767002   1.762095
    17  H    3.068206   2.494172   2.748050   2.402425   3.482677
    18  C    4.429656   4.666567   5.064943   5.963782   5.288990
    19  H    4.348823   4.941932   5.764163   6.632613   5.866844
    20  H    5.222871   4.899318   5.723387   6.579381   6.090798
    21  H    5.016855   5.529168   5.007982   6.011244   5.099488
                   16         17         18         19         20
    16  H    0.000000
    17  H    3.536288   0.000000
    18  C    5.226649   5.412430   0.000000
    19  H    6.063208   5.918483   1.097159   0.000000
    20  H    5.763069   5.900711   1.096700   1.770961   0.000000
    21  H    5.030642   5.891613   1.090559   1.759393   1.759415
                   21
    21  H    0.000000
 Symmetry turned off by external request.
 Stoichiometry    C8H11O2(2)
 Framework group  C1[X(C8H11O2)]
 Deg. of freedom    57
 Full point group                 C1      NOp   1
 Rotational constants (GHZ):           1.7309272           1.1676250           0.7948800
 Standard basis: 6-311G(d,p) (5D, 7F)
   246 basis functions,   408 primitive gaussians,   256 cartesian basis functions
    38 alpha electrons       37 beta electrons
       nuclear repulsion energy       524.6977448475 Hartrees.
 NAtoms=   21 NActive=   21 NUniq=   21 SFac= 1.00D+00 NAtFMM=   60 NAOKFM=F Big=F
 Integral buffers will be    131072 words long.
 Raffenetti 2 integral format.
 Two-electron integral symmetry is turned off.
 One-electron integrals computed using PRISM.
 NBasis=   246 RedAO= T EigKep=  2.31D-04  NBF=   246
 NBsUse=   246 1.00D-06 EigRej= -1.00D+00 NBFU=   246
 Initial guess from the checkpoint file:  "SR-11-ts-P3.chk"
 B after Tr=    -0.000026   -0.000099   -0.000215
         Rot=    1.000000    0.000001    0.000016   -0.000002 Ang=   0.00 deg.
 Initial guess <Sx>= 0.0000 <Sy>= 0.0000 <Sz>= 0.5000 <S**2>= 0.7791 S= 0.5145
 ExpMin= 1.03D-01 ExpMax= 8.59D+03 ExpMxC= 1.30D+03 IAcc=2 IRadAn=         4 AccDes= 0.00D+00
 Harris functional with IExCor=  402 and IRadAn=       4 diagonalized for initial guess.
 HarFok:  IExCor=  402 AccDes= 0.00D+00 IRadAn=         4 IDoV= 1 UseB2=F ITyADJ=14
 ICtDFT=  3500011 ScaDFX=  1.000000  1.000000  1.000000  1.000000
 FoFCou: FMM=F IPFlag=           0 FMFlag=      100000 FMFlg1=           0
         NFxFlg=           0 DoJE=T BraDBF=F KetDBF=T FulRan=T
         wScrn=  0.000000 ICntrl=       500 IOpCl=  0 I1Cent=   200000004 NGrid=           0
         NMat0=    1 NMatS0=      1 NMatT0=    0 NMatD0=    1 NMtDS0=    0 NMtDT0=    0
 Symmetry not used in FoFCou.
 Requested convergence on RMS density matrix=1.00D-08 within 128 cycles.
 Requested convergence on MAX density matrix=1.00D-06.
 Requested convergence on             energy=1.00D-06.
 No special actions if energy rises.
 Integral accuracy reduced to 1.0D-05 until final iterations.
 Initial convergence to 1.0D-05 achieved.  Increase integral accuracy.
 SCF Done:  E(UB3LYP) =  -461.967974962     A.U. after   16 cycles
            NFock= 16  Conv=0.49D-08     -V/T= 2.0038
 <Sx>= 0.0000 <Sy>= 0.0000 <Sz>= 0.5000 <S**2>= 0.7815 S= 0.5156
 <L.S>= 0.000000000000E+00
 Annihilation of the first spin contaminant:
 S**2 before annihilation     0.7815,   after     0.7506
 DoSCS=F DFT=T ScalE2(SS,OS)=  1.000000  1.000000
 Range of M.O.s used for correlation:     1   246
 NBasis=   246 NAE=    38 NBE=    37 NFC=     0 NFV=     0
 NROrb=    246 NOA=    38 NOB=    37 NVA=   208 NVB=   209

 **** Warning!!: The largest alpha MO coefficient is  0.10258622D+02

 Symmetrizing basis deriv contribution to polar:
 IMax=3 JMax=2 DiffMx= 0.00D+00
 Calling FoFJK, ICntrl=      2147 FMM=F ISym2X=0 I1Cent= 0 IOpClX= 1 NMat=1 NMatS=1 NMatT=0.
 -------------------------------------------------------------------
 Center     Atomic                   Forces (Hartrees/Bohr)
 Number     Number              X              Y              Z
 -------------------------------------------------------------------
      1        6          -0.000009403    0.000506001   -0.000129809
      2        6           0.000524888    0.000252012    0.000822401
      3        6          -0.000704777    0.003026602    0.004885824
      4        6          -0.000290090   -0.000302279    0.000854889
      5        6          -0.000242939    0.000134070   -0.000039033
      6        6          -0.000031741   -0.000127901    0.000088161
      7        8          -0.000008089    0.000144374    0.000174837
      8        1           0.000005475   -0.000002372   -0.000015929
      9        8           0.000914944   -0.003198410   -0.005771270
     10        1           0.000009012   -0.000011563   -0.000119258
     11        1          -0.000064672   -0.000041274   -0.000226078
     12        1           0.000071532   -0.000239831    0.000000224
     13        6          -0.000080671    0.000012900   -0.000278248
     14        1           0.000006752   -0.000010341   -0.000023863
     15        1          -0.000022699   -0.000000223   -0.000016034
     16        1          -0.000026318   -0.000014233   -0.000011199
     17        1           0.000026272    0.000026331    0.000057001
     18        6          -0.000068692   -0.000111614   -0.000201103
     19        1          -0.000009530   -0.000017742   -0.000015835
     20        1          -0.000000976   -0.000017930   -0.000017680
     21        1           0.000001723   -0.000006577   -0.000018000
 -------------------------------------------------------------------
 Cartesian Forces:  Max     0.005771270 RMS     0.001130652
 IRC-IRC-IRC-IRC-IRC-IRC-IRC-IRC-IRC-IRC-IRC-IRC-IRC-IRC-IRC-IRC-IRC-IRC
 Pt  3 Step number   1 out of a maximum of  20
 Modified Bulirsch-Stoer Extrapolation Cycles:
    EPS =    0.000010000000000
      PEZero:  N= 2 I= 1 D=  8.88D-04 Err=  1.17D-05
      PEZero:  N= 3 I= 2 D=  8.88D-04 Err=  7.77D-06
      PEZero:  N= 3 I= 1 D=  1.78D-03 Err=  4.57D-08
 Maximum DWI energy   std dev =  0.000002681 at pt    70
 Maximum DWI gradient std dev =  0.046854717 at pt    56
 CORRECTOR INTEGRATION CONVERGENCE:
   Recorrection delta-x convergence threshold:    0.010000
   Delta-x Convergence Met
 Point Number:   3          Path Number:   1
   CHANGE IN THE REACTION COORDINATE =    0.17043
   NET REACTION COORDINATE UP TO THIS POINT =    0.51110
  # OF POINTS ALONG THE PATH =   3
  # OF STEPS =   1

 Calculating another point on the path.
 IRC-IRC-IRC-IRC-IRC-IRC-IRC-IRC-IRC-IRC-IRC-IRC-IRC-IRC-IRC-IRC-IRC-IRC
                          Input orientation:                          
 ---------------------------------------------------------------------
 Center     Atomic      Atomic             Coordinates (Angstroms)
 Number     Number       Type             X           Y           Z
 ---------------------------------------------------------------------
      1          6           0        1.691820   -0.302599   -0.114730
      2          6           0        1.241514    0.939529   -0.513651
      3          6           0       -0.150539    1.259211   -0.522032
      4          6           0       -1.074758    0.184497   -0.345331
      5          6           0       -0.641387   -1.077462    0.073331
      6          6           0        0.732883   -1.296138    0.186495
      7          8           0       -2.378422    0.484223   -0.560830
      8          1           0        1.075362   -2.275412    0.508015
      9          8           0       -0.406465    2.234429    1.116551
     10          1           0       -2.935003   -0.253993   -0.291233
     11          1           0        0.114738    1.666583    1.703014
     12          1           0       -0.497898    2.115256   -1.084585
     13          6           0        3.164838   -0.615546   -0.000271
     14          1           0        3.773954    0.235052   -0.311377
     15          1           0        3.438921   -0.861465    1.030882
     16          1           0        3.441865   -1.472757   -0.621770
     17          1           0        1.944997    1.728615   -0.751458
     18          6           0       -1.642212   -2.168729    0.367272
     19          1           0       -2.336452   -1.881412    1.166787
     20          1           0       -2.239786   -2.427551   -0.515148
     21          1           0       -1.139201   -3.080139    0.692266
 ---------------------------------------------------------------------
                    Distance matrix (angstroms):
                    1          2          3          4          5
     1  C    0.000000
     2  C    1.380143   0.000000
     3  C    2.449373   1.428313   0.000000
     4  C    2.818580   2.442032   1.428431   0.000000
     5  C    2.465692   2.821013   2.460778   1.398438   0.000000
     6  C    1.413300   2.397315   2.795040   2.396390   1.396153
     7  O    4.169528   3.648762   2.359147   1.354923   2.420395
     8  H    2.158663   3.377463   3.880385   3.376740   2.138051
     9  O    3.515020   2.655214   1.923929   2.604983   3.480247
    10  H    4.630444   4.349398   3.177467   1.911992   2.464079
    11  H    3.109511   2.590721   2.277532   2.794136   3.279843
    12  H    3.403161   2.175742   1.081637   2.146415   3.399237
    13  C    1.510238   2.526063   3.844304   4.328200   3.834858
    14  H    2.159403   2.636372   4.061394   4.849095   4.622330
    15  H    2.162665   3.233846   4.448935   4.833353   4.196721
    16  H    2.165414   3.266858   4.514307   4.819004   4.160814
    17  H    2.143677   1.083558   2.159687   3.415869   3.904322
    18  C    3.851043   4.330493   3.842749   2.523386   1.509607
    19  H    4.512418   4.856277   4.182564   2.854182   2.171458
    20  H    4.487013   4.843210   4.237596   2.865122   2.173460
    21  H    4.047302   4.824912   4.613234   3.426165   2.154441
                    6          7          8          9         10
     6  C    0.000000
     7  O    3.661748   0.000000
     8  H    1.086115   4.548257   0.000000
     9  O    3.824659   3.124971   4.785895   0.000000
    10  H    3.842874   0.963031   4.561575   3.816754   0.000000
    11  H    3.385210   3.569147   4.229674   0.968525   4.119048
    12  H    3.842925   2.543808   4.928437   2.206255   3.490306
    13  C    2.532290   5.679036   2.716509   4.703600   6.117471
    14  H    3.441008   6.162471   3.775743   4.848958   6.726789
    15  H    2.867851   6.179474   2.803399   4.937498   6.537883
    16  H    2.832503   6.140784   2.742445   5.619131   6.500699
    17  H    3.390886   4.502977   4.286580   3.045436   5.287433
    18  C    2.536764   2.905432   2.723307   4.634251   2.402322
    19  H    3.274803   2.929616   3.497098   4.546154   2.265519
    20  H    3.257171   2.915431   3.472782   5.268545   2.292993
    21  H    2.634988   3.976254   2.363434   5.381594   3.489882
                   11         12         13         14         15
    11  H    0.000000
    12  H    2.889176   0.000000
    13  C    4.172817   4.695599   0.000000
    14  H    4.415531   4.730935   1.091479   0.000000
    15  H    4.230009   5.369787   1.094931   1.765292   0.000000
    16  H    5.131262   5.348811   1.094448   1.767269   1.762085
    17  H    3.062373   2.495636   2.747250   2.401976   3.480956
    18  C    4.425008   4.665819   5.065096   5.964359   5.288405
    19  H    4.345589   4.941894   5.764429   6.633360   5.866319
    20  H    5.217850   4.898524   5.723498   6.579974   6.090201
    21  H    5.012519   5.528165   5.007852   6.011396   5.098664
                   16         17         18         19         20
    16  H    0.000000
    17  H    3.536413   0.000000
    18  C    5.225937   5.413771   0.000000
    19  H    6.062581   5.919693   1.097154   0.000000
    20  H    5.762305   5.902709   1.096699   1.771021   0.000000
    21  H    5.029565   5.892430   1.090555   1.759412   1.759263
                   21
    21  H    0.000000
 Symmetry turned off by external request.
 Stoichiometry    C8H11O2(2)
 Framework group  C1[X(C8H11O2)]
 Deg. of freedom    57
 Full point group                 C1      NOp   1
 Rotational constants (GHZ):           1.7368648           1.1696286           0.7951554
 Standard basis: 6-311G(d,p) (5D, 7F)
   246 basis functions,   408 primitive gaussians,   256 cartesian basis functions
    38 alpha electrons       37 beta electrons
       nuclear repulsion energy       525.0698153704 Hartrees.
 NAtoms=   21 NActive=   21 NUniq=   21 SFac= 1.00D+00 NAtFMM=   60 NAOKFM=F Big=F
 Integral buffers will be    131072 words long.
 Raffenetti 2 integral format.
 Two-electron integral symmetry is turned off.
 One-electron integrals computed using PRISM.
 NBasis=   246 RedAO= T EigKep=  2.41D-04  NBF=   246
 NBsUse=   246 1.00D-06 EigRej= -1.00D+00 NBFU=   246
 Initial guess from the checkpoint file:  "SR-11-ts-P3.chk"
 B after Tr=    -0.000023   -0.000101   -0.000210
         Rot=    1.000000    0.000005    0.000016   -0.000002 Ang=   0.00 deg.
 Initial guess <Sx>= 0.0000 <Sy>= 0.0000 <Sz>= 0.5000 <S**2>= 0.7813 S= 0.5156
 ExpMin= 1.03D-01 ExpMax= 8.59D+03 ExpMxC= 1.30D+03 IAcc=2 IRadAn=         4 AccDes= 0.00D+00
 Harris functional with IExCor=  402 and IRadAn=       4 diagonalized for initial guess.
 HarFok:  IExCor=  402 AccDes= 0.00D+00 IRadAn=         4 IDoV= 1 UseB2=F ITyADJ=14
 ICtDFT=  3500011 ScaDFX=  1.000000  1.000000  1.000000  1.000000
 FoFCou: FMM=F IPFlag=           0 FMFlag=      100000 FMFlg1=           0
         NFxFlg=           0 DoJE=T BraDBF=F KetDBF=T FulRan=T
         wScrn=  0.000000 ICntrl=       500 IOpCl=  0 I1Cent=   200000004 NGrid=           0
         NMat0=    1 NMatS0=      1 NMatT0=    0 NMatD0=    1 NMtDS0=    0 NMtDT0=    0
 Symmetry not used in FoFCou.
 Requested convergence on RMS density matrix=1.00D-08 within 128 cycles.
 Requested convergence on MAX density matrix=1.00D-06.
 Requested convergence on             energy=1.00D-06.
 No special actions if energy rises.
 Integral accuracy reduced to 1.0D-05 until final iterations.
 Initial convergence to 1.0D-05 achieved.  Increase integral accuracy.
 SCF Done:  E(UB3LYP) =  -461.968493503     A.U. after   16 cycles
            NFock= 16  Conv=0.45D-08     -V/T= 2.0039
 <Sx>= 0.0000 <Sy>= 0.0000 <Sz>= 0.5000 <S**2>= 0.7832 S= 0.5165
 <L.S>= 0.000000000000E+00
 Annihilation of the first spin contaminant:
 S**2 before annihilation     0.7832,   after     0.7507
 DoSCS=F DFT=T ScalE2(SS,OS)=  1.000000  1.000000
 Range of M.O.s used for correlation:     1   246
 NBasis=   246 NAE=    38 NBE=    37 NFC=     0 NFV=     0
 NROrb=    246 NOA=    38 NOB=    37 NVA=   208 NVB=   209

 **** Warning!!: The largest alpha MO coefficient is  0.10140842D+02

 Symmetrizing basis deriv contribution to polar:
 IMax=3 JMax=2 DiffMx= 0.00D+00
 Calling FoFJK, ICntrl=      2147 FMM=F ISym2X=0 I1Cent= 0 IOpClX= 1 NMat=1 NMatS=1 NMatT=0.
 -------------------------------------------------------------------
 Center     Atomic                   Forces (Hartrees/Bohr)
 Number     Number              X              Y              Z
 -------------------------------------------------------------------
      1        6          -0.000009320    0.000712468   -0.000209747
      2        6           0.000734109    0.000424527    0.001171314
      3        6          -0.001031634    0.004545708    0.007619573
      4        6          -0.000411869   -0.000378734    0.001236595
      5        6          -0.000348341    0.000149828   -0.000079329
      6        6          -0.000045585   -0.000173669    0.000158228
      7        8          -0.000024098    0.000197492    0.000224952
      8        1           0.000009133   -0.000003754   -0.000014275
      9        8           0.001382259   -0.004859682   -0.008815115
     10        1          -0.000004395   -0.000031455   -0.000179080
     11        1          -0.000072228   -0.000084582   -0.000326244
     12        1           0.000075825   -0.000278404   -0.000023326
     13        6          -0.000114743    0.000018057   -0.000412334
     14        1           0.000013666   -0.000015577   -0.000031318
     15        1          -0.000039089   -0.000000423   -0.000023281
     16        1          -0.000036356   -0.000021104   -0.000015879
     17        1           0.000049509    0.000033619    0.000074480
     18        6          -0.000112407   -0.000171104   -0.000285856
     19        1          -0.000013195   -0.000023914   -0.000022223
     20        1          -0.000004152   -0.000030591   -0.000022784
     21        1           0.000002912   -0.000008706   -0.000024351
 -------------------------------------------------------------------
 Cartesian Forces:  Max     0.008815115 RMS     0.001729128
 IRC-IRC-IRC-IRC-IRC-IRC-IRC-IRC-IRC-IRC-IRC-IRC-IRC-IRC-IRC-IRC-IRC-IRC
 Pt  4 Step number   1 out of a maximum of  20
 Modified Bulirsch-Stoer Extrapolation Cycles:
    EPS =    0.000010000000000
      PEZero:  N= 2 I= 1 D=  8.88D-04 Err=  9.32D-06
 Maximum DWI energy   std dev =  0.000002598 at pt    35
 Maximum DWI gradient std dev =  0.028624745 at pt    28
 CORRECTOR INTEGRATION CONVERGENCE:
   Recorrection delta-x convergence threshold:    0.010000
   Delta-x Convergence Met
 Point Number:   4          Path Number:   1
   CHANGE IN THE REACTION COORDINATE =    0.17045
   NET REACTION COORDINATE UP TO THIS POINT =    0.68154
  # OF POINTS ALONG THE PATH =   4
  # OF STEPS =   1

 Calculating another point on the path.
 IRC-IRC-IRC-IRC-IRC-IRC-IRC-IRC-IRC-IRC-IRC-IRC-IRC-IRC-IRC-IRC-IRC-IRC
                          Input orientation:                          
 ---------------------------------------------------------------------
 Center     Atomic      Atomic             Coordinates (Angstroms)
 Number     Number       Type             X           Y           Z
 ---------------------------------------------------------------------
      1          6           0        1.691813   -0.301312   -0.115137
      2          6           0        1.242802    0.940538   -0.511387
      3          6           0       -0.152411    1.267959   -0.506181
      4          6           0       -1.075542    0.184008   -0.342942
      5          6           0       -0.642006   -1.077324    0.073181
      6          6           0        0.732767   -1.296405    0.186814
      7          8           0       -2.378454    0.484495   -0.560512
      8          1           0        1.075613   -2.275590    0.507828
      9          8           0       -0.404407    2.227080    1.103066
     10          1           0       -2.935630   -0.255061   -0.295523
     11          1           0        0.113886    1.663601    1.695825
     12          1           0       -0.497832    2.113045   -1.087327
     13          6           0        3.164621   -0.615509   -0.001091
     14          1           0        3.774369    0.234655   -0.312067
     15          1           0        3.437895   -0.861444    1.030297
     16          1           0        3.441002   -1.473248   -0.622149
     17          1           0        1.946423    1.729285   -0.749789
     18          6           0       -1.642457   -2.169078    0.366712
     19          1           0       -2.336742   -1.881959    1.166255
     20          1           0       -2.239923   -2.428357   -0.515646
     21          1           0       -1.139109   -3.080307    0.691684
 ---------------------------------------------------------------------
                    Distance matrix (angstroms):
                    1          2          3          4          5
     1  C    0.000000
     2  C    1.378701   0.000000
     3  C    2.452894   1.433125   0.000000
     4  C    2.818809   2.444469   1.433098   0.000000
     5  C    2.466651   2.822408   2.464897   1.397164   0.000000
     6  C    1.414621   2.398235   2.799954   2.396298   1.396751
     7  O    4.169284   3.650190   2.360517   1.354699   2.419937
     8  H    2.159991   3.377904   3.884971   3.376522   2.138920
     9  O    3.502988   2.641012   1.890262   2.591429   3.469323
    10  H    4.631188   4.351476   3.179666   1.911794   2.464298
    11  H    3.103276   2.582452   2.253060   2.785769   3.273686
    12  H    3.401296   2.176300   1.082227   2.146868   3.397943
    13  C    1.510262   2.524891   3.847761   4.328403   3.835257
    14  H    2.159418   2.635685   4.065095   4.850274   4.623211
    15  H    2.162076   3.231465   4.448080   4.832170   4.196221
    16  H    2.165677   3.266607   4.521093   4.819090   4.160673
    17  H    2.142647   1.083531   2.162699   3.418432   3.905675
    18  C    3.852023   4.331915   3.846480   2.522303   1.509632
    19  H    4.513276   4.857376   4.182144   2.852458   2.171262
    20  H    4.488126   4.845497   4.245062   2.865320   2.173786
    21  H    4.048196   4.825772   4.616912   3.424944   2.154437
                    6          7          8          9         10
     6  C    0.000000
     7  O    3.661939   0.000000
     8  H    1.086001   4.548626   0.000000
     9  O    3.814135   3.114636   4.776904   0.000000
    10  H    3.843720   0.963123   4.562673   3.811058   0.000000
    11  H    3.379610   3.562740   4.225339   0.968246   4.116586
    12  H    3.842155   2.542921   4.927511   2.195348   3.489661
    13  C    2.532358   5.678789   2.716399   4.694405   6.117979
    14  H    3.441565   6.162904   3.775824   4.840923   6.727866
    15  H    2.866770   6.178361   2.802349   4.930270   6.538143
    16  H    2.832001   6.140247   2.741472   5.608562   6.500162
    17  H    3.391900   4.504430   4.287067   3.034349   5.289463
    18  C    2.536851   2.905664   2.723815   4.626142   2.402980
    19  H    3.274762   2.929772   3.497519   4.541157   2.267655
    20  H    3.257554   2.916489   3.473272   5.259509   2.292526
    21  H    2.634601   3.976403   2.363549   5.373768   3.490570
                   11         12         13         14         15
    11  H    0.000000
    12  H    2.884811   0.000000
    13  C    4.169035   4.694515   0.000000
    14  H    4.412783   4.730865   1.091457   0.000000
    15  H    4.227034   5.368599   1.094954   1.765387   0.000000
    16  H    5.126649   5.347177   1.094448   1.767545   1.762070
    17  H    3.056719   2.497115   2.746382   2.401439   3.479235
    18  C    4.420489   4.664865   5.065260   5.964955   5.287743
    19  H    4.342467   4.941687   5.764684   6.634092   5.865694
    20  H    5.212979   4.897553   5.723660   6.580637   6.089562
    21  H    5.008290   5.526936   5.007720   6.011552   5.097742
                   16         17         18         19         20
    16  H    0.000000
    17  H    3.536422   0.000000
    18  C    5.225284   5.415152   0.000000
    19  H    6.061994   5.920964   1.097150   0.000000
    20  H    5.761640   5.904770   1.096698   1.771078   0.000000
    21  H    5.028540   5.893261   1.090553   1.759427   1.759113
                   21
    21  H    0.000000
 Symmetry turned off by external request.
 Stoichiometry    C8H11O2(2)
 Framework group  C1[X(C8H11O2)]
 Deg. of freedom    57
 Full point group                 C1      NOp   1
 Rotational constants (GHZ):           1.7426490           1.1715564           0.7954013
 Standard basis: 6-311G(d,p) (5D, 7F)
   246 basis functions,   408 primitive gaussians,   256 cartesian basis functions
    38 alpha electrons       37 beta electrons
       nuclear repulsion energy       525.4348475971 Hartrees.
 NAtoms=   21 NActive=   21 NUniq=   21 SFac= 1.00D+00 NAtFMM=   60 NAOKFM=F Big=F
 Integral buffers will be    131072 words long.
 Raffenetti 2 integral format.
 Two-electron integral symmetry is turned off.
 One-electron integrals computed using PRISM.
 NBasis=   246 RedAO= T EigKep=  2.51D-04  NBF=   246
 NBsUse=   246 1.00D-06 EigRej= -1.00D+00 NBFU=   246
 Initial guess from the checkpoint file:  "SR-11-ts-P3.chk"
 B after Tr=    -0.000019   -0.000104   -0.000206
         Rot=    1.000000    0.000009    0.000016   -0.000001 Ang=   0.00 deg.
 Initial guess <Sx>= 0.0000 <Sy>= 0.0000 <Sz>= 0.5000 <S**2>= 0.7830 S= 0.5164
 ExpMin= 1.03D-01 ExpMax= 8.59D+03 ExpMxC= 1.30D+03 IAcc=2 IRadAn=         4 AccDes= 0.00D+00
 Harris functional with IExCor=  402 and IRadAn=       4 diagonalized for initial guess.
 HarFok:  IExCor=  402 AccDes= 0.00D+00 IRadAn=         4 IDoV= 1 UseB2=F ITyADJ=14
 ICtDFT=  3500011 ScaDFX=  1.000000  1.000000  1.000000  1.000000
 FoFCou: FMM=F IPFlag=           0 FMFlag=      100000 FMFlg1=           0
         NFxFlg=           0 DoJE=T BraDBF=F KetDBF=T FulRan=T
         wScrn=  0.000000 ICntrl=       500 IOpCl=  0 I1Cent=   200000004 NGrid=           0
         NMat0=    1 NMatS0=      1 NMatT0=    0 NMatD0=    1 NMtDS0=    0 NMtDT0=    0
 Symmetry not used in FoFCou.
 Requested convergence on RMS density matrix=1.00D-08 within 128 cycles.
 Requested convergence on MAX density matrix=1.00D-06.
 Requested convergence on             energy=1.00D-06.
 No special actions if energy rises.
 Integral accuracy reduced to 1.0D-05 until final iterations.
 Initial convergence to 1.0D-05 achieved.  Increase integral accuracy.
 SCF Done:  E(UB3LYP) =  -461.969248662     A.U. after   16 cycles
            NFock= 16  Conv=0.41D-08     -V/T= 2.0039
 <Sx>= 0.0000 <Sy>= 0.0000 <Sz>= 0.5000 <S**2>= 0.7842 S= 0.5169
 <L.S>= 0.000000000000E+00
 Annihilation of the first spin contaminant:
 S**2 before annihilation     0.7842,   after     0.7508
 DoSCS=F DFT=T ScalE2(SS,OS)=  1.000000  1.000000
 Range of M.O.s used for correlation:     1   246
 NBasis=   246 NAE=    38 NBE=    37 NFC=     0 NFV=     0
 NROrb=    246 NOA=    38 NOB=    37 NVA=   208 NVB=   209
 Symmetrizing basis deriv contribution to polar:
 IMax=3 JMax=2 DiffMx= 0.00D+00
 G2DrvN: will do    22 centers at a time, making    1 passes.
 Calling FoFCou, ICntrl=  3107 FMM=F I1Cent=   0 AccDes= 0.00D+00.
 End of G2Drv F.D. properties file   721 does not exist.
 End of G2Drv F.D. properties file   722 does not exist.
 End of G2Drv F.D. properties file   788 does not exist.
          IDoAtm=111111111111111111111
          Differentiating once with respect to nuclear coordinates.
 Keep R1 and R2 ints in memory in canonical form, NReq=955570734.
          There are    66 degrees of freedom in the 1st order CPHF.  IDoFFX=6 NUNeed=     0.
     60 vectors produced by pass  0 Test12= 2.37D-14 1.52D-09 XBig12= 3.45D-01 2.44D-01.
 AX will form    60 AO Fock derivatives at one time.
     60 vectors produced by pass  1 Test12= 2.37D-14 1.52D-09 XBig12= 7.34D-02 7.61D-02.
     60 vectors produced by pass  2 Test12= 2.37D-14 1.52D-09 XBig12= 2.70D-03 1.10D-02.
     60 vectors produced by pass  3 Test12= 2.37D-14 1.52D-09 XBig12= 2.81D-05 8.03D-04.
     60 vectors produced by pass  4 Test12= 2.37D-14 1.52D-09 XBig12= 1.61D-07 4.14D-05.
     60 vectors produced by pass  5 Test12= 2.37D-14 1.52D-09 XBig12= 8.99D-10 2.96D-06.
     42 vectors produced by pass  6 Test12= 2.37D-14 1.52D-09 XBig12= 3.85D-12 1.32D-07.
     12 vectors produced by pass  7 Test12= 2.37D-14 1.52D-09 XBig12= 1.31D-14 7.61D-09.
 InvSVY:  IOpt=1 It=  1 EMax= 8.33D-16
 Solved reduced A of dimension   414 with    66 vectors.
 End of Minotr F.D. properties file   721 does not exist.
 End of Minotr F.D. properties file   722 does not exist.
 End of Minotr F.D. properties file   788 does not exist.
 Calling FoFJK, ICntrl=    100147 FMM=F ISym2X=0 I1Cent= 0 IOpClX= 1 NMat=1 NMatS=1 NMatT=0.
 -------------------------------------------------------------------
 Center     Atomic                   Forces (Hartrees/Bohr)
 Number     Number              X              Y              Z
 -------------------------------------------------------------------
      1        6          -0.000001458    0.000947019   -0.000308066
      2        6           0.000992701    0.000612714    0.001539520
      3        6          -0.001429261    0.006343882    0.010793837
      4        6          -0.000553792   -0.000497834    0.001635107
      5        6          -0.000475319    0.000163391   -0.000139063
      6        6          -0.000052679   -0.000240762    0.000254113
      7        8          -0.000065011    0.000250393    0.000283552
      8        1           0.000014100   -0.000007128   -0.000009144
      9        8           0.001923842   -0.006755658   -0.012287142
     10        1          -0.000017739   -0.000047629   -0.000250282
     11        1          -0.000078932   -0.000131745   -0.000440601
     12        1           0.000080805   -0.000325986   -0.000054044
     13        6          -0.000149131    0.000025124   -0.000557824
     14        1           0.000022559   -0.000021561   -0.000038407
     15        1          -0.000059288   -0.000001350   -0.000030929
     16        1          -0.000047336   -0.000028654   -0.000020587
     17        1           0.000080964    0.000040180    0.000092457
     18        6          -0.000164012   -0.000236844   -0.000375312
     19        1          -0.000017238   -0.000030884   -0.000028834
     20        1          -0.000008453   -0.000045992   -0.000027421
     21        1           0.000004680   -0.000010676   -0.000030930
 -------------------------------------------------------------------
 Cartesian Forces:  Max     0.012287142 RMS     0.002418822
 IRC-IRC-IRC-IRC-IRC-IRC-IRC-IRC-IRC-IRC-IRC-IRC-IRC-IRC-IRC-IRC-IRC-IRC
 Pt  5 Step number   1 out of a maximum of  20
 Modified Bulirsch-Stoer Extrapolation Cycles:
    EPS =    0.000010000000000
      PEZero:  N= 2 I= 1 D=  8.88D-04 Err=  7.05D-06
 Maximum DWI energy   std dev =  0.000002375 at pt    44
 Maximum DWI gradient std dev =  0.015145491 at pt    42
 CORRECTOR INTEGRATION CONVERGENCE:
   Recorrection delta-x convergence threshold:    0.010000
   Delta-x Convergence Met
 Point Number:   5          Path Number:   1
   CHANGE IN THE REACTION COORDINATE =    0.17045
   NET REACTION COORDINATE UP TO THIS POINT =    0.85199
  # OF POINTS ALONG THE PATH =   5
  # OF STEPS =   1

 Calculating another point on the path.
 IRC-IRC-IRC-IRC-IRC-IRC-IRC-IRC-IRC-IRC-IRC-IRC-IRC-IRC-IRC-IRC-IRC-IRC
                          Input orientation:                          
 ---------------------------------------------------------------------
 Center     Atomic      Atomic             Coordinates (Angstroms)
 Number     Number       Type             X           Y           Z
 ---------------------------------------------------------------------
      1          6           0        1.691827   -0.300011   -0.115580
      2          6           0        1.244181    0.941479   -0.509237
      3          6           0       -0.154368    1.276912   -0.490280
      4          6           0       -1.076337    0.183369   -0.340666
      5          6           0       -0.642659   -1.077168    0.072974
      6          6           0        0.732687   -1.296732    0.187200
      7          8           0       -2.378531    0.484757   -0.560216
      8          1           0        1.075884   -2.275793    0.507786
      9          8           0       -0.402345    2.219786    1.089690
     10          1           0       -2.936276   -0.256086   -0.299759
     11          1           0        0.113077    1.660820    1.688706
     12          1           0       -0.497642    2.110393   -1.090072
     13          6           0        3.164418   -0.615471   -0.001882
     14          1           0        3.774804    0.234277   -0.312673
     15          1           0        3.436820   -0.861460    1.029755
     16          1           0        3.440203   -1.473725   -0.622496
     17          1           0        1.947960    1.729868   -0.748289
     18          6           0       -1.642704   -2.169418    0.366186
     19          1           0       -2.337019   -1.882476    1.165768
     20          1           0       -2.240093   -2.429186   -0.516078
     21          1           0       -1.139012   -3.080455    0.691163
 ---------------------------------------------------------------------
                    Distance matrix (angstroms):
                    1          2          3          4          5
     1  C    0.000000
     2  C    1.377189   0.000000
     3  C    2.456730   1.438338   0.000000
     4  C    2.819052   2.447029   1.438140   0.000000
     5  C    2.467661   2.823839   2.469286   1.395754   0.000000
     6  C    1.416008   2.399216   2.805261   2.396228   1.397437
     7  O    4.169098   3.651744   2.362054   1.354528   2.419461
     8  H    2.161409   3.378387   3.889906   3.376301   2.139896
     9  O    3.491076   2.627106   1.856558   2.578211   3.458521
    10  H    4.631975   4.353650   3.182042   1.911588   2.464505
    11  H    3.097217   2.574452   2.228652   2.777754   3.267767
    12  H    3.399037   2.176621   1.082718   2.147072   3.396211
    13  C    1.510287   2.523650   3.851492   4.328617   3.835701
    14  H    2.159422   2.634924   4.069033   4.851489   4.624131
    15  H    2.161485   3.229048   4.447445   4.830974   4.195725
    16  H    2.165961   3.266274   4.528181   4.819183   4.160612
    17  H    2.141572   1.083516   2.165992   3.421138   3.907074
    18  C    3.853035   4.333377   3.850437   2.521115   1.509660
    19  H    4.514161   4.858535   4.181888   2.850680   2.171077
    20  H    4.489297   4.847845   4.252773   2.865405   2.174105
    21  H    4.049117   4.826647   4.620819   3.423616   2.154456
                    6          7          8          9         10
     6  C    0.000000
     7  O    3.662241   0.000000
     8  H    1.085873   4.549093   0.000000
     9  O    3.803772   3.104484   4.768019   0.000000
    10  H    3.844654   0.963206   4.563855   3.805432   0.000000
    11  H    3.374248   3.556527   4.221195   0.967949   4.114253
    12  H    3.841046   2.541885   4.926232   2.184585   3.488804
    13  C    2.532427   5.678602   2.716323   4.685298   6.118526
    14  H    3.442142   6.163404   3.775947   4.832954   6.728984
    15  H    2.865606   6.177266   2.801216   4.923094   6.538382
    16  H    2.831533   6.139804   2.740594   5.598105   6.499715
    17  H    3.392983   4.506017   4.287605   3.023593   5.291593
    18  C    2.536947   2.905909   2.724351   4.618123   2.403675
    19  H    3.274719   2.929939   3.497934   4.536221   2.269807
    20  H    3.257986   2.917564   3.473835   5.250595   2.292124
    21  H    2.634179   3.976568   2.363656   5.366009   3.491295
                   11         12         13         14         15
    11  H    0.000000
    12  H    2.880400   0.000000
    13  C    4.165365   4.693099   0.000000
    14  H    4.410078   4.730534   1.091436   0.000000
    15  H    4.224142   5.367081   1.094983   1.765498   0.000000
    16  H    5.122186   5.345198   1.094449   1.767828   1.762048
    17  H    3.051312   2.498516   2.745452   2.400815   3.477517
    18  C    4.416169   4.663543   5.065437   5.965568   5.287026
    19  H    4.339514   4.941167   5.764939   6.634818   5.864996
    20  H    5.208323   4.896262   5.723872   6.581368   6.088900
    21  H    5.004248   5.525310   5.007591   6.011715   5.096746
                   16         17         18         19         20
    16  H    0.000000
    17  H    3.536328   0.000000
    18  C    5.224694   5.416581   0.000000
    19  H    6.061457   5.922304   1.097151   0.000000
    20  H    5.761076   5.906898   1.096696   1.771128   0.000000
    21  H    5.027573   5.894117   1.090552   1.759438   1.758965
                   21
    21  H    0.000000
 Symmetry turned off by external request.
 Stoichiometry    C8H11O2(2)
 Framework group  C1[X(C8H11O2)]
 Deg. of freedom    57
 Full point group                 C1      NOp   1
 Rotational constants (GHZ):           1.7482917           1.1734107           0.7956179
 Standard basis: 6-311G(d,p) (5D, 7F)
   246 basis functions,   408 primitive gaussians,   256 cartesian basis functions
    38 alpha electrons       37 beta electrons
       nuclear repulsion energy       525.7946211383 Hartrees.
 NAtoms=   21 NActive=   21 NUniq=   21 SFac= 1.00D+00 NAtFMM=   60 NAOKFM=F Big=F
 Integral buffers will be    131072 words long.
 Raffenetti 2 integral format.
 Two-electron integral symmetry is turned off.
 One-electron integrals computed using PRISM.
 NBasis=   246 RedAO= T EigKep=  2.61D-04  NBF=   246
 NBsUse=   246 1.00D-06 EigRej= -1.00D+00 NBFU=   246
 Initial guess from the checkpoint file:  "SR-11-ts-P3.chk"
 B after Tr=    -0.000015   -0.000106   -0.000199
         Rot=    1.000000    0.000013    0.000017   -0.000001 Ang=   0.00 deg.
 Initial guess <Sx>= 0.0000 <Sy>= 0.0000 <Sz>= 0.5000 <S**2>= 0.7840 S= 0.5168
 ExpMin= 1.03D-01 ExpMax= 8.59D+03 ExpMxC= 1.30D+03 IAcc=2 IRadAn=         4 AccDes= 0.00D+00
 Harris functional with IExCor=  402 and IRadAn=       4 diagonalized for initial guess.
 HarFok:  IExCor=  402 AccDes= 0.00D+00 IRadAn=         4 IDoV= 1 UseB2=F ITyADJ=14
 ICtDFT=  3500011 ScaDFX=  1.000000  1.000000  1.000000  1.000000
 FoFCou: FMM=F IPFlag=           0 FMFlag=      100000 FMFlg1=           0
         NFxFlg=           0 DoJE=T BraDBF=F KetDBF=T FulRan=T
         wScrn=  0.000000 ICntrl=       500 IOpCl=  0 I1Cent=   200000004 NGrid=           0
         NMat0=    1 NMatS0=      1 NMatT0=    0 NMatD0=    1 NMtDS0=    0 NMtDT0=    0
 Symmetry not used in FoFCou.
 Requested convergence on RMS density matrix=1.00D-08 within 128 cycles.
 Requested convergence on MAX density matrix=1.00D-06.
 Requested convergence on             energy=1.00D-06.
 No special actions if energy rises.
 Integral accuracy reduced to 1.0D-05 until final iterations.
 Initial convergence to 1.0D-05 achieved.  Increase integral accuracy.
 SCF Done:  E(UB3LYP) =  -461.970267553     A.U. after   16 cycles
            NFock= 16  Conv=0.37D-08     -V/T= 2.0039
 <Sx>= 0.0000 <Sy>= 0.0000 <Sz>= 0.5000 <S**2>= 0.7844 S= 0.5171
 <L.S>= 0.000000000000E+00
 Annihilation of the first spin contaminant:
 S**2 before annihilation     0.7844,   after     0.7508
 DoSCS=F DFT=T ScalE2(SS,OS)=  1.000000  1.000000
 Range of M.O.s used for correlation:     1   246
 NBasis=   246 NAE=    38 NBE=    37 NFC=     0 NFV=     0
 NROrb=    246 NOA=    38 NOB=    37 NVA=   208 NVB=   209
 Symmetrizing basis deriv contribution to polar:
 IMax=3 JMax=2 DiffMx= 0.00D+00
 Calling FoFJK, ICntrl=      2147 FMM=F ISym2X=0 I1Cent= 0 IOpClX= 1 NMat=1 NMatS=1 NMatT=0.
 -------------------------------------------------------------------
 Center     Atomic                   Forces (Hartrees/Bohr)
 Number     Number              X              Y              Z
 -------------------------------------------------------------------
      1        6           0.000010781    0.001172079   -0.000405938
      2        6           0.001240536    0.000845560    0.001925201
      3        6          -0.001813289    0.008170506    0.014289942
      4        6          -0.000699843   -0.000590262    0.002034371
      5        6          -0.000596447    0.000149131   -0.000202484
      6        6          -0.000059126   -0.000303616    0.000364831
      7        8          -0.000120268    0.000306204    0.000350028
      8        1           0.000020710   -0.000013909   -0.000000530
      9        8           0.002508456   -0.008784027   -0.016051029
     10        1          -0.000041766   -0.000071170   -0.000328370
     11        1          -0.000075002   -0.000193496   -0.000556370
     12        1           0.000046161   -0.000276833   -0.000134032
     13        6          -0.000180852    0.000033156   -0.000711460
     14        1           0.000033858   -0.000028572   -0.000045210
     15        1          -0.000082441   -0.000002031   -0.000040143
     16        1          -0.000059318   -0.000036339   -0.000025943
     17        1           0.000119437    0.000045097    0.000112142
     18        6          -0.000223631   -0.000306904   -0.000468535
     19        1          -0.000021500   -0.000038887   -0.000036241
     20        1          -0.000013802   -0.000064084   -0.000031787
     21        1           0.000007346   -0.000011604   -0.000038443
 -------------------------------------------------------------------
 Cartesian Forces:  Max     0.016051029 RMS     0.003162816
 IRC-IRC-IRC-IRC-IRC-IRC-IRC-IRC-IRC-IRC-IRC-IRC-IRC-IRC-IRC-IRC-IRC-IRC
 Pt  6 Step number   1 out of a maximum of  20
 Modified Bulirsch-Stoer Extrapolation Cycles:
    EPS =    0.000010000000000
      PEZero:  N= 2 I= 1 D=  8.88D-04 Err=  4.61D-06
 Maximum DWI energy   std dev =  0.000000343 at pt    49
 Maximum DWI gradient std dev =  0.006708532 at pt    38
 CORRECTOR INTEGRATION CONVERGENCE:
   Recorrection delta-x convergence threshold:    0.010000
   Delta-x Convergence Met
 Point Number:   6          Path Number:   1
   CHANGE IN THE REACTION COORDINATE =    0.17045
   NET REACTION COORDINATE UP TO THIS POINT =    1.02245
  # OF POINTS ALONG THE PATH =   6
  # OF STEPS =   1

 Calculating another point on the path.
 IRC-IRC-IRC-IRC-IRC-IRC-IRC-IRC-IRC-IRC-IRC-IRC-IRC-IRC-IRC-IRC-IRC-IRC
                          Input orientation:                          
 ---------------------------------------------------------------------
 Center     Atomic      Atomic             Coordinates (Angstroms)
 Number     Number       Type             X           Y           Z
 ---------------------------------------------------------------------
      1          6           0        1.691843   -0.298726   -0.116034
      2          6           0        1.245546    0.942425   -0.507134
      3          6           0       -0.156341    1.285891   -0.474342
      4          6           0       -1.077118    0.182727   -0.338452
      5          6           0       -0.643308   -1.077025    0.072740
      6          6           0        0.732621   -1.297067    0.187618
      7          8           0       -2.378634    0.485011   -0.559932
      8          1           0        1.076166   -2.275992    0.507833
      9          8           0       -0.400265    2.212502    1.076342
     10          1           0       -2.936949   -0.257139   -0.304076
     11          1           0        0.112318    1.658063    1.681586
     12          1           0       -0.497497    2.107870   -1.092561
     13          6           0        3.164223   -0.615434   -0.002664
     14          1           0        3.775262    0.233897   -0.313243
     15          1           0        3.435715   -0.861489    1.029227
     16          1           0        3.439430   -1.474198   -0.622833
     17          1           0        1.949547    1.730411   -0.746837
     18          6           0       -1.642956   -2.169757    0.365674
     19          1           0       -2.337292   -1.882979    1.165297
     20          1           0       -2.240283   -2.430047   -0.516477
     21          1           0       -1.138910   -3.080593    0.690665
 ---------------------------------------------------------------------
                    Distance matrix (angstroms):
                    1          2          3          4          5
     1  C    0.000000
     2  C    1.375717   0.000000
     3  C    2.460727   1.443721   0.000000
     4  C    2.819293   2.449564   1.443353   0.000000
     5  C    2.468666   2.825279   2.473824   1.394362   0.000000
     6  C    1.417391   2.400229   2.810715   2.396184   1.398140
     7  O    4.168941   3.653313   2.363752   1.354390   2.419005
     8  H    2.162833   3.378914   3.894965   3.376111   2.140892
     9  O    3.479217   2.613272   1.822836   2.565104   3.447793
    10  H    4.632796   4.355853   3.184606   1.911448   2.464750
    11  H    3.091175   2.566484   2.204249   2.769824   3.261911
    12  H    3.396839   2.176967   1.083620   2.147281   3.394516
    13  C    1.510318   2.522447   3.855342   4.328833   3.836150
    14  H    2.159448   2.634212   4.073100   4.852716   4.625069
    15  H    2.160883   3.226663   4.446889   4.829761   4.195205
    16  H    2.166250   3.265973   4.535384   4.819282   4.160567
    17  H    2.140496   1.083511   2.169473   3.423859   3.908491
    18  C    3.854047   4.334849   3.854498   2.519950   1.509692
    19  H    4.515041   4.859698   4.181711   2.848937   2.170905
    20  H    4.490489   4.850223   4.260608   2.865525   2.174436
    21  H    4.050025   4.827528   4.624810   3.422303   2.154469
                    6          7          8          9         10
     6  C    0.000000
     7  O    3.662587   0.000000
     8  H    1.085751   4.549605   0.000000
     9  O    3.793460   3.094441   4.759163   0.000000
    10  H    3.845641   0.963309   4.565091   3.799928   0.000000
    11  H    3.368903   3.550394   4.217047   0.967711   4.112041
    12  H    3.840006   2.540874   4.925030   2.173602   3.487966
    13  C    2.532493   5.678450   2.716256   4.676223   6.119112
    14  H    3.442728   6.163956   3.776086   4.825024   6.730155
    15  H    2.864393   6.176175   2.800025   4.915932   6.538637
    16  H    2.831082   6.139408   2.739762   5.587684   6.499311
    17  H    3.394075   4.507672   4.288153   3.012974   5.293793
    18  C    2.537057   2.906159   2.724907   4.610155   2.404390
    19  H    3.274678   2.930102   3.498345   4.531331   2.272003
    20  H    3.258458   2.918662   3.474446   5.241756   2.291721
    21  H    2.633751   3.976737   2.363762   5.358283   3.492040
                   11         12         13         14         15
    11  H    0.000000
    12  H    2.875777   0.000000
    13  C    4.161684   4.691743   0.000000
    14  H    4.407352   4.730283   1.091416   0.000000
    15  H    4.221217   5.365559   1.095011   1.765613   0.000000
    16  H    5.117722   5.343336   1.094451   1.768111   1.762024
    17  H    3.045962   2.500005   2.744489   2.400166   3.475780
    18  C    4.411895   4.662255   5.065626   5.966202   5.286280
    19  H    4.336603   4.940612   5.765196   6.635553   5.864262
    20  H    5.203734   4.895085   5.724117   6.582149   6.088228
    21  H    5.000235   5.523717   5.007462   6.011885   5.095707
                   16         17         18         19         20
    16  H    0.000000
    17  H    3.536191   0.000000
    18  C    5.224136   5.418032   0.000000
    19  H    6.060943   5.923668   1.097151   0.000000
    20  H    5.760564   5.909074   1.096695   1.771174   0.000000
    21  H    5.026627   5.894976   1.090552   1.759453   1.758814
                   21
    21  H    0.000000
 Symmetry turned off by external request.
 Stoichiometry    C8H11O2(2)
 Framework group  C1[X(C8H11O2)]
 Deg. of freedom    57
 Full point group                 C1      NOp   1
 Rotational constants (GHZ):           1.7538494           1.1752275           0.7958205
 Standard basis: 6-311G(d,p) (5D, 7F)
   246 basis functions,   408 primitive gaussians,   256 cartesian basis functions
    38 alpha electrons       37 beta electrons
       nuclear repulsion energy       526.1557079145 Hartrees.
 NAtoms=   21 NActive=   21 NUniq=   21 SFac= 1.00D+00 NAtFMM=   60 NAOKFM=F Big=F
 Integral buffers will be    131072 words long.
 Raffenetti 2 integral format.
 Two-electron integral symmetry is turned off.
 One-electron integrals computed using PRISM.
 NBasis=   246 RedAO= T EigKep=  2.70D-04  NBF=   246
 NBsUse=   246 1.00D-06 EigRej= -1.00D+00 NBFU=   246
 Initial guess from the checkpoint file:  "SR-11-ts-P3.chk"
 B after Tr=    -0.000014   -0.000106   -0.000195
         Rot=    1.000000    0.000012    0.000017   -0.000001 Ang=   0.00 deg.
 Initial guess <Sx>= 0.0000 <Sy>= 0.0000 <Sz>= 0.5000 <S**2>= 0.7842 S= 0.5170
 ExpMin= 1.03D-01 ExpMax= 8.59D+03 ExpMxC= 1.30D+03 IAcc=2 IRadAn=         4 AccDes= 0.00D+00
 Harris functional with IExCor=  402 and IRadAn=       4 diagonalized for initial guess.
 HarFok:  IExCor=  402 AccDes= 0.00D+00 IRadAn=         4 IDoV= 1 UseB2=F ITyADJ=14
 ICtDFT=  3500011 ScaDFX=  1.000000  1.000000  1.000000  1.000000
 FoFCou: FMM=F IPFlag=           0 FMFlag=      100000 FMFlg1=           0
         NFxFlg=           0 DoJE=T BraDBF=F KetDBF=T FulRan=T
         wScrn=  0.000000 ICntrl=       500 IOpCl=  0 I1Cent=   200000004 NGrid=           0
         NMat0=    1 NMatS0=      1 NMatT0=    0 NMatD0=    1 NMtDS0=    0 NMtDT0=    0
 Symmetry not used in FoFCou.
 Requested convergence on RMS density matrix=1.00D-08 within 128 cycles.
 Requested convergence on MAX density matrix=1.00D-06.
 Requested convergence on             energy=1.00D-06.
 No special actions if energy rises.
 Integral accuracy reduced to 1.0D-05 until final iterations.
 Initial convergence to 1.0D-05 achieved.  Increase integral accuracy.
 SCF Done:  E(UB3LYP) =  -461.971560306     A.U. after   16 cycles
            NFock= 16  Conv=0.32D-08     -V/T= 2.0040
 <Sx>= 0.0000 <Sy>= 0.0000 <Sz>= 0.5000 <S**2>= 0.7840 S= 0.5168
 <L.S>= 0.000000000000E+00
 Annihilation of the first spin contaminant:
 S**2 before annihilation     0.7840,   after     0.7508
 DoSCS=F DFT=T ScalE2(SS,OS)=  1.000000  1.000000
 Range of M.O.s used for correlation:     1   246
 NBasis=   246 NAE=    38 NBE=    37 NFC=     0 NFV=     0
 NROrb=    246 NOA=    38 NOB=    37 NVA=   208 NVB=   209
 Symmetrizing basis deriv contribution to polar:
 IMax=3 JMax=2 DiffMx= 0.00D+00
 Calling FoFJK, ICntrl=      2147 FMM=F ISym2X=0 I1Cent= 0 IOpClX= 1 NMat=1 NMatS=1 NMatT=0.
 -------------------------------------------------------------------
 Center     Atomic                   Forces (Hartrees/Bohr)
 Number     Number              X              Y              Z
 -------------------------------------------------------------------
      1        6           0.000019639    0.001435098   -0.000512616
      2        6           0.001538265    0.001050325    0.002345666
      3        6          -0.002319757    0.010228643    0.017615968
      4        6          -0.000836467   -0.000773125    0.002450863
      5        6          -0.000756659    0.000191043   -0.000288865
      6        6          -0.000037123   -0.000400037    0.000498204
      7        8          -0.000218661    0.000366801    0.000426477
      8        1           0.000027374   -0.000018005    0.000007908
      9        8           0.003152520   -0.010857861   -0.019787612
     10        1          -0.000047042   -0.000081372   -0.000415665
     11        1          -0.000103680   -0.000215319   -0.000693910
     12        1           0.000085127   -0.000411275   -0.000085441
     13        6          -0.000214283    0.000038669   -0.000871524
     14        1           0.000044213   -0.000034952   -0.000052701
     15        1          -0.000103997   -0.000004503   -0.000048087
     16        1          -0.000069594   -0.000044428   -0.000031011
     17        1           0.000157544    0.000054135    0.000132619
     18        6          -0.000280577   -0.000380323   -0.000565803
     19        1          -0.000027105   -0.000047481   -0.000043290
     20        1          -0.000019273   -0.000081867   -0.000036300
     21        1           0.000009537   -0.000014164   -0.000044881
 -------------------------------------------------------------------
 Cartesian Forces:  Max     0.019787612 RMS     0.003907904
 IRC-IRC-IRC-IRC-IRC-IRC-IRC-IRC-IRC-IRC-IRC-IRC-IRC-IRC-IRC-IRC-IRC-IRC
 Pt  7 Step number   1 out of a maximum of  20
 Modified Bulirsch-Stoer Extrapolation Cycles:
    EPS =    0.000010000000000
      PEZero:  N= 2 I= 1 D=  8.88D-04 Err=  2.91D-06
 Maximum DWI energy   std dev =  0.000000482 at pt    33
 Maximum DWI gradient std dev =  0.010097154 at pt    38
 CORRECTOR INTEGRATION CONVERGENCE:
   Recorrection delta-x convergence threshold:    0.010000
   Delta-x Convergence Met
 Point Number:   7          Path Number:   1
   CHANGE IN THE REACTION COORDINATE =    0.17046
   NET REACTION COORDINATE UP TO THIS POINT =    1.19290
  # OF POINTS ALONG THE PATH =   7
  # OF STEPS =   1

 Calculating another point on the path.
 IRC-IRC-IRC-IRC-IRC-IRC-IRC-IRC-IRC-IRC-IRC-IRC-IRC-IRC-IRC-IRC-IRC-IRC
                          Input orientation:                          
 ---------------------------------------------------------------------
 Center     Atomic      Atomic             Coordinates (Angstroms)
 Number     Number       Type             X           Y           Z
 ---------------------------------------------------------------------
      1          6           0        1.691862   -0.297446   -0.116495
      2          6           0        1.246918    0.943382   -0.505041
      3          6           0       -0.158366    1.294935   -0.458432
      4          6           0       -1.077878    0.182040   -0.336285
      5          6           0       -0.643975   -1.076869    0.072473
      6          6           0        0.732589   -1.297426    0.188080
      7          8           0       -2.378783    0.485266   -0.559647
      8          1           0        1.076471   -2.276202    0.507961
      9          8           0       -0.398148    2.205219    1.063008
     10          1           0       -2.937621   -0.258213   -0.308504
     11          1           0        0.111525    1.655445    1.674521
     12          1           0       -0.497279    2.105151   -1.094544
     13          6           0        3.164037   -0.615400   -0.003444
     14          1           0        3.775741    0.233516   -0.313790
     15          1           0        3.434594   -0.861539    1.028706
     16          1           0        3.438690   -1.474668   -0.623166
     17          1           0        1.951208    1.730932   -0.745407
     18          6           0       -1.643212   -2.170099    0.365170
     19          1           0       -2.337576   -1.883487    1.164831
     20          1           0       -2.240492   -2.430937   -0.516853
     21          1           0       -1.138802   -3.080727    0.690187
 ---------------------------------------------------------------------
                    Distance matrix (angstroms):
                    1          2          3          4          5
     1  C    0.000000
     2  C    1.374262   0.000000
     3  C    2.464943   1.449340   0.000000
     4  C    2.819517   2.452101   1.448778   0.000000
     5  C    2.469685   2.826732   2.478534   1.392913   0.000000
     6  C    1.418778   2.401286   2.816401   2.396157   1.398906
     7  O    4.168834   3.654937   2.365599   1.354323   2.418554
     8  H    2.164284   3.379489   3.900225   3.375933   2.141958
     9  O    3.467377   2.599472   1.789104   2.552118   3.437105
    10  H    4.633630   4.358076   3.187319   1.911345   2.464986
    11  H    3.085285   2.558641   2.179976   2.762054   3.256206
    12  H    3.394317   2.177027   1.084412   2.147186   3.392447
    13  C    1.510355   2.521258   3.859372   4.329034   3.836622
    14  H    2.159490   2.633520   4.077344   4.853944   4.626035
    15  H    2.160278   3.224290   4.446496   4.828526   4.194696
    16  H    2.166558   3.265698   4.542758   4.819374   4.160566
    17  H    2.139418   1.083529   2.173189   3.426632   3.909942
    18  C    3.855067   4.336344   3.858697   2.518768   1.509734
    19  H    4.515938   4.860891   4.181663   2.847207   2.170752
    20  H    4.491712   4.852648   4.268580   2.865645   2.174780
    21  H    4.050931   4.828424   4.628930   3.420965   2.154500
                    6          7          8          9         10
     6  C    0.000000
     7  O    3.663021   0.000000
     8  H    1.085625   4.550195   0.000000
     9  O    3.783198   3.084503   4.750338   0.000000
    10  H    3.846687   0.963397   4.566381   3.794531   0.000000
    11  H    3.363729   3.544355   4.213055   0.967453   4.109959
    12  H    3.838649   2.539724   4.923511   2.162145   3.486921
    13  C    2.532544   5.678352   2.716198   4.667159   6.119712
    14  H    3.443317   6.164575   3.776244   4.817109   6.731349
    15  H    2.863124   6.175120   2.798784   4.908777   6.538904
    16  H    2.830639   6.139085   2.738974   5.577282   6.498932
    17  H    3.395200   4.509436   4.288732   3.002463   5.296058
    18  C    2.537192   2.906426   2.725495   4.602235   2.405128
    19  H    3.274664   2.930276   3.498774   4.526507   2.274267
    20  H    3.258985   2.919794   3.475116   5.232984   2.291315
    21  H    2.633320   3.976927   2.363874   5.350587   3.492810
                   11         12         13         14         15
    11  H    0.000000
    12  H    2.870644   0.000000
    13  C    4.158140   4.690109   0.000000
    14  H    4.404741   4.729830   1.091400   0.000000
    15  H    4.218421   5.363680   1.095043   1.765736   0.000000
    16  H    5.113414   5.341269   1.094455   1.768392   1.761995
    17  H    3.040753   2.501404   2.743490   2.399473   3.474020
    18  C    4.407752   4.660652   5.065827   5.966858   5.285520
    19  H    4.333811   4.939706   5.765471   6.636314   5.863519
    20  H    5.199290   4.893731   5.724395   6.582978   6.087558
    21  H    4.996354   5.521788   5.007333   6.012063   5.094638
                   16         17         18         19         20
    16  H    0.000000
    17  H    3.536017   0.000000
    18  C    5.223615   5.419527   0.000000
    19  H    6.060471   5.925091   1.097154   0.000000
    20  H    5.760109   5.911322   1.096697   1.771211   0.000000
    21  H    5.025709   5.895858   1.090555   1.759468   1.758663
                   21
    21  H    0.000000
 Symmetry turned off by external request.
 Stoichiometry    C8H11O2(2)
 Framework group  C1[X(C8H11O2)]
 Deg. of freedom    57
 Full point group                 C1      NOp   1
 Rotational constants (GHZ):           1.7593282           1.1770020           0.7960064
 Standard basis: 6-311G(d,p) (5D, 7F)
   246 basis functions,   408 primitive gaussians,   256 cartesian basis functions
    38 alpha electrons       37 beta electrons
       nuclear repulsion energy       526.5198272268 Hartrees.
 NAtoms=   21 NActive=   21 NUniq=   21 SFac= 1.00D+00 NAtFMM=   60 NAOKFM=F Big=F
 Integral buffers will be    131072 words long.
 Raffenetti 2 integral format.
 Two-electron integral symmetry is turned off.
 One-electron integrals computed using PRISM.
 NBasis=   246 RedAO= T EigKep=  2.79D-04  NBF=   246
 NBsUse=   246 1.00D-06 EigRej= -1.00D+00 NBFU=   246
 Initial guess from the checkpoint file:  "SR-11-ts-P3.chk"
 B after Tr=    -0.000013   -0.000108   -0.000188
         Rot=    1.000000    0.000012    0.000017   -0.000001 Ang=   0.00 deg.
 Initial guess <Sx>= 0.0000 <Sy>= 0.0000 <Sz>= 0.5000 <S**2>= 0.7838 S= 0.5167
 ExpMin= 1.03D-01 ExpMax= 8.59D+03 ExpMxC= 1.30D+03 IAcc=2 IRadAn=         4 AccDes= 0.00D+00
 Harris functional with IExCor=  402 and IRadAn=       4 diagonalized for initial guess.
 HarFok:  IExCor=  402 AccDes= 0.00D+00 IRadAn=         4 IDoV= 1 UseB2=F ITyADJ=14
 ICtDFT=  3500011 ScaDFX=  1.000000  1.000000  1.000000  1.000000
 FoFCou: FMM=F IPFlag=           0 FMFlag=      100000 FMFlg1=           0
         NFxFlg=           0 DoJE=T BraDBF=F KetDBF=T FulRan=T
         wScrn=  0.000000 ICntrl=       500 IOpCl=  0 I1Cent=   200000004 NGrid=           0
         NMat0=    1 NMatS0=      1 NMatT0=    0 NMatD0=    1 NMtDS0=    0 NMtDT0=    0
 Symmetry not used in FoFCou.
 Requested convergence on RMS density matrix=1.00D-08 within 128 cycles.
 Requested convergence on MAX density matrix=1.00D-06.
 Requested convergence on             energy=1.00D-06.
 No special actions if energy rises.
 Integral accuracy reduced to 1.0D-05 until final iterations.
 Initial convergence to 1.0D-05 achieved.  Increase integral accuracy.
 SCF Done:  E(UB3LYP) =  -461.973117228     A.U. after   15 cycles
            NFock= 15  Conv=0.87D-08     -V/T= 2.0040
 <Sx>= 0.0000 <Sy>= 0.0000 <Sz>= 0.5000 <S**2>= 0.7831 S= 0.5164
 <L.S>= 0.000000000000E+00
 Annihilation of the first spin contaminant:
 S**2 before annihilation     0.7831,   after     0.7508
 DoSCS=F DFT=T ScalE2(SS,OS)=  1.000000  1.000000
 Range of M.O.s used for correlation:     1   246
 NBasis=   246 NAE=    38 NBE=    37 NFC=     0 NFV=     0
 NROrb=    246 NOA=    38 NOB=    37 NVA=   208 NVB=   209
 Symmetrizing basis deriv contribution to polar:
 IMax=3 JMax=2 DiffMx= 0.00D+00
 Calling FoFJK, ICntrl=      2147 FMM=F ISym2X=0 I1Cent= 0 IOpClX= 1 NMat=1 NMatS=1 NMatT=0.
 -------------------------------------------------------------------
 Center     Atomic                   Forces (Hartrees/Bohr)
 Number     Number              X              Y              Z
 -------------------------------------------------------------------
      1        6           0.000022762    0.001644953   -0.000592827
      2        6           0.001753919    0.001310251    0.002786641
      3        6          -0.002745359    0.011980246    0.020708940
      4        6          -0.000944613   -0.000861872    0.002848787
      5        6          -0.000887818    0.000203979   -0.000361776
      6        6          -0.000011410   -0.000462895    0.000625072
      7        8          -0.000325565    0.000428902    0.000509733
      8        1           0.000034935   -0.000023587    0.000017551
      9        8           0.003777318   -0.012795050   -0.023322367
     10        1          -0.000059584   -0.000100273   -0.000502959
     11        1          -0.000121948   -0.000244840   -0.000801018
     12        1           0.000088440   -0.000455171   -0.000074587
     13        6          -0.000243144    0.000040612   -0.001032061
     14        1           0.000054911   -0.000041734   -0.000060290
     15        1          -0.000122938   -0.000006272   -0.000057263
     16        1          -0.000078877   -0.000051461   -0.000036913
     17        1           0.000193419    0.000061959    0.000154731
     18        6          -0.000339187   -0.000455580   -0.000665764
     19        1          -0.000032829   -0.000056397   -0.000051115
     20        1          -0.000024508   -0.000099790   -0.000040737
     21        1           0.000012078   -0.000015980   -0.000051776
 -------------------------------------------------------------------
 Cartesian Forces:  Max     0.023322367 RMS     0.004599072
 IRC-IRC-IRC-IRC-IRC-IRC-IRC-IRC-IRC-IRC-IRC-IRC-IRC-IRC-IRC-IRC-IRC-IRC
 Pt  8 Step number   1 out of a maximum of  20
 Modified Bulirsch-Stoer Extrapolation Cycles:
    EPS =    0.000010000000000
      PEZero:  N= 2 I= 1 D=  8.88D-04 Err=  2.79D-06
 Maximum DWI energy   std dev =  0.000000931 at pt    49
 Maximum DWI gradient std dev =  0.008343910 at pt    38
 CORRECTOR INTEGRATION CONVERGENCE:
   Recorrection delta-x convergence threshold:    0.010000
   Delta-x Convergence Met
 Point Number:   8          Path Number:   1
   CHANGE IN THE REACTION COORDINATE =    0.17046
   NET REACTION COORDINATE UP TO THIS POINT =    1.36336
  # OF POINTS ALONG THE PATH =   8
  # OF STEPS =   1

 Calculating another point on the path.
 IRC-IRC-IRC-IRC-IRC-IRC-IRC-IRC-IRC-IRC-IRC-IRC-IRC-IRC-IRC-IRC-IRC-IRC
                          Input orientation:                          
 ---------------------------------------------------------------------
 Center     Atomic      Atomic             Coordinates (Angstroms)
 Number     Number       Type             X           Y           Z
 ---------------------------------------------------------------------
      1          6           0        1.691876   -0.296187   -0.116945
      2          6           0        1.248250    0.944396   -0.502896
      3          6           0       -0.160417    1.303953   -0.442579
      4          6           0       -1.078605    0.181383   -0.334120
      5          6           0       -0.644645   -1.076714    0.072191
      6          6           0        0.732584   -1.297781    0.188571
      7          8           0       -2.378973    0.485525   -0.559354
      8          1           0        1.076797   -2.276410    0.508141
      9          8           0       -0.395983    2.197911    1.049634
     10          1           0       -2.938292   -0.259329   -0.313084
     11          1           0        0.110660    1.652959    1.667562
     12          1           0       -0.497032    2.102361   -1.096024
     13          6           0        3.163855   -0.615370   -0.004235
     14          1           0        3.776237    0.233130   -0.314336
     15          1           0        3.433480   -0.861600    1.028174
     16          1           0        3.437976   -1.475136   -0.623511
     17          1           0        1.952909    1.731457   -0.743961
     18          6           0       -1.643474   -2.170449    0.364660
     19          1           0       -2.337874   -1.884006    1.164357
     20          1           0       -2.240716   -2.431857   -0.517223
     21          1           0       -1.138689   -3.080863    0.689713
 ---------------------------------------------------------------------
                    Distance matrix (angstroms):
                    1          2          3          4          5
     1  C    0.000000
     2  C    1.372883   0.000000
     3  C    2.469306   1.455081   0.000000
     4  C    2.819717   2.454574   1.454303   0.000000
     5  C    2.470694   2.828191   2.483353   1.391480   0.000000
     6  C    1.420131   2.402373   2.822201   2.396150   1.399705
     7  O    4.168766   3.656569   2.367584   1.354322   2.418126
     8  H    2.165720   3.380117   3.905582   3.375783   2.143056
     9  O    3.455515   2.585566   1.755378   2.539121   3.426426
    10  H    4.634467   4.360289   3.190174   1.911310   2.465232
    11  H    3.079590   2.550894   2.155918   2.754382   3.250663
    12  H    3.391599   2.176854   1.085245   2.146831   3.390138
    13  C    1.510398   2.520134   3.863512   4.329216   3.837102
    14  H    2.159560   2.632902   4.081709   4.855159   4.627018
    15  H    2.159669   3.221960   4.446214   4.827273   4.194196
    16  H    2.166885   3.265514   4.550219   4.819471   4.160593
    17  H    2.138369   1.083568   2.177093   3.429399   3.911421
    18  C    3.856081   4.337855   3.862973   2.517634   1.509785
    19  H    4.516834   4.862086   4.181704   2.845526   2.170615
    20  H    4.492949   4.855118   4.276621   2.865841   2.175146
    21  H    4.051817   4.829338   4.633110   3.419662   2.154536
                    6          7          8          9         10
     6  C    0.000000
     7  O    3.663517   0.000000
     8  H    1.085506   4.550843   0.000000
     9  O    3.772924   3.074631   4.741503   0.000000
    10  H    3.847775   0.963480   4.567709   3.789244   0.000000
    11  H    3.358731   3.538408   4.209231   0.967209   4.108031
    12  H    3.837069   2.538478   4.921780   2.150160   3.485731
    13  C    2.532576   5.678298   2.716136   4.658072   6.120323
    14  H    3.443898   6.165253   3.776406   4.809178   6.732564
    15  H    2.861822   6.174106   2.797512   4.901617   6.539203
    16  H    2.830208   6.138827   2.738219   5.566859   6.498564
    17  H    3.396334   4.511277   4.289328   2.991965   5.298370
    18  C    2.537362   2.906709   2.726112   4.594344   2.405883
    19  H    3.274680   2.930451   3.499225   4.521742   2.276601
    20  H    3.259568   2.920960   3.475835   5.224254   2.290886
    21  H    2.632905   3.977133   2.363999   5.342903   3.493598
                   11         12         13         14         15
    11  H    0.000000
    12  H    2.865075   0.000000
    13  C    4.154783   4.688300   0.000000
    14  H    4.402305   4.729259   1.091388   0.000000
    15  H    4.215798   5.361548   1.095077   1.765856   0.000000
    16  H    5.109307   5.339104   1.094459   1.768667   1.761961
    17  H    3.035702   2.502744   2.742477   2.398768   3.472246
    18  C    4.403747   4.658844   5.066040   5.967537   5.284770
    19  H    4.331127   4.938536   5.765767   6.637104   5.862796
    20  H    5.194995   4.892297   5.724698   6.583847   6.086908
    21  H    4.992608   5.519636   5.007205   6.012251   5.093566
                   16         17         18         19         20
    16  H    0.000000
    17  H    3.535840   0.000000
    18  C    5.223128   5.421058   0.000000
    19  H    6.060039   5.926556   1.097158   0.000000
    20  H    5.759700   5.913634   1.096699   1.771239   0.000000
    21  H    5.024816   5.896763   1.090560   1.759487   1.758512
                   21
    21  H    0.000000
 Symmetry turned off by external request.
 Stoichiometry    C8H11O2(2)
 Framework group  C1[X(C8H11O2)]
 Deg. of freedom    57
 Full point group                 C1      NOp   1
 Rotational constants (GHZ):           1.7647593           1.1787504           0.7961829
 Standard basis: 6-311G(d,p) (5D, 7F)
   246 basis functions,   408 primitive gaussians,   256 cartesian basis functions
    38 alpha electrons       37 beta electrons
       nuclear repulsion energy       526.8907851154 Hartrees.
 NAtoms=   21 NActive=   21 NUniq=   21 SFac= 1.00D+00 NAtFMM=   60 NAOKFM=F Big=F
 Integral buffers will be    131072 words long.
 Raffenetti 2 integral format.
 Two-electron integral symmetry is turned off.
 One-electron integrals computed using PRISM.
 NBasis=   246 RedAO= T EigKep=  2.87D-04  NBF=   246
 NBsUse=   246 1.00D-06 EigRej= -1.00D+00 NBFU=   246
 Initial guess from the checkpoint file:  "SR-11-ts-P3.chk"
 B after Tr=    -0.000012   -0.000108   -0.000182
         Rot=    1.000000    0.000010    0.000018   -0.000001 Ang=   0.00 deg.
 Initial guess <Sx>= 0.0000 <Sy>= 0.0000 <Sz>= 0.5000 <S**2>= 0.7829 S= 0.5163
 ExpMin= 1.03D-01 ExpMax= 8.59D+03 ExpMxC= 1.30D+03 IAcc=2 IRadAn=         4 AccDes= 0.00D+00
 Harris functional with IExCor=  402 and IRadAn=       4 diagonalized for initial guess.
 HarFok:  IExCor=  402 AccDes= 0.00D+00 IRadAn=         4 IDoV= 1 UseB2=F ITyADJ=14
 ICtDFT=  3500011 ScaDFX=  1.000000  1.000000  1.000000  1.000000
 FoFCou: FMM=F IPFlag=           0 FMFlag=      100000 FMFlg1=           0
         NFxFlg=           0 DoJE=T BraDBF=F KetDBF=T FulRan=T
         wScrn=  0.000000 ICntrl=       500 IOpCl=  0 I1Cent=   200000004 NGrid=           0
         NMat0=    1 NMatS0=      1 NMatT0=    0 NMatD0=    1 NMtDS0=    0 NMtDT0=    0
 Symmetry not used in FoFCou.
 Requested convergence on RMS density matrix=1.00D-08 within 128 cycles.
 Requested convergence on MAX density matrix=1.00D-06.
 Requested convergence on             energy=1.00D-06.
 No special actions if energy rises.
 Integral accuracy reduced to 1.0D-05 until final iterations.
 Initial convergence to 1.0D-05 achieved.  Increase integral accuracy.
 SCF Done:  E(UB3LYP) =  -461.974907405     A.U. after   15 cycles
            NFock= 15  Conv=0.65D-08     -V/T= 2.0040
 <Sx>= 0.0000 <Sy>= 0.0000 <Sz>= 0.5000 <S**2>= 0.7822 S= 0.5160
 <L.S>= 0.000000000000E+00
 Annihilation of the first spin contaminant:
 S**2 before annihilation     0.7822,   after     0.7507
 DoSCS=F DFT=T ScalE2(SS,OS)=  1.000000  1.000000
 Range of M.O.s used for correlation:     1   246
 NBasis=   246 NAE=    38 NBE=    37 NFC=     0 NFV=     0
 NROrb=    246 NOA=    38 NOB=    37 NVA=   208 NVB=   209
 Symmetrizing basis deriv contribution to polar:
 IMax=3 JMax=2 DiffMx= 0.00D+00
 Calling FoFJK, ICntrl=      2147 FMM=F ISym2X=0 I1Cent= 0 IOpClX= 1 NMat=1 NMatS=1 NMatT=0.
 -------------------------------------------------------------------
 Center     Atomic                   Forces (Hartrees/Bohr)
 Number     Number              X              Y              Z
 -------------------------------------------------------------------
      1        6           0.000014044    0.001805016   -0.000640756
      2        6           0.001880654    0.001597697    0.003247319
      3        6          -0.003095932    0.013360648    0.023228788
      4        6          -0.001011225   -0.000871470    0.003226864
      5        6          -0.000991473    0.000209979   -0.000418221
      6        6           0.000021496   -0.000492505    0.000738602
      7        8          -0.000444201    0.000488302    0.000600190
      8        1           0.000042382   -0.000027317    0.000025942
      9        8           0.004363005   -0.014469018   -0.026375443
     10        1          -0.000068451   -0.000119594   -0.000589546
     11        1          -0.000148747   -0.000260373   -0.000889799
     12        1           0.000089177   -0.000485261   -0.000035128
     13        6          -0.000266692    0.000037289   -0.001187419
     14        1           0.000064487   -0.000048272   -0.000068873
     15        1          -0.000137039   -0.000007765   -0.000067408
     16        1          -0.000086503   -0.000057429   -0.000044007
     17        1           0.000223198    0.000071455    0.000179086
     18        6          -0.000394263   -0.000530776   -0.000765542
     19        1          -0.000039016   -0.000065689   -0.000059766
     20        1          -0.000029152   -0.000116658   -0.000045994
     21        1           0.000014252   -0.000018259   -0.000058889
 -------------------------------------------------------------------
 Cartesian Forces:  Max     0.026375443 RMS     0.005181119
 IRC-IRC-IRC-IRC-IRC-IRC-IRC-IRC-IRC-IRC-IRC-IRC-IRC-IRC-IRC-IRC-IRC-IRC
 Pt  9 Step number   1 out of a maximum of  20
 Modified Bulirsch-Stoer Extrapolation Cycles:
    EPS =    0.000010000000000
      PEZero:  N= 2 I= 1 D=  8.88D-04 Err=  4.21D-06
 Maximum DWI energy   std dev =  0.000002153 at pt    36
 Maximum DWI gradient std dev =  0.007395563 at pt    38
 CORRECTOR INTEGRATION CONVERGENCE:
   Recorrection delta-x convergence threshold:    0.010000
   Delta-x Convergence Met
 Point Number:   9          Path Number:   1
   CHANGE IN THE REACTION COORDINATE =    0.17046
   NET REACTION COORDINATE UP TO THIS POINT =    1.53382
  # OF POINTS ALONG THE PATH =   9
  # OF STEPS =   1

 Calculating another point on the path.
 IRC-IRC-IRC-IRC-IRC-IRC-IRC-IRC-IRC-IRC-IRC-IRC-IRC-IRC-IRC-IRC-IRC-IRC
                          Input orientation:                          
 ---------------------------------------------------------------------
 Center     Atomic      Atomic             Coordinates (Angstroms)
 Number     Number       Type             X           Y           Z
 ---------------------------------------------------------------------
      1          6           0        1.691878   -0.294953   -0.117373
      2          6           0        1.249514    0.945502   -0.500648
      3          6           0       -0.162476    1.312885   -0.426820
      4          6           0       -1.079294    0.180798   -0.331918
      5          6           0       -0.645313   -1.076565    0.071905
      6          6           0        0.732603   -1.298113    0.189084
      7          8           0       -2.379203    0.485790   -0.559043
      8          1           0        1.077145   -2.276606    0.508356
      9          8           0       -0.393752    2.190562    1.036180
     10          1           0       -2.938952   -0.260512   -0.317884
     11          1           0        0.109677    1.650599    1.660710
     12          1           0       -0.496772    2.099556   -1.096895
     13          6           0        3.163677   -0.615347   -0.005050
     14          1           0        3.776751    0.232732   -0.314903
     15          1           0        3.432387   -0.861668    1.027612
     16          1           0        3.437277   -1.475602   -0.623883
     17          1           0        1.954631    1.732013   -0.742448
     18          6           0       -1.643744   -2.170815    0.364134
     19          1           0       -2.338194   -1.884550    1.163857
     20          1           0       -2.240950   -2.432812   -0.517604
     21          1           0       -1.138574   -3.081009    0.689228
 ---------------------------------------------------------------------
                    Distance matrix (angstroms):
                    1          2          3          4          5
     1  C    0.000000
     2  C    1.371610   0.000000
     3  C    2.473769   1.460869   0.000000
     4  C    2.819887   2.456947   1.459857   0.000000
     5  C    2.471681   2.829653   2.488238   1.390098   0.000000
     6  C    1.421427   2.403484   2.828041   2.396162   1.400524
     7  O    4.168733   3.658186   2.369693   1.354389   2.417731
     8  H    2.167114   3.380796   3.910967   3.375666   2.144166
     9  O    3.443591   2.571446   1.721678   2.526026   3.415732
    10  H    4.635297   4.362467   3.193159   1.911356   2.465493
    11  H    3.074103   2.543198   2.132112   2.746731   3.245263
    12  H    3.388706   2.176434   1.086096   2.146195   3.387610
    13  C    1.510450   2.519105   3.867721   4.329375   3.837583
    14  H    2.159667   2.632389   4.086168   4.856352   4.628015
    15  H    2.159057   3.219686   4.446021   4.826005   4.193709
    16  H    2.167234   3.265462   4.557710   4.819576   4.160636
    17  H    2.137369   1.083631   2.181154   3.432128   3.912926
    18  C    3.857083   4.339380   3.867290   2.516580   1.509850
    19  H    4.517726   4.863272   4.181817   2.843912   2.170494
    20  H    4.494192   4.857636   4.284687   2.866161   2.175542
    21  H    4.052675   4.830275   4.637309   3.418426   2.154574
                    6          7          8          9         10
     6  C    0.000000
     7  O    3.664061   0.000000
     8  H    1.085400   4.551539   0.000000
     9  O    3.762592   3.064799   4.732624   0.000000
    10  H    3.848890   0.963558   4.569063   3.784084   0.000000
    11  H    3.353896   3.532507   4.205574   0.966974   4.106254
    12  H    3.835265   2.537139   4.919842   2.137499   3.484398
    13  C    2.532583   5.678285   2.716060   4.648934   6.120936
    14  H    3.444463   6.165988   3.776561   4.801210   6.733793
    15  H    2.860498   6.173143   2.796220   4.894438   6.539550
    16  H    2.829784   6.138623   2.737480   5.556379   6.498182
    17  H    3.397465   4.513184   4.289933   2.981391   5.300714
    18  C    2.537574   2.907009   2.726762   4.586473   2.406651
    19  H    3.274735   2.930627   3.499704   4.517044   2.279027
    20  H    3.260210   2.922168   3.476599   5.215550   2.290411
    21  H    2.632521   3.977360   2.364146   5.335222   3.494400
                   11         12         13         14         15
    11  H    0.000000
    12  H    2.858973   0.000000
    13  C    4.151648   4.686332   0.000000
    14  H    4.400093   4.728588   1.091379   0.000000
    15  H    4.213395   5.359167   1.095112   1.765969   0.000000
    16  H    5.105430   5.336875   1.094463   1.768931   1.761924
    17  H    3.030784   2.504016   2.741468   2.398074   3.470455
    18  C    4.399864   4.656847   5.066268   5.968241   5.284050
    19  H    4.328534   4.937098   5.766090   6.637934   5.862120
    20  H    5.190832   4.890817   5.725022   6.584750   6.086291
    21  H    4.988989   5.517282   5.007082   6.012452   5.092511
                   16         17         18         19         20
    16  H    0.000000
    17  H    3.535688   0.000000
    18  C    5.222669   5.422628   0.000000
    19  H    6.059646   5.928058   1.097163   0.000000
    20  H    5.759323   5.916014   1.096703   1.771260   0.000000
    21  H    5.023943   5.897694   1.090567   1.759510   1.758361
                   21
    21  H    0.000000
 Symmetry turned off by external request.
 Stoichiometry    C8H11O2(2)
 Framework group  C1[X(C8H11O2)]
 Deg. of freedom    57
 Full point group                 C1      NOp   1
 Rotational constants (GHZ):           1.7701675           1.1804843           0.7963544
 Standard basis: 6-311G(d,p) (5D, 7F)
   246 basis functions,   408 primitive gaussians,   256 cartesian basis functions
    38 alpha electrons       37 beta electrons
       nuclear repulsion energy       527.2721636597 Hartrees.
 NAtoms=   21 NActive=   21 NUniq=   21 SFac= 1.00D+00 NAtFMM=   60 NAOKFM=F Big=F
 Integral buffers will be    131072 words long.
 Raffenetti 2 integral format.
 Two-electron integral symmetry is turned off.
 One-electron integrals computed using PRISM.
 NBasis=   246 RedAO= T EigKep=  2.94D-04  NBF=   246
 NBsUse=   246 1.00D-06 EigRej= -1.00D+00 NBFU=   246
 Initial guess from the checkpoint file:  "SR-11-ts-P3.chk"
 B after Tr=    -0.000012   -0.000108   -0.000175
         Rot=    1.000000    0.000008    0.000018   -0.000001 Ang=   0.00 deg.
 Initial guess <Sx>= 0.0000 <Sy>= 0.0000 <Sz>= 0.5000 <S**2>= 0.7820 S= 0.5159
 ExpMin= 1.03D-01 ExpMax= 8.59D+03 ExpMxC= 1.30D+03 IAcc=2 IRadAn=         4 AccDes= 0.00D+00
 Harris functional with IExCor=  402 and IRadAn=       4 diagonalized for initial guess.
 HarFok:  IExCor=  402 AccDes= 0.00D+00 IRadAn=         4 IDoV= 1 UseB2=F ITyADJ=14
 ICtDFT=  3500011 ScaDFX=  1.000000  1.000000  1.000000  1.000000
 FoFCou: FMM=F IPFlag=           0 FMFlag=      100000 FMFlg1=           0
         NFxFlg=           0 DoJE=T BraDBF=F KetDBF=T FulRan=T
         wScrn=  0.000000 ICntrl=       500 IOpCl=  0 I1Cent=   200000004 NGrid=           0
         NMat0=    1 NMatS0=      1 NMatT0=    0 NMatD0=    1 NMtDS0=    0 NMtDT0=    0
 Symmetry not used in FoFCou.
 Requested convergence on RMS density matrix=1.00D-08 within 128 cycles.
 Requested convergence on MAX density matrix=1.00D-06.
 Requested convergence on             energy=1.00D-06.
 No special actions if energy rises.
 Integral accuracy reduced to 1.0D-05 until final iterations.
 Initial convergence to 1.0D-05 achieved.  Increase integral accuracy.
 SCF Done:  E(UB3LYP) =  -461.976881508     A.U. after   14 cycles
            NFock= 14  Conv=0.74D-08     -V/T= 2.0040
 <Sx>= 0.0000 <Sy>= 0.0000 <Sz>= 0.5000 <S**2>= 0.7813 S= 0.5155
 <L.S>= 0.000000000000E+00
 Annihilation of the first spin contaminant:
 S**2 before annihilation     0.7813,   after     0.7507
 DoSCS=F DFT=T ScalE2(SS,OS)=  1.000000  1.000000
 Range of M.O.s used for correlation:     1   246
 NBasis=   246 NAE=    38 NBE=    37 NFC=     0 NFV=     0
 NROrb=    246 NOA=    38 NOB=    37 NVA=   208 NVB=   209
 Symmetrizing basis deriv contribution to polar:
 IMax=3 JMax=2 DiffMx= 0.00D+00
 G2DrvN: will do    22 centers at a time, making    1 passes.
 Calling FoFCou, ICntrl=  3107 FMM=F I1Cent=   0 AccDes= 0.00D+00.
 End of G2Drv F.D. properties file   721 does not exist.
 End of G2Drv F.D. properties file   722 does not exist.
 End of G2Drv F.D. properties file   788 does not exist.
          IDoAtm=111111111111111111111
          Differentiating once with respect to nuclear coordinates.
 Keep R1 and R2 ints in memory in canonical form, NReq=955570734.
          There are    66 degrees of freedom in the 1st order CPHF.  IDoFFX=6 NUNeed=     0.
     60 vectors produced by pass  0 Test12= 2.37D-14 1.52D-09 XBig12= 3.52D-01 2.57D-01.
 AX will form    60 AO Fock derivatives at one time.
     60 vectors produced by pass  1 Test12= 2.37D-14 1.52D-09 XBig12= 7.63D-02 8.89D-02.
     60 vectors produced by pass  2 Test12= 2.37D-14 1.52D-09 XBig12= 3.10D-03 1.26D-02.
     60 vectors produced by pass  3 Test12= 2.37D-14 1.52D-09 XBig12= 3.27D-05 7.90D-04.
     60 vectors produced by pass  4 Test12= 2.37D-14 1.52D-09 XBig12= 1.93D-07 5.04D-05.
     60 vectors produced by pass  5 Test12= 2.37D-14 1.52D-09 XBig12= 1.19D-09 3.02D-06.
     42 vectors produced by pass  6 Test12= 2.37D-14 1.52D-09 XBig12= 5.52D-12 1.43D-07.
     11 vectors produced by pass  7 Test12= 2.37D-14 1.52D-09 XBig12= 1.91D-14 1.10D-08.
 InvSVY:  IOpt=1 It=  1 EMax= 7.77D-16
 Solved reduced A of dimension   413 with    66 vectors.
 End of Minotr F.D. properties file   721 does not exist.
 End of Minotr F.D. properties file   722 does not exist.
 End of Minotr F.D. properties file   788 does not exist.
 Calling FoFJK, ICntrl=    100147 FMM=F ISym2X=0 I1Cent= 0 IOpClX= 1 NMat=1 NMatS=1 NMatT=0.
 -------------------------------------------------------------------
 Center     Atomic                   Forces (Hartrees/Bohr)
 Number     Number              X              Y              Z
 -------------------------------------------------------------------
      1        6          -0.000008129    0.001907789   -0.000649661
      2        6           0.001905446    0.001901696    0.003716592
      3        6          -0.003336632    0.014236297    0.024958175
      4        6          -0.001034719   -0.000791044    0.003573609
      5        6          -0.001059008    0.000206773   -0.000449783
      6        6           0.000055880   -0.000479685    0.000828507
      7        8          -0.000564061    0.000542335    0.000696976
      8        1           0.000049143   -0.000028276    0.000031891
      9        8           0.004872870   -0.015751066   -0.028721485
     10        1          -0.000072078   -0.000138780   -0.000672140
     11        1          -0.000183048   -0.000261865   -0.000949614
     12        1           0.000086037   -0.000497599    0.000023605
     13        6          -0.000284753    0.000028095   -0.001332866
     14        1           0.000071973   -0.000054334   -0.000078622
     15        1          -0.000144346   -0.000009037   -0.000078210
     16        1          -0.000092490   -0.000061938   -0.000052494
     17        1           0.000243102    0.000082884    0.000206390
     18        6          -0.000442925   -0.000604559   -0.000863297
     19        1          -0.000045566   -0.000075129   -0.000069155
     20        1          -0.000032449   -0.000131305   -0.000052316
     21        1           0.000015754   -0.000021252   -0.000066102
 -------------------------------------------------------------------
 Cartesian Forces:  Max     0.028721485 RMS     0.005608331
 IRC-IRC-IRC-IRC-IRC-IRC-IRC-IRC-IRC-IRC-IRC-IRC-IRC-IRC-IRC-IRC-IRC-IRC
 Pt 10 Step number   1 out of a maximum of  20
 Modified Bulirsch-Stoer Extrapolation Cycles:
    EPS =    0.000010000000000
      PEZero:  N= 2 I= 1 D=  8.88D-04 Err=  6.25D-06
 Maximum DWI energy   std dev =  0.000003694 at pt    33
 Maximum DWI gradient std dev =  0.004712273 at pt    33
 CORRECTOR INTEGRATION CONVERGENCE:
   Recorrection delta-x convergence threshold:    0.010000
   Delta-x Convergence Met
 Point Number:  10          Path Number:   1
   CHANGE IN THE REACTION COORDINATE =    0.17046
   NET REACTION COORDINATE UP TO THIS POINT =    1.70428
  # OF POINTS ALONG THE PATH =  10
  # OF STEPS =   1

 Maximum number of steps reached.
 Calculation of FORWARD path complete.
 Beginning calculation of the REVERSE path.
 
 Calculating another point on the path.
 IRC-IRC-IRC-IRC-IRC-IRC-IRC-IRC-IRC-IRC-IRC-IRC-IRC-IRC-IRC-IRC-IRC-IRC
                          Input orientation:                          
 ---------------------------------------------------------------------
 Center     Atomic      Atomic             Coordinates (Angstroms)
 Number     Number       Type             X           Y           Z
 ---------------------------------------------------------------------
      1          6           0        1.692341   -0.308822   -0.114070
      2          6           0        1.236932    0.932523   -0.529060
      3          6           0       -0.142720    1.220261   -0.597728
      4          6           0       -1.071342    0.183905   -0.360205
      5          6           0       -0.638654   -1.078373    0.072532
      6          6           0        0.733865   -1.295756    0.186512
      7          8           0       -2.378738    0.482435   -0.563495
      8          1           0        1.074283   -2.274269    0.513794
      9          8           0       -0.416935    2.272427    1.187231
     10          1           0       -2.932900   -0.247729   -0.269417
     11          1           0        0.120801    1.683291    1.738794
     12          1           0       -0.497224    2.121058   -1.076326
     13          6           0        3.166194   -0.615679    0.004564
     14          1           0        3.772477    0.237362   -0.305784
     15          1           0        3.442211   -0.862422    1.034915
     16          1           0        3.447349   -1.470045   -0.619079
     17          1           0        1.940013    1.722671   -0.765406
     18          6           0       -1.641023   -2.166632    0.371009
     19          1           0       -2.334274   -1.877266    1.170669
     20          1           0       -2.240011   -2.424246   -0.510818
     21          1           0       -1.139680   -3.078687    0.696813
 ---------------------------------------------------------------------
                    Distance matrix (angstroms):
                    1          2          3          4          5
     1  C    0.000000
     2  C    1.385839   0.000000
     3  C    2.437103   1.411009   0.000000
     4  C    2.818032   2.432502   1.411662   0.000000
     5  C    2.461822   2.814860   2.445182   1.402791   0.000000
     6  C    1.408214   2.393814   2.777368   2.397303   1.394294
     7  O    4.171542   3.643739   2.354854   1.356368   2.422508
     8  H    2.153878   3.376020   3.863718   3.377898   2.135190
     9  O    3.578446   2.734278   2.090054   2.680435   3.538301
    10  H    4.628253   4.341418   3.169840   1.913100   2.463831
    11  H    3.141872   2.636772   2.396492   2.841683   3.313607
    12  H    3.409465   2.172421   1.079891   2.143596   3.402386
    13  C    1.510124   2.530560   3.831754   4.327712   3.833481
    14  H    2.159175   2.638578   4.047233   4.844420   4.618697
    15  H    2.165337   3.245166   4.455875   4.838731   4.198366
    16  H    2.164146   3.265943   4.486291   4.818831   4.162591
    17  H    2.147683   1.083751   2.149024   3.405913   3.898398
    18  C    3.846828   4.324062   3.828108   2.526704   1.509351
    19  H    4.508237   4.851546   4.186264   2.861293   2.172386
    20  H    4.482837   4.832946   4.205784   2.861979   2.171639
    21  H    4.043517   4.820877   4.598991   3.430227   2.154533
                    6          7          8          9         10
     6  C    0.000000
     7  O    3.662345   0.000000
     8  H    1.086501   4.547892   0.000000
     9  O    3.880426   3.180847   4.832152   0.000000
    10  H    3.840755   0.962661   4.558268   3.847478   0.000000
    11  H    3.414696   3.604204   4.251122   0.969774   4.133623
    12  H    3.845121   2.547190   4.931228   2.270033   3.492101
    13  C    2.532160   5.681093   2.717779   4.751702   6.116322
    14  H    3.438891   6.161488   3.776274   4.890988   6.723000
    15  H    2.871011   6.184416   2.805701   4.974283   6.536143
    16  H    2.835905   6.144800   2.749840   5.674641   6.505683
    17  H    3.387011   4.497840   4.285016   3.109699   5.279560
    18  C    2.536249   2.904321   2.721188   4.676522   2.400267
    19  H    3.274170   2.928735   3.493903   4.571260   2.255569
    20  H    3.256332   2.910467   3.472301   5.316552   2.296867
    21  H    2.636175   3.975580   2.362672   5.421927   3.487630
                   11         12         13         14         15
    11  H    0.000000
    12  H    2.915218   0.000000
    13  C    4.191328   4.698796   0.000000
    14  H    4.427838   4.729947   1.091592   0.000000
    15  H    4.243568   5.373792   1.094847   1.765240   0.000000
    16  H    5.154515   5.353948   1.094497   1.766098   1.762081
    17  H    3.095497   2.489077   2.750318   2.403190   3.490051
    18  C    4.449356   4.667691   5.064492   5.961814   5.289707
    19  H    4.362078   4.940681   5.762512   6.629025   5.866525
    20  H    5.244621   4.900703   5.723949   6.578466   6.092309
    21  H    5.034975   5.531195   5.008609   6.010879   5.100967
                   16         17         18         19         20
    16  H    0.000000
    17  H    3.533682   0.000000
    18  C    5.230396   5.407581   0.000000
    19  H    6.065987   5.914174   1.097171   0.000000
    20  H    5.767867   5.893584   1.096710   1.770726   0.000000
    21  H    5.035885   5.888601   1.090567   1.759263   1.759942
                   21
    21  H    0.000000
 Symmetry turned off by external request.
 Stoichiometry    C8H11O2(2)
 Framework group  C1[X(C8H11O2)]
 Deg. of freedom    57
 Full point group                 C1      NOp   1
 Rotational constants (GHZ):           1.7050886           1.1585955           0.7934000
 Standard basis: 6-311G(d,p) (5D, 7F)
   246 basis functions,   408 primitive gaussians,   256 cartesian basis functions
    38 alpha electrons       37 beta electrons
       nuclear repulsion energy       523.0785388396 Hartrees.
 NAtoms=   21 NActive=   21 NUniq=   21 SFac= 1.00D+00 NAtFMM=   60 NAOKFM=F Big=F
 Integral buffers will be    131072 words long.
 Raffenetti 2 integral format.
 Two-electron integral symmetry is turned off.
 One-electron integrals computed using PRISM.
 NBasis=   246 RedAO= T EigKep=  1.96D-04  NBF=   246
 NBsUse=   246 1.00D-06 EigRej= -1.00D+00 NBFU=   246
 Initial guess from the checkpoint file:  "SR-11-ts-P3.chk"
 B after Tr=     0.000233    0.001108    0.002197
         Rot=    1.000000   -0.000015   -0.000181    0.000022 Ang=  -0.02 deg.
 Initial guess <Sx>= 0.0000 <Sy>= 0.0000 <Sz>= 0.5000 <S**2>= 0.7827 S= 0.5162
 ExpMin= 1.03D-01 ExpMax= 8.59D+03 ExpMxC= 1.30D+03 IAcc=2 IRadAn=         4 AccDes= 0.00D+00
 Harris functional with IExCor=  402 and IRadAn=       4 diagonalized for initial guess.
 HarFok:  IExCor=  402 AccDes= 0.00D+00 IRadAn=         4 IDoV= 1 UseB2=F ITyADJ=14
 ICtDFT=  3500011 ScaDFX=  1.000000  1.000000  1.000000  1.000000
 FoFCou: FMM=F IPFlag=           0 FMFlag=      100000 FMFlg1=           0
         NFxFlg=           0 DoJE=T BraDBF=F KetDBF=T FulRan=T
         wScrn=  0.000000 ICntrl=       500 IOpCl=  0 I1Cent=   200000004 NGrid=           0
         NMat0=    1 NMatS0=      1 NMatT0=    0 NMatD0=    1 NMtDS0=    0 NMtDT0=    0
 Symmetry not used in FoFCou.
 Requested convergence on RMS density matrix=1.00D-08 within 128 cycles.
 Requested convergence on MAX density matrix=1.00D-06.
 Requested convergence on             energy=1.00D-06.
 No special actions if energy rises.
 Integral accuracy reduced to 1.0D-05 until final iterations.
 Initial convergence to 1.0D-05 achieved.  Increase integral accuracy.
 SCF Done:  E(UB3LYP) =  -461.967477671     A.U. after   22 cycles
            NFock= 22  Conv=0.82D-08     -V/T= 2.0038
 <Sx>= 0.0000 <Sy>= 0.0000 <Sz>= 0.5000 <S**2>= 0.7714 S= 0.5107
 <L.S>= 0.000000000000E+00
 Annihilation of the first spin contaminant:
 S**2 before annihilation     0.7714,   after     0.7503
 DoSCS=F DFT=T ScalE2(SS,OS)=  1.000000  1.000000
 Range of M.O.s used for correlation:     1   246
 NBasis=   246 NAE=    38 NBE=    37 NFC=     0 NFV=     0
 NROrb=    246 NOA=    38 NOB=    37 NVA=   208 NVB=   209

 **** Warning!!: The largest alpha MO coefficient is  0.12579744D+02


 **** Warning!!: The largest beta MO coefficient is  0.12545358D+02

 Symmetrizing basis deriv contribution to polar:
 IMax=3 JMax=2 DiffMx= 0.00D+00
 Calling FoFJK, ICntrl=      2147 FMM=F ISym2X=0 I1Cent= 0 IOpClX= 1 NMat=1 NMatS=1 NMatT=0.
 -------------------------------------------------------------------
 Center     Atomic                   Forces (Hartrees/Bohr)
 Number     Number              X              Y              Z
 -------------------------------------------------------------------
      1        6          -0.000061600    0.000014248   -0.000036695
      2        6           0.000122714   -0.000204567   -0.000210867
      3        6          -0.000009138   -0.000069803   -0.000678157
      4        6          -0.000016782   -0.000174382   -0.000225660
      5        6          -0.000000057    0.000061831   -0.000027302
      6        6           0.000030717   -0.000075154   -0.000011730
      7        8          -0.000050252   -0.000037148   -0.000040189
      8        1           0.000002925    0.000001648   -0.000022318
      9        8          -0.000121361    0.000486003    0.001033328
     10        1           0.000055171    0.000021475    0.000029099
     11        1          -0.000016420    0.000067688   -0.000016361
     12        1           0.000025150   -0.000082753   -0.000005377
     13        6           0.000035352   -0.000005158    0.000072271
     14        1          -0.000004622   -0.000006677    0.000027624
     15        1           0.000005135    0.000009133    0.000008174
     16        1           0.000013876    0.000008417    0.000013339
     17        1          -0.000003530   -0.000015750   -0.000012827
     18        6          -0.000003236   -0.000013934    0.000057431
     19        1          -0.000011761    0.000005407    0.000017333
     20        1           0.000002190    0.000011231    0.000018514
     21        1           0.000005529   -0.000001754    0.000010368
 -------------------------------------------------------------------
 Cartesian Forces:  Max     0.001033328 RMS     0.000179025
 IRC-IRC-IRC-IRC-IRC-IRC-IRC-IRC-IRC-IRC-IRC-IRC-IRC-IRC-IRC-IRC-IRC-IRC
 Pt 11 Step number   1 out of a maximum of  20
 Modified Bulirsch-Stoer Extrapolation Cycles:
    EPS =    0.000010000000000
      PEZero:  N= 2 I= 1 D=  4.44D-04 Err=  2.67D-02
      PEZero:  N= 3 I= 2 D=  4.44D-04 Err=  3.43D-02
      PEZero:  N= 3 I= 1 D=  8.88D-04 Err=  2.47D-02
      PEZero:  N= 4 I= 3 D=  2.22D-04 Err=  1.06D-02
      PEZero:  N= 4 I= 2 D=  6.66D-04 Err=  2.02D-02
      PEZero:  N= 5 I= 4 D=  2.22D-04 Err=  2.94D-04
      PEZero:  N= 5 I= 3 D=  4.44D-04 Err=  1.01D-02
      PEZero:  N= 6 I= 5 D=  1.11D-04 Err=  2.16D-04
      PEZero:  N= 6 I= 4 D=  3.33D-04 Err=  5.89D-06
      PEZero:  N= 6 I= 3 D=  5.55D-04 Err=  1.48D-02
 Maximum DWI energy   std dev =  0.000001365 at pt    45
 Maximum DWI gradient std dev =  0.472495200 at pt     2
 CORRECTOR INTEGRATION CONVERGENCE:
   Recorrection delta-x convergence threshold:    0.010000
   Delta-x Convergence Met
 Point Number:   1          Path Number:   2
   CHANGE IN THE REACTION COORDINATE =    0.17029
   NET REACTION COORDINATE UP TO THIS POINT =    0.17029
  # OF POINTS ALONG THE PATH =  11
  # OF STEPS =   1

 Calculating another point on the path.
 IRC-IRC-IRC-IRC-IRC-IRC-IRC-IRC-IRC-IRC-IRC-IRC-IRC-IRC-IRC-IRC-IRC-IRC
                          Input orientation:                          
 ---------------------------------------------------------------------
 Center     Atomic      Atomic             Coordinates (Angstroms)
 Number     Number       Type             X           Y           Z
 ---------------------------------------------------------------------
      1          6           0        1.692430   -0.310229   -0.114625
      2          6           0        1.236479    0.930627   -0.533188
      3          6           0       -0.141348    1.213783   -0.611714
      4          6           0       -1.070677    0.183385   -0.363857
      5          6           0       -0.638186   -1.078625    0.071838
      6          6           0        0.734054   -1.296185    0.185916
      7          8           0       -2.378878    0.481825   -0.564187
      8          1           0        1.074095   -2.274554    0.514120
      9          8           0       -0.419342    2.280205    1.201922
     10          1           0       -2.932191   -0.245975   -0.262858
     11          1           0        0.126241    1.689778    1.744820
     12          1           0       -0.496795    2.121479   -1.076335
     13          6           0        3.166469   -0.615614    0.006431
     14          1           0        3.772344    0.238126   -0.302778
     15          1           0        3.441523   -0.862355    1.037031
     16          1           0        3.449607   -1.469351   -0.617175
     17          1           0        1.939771    1.720642   -0.769517
     18          6           0       -1.640861   -2.166107    0.372367
     19          1           0       -2.333233   -1.875921    1.172559
     20          1           0       -2.240909   -2.423675   -0.508705
     21          1           0       -1.139669   -3.078191    0.698349
 ---------------------------------------------------------------------
                    Distance matrix (angstroms):
                    1          2          3          4          5
     1  C    0.000000
     2  C    1.386655   0.000000
     3  C    2.435662   1.408811   0.000000
     4  C    2.817894   2.431051   1.409541   0.000000
     5  C    2.461091   2.813809   2.443200   1.403406   0.000000
     6  C    1.407451   2.393373   2.775334   2.397588   1.394054
     7  O    4.171931   3.643239   2.354690   1.356683   2.422714
     8  H    2.153191   3.375857   3.861774   3.378218   2.134892
     9  O    3.592106   2.752038   2.122219   2.696767   3.550594
    10  H    4.627441   4.339963   3.168817   1.913056   2.463288
    11  H    3.148097   2.645423   2.418973   2.854531   3.323743
    12  H    3.410395   2.171952   1.079873   2.143169   3.402786
    13  C    1.510201   2.531188   3.830202   4.327692   3.833283
    14  H    2.159199   2.638799   4.045285   4.843716   4.618111
    15  H    2.165752   3.246936   4.457092   4.839008   4.197903
    16  H    2.164207   3.265714   4.482654   4.819613   4.163827
    17  H    2.148139   1.083788   2.147758   3.404485   3.897389
    18  C    3.846072   4.323063   3.826305   2.527301   1.509401
    19  H    4.507127   4.850683   4.187393   2.862754   2.172660
    20  H    4.482534   4.831581   4.201175   2.861326   2.171385
    21  H    4.042687   4.820102   4.597168   3.430878   2.154592
                    6          7          8          9         10
     6  C    0.000000
     7  O    3.662556   0.000000
     8  H    1.086533   4.547900   0.000000
     9  O    3.892705   3.192663   4.842443   0.000000
    10  H    3.840011   0.962625   4.557318   3.852476   0.000000
    11  H    3.422804   3.614732   4.257814   0.970054   4.139071
    12  H    3.845606   2.548136   4.931769   2.285092   3.492525
    13  C    2.532200   5.681625   2.718063   4.761619   6.115783
    14  H    3.438625   6.161596   3.776432   4.899433   6.722108
    15  H    2.871061   6.184480   2.805790   4.980879   6.534054
    16  H    2.837106   6.146636   2.751589   5.686568   6.507651
    17  H    3.386422   4.497507   4.284707   3.124916   5.278286
    18  C    2.536089   2.904023   2.720815   4.685078   2.399573
    19  H    3.273806   2.928709   3.493184   4.575721   2.252975
    20  H    3.256400   2.909303   3.472414   5.326428   2.297975
    21  H    2.636090   3.975343   2.362312   5.429997   3.486905
                   11         12         13         14         15
    11  H    0.000000
    12  H    2.921208   0.000000
    13  C    4.192829   4.699315   0.000000
    14  H    4.426513   4.729795   1.091589   0.000000
    15  H    4.243282   5.374004   1.094839   1.765103   0.000000
    16  H    5.157895   5.355275   1.094495   1.765923   1.762075
    17  H    3.100280   2.488305   2.750450   2.402920   3.491525
    18  C    4.458040   4.668084   5.064421   5.961455   5.288872
    19  H    4.369291   4.940570   5.761506   6.627510   5.864596
    20  H    5.253786   4.901281   5.724875   6.579271   6.092377
    21  H    5.042931   5.531669   5.008579   6.010664   5.100191
                   16         17         18         19         20
    16  H    0.000000
    17  H    3.532544   0.000000
    18  C    5.232353   5.406630   0.000000
    19  H    6.067098   5.913163   1.097221   0.000000
    20  H    5.771003   5.892494   1.096672   1.770652   0.000000
    21  H    5.037898   5.887817   1.090576   1.759240   1.760143
                   21
    21  H    0.000000
 Symmetry turned off by external request.
 Stoichiometry    C8H11O2(2)
 Framework group  C1[X(C8H11O2)]
 Deg. of freedom    57
 Full point group                 C1      NOp   1
 Rotational constants (GHZ):           1.6981429           1.1561589           0.7929259
 Standard basis: 6-311G(d,p) (5D, 7F)
   246 basis functions,   408 primitive gaussians,   256 cartesian basis functions
    38 alpha electrons       37 beta electrons
       nuclear repulsion energy       522.6441595260 Hartrees.
 NAtoms=   21 NActive=   21 NUniq=   21 SFac= 1.00D+00 NAtFMM=   60 NAOKFM=F Big=F
 Integral buffers will be    131072 words long.
 Raffenetti 2 integral format.
 Two-electron integral symmetry is turned off.
 One-electron integrals computed using PRISM.
 NBasis=   246 RedAO= T EigKep=  1.90D-04  NBF=   246
 NBsUse=   246 1.00D-06 EigRej= -1.00D+00 NBFU=   246
 Initial guess from the checkpoint file:  "SR-11-ts-P3.chk"
 B after Tr=     0.000102    0.000133    0.000272
         Rot=    1.000000    0.000049   -0.000017    0.000015 Ang=   0.01 deg.
 Initial guess <Sx>= 0.0000 <Sy>= 0.0000 <Sz>= 0.5000 <S**2>= 0.7715 S= 0.5107
 ExpMin= 1.03D-01 ExpMax= 8.59D+03 ExpMxC= 1.30D+03 IAcc=2 IRadAn=         4 AccDes= 0.00D+00
 Harris functional with IExCor=  402 and IRadAn=       4 diagonalized for initial guess.
 HarFok:  IExCor=  402 AccDes= 0.00D+00 IRadAn=         4 IDoV= 1 UseB2=F ITyADJ=14
 ICtDFT=  3500011 ScaDFX=  1.000000  1.000000  1.000000  1.000000
 FoFCou: FMM=F IPFlag=           0 FMFlag=      100000 FMFlg1=           0
         NFxFlg=           0 DoJE=T BraDBF=F KetDBF=T FulRan=T
         wScrn=  0.000000 ICntrl=       500 IOpCl=  0 I1Cent=   200000004 NGrid=           0
         NMat0=    1 NMatS0=      1 NMatT0=    0 NMatD0=    1 NMtDS0=    0 NMtDT0=    0
 Symmetry not used in FoFCou.
 Requested convergence on RMS density matrix=1.00D-08 within 128 cycles.
 Requested convergence on MAX density matrix=1.00D-06.
 Requested convergence on             energy=1.00D-06.
 No special actions if energy rises.
 Integral accuracy reduced to 1.0D-05 until final iterations.
 Initial convergence to 1.0D-05 achieved.  Increase integral accuracy.
 SCF Done:  E(UB3LYP) =  -461.967558326     A.U. after   15 cycles
            NFock= 15  Conv=0.87D-08     -V/T= 2.0038
 <Sx>= 0.0000 <Sy>= 0.0000 <Sz>= 0.5000 <S**2>= 0.7690 S= 0.5094
 <L.S>= 0.000000000000E+00
 Annihilation of the first spin contaminant:
 S**2 before annihilation     0.7690,   after     0.7502
 DoSCS=F DFT=T ScalE2(SS,OS)=  1.000000  1.000000
 Range of M.O.s used for correlation:     1   246
 NBasis=   246 NAE=    38 NBE=    37 NFC=     0 NFV=     0
 NROrb=    246 NOA=    38 NOB=    37 NVA=   208 NVB=   209

 **** Warning!!: The largest alpha MO coefficient is  0.13484231D+02


 **** Warning!!: The largest beta MO coefficient is  0.13469664D+02

 Symmetrizing basis deriv contribution to polar:
 IMax=3 JMax=2 DiffMx= 0.00D+00
 Calling FoFJK, ICntrl=      2147 FMM=F ISym2X=0 I1Cent= 0 IOpClX= 1 NMat=1 NMatS=1 NMatT=0.
 -------------------------------------------------------------------
 Center     Atomic                   Forces (Hartrees/Bohr)
 Number     Number              X              Y              Z
 -------------------------------------------------------------------
      1        6           0.000022197   -0.000011172   -0.000077596
      2        6           0.000138808   -0.000281558   -0.000386034
      3        6          -0.000033472   -0.000164165   -0.001008263
      4        6          -0.000011269   -0.000285454   -0.000317939
      5        6          -0.000010438    0.000039096   -0.000091679
      6        6           0.000032932   -0.000089525    0.000029258
      7        8          -0.000045729   -0.000070558   -0.000073976
      8        1          -0.000001532    0.000002839    0.000011138
      9        8          -0.000174150    0.000756647    0.001672404
     10        1           0.000041095    0.000052495    0.000019813
     11        1          -0.000047331    0.000110655   -0.000040757
     12        1           0.000046501   -0.000127831   -0.000016644
     13        6           0.000023360    0.000006206    0.000132926
     14        1          -0.000002709    0.000004410    0.000015603
     15        1          -0.000003602   -0.000003474    0.000011497
     16        1           0.000009756    0.000005338    0.000010324
     17        1          -0.000004989   -0.000012216   -0.000027593
     18        6           0.000018287    0.000053486    0.000104746
     19        1           0.000006398    0.000007756    0.000010446
     20        1          -0.000003784    0.000004086    0.000012314
     21        1          -0.000000329    0.000002937    0.000010011
 -------------------------------------------------------------------
 Cartesian Forces:  Max     0.001672404 RMS     0.000281388
 IRC-IRC-IRC-IRC-IRC-IRC-IRC-IRC-IRC-IRC-IRC-IRC-IRC-IRC-IRC-IRC-IRC-IRC
 Pt 12 Step number   1 out of a maximum of  20
 Modified Bulirsch-Stoer Extrapolation Cycles:
    EPS =    0.000010000000000
      PEZero:  N= 2 I= 1 D=  8.88D-04 Err=  4.52D-02
      PEZero:  N= 3 I= 2 D=  8.88D-04 Err=  6.50D-02
      PEZero:  N= 3 I= 1 D=  1.78D-03 Err=  5.23D-02
      PEZero:  N= 4 I= 3 D=  4.44D-04 Err=  1.75D-03
      PEZero:  N= 4 I= 2 D=  1.33D-03 Err=  6.27D-02
      PEZero:  N= 5 I= 4 D=  4.44D-04 Err=  6.78D-06
      PEZero:  N= 5 I= 3 D=  8.88D-04 Err=  1.74D-03
 Maximum DWI energy   std dev =  0.000001505 at pt    94
 Maximum DWI gradient std dev =  0.140290697 at pt    54
 CORRECTOR INTEGRATION CONVERGENCE:
   Recorrection delta-x convergence threshold:    0.010000
   Delta-x Convergence Met
 Point Number:   2          Path Number:   2
   CHANGE IN THE REACTION COORDINATE =    0.17036
   NET REACTION COORDINATE UP TO THIS POINT =    0.34065
  # OF POINTS ALONG THE PATH =  12
  # OF STEPS =   1

 Calculating another point on the path.
 IRC-IRC-IRC-IRC-IRC-IRC-IRC-IRC-IRC-IRC-IRC-IRC-IRC-IRC-IRC-IRC-IRC-IRC
                          Input orientation:                          
 ---------------------------------------------------------------------
 Center     Atomic      Atomic             Coordinates (Angstroms)
 Number     Number       Type             X           Y           Z
 ---------------------------------------------------------------------
      1          6           0        1.692630   -0.311574   -0.115363
      2          6           0        1.236116    0.928490   -0.538035
      3          6           0       -0.140193    1.207786   -0.624864
      4          6           0       -1.070079    0.182526   -0.367743
      5          6           0       -0.637712   -1.078987    0.070961
      6          6           0        0.734302   -1.296466    0.186035
      7          8           0       -2.378983    0.481178   -0.565297
      8          1           0        1.073911   -2.274279    0.516463
      9          8           0       -0.421678    2.288069    1.217096
     10          1           0       -2.931839   -0.244174   -0.257495
     11          1           0        0.130811    1.695650    1.751132
     12          1           0       -0.496396    2.121293   -1.077165
     13          6           0        3.166776   -0.615585    0.008109
     14          1           0        3.772310    0.238859   -0.299869
     15          1           0        3.440718   -0.862651    1.038918
     16          1           0        3.451756   -1.468628   -0.615627
     17          1           0        1.939560    1.718231   -0.775044
     18          6           0       -1.640696   -2.165488    0.373791
     19          1           0       -2.332098   -1.874207    1.174453
     20          1           0       -2.241854   -2.423225   -0.506454
     21          1           0       -1.139780   -3.077606    0.700115
 ---------------------------------------------------------------------
                    Distance matrix (angstroms):
                    1          2          3          4          5
     1  C    0.000000
     2  C    1.387377   0.000000
     3  C    2.434601   1.407044   0.000000
     4  C    2.817870   2.429815   1.407820   0.000000
     5  C    2.460515   2.812841   2.441522   1.403858   0.000000
     6  C    1.406856   2.393015   2.773730   2.397891   1.393902
     7  O    4.172401   3.642770   2.354504   1.357000   2.423007
     8  H    2.152726   3.375797   3.860240   3.378521   2.134678
     9  O    3.606090   2.770780   2.153848   2.713937   3.563336
    10  H    4.627143   4.338859   3.168033   1.913211   2.463293
    11  H    3.154684   2.655282   2.440658   2.867283   3.333499
    12  H    3.411119   2.171414   1.079792   2.142711   3.402933
    13  C    1.510224   2.531776   3.829018   4.327723   3.833122
    14  H    2.159187   2.639052   4.043776   4.843193   4.617633
    15  H    2.166071   3.248882   4.458453   4.839254   4.197301
    16  H    2.164154   3.265158   4.479439   4.820244   4.164970
    17  H    2.148549   1.083835   2.146737   3.403265   3.896471
    18  C    3.845430   4.322057   3.824630   2.527577   1.509359
    19  H    4.505983   4.849730   4.188158   2.863775   2.172789
    20  H    4.482430   4.830245   4.197051   2.860460   2.171095
    21  H    4.042089   4.819409   4.595577   3.431273   2.154619
                    6          7          8          9         10
     6  C    0.000000
     7  O    3.662931   0.000000
     8  H    1.086570   4.548101   0.000000
     9  O    3.904903   3.205125   4.852081   0.000000
    10  H    3.839874   0.962563   4.557013   3.858443   0.000000
    11  H    3.430231   3.624893   4.263118   0.970257   4.144553
    12  H    3.845954   2.548749   4.932196   2.301528   3.492661
    13  C    2.532229   5.682176   2.718414   4.771777   6.115685
    14  H    3.438432   6.161784   3.776720   4.908155   6.721661
    15  H    2.870590   6.184521   2.804894   4.987673   6.532433
    16  H    2.838460   6.148317   2.754061   5.698696   6.509826
    17  H    3.385959   4.497122   4.284563   3.141462   5.277255
    18  C    2.535955   2.903755   2.720530   4.693755   2.399379
    19  H    3.273159   2.928611   3.491977   4.579963   2.251037
    20  H    3.256783   2.908233   3.473160   5.336661   2.299200
    21  H    2.636081   3.975152   2.362094   5.438143   3.486664
                   11         12         13         14         15
    11  H    0.000000
    12  H    2.928110   0.000000
    13  C    4.194880   4.699696   0.000000
    14  H    4.425988   4.729651   1.091602   0.000000
    15  H    4.243540   5.374252   1.094830   1.765114   0.000000
    16  H    5.161674   5.356160   1.094506   1.765777   1.762059
    17  H    3.107033   2.487492   2.750652   2.402771   3.493549
    18  C    4.465835   4.668103   5.064357   5.961152   5.287773
    19  H    4.375197   4.940000   5.760391   6.625894   5.862339
    20  H    5.262258   4.901528   5.725873   6.580238   6.092224
    21  H    5.050050   5.531836   5.008677   6.010619   5.099194
                   16         17         18         19         20
    16  H    0.000000
    17  H    3.531037   0.000000
    18  C    5.234275   5.405676   0.000000
    19  H    6.068101   5.912124   1.097242   0.000000
    20  H    5.774112   5.891351   1.096655   1.770597   0.000000
    21  H    5.040059   5.887146   1.090579   1.759201   1.760282
                   21
    21  H    0.000000
 Symmetry turned off by external request.
 Stoichiometry    C8H11O2(2)
 Framework group  C1[X(C8H11O2)]
 Deg. of freedom    57
 Full point group                 C1      NOp   1
 Rotational constants (GHZ):           1.6909770           1.1535780           0.7924353
 Standard basis: 6-311G(d,p) (5D, 7F)
   246 basis functions,   408 primitive gaussians,   256 cartesian basis functions
    38 alpha electrons       37 beta electrons
       nuclear repulsion energy       522.1963080114 Hartrees.
 NAtoms=   21 NActive=   21 NUniq=   21 SFac= 1.00D+00 NAtFMM=   60 NAOKFM=F Big=F
 Integral buffers will be    131072 words long.
 Raffenetti 2 integral format.
 Two-electron integral symmetry is turned off.
 One-electron integrals computed using PRISM.
 NBasis=   246 RedAO= T EigKep=  1.85D-04  NBF=   246
 NBsUse=   246 1.00D-06 EigRej= -1.00D+00 NBFU=   246
 Initial guess from the checkpoint file:  "SR-11-ts-P3.chk"
 B after Tr=     0.000089    0.000125    0.000263
         Rot=    1.000000    0.000063   -0.000017    0.000015 Ang=   0.01 deg.
 Initial guess <Sx>= 0.0000 <Sy>= 0.0000 <Sz>= 0.5000 <S**2>= 0.7690 S= 0.5095
 ExpMin= 1.03D-01 ExpMax= 8.59D+03 ExpMxC= 1.30D+03 IAcc=2 IRadAn=         4 AccDes= 0.00D+00
 Harris functional with IExCor=  402 and IRadAn=       4 diagonalized for initial guess.
 HarFok:  IExCor=  402 AccDes= 0.00D+00 IRadAn=         4 IDoV= 1 UseB2=F ITyADJ=14
 ICtDFT=  3500011 ScaDFX=  1.000000  1.000000  1.000000  1.000000
 FoFCou: FMM=F IPFlag=           0 FMFlag=      100000 FMFlg1=           0
         NFxFlg=           0 DoJE=T BraDBF=F KetDBF=T FulRan=T
         wScrn=  0.000000 ICntrl=       500 IOpCl=  0 I1Cent=   200000004 NGrid=           0
         NMat0=    1 NMatS0=      1 NMatT0=    0 NMatD0=    1 NMtDS0=    0 NMtDT0=    0
 Symmetry not used in FoFCou.
 Requested convergence on RMS density matrix=1.00D-08 within 128 cycles.
 Requested convergence on MAX density matrix=1.00D-06.
 Requested convergence on             energy=1.00D-06.
 No special actions if energy rises.
 Integral accuracy reduced to 1.0D-05 until final iterations.
 Initial convergence to 1.0D-05 achieved.  Increase integral accuracy.
 SCF Done:  E(UB3LYP) =  -461.967664494     A.U. after   15 cycles
            NFock= 15  Conv=0.85D-08     -V/T= 2.0038
 <Sx>= 0.0000 <Sy>= 0.0000 <Sz>= 0.5000 <S**2>= 0.7668 S= 0.5084
 <L.S>= 0.000000000000E+00
 Annihilation of the first spin contaminant:
 S**2 before annihilation     0.7668,   after     0.7502
 DoSCS=F DFT=T ScalE2(SS,OS)=  1.000000  1.000000
 Range of M.O.s used for correlation:     1   246
 NBasis=   246 NAE=    38 NBE=    37 NFC=     0 NFV=     0
 NROrb=    246 NOA=    38 NOB=    37 NVA=   208 NVB=   209

 **** Warning!!: The largest alpha MO coefficient is  0.14284482D+02


 **** Warning!!: The largest beta MO coefficient is  0.14287589D+02

 Symmetrizing basis deriv contribution to polar:
 IMax=3 JMax=2 DiffMx= 0.00D+00
 Calling FoFJK, ICntrl=      2147 FMM=F ISym2X=0 I1Cent= 0 IOpClX= 1 NMat=1 NMatS=1 NMatT=0.
 -------------------------------------------------------------------
 Center     Atomic                   Forces (Hartrees/Bohr)
 Number     Number              X              Y              Z
 -------------------------------------------------------------------
      1        6           0.000019104   -0.000042211   -0.000100267
      2        6           0.000122261   -0.000304169   -0.000480233
      3        6          -0.000002939   -0.000264590   -0.001089388
      4        6           0.000005511   -0.000272465   -0.000375499
      5        6           0.000002130    0.000023517   -0.000100842
      6        6           0.000033662   -0.000080940    0.000031860
      7        8          -0.000038652   -0.000091243   -0.000130146
      8        1          -0.000002524    0.000006198    0.000013883
      9        8          -0.000209663    0.000875050    0.001943662
     10        1           0.000033847    0.000044621    0.000024677
     11        1          -0.000042291    0.000117600   -0.000044774
     12        1           0.000033672   -0.000093867   -0.000041570
     13        6           0.000026046    0.000008430    0.000157901
     14        1          -0.000001991    0.000004845    0.000020068
     15        1          -0.000006807   -0.000004051    0.000012499
     16        1           0.000012356    0.000006273    0.000011529
     17        1          -0.000002722   -0.000016110   -0.000034582
     18        6           0.000017137    0.000064808    0.000139286
     19        1           0.000007883    0.000010329    0.000012659
     20        1          -0.000005519    0.000003496    0.000016227
     21        1          -0.000000501    0.000004480    0.000013051
 -------------------------------------------------------------------
 Cartesian Forces:  Max     0.001943662 RMS     0.000322247
 IRC-IRC-IRC-IRC-IRC-IRC-IRC-IRC-IRC-IRC-IRC-IRC-IRC-IRC-IRC-IRC-IRC-IRC
 Pt 13 Step number   1 out of a maximum of  20
 Modified Bulirsch-Stoer Extrapolation Cycles:
    EPS =    0.000010000000000
      PEZero:  N= 2 I= 1 D=  8.88D-04 Err=  6.28D-02
      PEZero:  N= 3 I= 2 D=  8.88D-04 Err=  1.72D-02
      PEZero:  N= 3 I= 1 D=  1.78D-03 Err=  3.70D-02
      PEZero:  N= 4 I= 3 D=  4.44D-04 Err=  9.17D-06
      PEZero:  N= 4 I= 2 D=  1.33D-03 Err=  1.72D-02
 Maximum DWI energy   std dev =  0.000001156 at pt    48
 Maximum DWI gradient std dev =  0.098538545 at pt    74
 CORRECTOR INTEGRATION CONVERGENCE:
   Recorrection delta-x convergence threshold:    0.010000
   Delta-x Convergence Met
 Point Number:   3          Path Number:   2
   CHANGE IN THE REACTION COORDINATE =    0.17041
   NET REACTION COORDINATE UP TO THIS POINT =    0.51107
  # OF POINTS ALONG THE PATH =  13
  # OF STEPS =   1

 Calculating another point on the path.
 IRC-IRC-IRC-IRC-IRC-IRC-IRC-IRC-IRC-IRC-IRC-IRC-IRC-IRC-IRC-IRC-IRC-IRC
                          Input orientation:                          
 ---------------------------------------------------------------------
 Center     Atomic      Atomic             Coordinates (Angstroms)
 Number     Number       Type             X           Y           Z
 ---------------------------------------------------------------------
      1          6           0        1.692831   -0.312931   -0.116365
      2          6           0        1.235858    0.926210   -0.543321
      3          6           0       -0.139136    1.202252   -0.637340
      4          6           0       -1.069492    0.181550   -0.371780
      5          6           0       -0.637259   -1.079366    0.069994
      6          6           0        0.734544   -1.296771    0.186190
      7          8           0       -2.379066    0.480393   -0.566743
      8          1           0        1.073730   -2.273914    0.519115
      9          8           0       -0.424033    2.295884    1.232548
     10          1           0       -2.931475   -0.242419   -0.252343
     11          1           0        0.136163    1.701875    1.757113
     12          1           0       -0.495962    2.120833   -1.078703
     13          6           0        3.167063   -0.615543    0.009871
     14          1           0        3.772325    0.239662   -0.296569
     15          1           0        3.439519   -0.863031    1.040962
     16          1           0        3.454124   -1.467833   -0.613967
     17          1           0        1.939519    1.715540   -0.781281
     18          6           0       -1.640552   -2.164796    0.375452
     19          1           0       -2.330855   -1.872212    1.176617
     20          1           0       -2.242950   -2.422888   -0.503819
     21          1           0       -1.139895   -3.076888    0.702252
 ---------------------------------------------------------------------
                    Distance matrix (angstroms):
                    1          2          3          4          5
     1  C    0.000000
     2  C    1.388016   0.000000
     3  C    2.433783   1.405577   0.000000
     4  C    2.817832   2.428700   1.406384   0.000000
     5  C    2.459974   2.811949   2.440129   1.404243   0.000000
     6  C    1.406340   2.392727   2.772478   2.398188   1.393776
     7  O    4.172835   3.642386   2.354432   1.357314   2.423257
     8  H    2.152342   3.375774   3.859036   3.378815   2.134510
     9  O    3.620304   2.790154   2.184875   2.731464   3.576215
    10  H    4.626842   4.337860   3.167405   1.913373   2.463293
    11  H    3.161104   2.665142   2.461466   2.880481   3.343629
    12  H    3.411762   2.170934   1.079776   2.142311   3.403049
    13  C    1.510254   2.532307   3.828082   4.327749   3.832964
    14  H    2.159196   2.639299   4.042553   4.842750   4.617211
    15  H    2.166319   3.250763   4.459694   4.839232   4.196391
    16  H    2.164153   3.264528   4.476765   4.821019   4.166308
    17  H    2.148874   1.083884   2.145923   3.402199   3.895632
    18  C    3.844831   4.321133   3.823219   2.527806   1.509324
    19  H    4.504799   4.848793   4.188843   2.864700   2.172898
    20  H    4.482456   4.829091   4.193507   2.859639   2.170842
    21  H    4.041526   4.818760   4.594243   3.431606   2.154643
                    6          7          8          9         10
     6  C    0.000000
     7  O    3.663303   0.000000
     8  H    1.086598   4.548306   0.000000
     9  O    3.917185   3.218014   4.861619   0.000000
    10  H    3.839748   0.962528   4.556730   3.864603   0.000000
    11  H    3.437693   3.635753   4.268322   0.970481   4.150734
    12  H    3.846312   2.549358   4.932621   2.318987   3.492786
    13  C    2.532253   5.682702   2.718744   4.781979   6.115566
    14  H    3.438284   6.162025   3.777013   4.916876   6.721257
    15  H    2.869783   6.184290   2.803547   4.994246   6.530495
    16  H    2.840005   6.150116   2.756795   5.710980   6.512165
    17  H    3.385554   4.496864   4.284432   3.158905   5.276358
    18  C    2.535817   2.903474   2.720270   4.702361   2.399196
    19  H    3.272423   2.928546   3.490684   4.583899   2.249199
    20  H    3.257257   2.907151   3.474039   5.346984   2.300381
    21  H    2.636031   3.974940   2.361872   5.446133   3.486435
                   11         12         13         14         15
    11  H    0.000000
    12  H    2.935466   0.000000
    13  C    4.196384   4.700053   0.000000
    14  H    4.424630   4.729568   1.091615   0.000000
    15  H    4.243086   5.374424   1.094821   1.765130   0.000000
    16  H    5.165069   5.357022   1.094521   1.765654   1.762041
    17  H    3.113795   2.486823   2.750769   2.402569   3.495654
    18  C    4.474019   4.668112   5.064286   5.960895   5.286267
    19  H    4.381467   4.939404   5.759134   6.624131   5.859529
    20  H    5.271210   4.901822   5.727007   6.581463   6.091794
    21  H    5.057434   5.531976   5.008742   6.010579   5.097737
                   16         17         18         19         20
    16  H    0.000000
    17  H    3.529290   0.000000
    18  C    5.236452   5.404807   0.000000
    19  H    6.069242   5.911127   1.097265   0.000000
    20  H    5.777622   5.890383   1.096637   1.770547   0.000000
    21  H    5.042470   5.886512   1.090582   1.759163   1.760413
                   21
    21  H    0.000000
 Symmetry turned off by external request.
 Stoichiometry    C8H11O2(2)
 Framework group  C1[X(C8H11O2)]
 Deg. of freedom    57
 Full point group                 C1      NOp   1
 Rotational constants (GHZ):           1.6836812           1.1509254           0.7919368
 Standard basis: 6-311G(d,p) (5D, 7F)
   246 basis functions,   408 primitive gaussians,   256 cartesian basis functions
    38 alpha electrons       37 beta electrons
       nuclear repulsion energy       521.7429387036 Hartrees.
 NAtoms=   21 NActive=   21 NUniq=   21 SFac= 1.00D+00 NAtFMM=   60 NAOKFM=F Big=F
 Integral buffers will be    131072 words long.
 Raffenetti 2 integral format.
 Two-electron integral symmetry is turned off.
 One-electron integrals computed using PRISM.
 NBasis=   246 RedAO= T EigKep=  1.81D-04  NBF=   246
 NBsUse=   246 1.00D-06 EigRej= -1.00D+00 NBFU=   246
 Initial guess from the checkpoint file:  "SR-11-ts-P3.chk"
 B after Tr=     0.000101    0.000128    0.000264
         Rot=    1.000000    0.000075   -0.000018    0.000016 Ang=   0.01 deg.
 Initial guess <Sx>= 0.0000 <Sy>= 0.0000 <Sz>= 0.5000 <S**2>= 0.7668 S= 0.5084
 ExpMin= 1.03D-01 ExpMax= 8.59D+03 ExpMxC= 1.30D+03 IAcc=2 IRadAn=         4 AccDes= 0.00D+00
 Harris functional with IExCor=  402 and IRadAn=       4 diagonalized for initial guess.
 HarFok:  IExCor=  402 AccDes= 0.00D+00 IRadAn=         4 IDoV= 1 UseB2=F ITyADJ=14
 ICtDFT=  3500011 ScaDFX=  1.000000  1.000000  1.000000  1.000000
 FoFCou: FMM=F IPFlag=           0 FMFlag=      100000 FMFlg1=           0
         NFxFlg=           0 DoJE=T BraDBF=F KetDBF=T FulRan=T
         wScrn=  0.000000 ICntrl=       500 IOpCl=  0 I1Cent=   200000004 NGrid=           0
         NMat0=    1 NMatS0=      1 NMatT0=    0 NMatD0=    1 NMtDS0=    0 NMtDT0=    0
 Symmetry not used in FoFCou.
 Requested convergence on RMS density matrix=1.00D-08 within 128 cycles.
 Requested convergence on MAX density matrix=1.00D-06.
 Requested convergence on             energy=1.00D-06.
 No special actions if energy rises.
 Integral accuracy reduced to 1.0D-05 until final iterations.
 Initial convergence to 1.0D-05 achieved.  Increase integral accuracy.
 SCF Done:  E(UB3LYP) =  -461.967778689     A.U. after   17 cycles
            NFock= 17  Conv=0.94D-08     -V/T= 2.0038
 <Sx>= 0.0000 <Sy>= 0.0000 <Sz>= 0.5000 <S**2>= 0.7649 S= 0.5074
 <L.S>= 0.000000000000E+00
 Annihilation of the first spin contaminant:
 S**2 before annihilation     0.7649,   after     0.7501
 DoSCS=F DFT=T ScalE2(SS,OS)=  1.000000  1.000000
 Range of M.O.s used for correlation:     1   246
 NBasis=   246 NAE=    38 NBE=    37 NFC=     0 NFV=     0
 NROrb=    246 NOA=    38 NOB=    37 NVA=   208 NVB=   209

 **** Warning!!: The largest alpha MO coefficient is  0.14983068D+02


 **** Warning!!: The largest beta MO coefficient is  0.15003603D+02

 Symmetrizing basis deriv contribution to polar:
 IMax=3 JMax=2 DiffMx= 0.00D+00
 Calling FoFJK, ICntrl=      2147 FMM=F ISym2X=0 I1Cent= 0 IOpClX= 1 NMat=1 NMatS=1 NMatT=0.
 -------------------------------------------------------------------
 Center     Atomic                   Forces (Hartrees/Bohr)
 Number     Number              X              Y              Z
 -------------------------------------------------------------------
      1        6           0.000019560   -0.000057876   -0.000122553
      2        6           0.000108052   -0.000302245   -0.000524443
      3        6           0.000008288   -0.000280204   -0.001017010
      4        6           0.000014193   -0.000250869   -0.000388419
      5        6           0.000007849    0.000010281   -0.000107745
      6        6           0.000032258   -0.000070446    0.000034918
      7        8          -0.000040212   -0.000119065   -0.000175852
      8        1          -0.000002549    0.000007912    0.000017093
      9        8          -0.000191390    0.000846811    0.002007442
     10        1           0.000037797    0.000051426    0.000017616
     11        1          -0.000057934    0.000143020   -0.000070385
     12        1           0.000024422   -0.000071732   -0.000057458
     13        6           0.000024170    0.000008460    0.000165167
     14        1          -0.000001822    0.000004589    0.000022807
     15        1          -0.000010147   -0.000004549    0.000012020
     16        1           0.000013424    0.000007705    0.000012540
     17        1          -0.000001570   -0.000018050   -0.000039016
     18        6           0.000013643    0.000073966    0.000164098
     19        1           0.000009142    0.000012607    0.000014008
     20        1          -0.000006647    0.000002620    0.000019620
     21        1          -0.000000530    0.000005640    0.000015550
 -------------------------------------------------------------------
 Cartesian Forces:  Max     0.002007442 RMS     0.000325632
 IRC-IRC-IRC-IRC-IRC-IRC-IRC-IRC-IRC-IRC-IRC-IRC-IRC-IRC-IRC-IRC-IRC-IRC
 Pt 14 Step number   1 out of a maximum of  20
 Modified Bulirsch-Stoer Extrapolation Cycles:
    EPS =    0.000010000000000
      PEZero:  N= 2 I= 1 D=  8.88D-04 Err=  6.82D-02
      PEZero:  N= 3 I= 2 D=  8.88D-04 Err=  2.14D-03
      PEZero:  N= 3 I= 1 D=  1.78D-03 Err=  6.50D-02
      PEZero:  N= 4 I= 3 D=  4.44D-04 Err=  1.09D-05
      PEZero:  N= 4 I= 2 D=  1.33D-03 Err=  2.13D-03
      PEZero:  N= 5 I= 4 D=  4.44D-04 Err=  7.24D-06
      PEZero:  N= 5 I= 3 D=  8.88D-04 Err=  3.04D-08
      PEZero:  N= 5 I= 2 D=  1.78D-03 Err=  1.07D-03
 Maximum DWI energy   std dev =  0.000000849 at pt    44
 Maximum DWI gradient std dev =  0.097622253 at pt    38
 CORRECTOR INTEGRATION CONVERGENCE:
   Recorrection delta-x convergence threshold:    0.010000
   Delta-x Convergence Met
 Point Number:   4          Path Number:   2
   CHANGE IN THE REACTION COORDINATE =    0.17042
   NET REACTION COORDINATE UP TO THIS POINT =    0.68149
  # OF POINTS ALONG THE PATH =  14
  # OF STEPS =   1

 Calculating another point on the path.
 IRC-IRC-IRC-IRC-IRC-IRC-IRC-IRC-IRC-IRC-IRC-IRC-IRC-IRC-IRC-IRC-IRC-IRC
                          Input orientation:                          
 ---------------------------------------------------------------------
 Center     Atomic      Atomic             Coordinates (Angstroms)
 Number     Number       Type             X           Y           Z
 ---------------------------------------------------------------------
      1          6           0        1.693037   -0.314299   -0.117661
      2          6           0        1.235684    0.923799   -0.549055
      3          6           0       -0.138179    1.197182   -0.649046
      4          6           0       -1.068914    0.180477   -0.375939
      5          6           0       -0.636824   -1.079762    0.068939
      6          6           0        0.734779   -1.297068    0.186421
      7          8           0       -2.379108    0.479463   -0.568640
      8          1           0        1.073554   -2.273399    0.522215
      9          8           0       -0.426392    2.303569    1.248269
     10          1           0       -2.931099   -0.240706   -0.247629
     11          1           0        0.142438    1.708644    1.762794
     12          1           0       -0.495519    2.120117   -1.080853
     13          6           0        3.167324   -0.615498    0.011688
     14          1           0        3.772390    0.240550   -0.292826
     15          1           0        3.437883   -0.863559    1.043133
     16          1           0        3.456733   -1.466939   -0.612251
     17          1           0        1.939607    1.712566   -0.788331
     18          6           0       -1.640437   -2.163994    0.377415
     19          1           0       -2.329467   -1.869829    1.179130
     20          1           0       -2.244251   -2.422656   -0.500692
     21          1           0       -1.140036   -3.076002    0.704852
 ---------------------------------------------------------------------
                    Distance matrix (angstroms):
                    1          2          3          4          5
     1  C    0.000000
     2  C    1.388582   0.000000
     3  C    2.433166   1.404363   0.000000
     4  C    2.817780   2.427687   1.405185   0.000000
     5  C    2.459472   2.811131   2.438980   1.404571   0.000000
     6  C    1.405901   2.392505   2.771524   2.398478   1.393671
     7  O    4.173225   3.642051   2.354432   1.357621   2.423478
     8  H    2.152039   3.375793   3.858119   3.379105   2.134390
     9  O    3.634691   2.810094   2.215166   2.749255   3.589154
    10  H    4.626548   4.336936   3.166869   1.913529   2.463317
    11  H    3.167455   2.675035   2.481392   2.894278   3.354340
    12  H    3.412316   2.170495   1.079796   2.141936   3.403118
    13  C    1.510289   2.532805   3.827365   4.327763   3.832800
    14  H    2.159225   2.639577   4.041608   4.842390   4.616846
    15  H    2.166475   3.252598   4.460756   4.838904   4.195120
    16  H    2.164214   3.263845   4.474628   4.821960   4.167869
    17  H    2.149134   1.083935   2.145278   3.401259   3.894869
    18  C    3.844284   4.320287   3.822029   2.527988   1.509290
    19  H    4.503541   4.847812   4.189335   2.865482   2.172964
    20  H    4.482647   4.828152   4.190558   2.858895   2.170638
    21  H    4.041019   4.818167   4.593131   3.431883   2.154665
                    6          7          8          9         10
     6  C    0.000000
     7  O    3.663669   0.000000
     8  H    1.086622   4.548526   0.000000
     9  O    3.929431   3.231350   4.870896   0.000000
    10  H    3.839657   0.962490   4.556506   3.870996   0.000000
    11  H    3.445305   3.647556   4.273486   0.970689   4.157932
    12  H    3.846657   2.549905   4.933032   2.337358   3.492821
    13  C    2.532260   5.683188   2.719034   4.792168   6.115429
    14  H    3.438172   6.162312   3.777294   4.925525   6.720895
    15  H    2.868563   6.183761   2.801616   5.000540   6.528242
    16  H    2.841789   6.152026   2.759879   5.723367   6.514676
    17  H    3.385210   4.496677   4.284331   3.177259   5.275549
    18  C    2.535684   2.903191   2.720052   4.710776   2.399067
    19  H    3.271564   2.928538   3.489263   4.587344   2.247586
    20  H    3.257866   2.906045   3.475118   5.357302   2.301457
    21  H    2.635965   3.974721   2.361675   5.453840   3.486263
                   11         12         13         14         15
    11  H    0.000000
    12  H    2.943234   0.000000
    13  C    4.197373   4.700389   0.000000
    14  H    4.422379   4.729568   1.091628   0.000000
    15  H    4.241945   5.374504   1.094813   1.765146   0.000000
    16  H    5.168145   5.357879   1.094537   1.765556   1.762021
    17  H    3.120588   2.486264   2.750854   2.402384   3.497929
    18  C    4.482772   4.668082   5.064204   5.960684   5.284283
    19  H    4.388217   4.938680   5.757689   6.622161   5.856057
    20  H    5.280842   4.902187   5.728307   6.582997   6.091045
    21  H    5.065256   5.532070   5.008783   6.010558   5.095751
                   16         17         18         19         20
    16  H    0.000000
    17  H    3.527312   0.000000
    18  C    5.238938   5.404017   0.000000
    19  H    6.070542   5.910114   1.097288   0.000000
    20  H    5.781614   5.889607   1.096617   1.770503   0.000000
    21  H    5.045209   5.885931   1.090585   1.759130   1.760536
                   21
    21  H    0.000000
 Symmetry turned off by external request.
 Stoichiometry    C8H11O2(2)
 Framework group  C1[X(C8H11O2)]
 Deg. of freedom    57
 Full point group                 C1      NOp   1
 Rotational constants (GHZ):           1.6763000           1.1482040           0.7914447
 Standard basis: 6-311G(d,p) (5D, 7F)
   246 basis functions,   408 primitive gaussians,   256 cartesian basis functions
    38 alpha electrons       37 beta electrons
       nuclear repulsion energy       521.2874682366 Hartrees.
 NAtoms=   21 NActive=   21 NUniq=   21 SFac= 1.00D+00 NAtFMM=   60 NAOKFM=F Big=F
 Integral buffers will be    131072 words long.
 Raffenetti 2 integral format.
 Two-electron integral symmetry is turned off.
 One-electron integrals computed using PRISM.
 NBasis=   246 RedAO= T EigKep=  1.78D-04  NBF=   246
 NBsUse=   246 1.00D-06 EigRej= -1.00D+00 NBFU=   246
 Initial guess from the checkpoint file:  "SR-11-ts-P3.chk"
 B after Tr=     0.000114    0.000137    0.000268
         Rot=    1.000000    0.000090   -0.000018    0.000019 Ang=   0.01 deg.
 Initial guess <Sx>= 0.0000 <Sy>= 0.0000 <Sz>= 0.5000 <S**2>= 0.7649 S= 0.5074
 ExpMin= 1.03D-01 ExpMax= 8.59D+03 ExpMxC= 1.30D+03 IAcc=2 IRadAn=         4 AccDes= 0.00D+00
 Harris functional with IExCor=  402 and IRadAn=       4 diagonalized for initial guess.
 HarFok:  IExCor=  402 AccDes= 0.00D+00 IRadAn=         4 IDoV= 1 UseB2=F ITyADJ=14
 ICtDFT=  3500011 ScaDFX=  1.000000  1.000000  1.000000  1.000000
 FoFCou: FMM=F IPFlag=           0 FMFlag=      100000 FMFlg1=           0
         NFxFlg=           0 DoJE=T BraDBF=F KetDBF=T FulRan=T
         wScrn=  0.000000 ICntrl=       500 IOpCl=  0 I1Cent=   200000004 NGrid=           0
         NMat0=    1 NMatS0=      1 NMatT0=    0 NMatD0=    1 NMtDS0=    0 NMtDT0=    0
 Symmetry not used in FoFCou.
 Requested convergence on RMS density matrix=1.00D-08 within 128 cycles.
 Requested convergence on MAX density matrix=1.00D-06.
 Requested convergence on             energy=1.00D-06.
 No special actions if energy rises.
 Integral accuracy reduced to 1.0D-05 until final iterations.
 Initial convergence to 1.0D-05 achieved.  Increase integral accuracy.
 SCF Done:  E(UB3LYP) =  -461.967888938     A.U. after   19 cycles
            NFock= 19  Conv=0.42D-08     -V/T= 2.0038
 <Sx>= 0.0000 <Sy>= 0.0000 <Sz>= 0.5000 <S**2>= 0.7632 S= 0.5066
 <L.S>= 0.000000000000E+00
 Annihilation of the first spin contaminant:
 S**2 before annihilation     0.7632,   after     0.7501
 DoSCS=F DFT=T ScalE2(SS,OS)=  1.000000  1.000000
 Range of M.O.s used for correlation:     1   246
 NBasis=   246 NAE=    38 NBE=    37 NFC=     0 NFV=     0
 NROrb=    246 NOA=    38 NOB=    37 NVA=   208 NVB=   209

 **** Warning!!: The largest alpha MO coefficient is  0.15573507D+02


 **** Warning!!: The largest beta MO coefficient is  0.15611395D+02

 Symmetrizing basis deriv contribution to polar:
 IMax=3 JMax=2 DiffMx= 0.00D+00
 G2DrvN: will do    22 centers at a time, making    1 passes.
 Calling FoFCou, ICntrl=  3107 FMM=F I1Cent=   0 AccDes= 0.00D+00.
 End of G2Drv F.D. properties file   721 does not exist.
 End of G2Drv F.D. properties file   722 does not exist.
 End of G2Drv F.D. properties file   788 does not exist.
          IDoAtm=111111111111111111111
          Differentiating once with respect to nuclear coordinates.
 Keep R1 and R2 ints in memory in canonical form, NReq=955570734.
          There are    66 degrees of freedom in the 1st order CPHF.  IDoFFX=6 NUNeed=     0.
     60 vectors produced by pass  0 Test12= 2.37D-14 1.52D-09 XBig12= 3.15D-01 2.03D-01.
 AX will form    60 AO Fock derivatives at one time.
     60 vectors produced by pass  1 Test12= 2.37D-14 1.52D-09 XBig12= 6.37D-02 7.94D-02.
     60 vectors produced by pass  2 Test12= 2.37D-14 1.52D-09 XBig12= 1.64D-03 8.36D-03.
     60 vectors produced by pass  3 Test12= 2.37D-14 1.52D-09 XBig12= 1.59D-05 6.11D-04.
     60 vectors produced by pass  4 Test12= 2.37D-14 1.52D-09 XBig12= 8.36D-08 2.27D-05.
     60 vectors produced by pass  5 Test12= 2.37D-14 1.52D-09 XBig12= 4.09D-10 1.92D-06.
     40 vectors produced by pass  6 Test12= 2.37D-14 1.52D-09 XBig12= 1.40D-12 9.18D-08.
     11 vectors produced by pass  7 Test12= 2.37D-14 1.52D-09 XBig12= 5.06D-15 5.12D-09.
 InvSVY:  IOpt=1 It=  1 EMax= 1.11D-15
 Solved reduced A of dimension   411 with    66 vectors.
 End of Minotr F.D. properties file   721 does not exist.
 End of Minotr F.D. properties file   722 does not exist.
 End of Minotr F.D. properties file   788 does not exist.
 Calling FoFJK, ICntrl=    100147 FMM=F ISym2X=0 I1Cent= 0 IOpClX= 1 NMat=1 NMatS=1 NMatT=0.
 -------------------------------------------------------------------
 Center     Atomic                   Forces (Hartrees/Bohr)
 Number     Number              X              Y              Z
 -------------------------------------------------------------------
      1        6           0.000016752   -0.000063630   -0.000134150
      2        6           0.000096340   -0.000278629   -0.000518008
      3        6           0.000013592   -0.000257964   -0.000864237
      4        6           0.000018909   -0.000219291   -0.000365372
      5        6           0.000008891    0.000002922   -0.000100404
      6        6           0.000029485   -0.000056479    0.000032521
      7        8          -0.000036151   -0.000132884   -0.000215083
      8        1          -0.000002769    0.000010330    0.000016297
      9        8          -0.000150932    0.000731891    0.001907162
     10        1           0.000036157    0.000050151    0.000009814
     11        1          -0.000073486    0.000162252   -0.000098845
     12        1           0.000014962   -0.000048444   -0.000067856
     13        6           0.000019944    0.000008553    0.000157426
     14        1          -0.000002067    0.000003518    0.000023054
     15        1          -0.000012226   -0.000004892    0.000009175
     16        1           0.000012613    0.000008751    0.000011890
     17        1          -0.000000600   -0.000017799   -0.000037019
     18        6           0.000008267    0.000079988    0.000181745
     19        1           0.000009643    0.000013378    0.000013635
     20        1          -0.000006787    0.000001816    0.000021455
     21        1          -0.000000539    0.000006461    0.000016798
 -------------------------------------------------------------------
 Cartesian Forces:  Max     0.001907162 RMS     0.000302667
 IRC-IRC-IRC-IRC-IRC-IRC-IRC-IRC-IRC-IRC-IRC-IRC-IRC-IRC-IRC-IRC-IRC-IRC
 Reaction path inflection point has been passed.
   Previous lowest Hessian eigenvalue=   -0.0002068362
   Current lowest Hessian eigenvalue =    0.0000627738
 Pt 15 Step number   1 out of a maximum of  20
 Modified Bulirsch-Stoer Extrapolation Cycles:
    EPS =    0.000010000000000
      PEZero:  N= 2 I= 1 D=  8.88D-04 Err=  6.71D-02
      PEZero:  N= 3 I= 2 D=  8.88D-04 Err=  9.79D-03
      PEZero:  N= 3 I= 1 D=  1.78D-03 Err=  5.24D-02
      PEZero:  N= 4 I= 3 D=  4.44D-04 Err=  1.43D-05
      PEZero:  N= 4 I= 2 D=  1.33D-03 Err=  9.79D-03
      PEZero:  N= 5 I= 4 D=  4.44D-04 Err=  9.54D-06
      PEZero:  N= 5 I= 3 D=  8.88D-04 Err=  3.45D-08
      PEZero:  N= 5 I= 2 D=  1.78D-03 Err=  4.90D-03
 Maximum DWI energy   std dev =  0.000000668 at pt    40
 Maximum DWI gradient std dev =  0.097947708 at pt    42
 CORRECTOR INTEGRATION CONVERGENCE:
   Recorrection delta-x convergence threshold:    0.010000
   Delta-x Convergence Met
 Point Number:   5          Path Number:   2
   CHANGE IN THE REACTION COORDINATE =    0.17041
   NET REACTION COORDINATE UP TO THIS POINT =    0.85190
  # OF POINTS ALONG THE PATH =  15
  # OF STEPS =   1

 Calculating another point on the path.
 IRC-IRC-IRC-IRC-IRC-IRC-IRC-IRC-IRC-IRC-IRC-IRC-IRC-IRC-IRC-IRC-IRC-IRC
                          Input orientation:                          
 ---------------------------------------------------------------------
 Center     Atomic      Atomic             Coordinates (Angstroms)
 Number     Number       Type             X           Y           Z
 ---------------------------------------------------------------------
      1          6           0        1.693233   -0.315633   -0.119235
      2          6           0        1.235606    0.921321   -0.555138
      3          6           0       -0.137345    1.192644   -0.659882
      4          6           0       -1.068361    0.179313   -0.380236
      5          6           0       -0.636427   -1.080129    0.067874
      6          6           0        0.734994   -1.297331    0.186669
      7          8           0       -2.379111    0.478347   -0.571173
      8          1           0        1.073391   -2.272747    0.525517
      9          8           0       -0.428779    2.310970    1.264402
     10          1           0       -2.930714   -0.239394   -0.244313
     11          1           0        0.149799    1.715280    1.767131
     12          1           0       -0.495082    2.119046   -1.084073
     13          6           0        3.167534   -0.615474    0.013398
     14          1           0        3.772484    0.241361   -0.289150
     15          1           0        3.436000   -0.864098    1.045234
     16          1           0        3.459304   -1.466114   -0.610558
     17          1           0        1.939830    1.709476   -0.795769
     18          6           0       -1.640353   -2.163069    0.379686
     19          1           0       -2.328083   -1.867097    1.181866
     20          1           0       -2.245592   -2.422582   -0.497170
     21          1           0       -1.140186   -3.074910    0.707953
 ---------------------------------------------------------------------
                    Distance matrix (angstroms):
                    1          2          3          4          5
     1  C    0.000000
     2  C    1.389061   0.000000
     3  C    2.432739   1.403418   0.000000
     4  C    2.817712   2.426815   1.404220   0.000000
     5  C    2.459020   2.810418   2.438075   1.404835   0.000000
     6  C    1.405536   2.392343   2.770848   2.398738   1.393586
     7  O    4.173565   3.641794   2.354486   1.357919   2.423670
     8  H    2.151791   3.375826   3.857459   3.379362   2.134304
     9  O    3.649169   2.830553   2.244651   2.767284   3.601992
    10  H    4.626267   4.336137   3.166440   1.913673   2.463341
    11  H    3.172565   2.683706   2.499198   2.907627   3.364511
    12  H    3.412814   2.170161   1.079877   2.141635   3.403186
    13  C    1.510317   2.533242   3.826855   4.327752   3.832621
    14  H    2.159259   2.639857   4.040934   4.842100   4.616524
    15  H    2.166572   3.254327   4.461659   4.838382   4.193633
    16  H    2.164257   3.263089   4.472953   4.822886   4.169444
    17  H    2.149320   1.083985   2.144816   3.400482   3.894210
    18  C    3.843792   4.319548   3.821067   2.528124   1.509257
    19  H    4.502320   4.846889   4.189676   2.866156   2.173016
    20  H    4.482903   4.827400   4.188203   2.858217   2.170454
    21  H    4.040558   4.817639   4.592241   3.432095   2.154675
                    6          7          8          9         10
     6  C    0.000000
     7  O    3.664015   0.000000
     8  H    1.086632   4.548738   0.000000
     9  O    3.941536   3.245248   4.879849   0.000000
    10  H    3.839581   0.962421   4.556316   3.878176   0.000000
    11  H    3.451976   3.659653   4.277732   0.970740   4.166079
    12  H    3.847012   2.550397   4.933431   2.357237   3.492812
    13  C    2.532233   5.683611   2.719237   4.802349   6.115265
    14  H    3.438070   6.162615   3.777503   4.934311   6.720565
    15  H    2.867099   6.183077   2.799342   5.006556   6.525965
    16  H    2.843576   6.153826   2.762952   5.735767   6.517001
    17  H    3.384923   4.496596   4.284229   3.196312   5.274883
    18  C    2.535553   2.902926   2.719872   4.718862   2.398944
    19  H    3.270702   2.928627   3.487889   4.590251   2.246457
    20  H    3.258484   2.904943   3.476203   5.367537   2.302095
    21  H    2.635872   3.974510   2.361498   5.461083   3.486108
                   11         12         13         14         15
    11  H    0.000000
    12  H    2.950976   0.000000
    13  C    4.196988   4.700723   0.000000
    14  H    4.418662   4.729665   1.091635   0.000000
    15  H    4.239509   5.374617   1.094794   1.765175   0.000000
    16  H    5.169863   5.358616   1.094549   1.765461   1.761991
    17  H    3.126131   2.485893   2.750891   2.402217   3.500158
    18  C    4.491240   4.668056   5.064088   5.960489   5.282011
    19  H    4.394981   4.937986   5.756186   6.620151   5.852292
    20  H    5.290261   4.902563   5.729594   6.584612   6.090022
    21  H    5.072656   5.532151   5.008760   6.010507   5.093420
                   16         17         18         19         20
    16  H    0.000000
    17  H    3.525263   0.000000
    18  C    5.241454   5.403333   0.000000
    19  H    6.071855   5.909145   1.097298   0.000000
    20  H    5.785632   5.889043   1.096603   1.770460   0.000000
    21  H    5.047971   5.885408   1.090586   1.759120   1.760618
                   21
    21  H    0.000000
 Symmetry turned off by external request.
 Stoichiometry    C8H11O2(2)
 Framework group  C1[X(C8H11O2)]
 Deg. of freedom    57
 Full point group                 C1      NOp   1
 Rotational constants (GHZ):           1.6688876           1.1454132           0.7909766
 Standard basis: 6-311G(d,p) (5D, 7F)
   246 basis functions,   408 primitive gaussians,   256 cartesian basis functions
    38 alpha electrons       37 beta electrons
       nuclear repulsion energy       520.8345848696 Hartrees.
 NAtoms=   21 NActive=   21 NUniq=   21 SFac= 1.00D+00 NAtFMM=   60 NAOKFM=F Big=F
 Integral buffers will be    131072 words long.
 Raffenetti 2 integral format.
 Two-electron integral symmetry is turned off.
 One-electron integrals computed using PRISM.
 NBasis=   246 RedAO= T EigKep=  1.76D-04  NBF=   246
 NBsUse=   246 1.00D-06 EigRej= -1.00D+00 NBFU=   246
 Initial guess from the checkpoint file:  "SR-11-ts-P3.chk"
 B after Tr=     0.000109    0.000112    0.000193
         Rot=    1.000000    0.000089   -0.000017    0.000018 Ang=   0.01 deg.
 Initial guess <Sx>= 0.0000 <Sy>= 0.0000 <Sz>= 0.5000 <S**2>= 0.7633 S= 0.5066
 ExpMin= 1.03D-01 ExpMax= 8.59D+03 ExpMxC= 1.30D+03 IAcc=2 IRadAn=         4 AccDes= 0.00D+00
 Harris functional with IExCor=  402 and IRadAn=       4 diagonalized for initial guess.
 HarFok:  IExCor=  402 AccDes= 0.00D+00 IRadAn=         4 IDoV= 1 UseB2=F ITyADJ=14
 ICtDFT=  3500011 ScaDFX=  1.000000  1.000000  1.000000  1.000000
 FoFCou: FMM=F IPFlag=           0 FMFlag=      100000 FMFlg1=           0
         NFxFlg=           0 DoJE=T BraDBF=F KetDBF=T FulRan=T
         wScrn=  0.000000 ICntrl=       500 IOpCl=  0 I1Cent=   200000004 NGrid=           0
         NMat0=    1 NMatS0=      1 NMatT0=    0 NMatD0=    1 NMtDS0=    0 NMtDT0=    0
 Symmetry not used in FoFCou.
 Requested convergence on RMS density matrix=1.00D-08 within 128 cycles.
 Requested convergence on MAX density matrix=1.00D-06.
 Requested convergence on             energy=1.00D-06.
 No special actions if energy rises.
 Integral accuracy reduced to 1.0D-05 until final iterations.
 Initial convergence to 1.0D-05 achieved.  Increase integral accuracy.
 SCF Done:  E(UB3LYP) =  -461.967987615     A.U. after   19 cycles
            NFock= 19  Conv=0.22D-08     -V/T= 2.0038
 <Sx>= 0.0000 <Sy>= 0.0000 <Sz>= 0.5000 <S**2>= 0.7618 S= 0.5059
 <L.S>= 0.000000000000E+00
 Annihilation of the first spin contaminant:
 S**2 before annihilation     0.7618,   after     0.7501
 DoSCS=F DFT=T ScalE2(SS,OS)=  1.000000  1.000000
 Range of M.O.s used for correlation:     1   246
 NBasis=   246 NAE=    38 NBE=    37 NFC=     0 NFV=     0
 NROrb=    246 NOA=    38 NOB=    37 NVA=   208 NVB=   209

 **** Warning!!: The largest alpha MO coefficient is  0.16037135D+02


 **** Warning!!: The largest beta MO coefficient is  0.16092040D+02

 Symmetrizing basis deriv contribution to polar:
 IMax=3 JMax=2 DiffMx= 0.00D+00
 Calling FoFJK, ICntrl=      2147 FMM=F ISym2X=0 I1Cent= 0 IOpClX= 1 NMat=1 NMatS=1 NMatT=0.
 -------------------------------------------------------------------
 Center     Atomic                   Forces (Hartrees/Bohr)
 Number     Number              X              Y              Z
 -------------------------------------------------------------------
      1        6           0.000012897   -0.000073788   -0.000128662
      2        6           0.000036132   -0.000205041   -0.000444240
      3        6           0.000030953   -0.000250753   -0.000727536
      4        6           0.000028357   -0.000132726   -0.000311231
      5        6           0.000016827   -0.000010430   -0.000083029
      6        6           0.000018132   -0.000030221    0.000023067
      7        8          -0.000009426   -0.000119470   -0.000258544
      8        1          -0.000001949    0.000007353    0.000019478
      9        8          -0.000159903    0.000614169    0.001602667
     10        1           0.000015250    0.000023396    0.000014906
     11        1          -0.000017890    0.000113012   -0.000035871
     12        1           0.000010221   -0.000029766   -0.000034046
     13        6           0.000013206    0.000004021    0.000122939
     14        1          -0.000000523    0.000004828    0.000024004
     15        1          -0.000012989   -0.000004347    0.000011442
     16        1           0.000015510    0.000006914    0.000010905
     17        1           0.000000101   -0.000018992   -0.000044483
     18        6           0.000004672    0.000075732    0.000176737
     19        1           0.000009641    0.000017452    0.000016952
     20        1          -0.000008308    0.000000872    0.000024000
     21        1          -0.000000913    0.000007783    0.000020544
 -------------------------------------------------------------------
 Cartesian Forces:  Max     0.001602667 RMS     0.000255375
 IRC-IRC-IRC-IRC-IRC-IRC-IRC-IRC-IRC-IRC-IRC-IRC-IRC-IRC-IRC-IRC-IRC-IRC
 Pt 16 Step number   1 out of a maximum of  20
 Modified Bulirsch-Stoer Extrapolation Cycles:
    EPS =    0.000010000000000
      PEZero:  N= 2 I= 1 D=  8.88D-04 Err=  5.95D-02
      PEZero:  N= 3 I= 2 D=  8.88D-04 Err=  3.08D-02
      PEZero:  N= 3 I= 1 D=  1.78D-03 Err=  1.33D-02
      PEZero:  N= 4 I= 3 D=  4.44D-04 Err=  1.57D-05
      PEZero:  N= 4 I= 2 D=  1.33D-03 Err=  3.08D-02
      PEZero:  N= 5 I= 4 D=  4.44D-04 Err=  1.05D-05
      PEZero:  N= 5 I= 3 D=  8.88D-04 Err=  1.53D-08
      PEZero:  N= 5 I= 2 D=  1.78D-03 Err=  6.66D-03
 Maximum DWI energy   std dev =  0.000000154 at pt    19
 Maximum DWI gradient std dev =  0.063738200 at pt   117
 CORRECTOR INTEGRATION CONVERGENCE:
   Recorrection delta-x convergence threshold:    0.010000
   Delta-x Convergence Met
 Point Number:   6          Path Number:   2
   CHANGE IN THE REACTION COORDINATE =    0.17043
   NET REACTION COORDINATE UP TO THIS POINT =    1.02233
  # OF POINTS ALONG THE PATH =  16
  # OF STEPS =   1

 Calculating another point on the path.
 IRC-IRC-IRC-IRC-IRC-IRC-IRC-IRC-IRC-IRC-IRC-IRC-IRC-IRC-IRC-IRC-IRC-IRC
                          Input orientation:                          
 ---------------------------------------------------------------------
 Center     Atomic      Atomic             Coordinates (Angstroms)
 Number     Number       Type             X           Y           Z
 ---------------------------------------------------------------------
      1          6           0        1.693409   -0.316950   -0.121015
      2          6           0        1.235519    0.918894   -0.561316
      3          6           0       -0.136537    1.188327   -0.670308
      4          6           0       -1.067802    0.178206   -0.384553
      5          6           0       -0.636047   -1.080426    0.066840
      6          6           0        0.735180   -1.297514    0.186941
      7          8           0       -2.379055    0.477094   -0.574319
      8          1           0        1.073206   -2.271935    0.529081
      9          8           0       -0.431158    2.317822    1.280638
     10          1           0       -2.930344   -0.237985   -0.241169
     11          1           0        0.158956    1.723146    1.771613
     12          1           0       -0.494677    2.118175   -1.086866
     13          6           0        3.167707   -0.615436    0.015058
     14          1           0        3.772585    0.242336   -0.285024
     15          1           0        3.433782   -0.864931    1.047296
     16          1           0        3.462097   -1.465062   -0.609081
     17          1           0        1.940062    1.706320   -0.803641
     18          6           0       -1.640314   -2.161922    0.382421
     19          1           0       -2.326535   -1.863766    1.185114
     20          1           0       -2.247190   -2.422536   -0.492957
     21          1           0       -1.140401   -3.073514    0.711775
 ---------------------------------------------------------------------
                    Distance matrix (angstroms):
                    1          2          3          4          5
     1  C    0.000000
     2  C    1.389547   0.000000
     3  C    2.432341   1.402501   0.000000
     4  C    2.817609   2.425933   1.403302   0.000000
     5  C    2.458566   2.809736   2.437240   1.405106   0.000000
     6  C    1.405185   2.392215   2.770229   2.398979   1.393490
     7  O    4.173842   3.641497   2.354561   1.358208   2.423847
     8  H    2.151567   3.375900   3.856866   3.379620   2.134222
     9  O    3.663392   2.850896   2.273488   2.784984   3.614329
    10  H    4.625988   4.335352   3.166052   1.913853   2.463407
    11  H    3.177826   2.692280   2.517205   2.922470   3.376137
    12  H    3.413272   2.169805   1.080001   2.141307   3.403244
    13  C    1.510352   2.533718   3.826397   4.327712   3.832419
    14  H    2.159322   2.640222   4.040368   4.841835   4.616225
    15  H    2.166595   3.256075   4.462421   4.837622   4.191806
    16  H    2.164400   3.262388   4.471508   4.823974   4.171282
    17  H    2.149520   1.084040   2.144378   3.399708   3.893588
    18  C    3.843315   4.318852   3.820177   2.528284   1.509231
    19  H    4.500950   4.845765   4.189744   2.866690   2.172995
    20  H    4.483319   4.826913   4.186244   2.857720   2.170349
    21  H    4.040131   4.817165   4.591425   3.432330   2.154696
                    6          7          8          9         10
     6  C    0.000000
     7  O    3.664316   0.000000
     8  H    1.086654   4.548929   0.000000
     9  O    3.953121   3.259363   4.888129   0.000000
    10  H    3.839524   0.962417   4.556165   3.885097   0.000000
    11  H    3.459423   3.673900   4.282570   0.971045   4.176255
    12  H    3.847345   2.550830   4.933822   2.376756   3.492730
    13  C    2.532185   5.683974   2.719401   4.812226   6.115091
    14  H    3.437981   6.162912   3.777694   4.942711   6.720259
    15  H    2.865274   6.182212   2.796521   5.012198   6.523443
    16  H    2.845663   6.155667   2.766452   5.747928   6.519538
    17  H    3.384673   4.496483   4.284168   3.215717   5.274235
    18  C    2.535426   2.902671   2.719706   4.726199   2.398870
    19  H    3.269722   2.928820   3.486433   4.592086   2.245447
    20  H    3.259212   2.903767   3.477394   5.377230   2.302685
    21  H    2.635798   3.974307   2.361348   5.467461   3.486003
                   11         12         13         14         15
    11  H    0.000000
    12  H    2.958747   0.000000
    13  C    4.196074   4.701055   0.000000
    14  H    4.413714   4.729825   1.091650   0.000000
    15  H    4.236422   5.374603   1.094787   1.765192   0.000000
    16  H    5.171375   5.359471   1.094568   1.765396   1.761971
    17  H    3.131222   2.485517   2.750987   2.402155   3.502641
    18  C    4.501220   4.668032   5.063955   5.960320   5.279270
    19  H    4.403133   4.936947   5.754481   6.617872   5.847899
    20  H    5.301367   4.903273   5.731038   6.586536   6.088675
    21  H    5.081292   5.532242   5.008728   6.010482   5.090537
                   16         17         18         19         20
    16  H    0.000000
    17  H    3.523082   0.000000
    18  C    5.244357   5.402697   0.000000
    19  H    6.073413   5.908003   1.097320   0.000000
    20  H    5.790181   5.888723   1.096588   1.770435   0.000000
    21  H    5.051214   5.884942   1.090589   1.759105   1.760719
                   21
    21  H    0.000000
 Symmetry turned off by external request.
 Stoichiometry    C8H11O2(2)
 Framework group  C1[X(C8H11O2)]
 Deg. of freedom    57
 Full point group                 C1      NOp   1
 Rotational constants (GHZ):           1.6616338           1.1425788           0.7905751
 Standard basis: 6-311G(d,p) (5D, 7F)
   246 basis functions,   408 primitive gaussians,   256 cartesian basis functions
    38 alpha electrons       37 beta electrons
       nuclear repulsion energy       520.3917306154 Hartrees.
 NAtoms=   21 NActive=   21 NUniq=   21 SFac= 1.00D+00 NAtFMM=   60 NAOKFM=F Big=F
 Integral buffers will be    131072 words long.
 Raffenetti 2 integral format.
 Two-electron integral symmetry is turned off.
 One-electron integrals computed using PRISM.
 NBasis=   246 RedAO= T EigKep=  1.74D-04  NBF=   246
 NBsUse=   246 1.00D-06 EigRej= -1.00D+00 NBFU=   246
 Initial guess from the checkpoint file:  "SR-11-ts-P3.chk"
 B after Tr=     0.000134    0.000150    0.000233
         Rot=    1.000000    0.000104   -0.000023    0.000023 Ang=   0.01 deg.
 Initial guess <Sx>= 0.0000 <Sy>= 0.0000 <Sz>= 0.5000 <S**2>= 0.7619 S= 0.5059
 ExpMin= 1.03D-01 ExpMax= 8.59D+03 ExpMxC= 1.30D+03 IAcc=2 IRadAn=         4 AccDes= 0.00D+00
 Harris functional with IExCor=  402 and IRadAn=       4 diagonalized for initial guess.
 HarFok:  IExCor=  402 AccDes= 0.00D+00 IRadAn=         4 IDoV= 1 UseB2=F ITyADJ=14
 ICtDFT=  3500011 ScaDFX=  1.000000  1.000000  1.000000  1.000000
 FoFCou: FMM=F IPFlag=           0 FMFlag=      100000 FMFlg1=           0
         NFxFlg=           0 DoJE=T BraDBF=F KetDBF=T FulRan=T
         wScrn=  0.000000 ICntrl=       500 IOpCl=  0 I1Cent=   200000004 NGrid=           0
         NMat0=    1 NMatS0=      1 NMatT0=    0 NMatD0=    1 NMtDS0=    0 NMtDT0=    0
 Symmetry not used in FoFCou.
 Requested convergence on RMS density matrix=1.00D-08 within 128 cycles.
 Requested convergence on MAX density matrix=1.00D-06.
 Requested convergence on             energy=1.00D-06.
 No special actions if energy rises.
 Integral accuracy reduced to 1.0D-05 until final iterations.
 Initial convergence to 1.0D-05 achieved.  Increase integral accuracy.
 SCF Done:  E(UB3LYP) =  -461.968069613     A.U. after   18 cycles
            NFock= 18  Conv=0.83D-08     -V/T= 2.0038
 <Sx>= 0.0000 <Sy>= 0.0000 <Sz>= 0.5000 <S**2>= 0.7606 S= 0.5053
 <L.S>= 0.000000000000E+00
 Annihilation of the first spin contaminant:
 S**2 before annihilation     0.7606,   after     0.7501
 DoSCS=F DFT=T ScalE2(SS,OS)=  1.000000  1.000000
 Range of M.O.s used for correlation:     1   246
 NBasis=   246 NAE=    38 NBE=    37 NFC=     0 NFV=     0
 NROrb=    246 NOA=    38 NOB=    37 NVA=   208 NVB=   209

 **** Warning!!: The largest alpha MO coefficient is  0.16448213D+02


 **** Warning!!: The largest beta MO coefficient is  0.16520342D+02

 Symmetrizing basis deriv contribution to polar:
 IMax=3 JMax=2 DiffMx= 0.00D+00
 Calling FoFJK, ICntrl=      2147 FMM=F ISym2X=0 I1Cent= 0 IOpClX= 1 NMat=1 NMatS=1 NMatT=0.
 -------------------------------------------------------------------
 Center     Atomic                   Forces (Hartrees/Bohr)
 Number     Number              X              Y              Z
 -------------------------------------------------------------------
      1        6           0.000010730   -0.000035355   -0.000125222
      2        6           0.000078860   -0.000196085   -0.000381075
      3        6          -0.000010211   -0.000102219   -0.000510973
      4        6           0.000011332   -0.000161878   -0.000265766
      5        6          -0.000001364    0.000009528   -0.000069961
      6        6           0.000017671   -0.000033050    0.000028112
      7        8          -0.000020692   -0.000124754   -0.000256001
      8        1          -0.000002865    0.000011515    0.000015021
      9        8          -0.000029354    0.000348008    0.001408218
     10        1           0.000030248    0.000040828   -0.000002254
     11        1          -0.000108337    0.000196601   -0.000121235
     12        1           0.000017384   -0.000053669   -0.000048967
     13        6           0.000008993    0.000005076    0.000093452
     14        1          -0.000002464    0.000002408    0.000020737
     15        1          -0.000012138   -0.000005270    0.000005572
     16        1           0.000011263    0.000008545    0.000009059
     17        1          -0.000000793   -0.000016443   -0.000034532
     18        6          -0.000000732    0.000080302    0.000177100
     19        1           0.000009558    0.000015945    0.000013871
     20        1          -0.000006284    0.000001261    0.000024550
     21        1          -0.000000806    0.000008706    0.000020295
 -------------------------------------------------------------------
 Cartesian Forces:  Max     0.001408218 RMS     0.000214315
 IRC-IRC-IRC-IRC-IRC-IRC-IRC-IRC-IRC-IRC-IRC-IRC-IRC-IRC-IRC-IRC-IRC-IRC
 Pt 17 Step number   1 out of a maximum of  20
 Modified Bulirsch-Stoer Extrapolation Cycles:
    EPS =    0.000010000000000
      PEZero:  N= 2 I= 1 D=  8.88D-04 Err=  4.91D-02
      PEZero:  N= 3 I= 2 D=  8.88D-04 Err=  5.96D-02
      PEZero:  N= 3 I= 1 D=  1.78D-03 Err=  4.03D-02
      PEZero:  N= 4 I= 3 D=  4.44D-04 Err=  2.02D-05
      PEZero:  N= 4 I= 2 D=  1.33D-03 Err=  5.96D-02
      PEZero:  N= 5 I= 4 D=  4.44D-04 Err=  1.35D-05
      PEZero:  N= 5 I= 3 D=  8.88D-04 Err=  5.04D-07
      PEZero:  N= 5 I= 2 D=  1.78D-03 Err=  2.01D-02
 Maximum DWI energy   std dev =  0.000000210 at pt    60
 Maximum DWI gradient std dev =  0.166042871 at pt   116
 CORRECTOR INTEGRATION CONVERGENCE:
   Recorrection delta-x convergence threshold:    0.010000
   Delta-x Convergence Met
 Point Number:   7          Path Number:   2
   CHANGE IN THE REACTION COORDINATE =    0.17040
   NET REACTION COORDINATE UP TO THIS POINT =    1.19273
  # OF POINTS ALONG THE PATH =  17
  # OF STEPS =   1

 Calculating another point on the path.
 IRC-IRC-IRC-IRC-IRC-IRC-IRC-IRC-IRC-IRC-IRC-IRC-IRC-IRC-IRC-IRC-IRC-IRC
                          Input orientation:                          
 ---------------------------------------------------------------------
 Center     Atomic      Atomic             Coordinates (Angstroms)
 Number     Number       Type             X           Y           Z
 ---------------------------------------------------------------------
      1          6           0        1.693580   -0.318181   -0.123031
      2          6           0        1.235545    0.916477   -0.567736
      3          6           0       -0.135812    1.184582   -0.679848
      4          6           0       -1.067253    0.177072   -0.389030
      5          6           0       -0.635719   -1.080584    0.065917
      6          6           0        0.735328   -1.297561    0.187352
      7          8           0       -2.378912    0.475658   -0.578421
      8          1           0        1.072994   -2.270839    0.533125
      9          8           0       -0.433519    2.323810    1.297081
     10          1           0       -2.929985   -0.236664   -0.239149
     11          1           0        0.169919    1.731815    1.775400
     12          1           0       -0.494212    2.117024   -1.090534
     13          6           0        3.167838   -0.615398    0.016537
     14          1           0        3.772701    0.243481   -0.280444
     15          1           0        3.431246   -0.866332    1.049101
     16          1           0        3.465001   -1.463679   -0.608150
     17          1           0        1.940450    1.703036   -0.812057
     18          6           0       -1.640356   -2.160395    0.385945
     19          1           0       -2.324851   -1.859493    1.189116
     20          1           0       -2.249074   -2.422572   -0.487665
     21          1           0       -1.140716   -3.071588    0.716818
 ---------------------------------------------------------------------
                    Distance matrix (angstroms):
                    1          2          3          4          5
     1  C    0.000000
     2  C    1.389942   0.000000
     3  C    2.432080   1.401809   0.000000
     4  C    2.817486   2.425188   1.402581   0.000000
     5  C    2.458168   2.809163   2.436605   1.405310   0.000000
     6  C    1.404910   2.392142   2.769829   2.399178   1.393411
     7  O    4.174057   3.641255   2.354646   1.358481   2.424001
     8  H    2.151405   3.375990   3.856481   3.379836   2.134172
     9  O    3.677143   2.871220   2.301025   2.802333   3.625816
    10  H    4.625741   4.334667   3.165684   1.914004   2.463518
    11  H    3.182463   2.700115   2.534004   2.938125   3.388358
    12  H    3.413608   2.169491   1.080075   2.141005   3.403248
    13  C    1.510383   2.534122   3.826092   4.327643   3.832216
    14  H    2.159395   2.640572   4.040008   4.841628   4.615981
    15  H    2.166529   3.257863   4.463117   4.836673   4.189601
    16  H    2.164587   3.261480   4.470377   4.825080   4.173371
    17  H    2.149655   1.084093   2.144093   3.399087   3.893074
    18  C    3.842907   4.318270   3.819481   2.528395   1.509207
    19  H    4.499462   4.844477   4.189428   2.867001   2.172888
    20  H    4.483965   4.826824   4.185017   2.857372   2.170323
    21  H    4.039781   4.816779   4.590805   3.432505   2.154714
                    6          7          8          9         10
     6  C    0.000000
     7  O    3.664588   0.000000
     8  H    1.086668   4.549113   0.000000
     9  O    3.963841   3.273794   4.895305   0.000000
    10  H    3.839521   0.962387   4.556107   3.892091   0.000000
    11  H    3.466801   3.689843   4.287194   0.971280   4.188403
    12  H    3.847617   2.551164   4.934141   2.397321   3.492520
    13  C    2.532120   5.684260   2.719508   4.821671   6.114921
    14  H    3.437918   6.163200   3.777846   4.950620   6.719988
    15  H    2.862961   6.181237   2.792888   5.017460   6.520837
    16  H    2.848075   6.157372   2.770508   5.759638   6.522083
    17  H    3.384483   4.496435   4.284120   3.235668   5.273689
    18  C    2.535309   2.902454   2.719582   4.732305   2.398880
    19  H    3.268638   2.929170   3.484950   4.592256   2.244928
    20  H    3.260054   2.902555   3.478673   5.386065   2.302952
    21  H    2.635725   3.974132   2.361239   5.472399   3.485994
                   11         12         13         14         15
    11  H    0.000000
    12  H    2.966991   0.000000
    13  C    4.194107   4.701314   0.000000
    14  H    4.407003   4.730006   1.091664   0.000000
    15  H    4.232509   5.374725   1.094779   1.765210   0.000000
    16  H    5.172046   5.359990   1.094586   1.765351   1.761944
    17  H    3.135369   2.485259   2.751034   2.402095   3.505429
    18  C    4.511871   4.667970   5.063814   5.960191   5.275937
    19  H    4.411927   4.935659   5.752595   6.615304   5.842826
    20  H    5.313372   4.904174   5.732629   6.588820   6.086835
    21  H    5.090289   5.532286   5.008683   6.010481   5.086885
                   16         17         18         19         20
    16  H    0.000000
    17  H    3.520500   0.000000
    18  C    5.247695   5.402173   0.000000
    19  H    6.075296   5.906699   1.097342   0.000000
    20  H    5.795226   5.888801   1.096571   1.770422   0.000000
    21  H    5.055051   5.884563   1.090592   1.759096   1.760812
                   21
    21  H    0.000000
 Symmetry turned off by external request.
 Stoichiometry    C8H11O2(2)
 Framework group  C1[X(C8H11O2)]
 Deg. of freedom    57
 Full point group                 C1      NOp   1
 Rotational constants (GHZ):           1.6546532           1.1396573           0.7902787
 Standard basis: 6-311G(d,p) (5D, 7F)
   246 basis functions,   408 primitive gaussians,   256 cartesian basis functions
    38 alpha electrons       37 beta electrons
       nuclear repulsion energy       519.9626585716 Hartrees.
 NAtoms=   21 NActive=   21 NUniq=   21 SFac= 1.00D+00 NAtFMM=   60 NAOKFM=F Big=F
 Integral buffers will be    131072 words long.
 Raffenetti 2 integral format.
 Two-electron integral symmetry is turned off.
 One-electron integrals computed using PRISM.
 NBasis=   246 RedAO= T EigKep=  1.73D-04  NBF=   246
 NBsUse=   246 1.00D-06 EigRej= -1.00D+00 NBFU=   246
 Initial guess from the checkpoint file:  "SR-11-ts-P3.chk"
 B after Tr=     0.000165    0.000183    0.000243
         Rot=    1.000000    0.000135   -0.000029    0.000031 Ang=   0.02 deg.
 Initial guess <Sx>= 0.0000 <Sy>= 0.0000 <Sz>= 0.5000 <S**2>= 0.7606 S= 0.5053
 ExpMin= 1.03D-01 ExpMax= 8.59D+03 ExpMxC= 1.30D+03 IAcc=2 IRadAn=         4 AccDes= 0.00D+00
 Harris functional with IExCor=  402 and IRadAn=       4 diagonalized for initial guess.
 HarFok:  IExCor=  402 AccDes= 0.00D+00 IRadAn=         4 IDoV= 1 UseB2=F ITyADJ=14
 ICtDFT=  3500011 ScaDFX=  1.000000  1.000000  1.000000  1.000000
 FoFCou: FMM=F IPFlag=           0 FMFlag=      100000 FMFlg1=           0
         NFxFlg=           0 DoJE=T BraDBF=F KetDBF=T FulRan=T
         wScrn=  0.000000 ICntrl=       500 IOpCl=  0 I1Cent=   200000004 NGrid=           0
         NMat0=    1 NMatS0=      1 NMatT0=    0 NMatD0=    1 NMtDS0=    0 NMtDT0=    0
 Symmetry not used in FoFCou.
 Requested convergence on RMS density matrix=1.00D-08 within 128 cycles.
 Requested convergence on MAX density matrix=1.00D-06.
 Requested convergence on             energy=1.00D-06.
 No special actions if energy rises.
 Integral accuracy reduced to 1.0D-05 until final iterations.
 Initial convergence to 1.0D-05 achieved.  Increase integral accuracy.
 SCF Done:  E(UB3LYP) =  -461.968133301     A.U. after   18 cycles
            NFock= 18  Conv=0.72D-08     -V/T= 2.0038
 <Sx>= 0.0000 <Sy>= 0.0000 <Sz>= 0.5000 <S**2>= 0.7596 S= 0.5048
 <L.S>= 0.000000000000E+00
 Annihilation of the first spin contaminant:
 S**2 before annihilation     0.7596,   after     0.7501
 DoSCS=F DFT=T ScalE2(SS,OS)=  1.000000  1.000000
 Range of M.O.s used for correlation:     1   246
 NBasis=   246 NAE=    38 NBE=    37 NFC=     0 NFV=     0
 NROrb=    246 NOA=    38 NOB=    37 NVA=   208 NVB=   209

 **** Warning!!: The largest alpha MO coefficient is  0.16745880D+02


 **** Warning!!: The largest beta MO coefficient is  0.16834532D+02

 Symmetrizing basis deriv contribution to polar:
 IMax=3 JMax=2 DiffMx= 0.00D+00
 Calling FoFJK, ICntrl=      2147 FMM=F ISym2X=0 I1Cent= 0 IOpClX= 1 NMat=1 NMatS=1 NMatT=0.
 -------------------------------------------------------------------
 Center     Atomic                   Forces (Hartrees/Bohr)
 Number     Number              X              Y              Z
 -------------------------------------------------------------------
      1        6           0.000005970   -0.000023661   -0.000095183
      2        6           0.000060386   -0.000138028   -0.000282372
      3        6           0.000000902   -0.000076283   -0.000346927
      4        6           0.000011369   -0.000114336   -0.000200153
      5        6          -0.000004275    0.000014790   -0.000039336
      6        6           0.000013361   -0.000013570    0.000028561
      7        8          -0.000016731   -0.000107544   -0.000241793
      8        1          -0.000003038    0.000012777    0.000009290
      9        8           0.000071629    0.000098642    0.001133820
     10        1           0.000025498    0.000035699   -0.000010637
     11        1          -0.000170265    0.000239111   -0.000178912
     12        1           0.000007534   -0.000028273   -0.000047247
     13        6           0.000006997    0.000003956    0.000056770
     14        1          -0.000004253   -0.000001071    0.000015056
     15        1          -0.000008385   -0.000005740   -0.000001911
     16        1           0.000006171    0.000009070    0.000004421
     17        1          -0.000001238   -0.000011238   -0.000020508
     18        6          -0.000005968    0.000081926    0.000169453
     19        1           0.000008252    0.000012718    0.000008231
     20        1          -0.000003170    0.000001871    0.000022147
     21        1          -0.000000745    0.000009186    0.000017229
 -------------------------------------------------------------------
 Cartesian Forces:  Max     0.001133820 RMS     0.000170422
 IRC-IRC-IRC-IRC-IRC-IRC-IRC-IRC-IRC-IRC-IRC-IRC-IRC-IRC-IRC-IRC-IRC-IRC
 Pt 18 Step number   1 out of a maximum of  20
 Modified Bulirsch-Stoer Extrapolation Cycles:
    EPS =    0.000010000000000
      PEZero:  N= 2 I= 1 D=  8.88D-04 Err=  4.14D-02
      PEZero:  N= 3 I= 2 D=  8.88D-04 Err=  5.53D-02
      PEZero:  N= 3 I= 1 D=  1.78D-03 Err=  4.16D-02
      PEZero:  N= 4 I= 3 D=  4.44D-04 Err=  7.18D-02
      PEZero:  N= 4 I= 2 D=  1.33D-03 Err=  4.05D-02
      PEZero:  N= 4 I= 1 D=  2.22D-03 Err=  2.36D-02
      PEZero:  N= 5 I= 4 D=  4.44D-04 Err=  2.15D-05
      PEZero:  N= 5 I= 3 D=  8.88D-04 Err=  7.18D-02
      PEZero:  N= 6 I= 5 D=  2.22D-04 Err=  1.61D-05
      PEZero:  N= 6 I= 4 D=  6.66D-04 Err=  7.56D-08
      PEZero:  N= 6 I= 3 D=  1.11D-03 Err=  2.43D-02
 Maximum DWI energy   std dev =  0.000000076 at pt    29
 Maximum DWI gradient std dev =  0.268279963 at pt   115
 CORRECTOR INTEGRATION CONVERGENCE:
   Recorrection delta-x convergence threshold:    0.010000
   Delta-x Convergence Met
 Point Number:   8          Path Number:   2
   CHANGE IN THE REACTION COORDINATE =    0.17036
   NET REACTION COORDINATE UP TO THIS POINT =    1.36309
  # OF POINTS ALONG THE PATH =  18
  # OF STEPS =   1

 Calculating another point on the path.
 IRC-IRC-IRC-IRC-IRC-IRC-IRC-IRC-IRC-IRC-IRC-IRC-IRC-IRC-IRC-IRC-IRC-IRC
                          Input orientation:                          
 ---------------------------------------------------------------------
 Center     Atomic      Atomic             Coordinates (Angstroms)
 Number     Number       Type             X           Y           Z
 ---------------------------------------------------------------------
      1          6           0        1.693746   -0.319214   -0.125051
      2          6           0        1.235662    0.914261   -0.574064
      3          6           0       -0.135078    1.181259   -0.688901
      4          6           0       -1.066690    0.176062   -0.393685
      5          6           0       -0.635448   -1.080406    0.065366
      6          6           0        0.735418   -1.297299    0.188097
      7          8           0       -2.378646    0.474111   -0.583698
      8          1           0        1.072712   -2.269339    0.537726
      9          8           0       -0.435875    2.328266    1.313587
     10          1           0       -2.929637   -0.235520   -0.238796
     11          1           0        0.181940    1.739899    1.778286
     12          1           0       -0.493659    2.115885   -1.094729
     13          6           0        3.167945   -0.615405    0.017518
     14          1           0        3.772807    0.244753   -0.275797
     15          1           0        3.428858   -0.868664    1.050132
     16          1           0        3.467659   -1.461855   -0.608470
     17          1           0        1.940948    1.699932   -0.820359
     18          6           0       -1.640507   -2.158262    0.390513
     19          1           0       -2.323250   -1.853991    1.193927
     20          1           0       -2.251069   -2.422604   -0.481143
     21          1           0       -1.141187   -3.068857    0.723525
 ---------------------------------------------------------------------
                    Distance matrix (angstroms):
                    1          2          3          4          5
     1  C    0.000000
     2  C    1.390292   0.000000
     3  C    2.431860   1.401216   0.000000
     4  C    2.817351   2.424521   1.401954   0.000000
     5  C    2.457807   2.808669   2.436066   1.405493   0.000000
     6  C    1.404672   2.392098   2.769502   2.399345   1.393334
     7  O    4.174218   3.641023   2.354723   1.358737   2.424159
     8  H    2.151266   3.376084   3.856164   3.380023   2.134126
     9  O    3.689731   2.890791   2.327244   2.818632   3.635510
    10  H    4.625539   4.334066   3.165347   1.914148   2.463667
    11  H    3.185623   2.706576   2.549429   2.953323   3.399461
    12  H    3.413901   2.169226   1.080186   2.140733   3.403263
    13  C    1.510404   2.534475   3.825833   4.327545   3.832012
    14  H    2.159462   2.640891   4.039711   4.841420   4.615750
    15  H    2.166464   3.259899   4.464086   4.835908   4.187264
    16  H    2.164738   3.260202   4.469031   4.825891   4.175529
    17  H    2.149771   1.084144   2.143872   3.398546   3.892635
    18  C    3.842545   4.317773   3.818881   2.528498   1.509185
    19  H    4.497944   4.843022   4.188780   2.867154   2.172730
    20  H    4.484709   4.827069   4.184305   2.857178   2.170345
    21  H    4.039488   4.816470   4.590282   3.432668   2.154735
                    6          7          8          9         10
     6  C    0.000000
     7  O    3.664827   0.000000
     8  H    1.086679   4.549284   0.000000
     9  O    3.972829   3.288152   4.900588   0.000000
    10  H    3.839563   0.962354   4.556117   3.898942   0.000000
    11  H    3.472694   3.706452   4.290274   0.971502   4.201525
    12  H    3.847869   2.551421   4.934432   2.418353   3.492237
    13  C    2.532048   5.684468   2.719580   4.830374   6.114779
    14  H    3.437856   6.163423   3.777961   4.957839   6.719731
    15  H    2.860323   6.180578   2.788526   5.022542   6.518640
    16  H    2.850743   6.158560   2.775170   5.770346   6.524259
    17  H    3.384329   4.496392   4.284081   3.255429   5.273215
    18  C    2.535202   2.902296   2.719479   4.736258   2.398921
    19  H    3.267575   2.929689   3.483629   4.589964   2.244961
    20  H    3.260873   2.901336   3.479813   5.393213   2.302720
    21  H    2.635668   3.974010   2.361164   5.474904   3.486031
                   11         12         13         14         15
    11  H    0.000000
    12  H    2.975233   0.000000
    13  C    4.190941   4.701530   0.000000
    14  H    4.398754   4.730171   1.091679   0.000000
    15  H    4.228153   5.375323   1.094764   1.765244   0.000000
    16  H    5.171438   5.359917   1.094608   1.765303   1.761914
    17  H    3.138258   2.485077   2.751063   2.402041   3.508604
    18  C    4.521381   4.667926   5.063670   5.960069   5.272250
    19  H    4.419671   4.934092   5.750761   6.612618   5.837661
    20  H    5.324563   4.905390   5.734138   6.591209   6.084496
    21  H    5.097776   5.532349   5.008642   6.010490   5.082601
                   16         17         18         19         20
    16  H    0.000000
    17  H    3.517477   0.000000
    18  C    5.251315   5.401731   0.000000
    19  H    6.077584   5.905176   1.097357   0.000000
    20  H    5.800267   5.889259   1.096561   1.770421   0.000000
    21  H    5.059459   5.884258   1.090597   1.759105   1.760882
                   21
    21  H    0.000000
 Symmetry turned off by external request.
 Stoichiometry    C8H11O2(2)
 Framework group  C1[X(C8H11O2)]
 Deg. of freedom    57
 Full point group                 C1      NOp   1
 Rotational constants (GHZ):           1.6483408           1.1366403           0.7901889
 Standard basis: 6-311G(d,p) (5D, 7F)
   246 basis functions,   408 primitive gaussians,   256 cartesian basis functions
    38 alpha electrons       37 beta electrons
       nuclear repulsion energy       519.5653482090 Hartrees.
 NAtoms=   21 NActive=   21 NUniq=   21 SFac= 1.00D+00 NAtFMM=   60 NAOKFM=F Big=F
 Integral buffers will be    131072 words long.
 Raffenetti 2 integral format.
 Two-electron integral symmetry is turned off.
 One-electron integrals computed using PRISM.
 NBasis=   246 RedAO= T EigKep=  1.72D-04  NBF=   246
 NBsUse=   246 1.00D-06 EigRej= -1.00D+00 NBFU=   246
 Initial guess from the checkpoint file:  "SR-11-ts-P3.chk"
 B after Tr=     0.000189    0.000215    0.000248
         Rot=    1.000000    0.000163   -0.000038    0.000042 Ang=   0.02 deg.
 Initial guess <Sx>= 0.0000 <Sy>= 0.0000 <Sz>= 0.5000 <S**2>= 0.7596 S= 0.5048
 ExpMin= 1.03D-01 ExpMax= 8.59D+03 ExpMxC= 1.30D+03 IAcc=2 IRadAn=         4 AccDes= 0.00D+00
 Harris functional with IExCor=  402 and IRadAn=       4 diagonalized for initial guess.
 HarFok:  IExCor=  402 AccDes= 0.00D+00 IRadAn=         4 IDoV= 1 UseB2=F ITyADJ=14
 ICtDFT=  3500011 ScaDFX=  1.000000  1.000000  1.000000  1.000000
 FoFCou: FMM=F IPFlag=           0 FMFlag=      100000 FMFlg1=           0
         NFxFlg=           0 DoJE=T BraDBF=F KetDBF=T FulRan=T
         wScrn=  0.000000 ICntrl=       500 IOpCl=  0 I1Cent=   200000004 NGrid=           0
         NMat0=    1 NMatS0=      1 NMatT0=    0 NMatD0=    1 NMtDS0=    0 NMtDT0=    0
 Symmetry not used in FoFCou.
 Requested convergence on RMS density matrix=1.00D-08 within 128 cycles.
 Requested convergence on MAX density matrix=1.00D-06.
 Requested convergence on             energy=1.00D-06.
 No special actions if energy rises.
 Integral accuracy reduced to 1.0D-05 until final iterations.
 Initial convergence to 1.0D-05 achieved.  Increase integral accuracy.
 SCF Done:  E(UB3LYP) =  -461.968178286     A.U. after   18 cycles
            NFock= 18  Conv=0.83D-08     -V/T= 2.0038
 <Sx>= 0.0000 <Sy>= 0.0000 <Sz>= 0.5000 <S**2>= 0.7587 S= 0.5043
 <L.S>= 0.000000000000E+00
 Annihilation of the first spin contaminant:
 S**2 before annihilation     0.7587,   after     0.7500
 DoSCS=F DFT=T ScalE2(SS,OS)=  1.000000  1.000000
 Range of M.O.s used for correlation:     1   246
 NBasis=   246 NAE=    38 NBE=    37 NFC=     0 NFV=     0
 NROrb=    246 NOA=    38 NOB=    37 NVA=   208 NVB=   209

 **** Warning!!: The largest alpha MO coefficient is  0.16972422D+02


 **** Warning!!: The largest beta MO coefficient is  0.17078063D+02

 Symmetrizing basis deriv contribution to polar:
 IMax=3 JMax=2 DiffMx= 0.00D+00
 Calling FoFJK, ICntrl=      2147 FMM=F ISym2X=0 I1Cent= 0 IOpClX= 1 NMat=1 NMatS=1 NMatT=0.
 -------------------------------------------------------------------
 Center     Atomic                   Forces (Hartrees/Bohr)
 Number     Number              X              Y              Z
 -------------------------------------------------------------------
      1        6           0.000001154   -0.000004832   -0.000062041
      2        6           0.000049376   -0.000088216   -0.000181548
      3        6           0.000002174   -0.000025266   -0.000202321
      4        6           0.000008659   -0.000080811   -0.000135688
      5        6          -0.000010694    0.000024843   -0.000013387
      6        6           0.000009511    0.000001540    0.000033675
      7        8          -0.000008598   -0.000076902   -0.000207605
      8        1          -0.000003195    0.000013836    0.000005420
      9        8           0.000170100   -0.000143368    0.000855302
     10        1           0.000016944    0.000026191   -0.000013571
     11        1          -0.000236673    0.000279871   -0.000230736
     12        1           0.000005039   -0.000022950   -0.000043102
     13        6           0.000008352    0.000002477    0.000018734
     14        1          -0.000006044   -0.000005226    0.000010859
     15        1          -0.000004410   -0.000006140   -0.000007301
     16        1           0.000002560    0.000009380    0.000000380
     17        1          -0.000000965   -0.000006737   -0.000010488
     18        6          -0.000009537    0.000079158    0.000147179
     19        1           0.000007237    0.000009679    0.000002314
     20        1          -0.000000133    0.000002764    0.000019937
     21        1          -0.000000856    0.000010710    0.000013988
 -------------------------------------------------------------------
 Cartesian Forces:  Max     0.000855302 RMS     0.000136110
 IRC-IRC-IRC-IRC-IRC-IRC-IRC-IRC-IRC-IRC-IRC-IRC-IRC-IRC-IRC-IRC-IRC-IRC
 Pt 19 Step number   1 out of a maximum of  20
 Modified Bulirsch-Stoer Extrapolation Cycles:
    EPS =    0.000010000000000
      PEZero:  N= 2 I= 1 D=  8.87D-04 Err=  2.87D-02
      PEZero:  N= 3 I= 2 D=  8.87D-04 Err=  4.00D-02
      PEZero:  N= 3 I= 1 D=  1.77D-03 Err=  3.12D-02
      PEZero:  N= 4 I= 3 D=  4.44D-04 Err=  5.84D-02
      PEZero:  N= 4 I= 2 D=  1.33D-03 Err=  3.79D-02
      PEZero:  N= 4 I= 1 D=  2.22D-03 Err=  2.68D-02
      PEZero:  N= 5 I= 4 D=  4.44D-04 Err=  5.66D-02
      PEZero:  N= 5 I= 3 D=  8.87D-04 Err=  2.65D-02
      PEZero:  N= 5 I= 2 D=  1.77D-03 Err=  7.54D-03
      PEZero:  N= 5 I= 1 D=  2.66D-03 Err=  2.04D-03
      PEZero:  N= 6 I= 5 D=  2.22D-04 Err=  2.98D-05
      PEZero:  N= 6 I= 4 D=  6.65D-04 Err=  5.66D-02
      PEZero:  N= 7 I= 6 D=  2.22D-04 Err=  1.99D-05
      PEZero:  N= 7 I= 5 D=  4.44D-04 Err=  6.95D-09
      PEZero:  N= 7 I= 4 D=  8.87D-04 Err=  1.33D-02
 Maximum DWI energy   std dev =  0.000000090 at pt    47
 Maximum DWI gradient std dev =  0.441316180 at pt   225
 CORRECTOR INTEGRATION CONVERGENCE:
   Recorrection delta-x convergence threshold:    0.010000
   Delta-x Convergence Met
 Point Number:   9          Path Number:   2
   CHANGE IN THE REACTION COORDINATE =    0.17016
   NET REACTION COORDINATE UP TO THIS POINT =    1.53324
  # OF POINTS ALONG THE PATH =  19
  # OF STEPS =   1

 Calculating another point on the path.
 IRC-IRC-IRC-IRC-IRC-IRC-IRC-IRC-IRC-IRC-IRC-IRC-IRC-IRC-IRC-IRC-IRC-IRC
                          Input orientation:                          
 ---------------------------------------------------------------------
 Center     Atomic      Atomic             Coordinates (Angstroms)
 Number     Number       Type             X           Y           Z
 ---------------------------------------------------------------------
      1          6           0        1.693941   -0.319829   -0.126888
      2          6           0        1.236005    0.912414   -0.580254
      3          6           0       -0.134233    1.178685   -0.697269
      4          6           0       -1.066066    0.175417   -0.398523
      5          6           0       -0.635265   -1.079520    0.065566
      6          6           0        0.735406   -1.296373    0.189676
      7          8           0       -2.378133    0.472664   -0.590534
      8          1           0        1.072266   -2.266988    0.543696
      9          8           0       -0.438330    2.329403    1.329387
     10          1           0       -2.929303   -0.234197   -0.240320
     11          1           0        0.194916    1.745994    1.779781
     12          1           0       -0.492820    2.114801   -1.099878
     13          6           0        3.168062   -0.615490    0.017685
     14          1           0        3.772955    0.246562   -0.270092
     15          1           0        3.426676   -0.873574    1.049675
     16          1           0        3.470064   -1.458666   -0.611692
     17          1           0        1.941735    1.697052   -0.828778
     18          6           0       -1.640878   -2.154966    0.396844
     19          1           0       -2.321969   -1.846209    1.199973
     20          1           0       -2.253133   -2.422554   -0.472624
     21          1           0       -1.142011   -3.064570    0.733260
 ---------------------------------------------------------------------
                    Distance matrix (angstroms):
                    1          2          3          4          5
     1  C    0.000000
     2  C    1.390564   0.000000
     3  C    2.431686   1.400766   0.000000
     4  C    2.817214   2.423989   1.401467   0.000000
     5  C    2.457514   2.808299   2.435660   1.405644   0.000000
     6  C    1.404508   2.392098   2.769270   2.399467   1.393258
     7  O    4.174303   3.640808   2.354771   1.358950   2.424321
     8  H    2.151184   3.376192   3.855943   3.380175   2.134092
     9  O    3.699425   2.908262   2.350312   2.831852   3.640987
    10  H    4.625428   4.333597   3.165036   1.914278   2.463888
    11  H    3.185920   2.710810   2.562413   2.966783   3.407531
    12  H    3.414097   2.169005   1.080274   2.140496   3.403269
    13  C    1.510413   2.534731   3.825620   4.327424   3.831829
    14  H    2.159538   2.641150   4.039487   4.841248   4.615579
    15  H    2.166403   3.262738   4.465831   4.835534   4.184525
    16  H    2.164855   3.257917   4.466978   4.826193   4.178057
    17  H    2.149851   1.084194   2.143745   3.398141   3.892318
    18  C    3.842270   4.317406   3.818415   2.528577   1.509167
    19  H    4.496435   4.841321   4.187565   2.866959   2.172478
    20  H    4.485574   4.827803   4.184390   2.857283   2.170457
    21  H    4.039317   4.816293   4.589906   3.432814   2.154768
                    6          7          8          9         10
     6  C    0.000000
     7  O    3.665016   0.000000
     8  H    1.086691   4.549442   0.000000
     9  O    3.977795   3.300972   4.901635   0.000000
    10  H    3.839688   0.962336   4.556256   3.903969   0.000000
    11  H    3.475135   3.722949   4.289717   0.971711   4.214583
    12  H    3.848064   2.551559   4.934664   2.439335   3.491859
    13  C    2.531995   5.684566   2.719649   4.837253   6.114720
    14  H    3.437840   6.163578   3.778083   4.963012   6.719545
    15  H    2.856797   6.180489   2.782241   5.027481   6.517005
    16  H    2.854275   6.158887   2.781679   5.778650   6.526035
    17  H    3.384239   4.496349   4.284072   3.274486   5.272857
    18  C    2.535118   2.902224   2.719423   4.735539   2.399035
    19  H    3.266582   2.930229   3.482612   4.582639   2.245413
    20  H    3.261638   2.900312   3.480716   5.396466   2.302189
    21  H    2.635659   3.973972   2.361163   5.472246   3.486155
                   11         12         13         14         15
    11  H    0.000000
    12  H    2.983528   0.000000
    13  C    4.185832   4.701648   0.000000
    14  H    4.387783   4.730296   1.091717   0.000000
    15  H    4.223679   5.377119   1.094757   1.765333   0.000000
    16  H    5.168712   5.358399   1.094653   1.765287   1.761918
    17  H    3.139802   2.484969   2.751041   2.401961   3.513083
    18  C    4.527709   4.667883   5.063560   5.960011   5.267661
    19  H    4.424343   4.932008   5.749166   6.609757   5.832283
    20  H    5.333204   4.907111   5.735436   6.593856   6.080868
    21  H    5.101383   5.532425   5.008669   6.010591   5.076759
                   16         17         18         19         20
    16  H    0.000000
    17  H    3.513043   0.000000
    18  C    5.255825   5.401418   0.000000
    19  H    6.081115   5.903364   1.097376   0.000000
    20  H    5.805463   5.890239   1.096555   1.770450   0.000000
    21  H    5.065477   5.884088   1.090606   1.759127   1.760946
                   21
    21  H    0.000000
 Symmetry turned off by external request.
 Stoichiometry    C8H11O2(2)
 Framework group  C1[X(C8H11O2)]
 Deg. of freedom    57
 Full point group                 C1      NOp   1
 Rotational constants (GHZ):           1.6437461           1.1335324           0.7905389
 Standard basis: 6-311G(d,p) (5D, 7F)
   246 basis functions,   408 primitive gaussians,   256 cartesian basis functions
    38 alpha electrons       37 beta electrons
       nuclear repulsion energy       519.2431382216 Hartrees.
 NAtoms=   21 NActive=   21 NUniq=   21 SFac= 1.00D+00 NAtFMM=   60 NAOKFM=F Big=F
 Integral buffers will be    131072 words long.
 Raffenetti 2 integral format.
 Two-electron integral symmetry is turned off.
 One-electron integrals computed using PRISM.
 NBasis=   246 RedAO= T EigKep=  1.71D-04  NBF=   246
 NBsUse=   246 1.00D-06 EigRej= -1.00D+00 NBFU=   246
 Initial guess from the checkpoint file:  "SR-11-ts-P3.chk"
 B after Tr=     0.000242    0.000289    0.000290
         Rot=    1.000000    0.000226   -0.000053    0.000066 Ang=   0.03 deg.
 Initial guess <Sx>= 0.0000 <Sy>= 0.0000 <Sz>= 0.5000 <S**2>= 0.7587 S= 0.5044
 ExpMin= 1.03D-01 ExpMax= 8.59D+03 ExpMxC= 1.30D+03 IAcc=2 IRadAn=         4 AccDes= 0.00D+00
 Harris functional with IExCor=  402 and IRadAn=       4 diagonalized for initial guess.
 HarFok:  IExCor=  402 AccDes= 0.00D+00 IRadAn=         4 IDoV= 1 UseB2=F ITyADJ=14
 ICtDFT=  3500011 ScaDFX=  1.000000  1.000000  1.000000  1.000000
 FoFCou: FMM=F IPFlag=           0 FMFlag=      100000 FMFlg1=           0
         NFxFlg=           0 DoJE=T BraDBF=F KetDBF=T FulRan=T
         wScrn=  0.000000 ICntrl=       500 IOpCl=  0 I1Cent=   200000004 NGrid=           0
         NMat0=    1 NMatS0=      1 NMatT0=    0 NMatD0=    1 NMtDS0=    0 NMtDT0=    0
 Symmetry not used in FoFCou.
 Requested convergence on RMS density matrix=1.00D-08 within 128 cycles.
 Requested convergence on MAX density matrix=1.00D-06.
 Requested convergence on             energy=1.00D-06.
 No special actions if energy rises.
 Integral accuracy reduced to 1.0D-05 until final iterations.
 Initial convergence to 1.0D-05 achieved.  Increase integral accuracy.
 SCF Done:  E(UB3LYP) =  -461.968206481     A.U. after   14 cycles
            NFock= 14  Conv=0.69D-08     -V/T= 2.0038
 <Sx>= 0.0000 <Sy>= 0.0000 <Sz>= 0.5000 <S**2>= 0.7580 S= 0.5040
 <L.S>= 0.000000000000E+00
 Annihilation of the first spin contaminant:
 S**2 before annihilation     0.7580,   after     0.7500
 DoSCS=F DFT=T ScalE2(SS,OS)=  1.000000  1.000000
 Range of M.O.s used for correlation:     1   246
 NBasis=   246 NAE=    38 NBE=    37 NFC=     0 NFV=     0
 NROrb=    246 NOA=    38 NOB=    37 NVA=   208 NVB=   209

 **** Warning!!: The largest alpha MO coefficient is  0.17114699D+02


 **** Warning!!: The largest beta MO coefficient is  0.17236565D+02

 Symmetrizing basis deriv contribution to polar:
 IMax=3 JMax=2 DiffMx= 0.00D+00
 G2DrvN: will do    22 centers at a time, making    1 passes.
 Calling FoFCou, ICntrl=  3107 FMM=F I1Cent=   0 AccDes= 0.00D+00.
 End of G2Drv F.D. properties file   721 does not exist.
 End of G2Drv F.D. properties file   722 does not exist.
 End of G2Drv F.D. properties file   788 does not exist.
          IDoAtm=111111111111111111111
          Differentiating once with respect to nuclear coordinates.
 Keep R1 and R2 ints in memory in canonical form, NReq=955570734.
          There are    66 degrees of freedom in the 1st order CPHF.  IDoFFX=6 NUNeed=     0.
     60 vectors produced by pass  0 Test12= 2.37D-14 1.52D-09 XBig12= 3.06D-01 1.80D-01.
 AX will form    60 AO Fock derivatives at one time.
     60 vectors produced by pass  1 Test12= 2.37D-14 1.52D-09 XBig12= 5.99D-02 8.04D-02.
     60 vectors produced by pass  2 Test12= 2.37D-14 1.52D-09 XBig12= 1.32D-03 6.58D-03.
     60 vectors produced by pass  3 Test12= 2.37D-14 1.52D-09 XBig12= 1.18D-05 5.95D-04.
     60 vectors produced by pass  4 Test12= 2.37D-14 1.52D-09 XBig12= 6.38D-08 1.93D-05.
     60 vectors produced by pass  5 Test12= 2.37D-14 1.52D-09 XBig12= 2.92D-10 1.40D-06.
     38 vectors produced by pass  6 Test12= 2.37D-14 1.52D-09 XBig12= 9.50D-13 7.83D-08.
     10 vectors produced by pass  7 Test12= 2.37D-14 1.52D-09 XBig12= 3.56D-15 4.22D-09.
 InvSVY:  IOpt=1 It=  1 EMax= 1.05D-15
 Solved reduced A of dimension   408 with    66 vectors.
 End of Minotr F.D. properties file   721 does not exist.
 End of Minotr F.D. properties file   722 does not exist.
 End of Minotr F.D. properties file   788 does not exist.
 Calling FoFJK, ICntrl=    100147 FMM=F ISym2X=0 I1Cent= 0 IOpClX= 1 NMat=1 NMatS=1 NMatT=0.
 -------------------------------------------------------------------
 Center     Atomic                   Forces (Hartrees/Bohr)
 Number     Number              X              Y              Z
 -------------------------------------------------------------------
      1        6          -0.000005208    0.000001385   -0.000025193
      2        6           0.000022103   -0.000034934   -0.000090550
      3        6           0.000020597   -0.000027352   -0.000117224
      4        6           0.000014367   -0.000026011   -0.000067431
      5        6          -0.000012967    0.000029322    0.000014068
      6        6           0.000008550    0.000020300    0.000038241
      7        8          -0.000005584   -0.000049986   -0.000144057
      8        1          -0.000004158    0.000017813   -0.000001094
      9        8           0.000261684   -0.000360905    0.000602449
     10        1           0.000012629    0.000024120   -0.000016742
     11        1          -0.000311037    0.000322604   -0.000280839
     12        1          -0.000002648   -0.000003124   -0.000033097
     13        6           0.000023512    0.000001082   -0.000006678
     14        1          -0.000015481   -0.000021854    0.000011299
     15        1          -0.000000784   -0.000004349   -0.000023115
     16        1          -0.000001978    0.000017894    0.000003166
     17        1          -0.000001385   -0.000003395    0.000001721
     18        6          -0.000012474    0.000074344    0.000120628
     19        1           0.000007368    0.000003307   -0.000008963
     20        1           0.000004519    0.000004910    0.000017117
     21        1          -0.000001626    0.000014829    0.000006296
 -------------------------------------------------------------------
 Cartesian Forces:  Max     0.000602449 RMS     0.000121141
 IRC-IRC-IRC-IRC-IRC-IRC-IRC-IRC-IRC-IRC-IRC-IRC-IRC-IRC-IRC-IRC-IRC-IRC
 Pt 20 Step number   1 out of a maximum of  20
 Modified Bulirsch-Stoer Extrapolation Cycles:
    EPS =    0.000010000000000
      PEZero:  N= 2 I= 1 D=  8.85D-04 Err=  1.68D-02
      PEZero:  N= 3 I= 2 D=  8.85D-04 Err=  2.50D-02
      PEZero:  N= 3 I= 1 D=  1.77D-03 Err=  2.07D-02
      PEZero:  N= 4 I= 3 D=  4.42D-04 Err=  3.80D-02
      PEZero:  N= 4 I= 2 D=  1.33D-03 Err=  2.57D-02
      PEZero:  N= 4 I= 1 D=  2.21D-03 Err=  1.84D-02
      PEZero:  N= 5 I= 4 D=  4.42D-04 Err=  4.86D-02
      PEZero:  N= 5 I= 3 D=  8.85D-04 Err=  3.49D-02
      PEZero:  N= 5 I= 2 D=  1.77D-03 Err=  2.20D-02
      PEZero:  N= 5 I= 1 D=  2.65D-03 Err=  1.59D-02
      PEZero:  N= 6 I= 5 D=  2.21D-04 Err=  6.60D-02
      PEZero:  N= 6 I= 4 D=  6.63D-04 Err=  3.95D-02
      PEZero:  N= 6 I= 3 D=  1.11D-03 Err=  2.64D-02
      PEZero:  N= 6 I= 2 D=  1.99D-03 Err=  1.62D-02
      PEZero:  N= 6 I= 1 D=  2.88D-03 Err=  1.12D-02
      PEZero:  N= 7 I= 6 D=  2.21D-04 Err=  1.52D-02
      PEZero:  N= 7 I= 5 D=  4.42D-04 Err=  4.32D-02
      PEZero:  N= 8 I= 7 D=  1.11D-04 Err=  3.50D-05
      PEZero:  N= 8 I= 6 D=  3.32D-04 Err=  1.52D-02
      PEZero:  N= 9 I= 8 D=  1.11D-04 Err=  2.34D-05
      PEZero:  N= 9 I= 7 D=  2.21D-04 Err=  6.64D-09
      PEZero:  N= 9 I= 6 D=  4.42D-04 Err=  1.97D-02
 Maximum DWI energy   std dev =  0.000000162 at pt   204
 Maximum DWI gradient std dev =  0.714305097 at pt   474
 CORRECTOR INTEGRATION CONVERGENCE:
   Recorrection delta-x convergence threshold:    0.010000
   Delta-x Convergence Met
 Point Number:  10          Path Number:   2
   CHANGE IN THE REACTION COORDINATE =    0.16906
   NET REACTION COORDINATE UP TO THIS POINT =    1.70231
  # OF POINTS ALONG THE PATH =  20
  # OF STEPS =   1

 PES minimum detected on this side of the pathway.
    Magnitude of the gradient =      0.0001262
 Calculation of REVERSE path complete.
 Reaction path calculation complete.
 
 Energies reported relative to the TS energy of        -461.967446
 --------------------------------------------------------------------------
    Summary of reaction path following
 --------------------------------------------------------------------------
                        Energy    RxCoord
   1                   -0.00076  -1.70231
   2                   -0.00073  -1.53324
   3                   -0.00069  -1.36309
   4                   -0.00062  -1.19273
   5                   -0.00054  -1.02233
   6                   -0.00044  -0.85190
   7                   -0.00033  -0.68149
   8                   -0.00022  -0.51107
   9                   -0.00011  -0.34065
  10                   -0.00003  -0.17029
  11                    0.00000   0.00000
  12                   -0.00005   0.17025
  13                   -0.00021   0.34066
  14                   -0.00053   0.51110
  15                   -0.00105   0.68154
  16                   -0.00180   0.85199
  17                   -0.00282   1.02245
  18                   -0.00411   1.19290
  19                   -0.00567   1.36336
  20                   -0.00746   1.53382
  21                   -0.00944   1.70428
 --------------------------------------------------------------------------
 
 Total number of points:                   20
 Total number of gradient calculations:    21
 Total number of Hessian calculations:      5
 IRC-IRC-IRC-IRC-IRC-IRC-IRC-IRC-IRC-IRC-IRC-IRC-IRC-IRC-IRC-IRC-IRC-IRC
                          Input orientation:                          
 ---------------------------------------------------------------------
 Center     Atomic      Atomic             Coordinates (Angstroms)
 Number     Number       Type             X           Y           Z
 ---------------------------------------------------------------------
      1          6           0        1.693941   -0.319829   -0.126888
      2          6           0        1.236005    0.912414   -0.580254
      3          6           0       -0.134233    1.178685   -0.697269
      4          6           0       -1.066066    0.175417   -0.398523
      5          6           0       -0.635265   -1.079520    0.065566
      6          6           0        0.735406   -1.296373    0.189676
      7          8           0       -2.378133    0.472664   -0.590534
      8          1           0        1.072266   -2.266988    0.543696
      9          8           0       -0.438330    2.329403    1.329387
     10          1           0       -2.929303   -0.234197   -0.240320
     11          1           0        0.194916    1.745994    1.779781
     12          1           0       -0.492820    2.114801   -1.099878
     13          6           0        3.168062   -0.615490    0.017685
     14          1           0        3.772955    0.246562   -0.270092
     15          1           0        3.426676   -0.873574    1.049675
     16          1           0        3.470064   -1.458666   -0.611692
     17          1           0        1.941735    1.697052   -0.828778
     18          6           0       -1.640878   -2.154966    0.396844
     19          1           0       -2.321969   -1.846209    1.199973
     20          1           0       -2.253133   -2.422554   -0.472624
     21          1           0       -1.142011   -3.064570    0.733260
 ---------------------------------------------------------------------
                    Distance matrix (angstroms):
                    1          2          3          4          5
     1  C    0.000000
     2  C    1.390564   0.000000
     3  C    2.431686   1.400766   0.000000
     4  C    2.817214   2.423989   1.401467   0.000000
     5  C    2.457514   2.808299   2.435660   1.405644   0.000000
     6  C    1.404508   2.392098   2.769270   2.399467   1.393258
     7  O    4.174303   3.640808   2.354771   1.358950   2.424321
     8  H    2.151184   3.376192   3.855943   3.380175   2.134092
     9  O    3.699425   2.908262   2.350312   2.831852   3.640987
    10  H    4.625428   4.333597   3.165036   1.914278   2.463888
    11  H    3.185920   2.710810   2.562413   2.966783   3.407531
    12  H    3.414097   2.169005   1.080274   2.140496   3.403269
    13  C    1.510413   2.534731   3.825620   4.327424   3.831829
    14  H    2.159538   2.641150   4.039487   4.841248   4.615579
    15  H    2.166403   3.262738   4.465831   4.835534   4.184525
    16  H    2.164855   3.257917   4.466978   4.826193   4.178057
    17  H    2.149851   1.084194   2.143745   3.398141   3.892318
    18  C    3.842270   4.317406   3.818415   2.528577   1.509167
    19  H    4.496435   4.841321   4.187565   2.866959   2.172478
    20  H    4.485574   4.827803   4.184390   2.857283   2.170457
    21  H    4.039317   4.816293   4.589906   3.432814   2.154768
                    6          7          8          9         10
     6  C    0.000000
     7  O    3.665016   0.000000
     8  H    1.086691   4.549442   0.000000
     9  O    3.977795   3.300972   4.901635   0.000000
    10  H    3.839688   0.962336   4.556256   3.903969   0.000000
    11  H    3.475135   3.722949   4.289717   0.971711   4.214583
    12  H    3.848064   2.551559   4.934664   2.439335   3.491859
    13  C    2.531995   5.684566   2.719649   4.837253   6.114720
    14  H    3.437840   6.163578   3.778083   4.963012   6.719545
    15  H    2.856797   6.180489   2.782241   5.027481   6.517005
    16  H    2.854275   6.158887   2.781679   5.778650   6.526035
    17  H    3.384239   4.496349   4.284072   3.274486   5.272857
    18  C    2.535118   2.902224   2.719423   4.735539   2.399035
    19  H    3.266582   2.930229   3.482612   4.582639   2.245413
    20  H    3.261638   2.900312   3.480716   5.396466   2.302189
    21  H    2.635659   3.973972   2.361163   5.472246   3.486155
                   11         12         13         14         15
    11  H    0.000000
    12  H    2.983528   0.000000
    13  C    4.185832   4.701648   0.000000
    14  H    4.387783   4.730296   1.091717   0.000000
    15  H    4.223679   5.377119   1.094757   1.765333   0.000000
    16  H    5.168712   5.358399   1.094653   1.765287   1.761918
    17  H    3.139802   2.484969   2.751041   2.401961   3.513083
    18  C    4.527709   4.667883   5.063560   5.960011   5.267661
    19  H    4.424343   4.932008   5.749166   6.609757   5.832283
    20  H    5.333204   4.907111   5.735436   6.593856   6.080868
    21  H    5.101383   5.532425   5.008669   6.010591   5.076759
                   16         17         18         19         20
    16  H    0.000000
    17  H    3.513043   0.000000
    18  C    5.255825   5.401418   0.000000
    19  H    6.081115   5.903364   1.097376   0.000000
    20  H    5.805463   5.890239   1.096555   1.770450   0.000000
    21  H    5.065477   5.884088   1.090606   1.759127   1.760946
                   21
    21  H    0.000000
 Symmetry turned off by external request.
 Stoichiometry    C8H11O2(2)
 Framework group  C1[X(C8H11O2)]
 Deg. of freedom    57
 Full point group                 C1      NOp   1
 Rotational constants (GHZ):           1.6437461           1.1335324           0.7905389

 **********************************************************************

            Population analysis using the SCF density.

 **********************************************************************

 Alpha  occ. eigenvalues --  -19.15530 -19.11269 -10.24210 -10.18950 -10.18762
 Alpha  occ. eigenvalues --  -10.18300 -10.18205 -10.18165 -10.17764 -10.17212
 Alpha  occ. eigenvalues --   -1.07316  -0.95139  -0.86713  -0.79194  -0.77069
 Alpha  occ. eigenvalues --   -0.70684  -0.69138  -0.61880  -0.59720  -0.55189
 Alpha  occ. eigenvalues --   -0.50042  -0.46759  -0.45102  -0.44482  -0.42688
 Alpha  occ. eigenvalues --   -0.42480  -0.41536  -0.41245  -0.40690  -0.40377
 Alpha  occ. eigenvalues --   -0.37998  -0.36135  -0.35681  -0.34313  -0.32376
 Alpha  occ. eigenvalues --   -0.28136  -0.24913  -0.22133
 Alpha virt. eigenvalues --   -0.01432  -0.00151   0.02232   0.04333   0.06788
 Alpha virt. eigenvalues --    0.07492   0.08111   0.09106   0.09930   0.11089
 Alpha virt. eigenvalues --    0.11600   0.12845   0.14427   0.16794   0.19380
 Alpha virt. eigenvalues --    0.20075   0.22825   0.27541   0.27895   0.29011
 Alpha virt. eigenvalues --    0.30043   0.30907   0.31022   0.32196   0.34112
 Alpha virt. eigenvalues --    0.37986   0.38669   0.39915   0.40737   0.41489
 Alpha virt. eigenvalues --    0.43474   0.45231   0.46506   0.47335   0.48255
 Alpha virt. eigenvalues --    0.48527   0.49427   0.50208   0.51503   0.54192
 Alpha virt. eigenvalues --    0.55231   0.55682   0.56166   0.58446   0.58939
 Alpha virt. eigenvalues --    0.59653   0.60928   0.61403   0.62205   0.63721
 Alpha virt. eigenvalues --    0.64685   0.66068   0.69332   0.73118   0.74156
 Alpha virt. eigenvalues --    0.77048   0.79347   0.81608   0.82818   0.83752
 Alpha virt. eigenvalues --    0.86196   0.86972   0.89513   0.90073   0.91889
 Alpha virt. eigenvalues --    0.92796   0.93089   0.98008   0.98944   0.99340
 Alpha virt. eigenvalues --    1.00780   1.02079   1.06109   1.08280   1.10707
 Alpha virt. eigenvalues --    1.12967   1.19615   1.23454   1.30205   1.31381
 Alpha virt. eigenvalues --    1.33020   1.35173   1.35609   1.37827   1.38907
 Alpha virt. eigenvalues --    1.40153   1.40997   1.42546   1.44687   1.45212
 Alpha virt. eigenvalues --    1.46262   1.48463   1.49337   1.50047   1.51814
 Alpha virt. eigenvalues --    1.53051   1.56179   1.57538   1.57919   1.58714
 Alpha virt. eigenvalues --    1.62259   1.64959   1.65294   1.66127   1.68376
 Alpha virt. eigenvalues --    1.73296   1.74161   1.75317   1.77758   1.79153
 Alpha virt. eigenvalues --    1.79969   1.84089   1.85909   1.88374   1.89720
 Alpha virt. eigenvalues --    1.91743   1.93348   1.94360   1.96945   1.98868
 Alpha virt. eigenvalues --    2.00653   2.02978   2.05288   2.08073   2.10519
 Alpha virt. eigenvalues --    2.11000   2.14851   2.18996   2.21967   2.24897
 Alpha virt. eigenvalues --    2.28501   2.31846   2.32247   2.34062   2.35612
 Alpha virt. eigenvalues --    2.37130   2.41927   2.43387   2.45507   2.45659
 Alpha virt. eigenvalues --    2.47311   2.48976   2.50026   2.54266   2.55668
 Alpha virt. eigenvalues --    2.56220   2.60204   2.61042   2.63047   2.63857
 Alpha virt. eigenvalues --    2.65874   2.69930   2.70986   2.73686   2.76299
 Alpha virt. eigenvalues --    2.78213   2.83979   2.85582   2.87645   2.88301
 Alpha virt. eigenvalues --    2.91558   2.91835   2.94371   3.01269   3.03831
 Alpha virt. eigenvalues --    3.06073   3.09390   3.12469   3.15277   3.16243
 Alpha virt. eigenvalues --    3.17384   3.19404   3.21015   3.34018   3.38770
 Alpha virt. eigenvalues --    3.44464   3.53664   3.55866   3.61640   3.67987
 Alpha virt. eigenvalues --    3.76443   3.77668   3.78246   3.79680   3.82184
 Alpha virt. eigenvalues --    3.85925   4.01847   4.07625   4.12418   4.29504
 Alpha virt. eigenvalues --    4.33625   4.81274   4.82582   4.83145   4.88808
 Alpha virt. eigenvalues --    5.32921   5.40327   5.71337  23.48847  23.85959
 Alpha virt. eigenvalues --   23.88894  23.92245  23.93543  24.04169  24.08174
 Alpha virt. eigenvalues --   24.15647  49.79504  49.91364
  Beta  occ. eigenvalues --  -19.15454 -19.09085 -10.24058 -10.19009 -10.18759
  Beta  occ. eigenvalues --  -10.18344 -10.18110 -10.18081 -10.17666 -10.17209
  Beta  occ. eigenvalues --   -1.07147  -0.89577  -0.86439  -0.79180  -0.76828
  Beta  occ. eigenvalues --   -0.70554  -0.68977  -0.61744  -0.59666  -0.55100
  Beta  occ. eigenvalues --   -0.49958  -0.46640  -0.44903  -0.44338  -0.42544
  Beta  occ. eigenvalues --   -0.42455  -0.41214  -0.40731  -0.39960  -0.39243
  Beta  occ. eigenvalues --   -0.37911  -0.36091  -0.34363  -0.33329  -0.26610
  Beta  occ. eigenvalues --   -0.25511  -0.22576
  Beta virt. eigenvalues --   -0.11504  -0.00575   0.00408   0.02259   0.04396
  Beta virt. eigenvalues --    0.06929   0.07535   0.08390   0.09124   0.10058
  Beta virt. eigenvalues --    0.11177   0.11676   0.12879   0.14462   0.17151
  Beta virt. eigenvalues --    0.19400   0.20122   0.22944   0.27627   0.27972
  Beta virt. eigenvalues --    0.29036   0.30109   0.30930   0.31079   0.32227
  Beta virt. eigenvalues --    0.34185   0.38212   0.38890   0.40050   0.40935
  Beta virt. eigenvalues --    0.41587   0.43741   0.45289   0.46804   0.47702
  Beta virt. eigenvalues --    0.48472   0.49242   0.49762   0.50294   0.51695
  Beta virt. eigenvalues --    0.54221   0.55264   0.55782   0.56201   0.58534
  Beta virt. eigenvalues --    0.59018   0.59797   0.61008   0.61522   0.62545
  Beta virt. eigenvalues --    0.63773   0.64837   0.66279   0.69466   0.73290
  Beta virt. eigenvalues --    0.74388   0.77372   0.79733   0.81805   0.83058
  Beta virt. eigenvalues --    0.84212   0.86642   0.87562   0.90016   0.90306
  Beta virt. eigenvalues --    0.92366   0.93141   0.95634   0.98446   0.99117
  Beta virt. eigenvalues --    0.99443   1.01323   1.02456   1.06168   1.08794
  Beta virt. eigenvalues --    1.10834   1.13212   1.19937   1.23639   1.30678
  Beta virt. eigenvalues --    1.31663   1.34035   1.35208   1.35889   1.37976
  Beta virt. eigenvalues --    1.39007   1.40480   1.41078   1.42763   1.44721
  Beta virt. eigenvalues --    1.45207   1.46375   1.48483   1.49370   1.50107
  Beta virt. eigenvalues --    1.52212   1.53129   1.56235   1.57658   1.57980
  Beta virt. eigenvalues --    1.58870   1.62357   1.65092   1.65380   1.66355
  Beta virt. eigenvalues --    1.68416   1.73378   1.74232   1.75411   1.77824
  Beta virt. eigenvalues --    1.79240   1.80110   1.84274   1.86109   1.88475
  Beta virt. eigenvalues --    1.89959   1.91894   1.93445   1.94569   1.97075
  Beta virt. eigenvalues --    1.99150   2.00790   2.03352   2.05295   2.08103
  Beta virt. eigenvalues --    2.10622   2.11100   2.14935   2.19076   2.22034
  Beta virt. eigenvalues --    2.25027   2.28534   2.31928   2.32277   2.34133
  Beta virt. eigenvalues --    2.35622   2.37220   2.41974   2.43555   2.45544
  Beta virt. eigenvalues --    2.45723   2.47343   2.49069   2.50108   2.54376
  Beta virt. eigenvalues --    2.55726   2.56273   2.60270   2.61075   2.63255
  Beta virt. eigenvalues --    2.63910   2.65988   2.70686   2.71543   2.74278
  Beta virt. eigenvalues --    2.77286   2.78811   2.84563   2.87760   2.87899
  Beta virt. eigenvalues --    2.89368   2.91873   2.93918   2.94424   3.01768
  Beta virt. eigenvalues --    3.06609   3.07202   3.10898   3.12853   3.16853
  Beta virt. eigenvalues --    3.17672   3.19290   3.20916   3.21524   3.34204
  Beta virt. eigenvalues --    3.38949   3.44561   3.53778   3.56043   3.61805
  Beta virt. eigenvalues --    3.68103   3.76454   3.77937   3.79321   3.80553
  Beta virt. eigenvalues --    3.82195   3.86074   4.01958   4.07739   4.12572
  Beta virt. eigenvalues --    4.29517   4.33635   4.81782   4.82909   4.84771
  Beta virt. eigenvalues --    4.98114   5.33171   5.42233   5.71431  23.48905
  Beta virt. eigenvalues --   23.85988  23.88925  23.92272  23.93600  24.04217
  Beta virt. eigenvalues --   24.08248  24.15717  49.81676  49.91484
          Condensed to atoms (all electrons):
               1          2          3          4          5          6
     1  C    5.077446   0.511853  -0.039355  -0.062881  -0.030866   0.493616
     2  C    0.511853   4.862740   0.473133  -0.039904  -0.054220  -0.037419
     3  C   -0.039355   0.473133   5.003899   0.448689  -0.043235  -0.055346
     4  C   -0.062881  -0.039904   0.448689   4.894688   0.255401   0.029737
     5  C   -0.030866  -0.054220  -0.043235   0.255401   5.452148   0.462524
     6  C    0.493616  -0.037419  -0.055346   0.029737   0.462524   4.839881
     7  O   -0.000454   0.004774  -0.062947   0.398268  -0.097140   0.005017
     8  H   -0.047570   0.007764  -0.000700   0.008019  -0.039600   0.415912
     9  O   -0.000959  -0.002630   0.016560  -0.003460   0.003161  -0.001535
    10  H   -0.000010  -0.000611   0.007003  -0.035203  -0.019258   0.000246
    11  H    0.003217   0.004856  -0.013530  -0.000239  -0.000459   0.000570
    12  H    0.008730  -0.034760   0.408621  -0.047544   0.012812  -0.001565
    13  C    0.362555  -0.059837   0.007199  -0.000669   0.007346  -0.060637
    14  H   -0.033664  -0.007838   0.000647  -0.000073  -0.000247   0.006719
    15  H   -0.038088   0.001416  -0.000281   0.000064   0.000140  -0.005555
    16  H   -0.039356   0.001272  -0.000385   0.000091   0.000201  -0.004615
    17  H   -0.051803   0.424944  -0.043974   0.011001  -0.002407   0.010282
    18  C    0.007430  -0.000216   0.005292  -0.067688   0.334997  -0.049856
    19  H   -0.000415   0.000214  -0.000432  -0.000516  -0.051202   0.000643
    20  H    0.000144  -0.000135   0.000569  -0.004856  -0.053767  -0.000358
    21  H    0.000246  -0.000005  -0.000213   0.007533  -0.023419  -0.007121
               7          8          9         10         11         12
     1  C   -0.000454  -0.047570  -0.000959  -0.000010   0.003217   0.008730
     2  C    0.004774   0.007764  -0.002630  -0.000611   0.004856  -0.034760
     3  C   -0.062947  -0.000700   0.016560   0.007003  -0.013530   0.408621
     4  C    0.398268   0.008019  -0.003460  -0.035203  -0.000239  -0.047544
     5  C   -0.097140  -0.039600   0.003161  -0.019258  -0.000459   0.012812
     6  C    0.005017   0.415912  -0.001535   0.000246   0.000570  -0.001565
     7  O    7.756935  -0.000108  -0.001713   0.331532   0.000364   0.004777
     8  H   -0.000108   0.587294  -0.000009   0.000004   0.000024   0.000074
     9  O   -0.001713  -0.000009   8.080745   0.000131   0.262993   0.006333
    10  H    0.331532   0.000004   0.000131   0.457654   0.000002  -0.000518
    11  H    0.000364   0.000024   0.262993   0.000002   0.503780  -0.001523
    12  H    0.004777   0.000074   0.006333  -0.000518  -0.001523   0.531455
    13  C    0.000000  -0.004807  -0.000032  -0.000002  -0.000066  -0.000212
    14  H    0.000000  -0.000050  -0.000020   0.000000   0.000008  -0.000021
    15  H    0.000000   0.001235   0.000027   0.000000  -0.000071   0.000015
    16  H    0.000000   0.001379  -0.000003   0.000001   0.000017   0.000015
    17  H   -0.000098  -0.000379   0.002624   0.000034  -0.000099  -0.009536
    18  C   -0.006024  -0.010912   0.000052   0.010595  -0.000051  -0.000392
    19  H    0.000984   0.000121   0.000138   0.002596   0.000034  -0.000036
    20  H    0.003954  -0.000191  -0.000002  -0.000773  -0.000005   0.000013
    21  H    0.000339   0.004894  -0.000002  -0.000193  -0.000003   0.000015
              13         14         15         16         17         18
     1  C    0.362555  -0.033664  -0.038088  -0.039356  -0.051803   0.007430
     2  C   -0.059837  -0.007838   0.001416   0.001272   0.424944  -0.000216
     3  C    0.007199   0.000647  -0.000281  -0.000385  -0.043974   0.005292
     4  C   -0.000669  -0.000073   0.000064   0.000091   0.011001  -0.067688
     5  C    0.007346  -0.000247   0.000140   0.000201  -0.002407   0.334997
     6  C   -0.060637   0.006719  -0.005555  -0.004615   0.010282  -0.049856
     7  O    0.000000   0.000000   0.000000   0.000000  -0.000098  -0.006024
     8  H   -0.004807  -0.000050   0.001235   0.001379  -0.000379  -0.010912
     9  O   -0.000032  -0.000020   0.000027  -0.000003   0.002624   0.000052
    10  H   -0.000002   0.000000   0.000000   0.000001   0.000034   0.010595
    11  H   -0.000066   0.000008  -0.000071   0.000017  -0.000099  -0.000051
    12  H   -0.000212  -0.000021   0.000015   0.000015  -0.009536  -0.000392
    13  C    4.800985   0.407030   0.402744   0.403219  -0.010378  -0.000191
    14  H    0.407030   0.569484  -0.027289  -0.026470   0.003660   0.000014
    15  H    0.402744  -0.027289   0.579856  -0.033047   0.000150  -0.000010
    16  H    0.403219  -0.026470  -0.033047   0.576184   0.000097  -0.000012
    17  H   -0.010378   0.003660   0.000150   0.000097   0.577578   0.000023
    18  C   -0.000191   0.000014  -0.000010  -0.000012   0.000023   4.882481
    19  H    0.000011  -0.000001  -0.000009   0.000005  -0.000002   0.403172
    20  H    0.000017  -0.000001   0.000006  -0.000011  -0.000004   0.411719
    21  H   -0.000046   0.000002   0.000001  -0.000001  -0.000001   0.395224
              19         20         21
     1  C   -0.000415   0.000144   0.000246
     2  C    0.000214  -0.000135  -0.000005
     3  C   -0.000432   0.000569  -0.000213
     4  C   -0.000516  -0.004856   0.007533
     5  C   -0.051202  -0.053767  -0.023419
     6  C    0.000643  -0.000358  -0.007121
     7  O    0.000984   0.003954   0.000339
     8  H    0.000121  -0.000191   0.004894
     9  O    0.000138  -0.000002  -0.000002
    10  H    0.002596  -0.000773  -0.000193
    11  H    0.000034  -0.000005  -0.000003
    12  H   -0.000036   0.000013   0.000015
    13  C    0.000011   0.000017  -0.000046
    14  H   -0.000001  -0.000001   0.000002
    15  H   -0.000009   0.000006   0.000001
    16  H    0.000005  -0.000011  -0.000001
    17  H   -0.000002  -0.000004  -0.000001
    18  C    0.403172   0.411719   0.395224
    19  H    0.583410  -0.043464  -0.021589
    20  H   -0.043464   0.577753  -0.020676
    21  H   -0.021589  -0.020676   0.544087
          Atomic-Atomic Spin Densities.
               1          2          3          4          5          6
     1  C   -0.039249  -0.010297   0.000441  -0.001211  -0.000550   0.008780
     2  C   -0.010297   0.071707   0.015391   0.001908   0.000965  -0.003657
     3  C    0.000441   0.015391   0.000156   0.016465   0.000800  -0.001401
     4  C   -0.001211   0.001908   0.016465   0.099282   0.008182  -0.004888
     5  C   -0.000550   0.000965   0.000800   0.008182  -0.051453  -0.006759
     6  C    0.008780  -0.003657  -0.001401  -0.004888  -0.006759   0.107308
     7  O    0.000037  -0.000197  -0.000598  -0.015468   0.000191   0.000066
     8  H    0.000191  -0.000005  -0.000005  -0.000147  -0.000036   0.000983
     9  O    0.000727  -0.007238  -0.045509  -0.013037  -0.000220   0.000864
    10  H   -0.000007   0.000009  -0.000076   0.000068   0.000090   0.000024
    11  H   -0.000681   0.000765   0.004307   0.001076   0.000114  -0.000655
    12  H    0.000113   0.000052   0.001571   0.000154   0.000024  -0.000030
    13  C    0.000741   0.000253  -0.000033   0.000009   0.000005  -0.001031
    14  H    0.000094  -0.000059  -0.000005   0.000003  -0.000008   0.000025
    15  H    0.000706  -0.000096  -0.000013  -0.000005   0.000007  -0.000068
    16  H    0.001120   0.000189  -0.000002   0.000006  -0.000014  -0.000215
    17  H   -0.000027   0.000674   0.000223  -0.000071   0.000065  -0.000137
    18  C   -0.000047   0.000008  -0.000048  -0.000403   0.001085   0.000584
    19  H   -0.000013   0.000005  -0.000028  -0.000187   0.001032   0.000143
    20  H   -0.000003  -0.000003  -0.000011  -0.000264   0.000885   0.000090
    21  H    0.000005  -0.000002  -0.000001  -0.000008   0.000075  -0.000044
               7          8          9         10         11         12
     1  C    0.000037   0.000191   0.000727  -0.000007  -0.000681   0.000113
     2  C   -0.000197  -0.000005  -0.007238   0.000009   0.000765   0.000052
     3  C   -0.000598  -0.000005  -0.045509  -0.000076   0.004307   0.001571
     4  C   -0.015468  -0.000147  -0.013037   0.000068   0.001076   0.000154
     5  C    0.000191  -0.000036  -0.000220   0.000090   0.000114   0.000024
     6  C    0.000066   0.000983   0.000864   0.000024  -0.000655  -0.000030
     7  O    0.036840  -0.000001   0.001337   0.000049  -0.000203   0.000033
     8  H   -0.000001  -0.006670   0.000005   0.000001  -0.000006   0.000000
     9  O    0.001337   0.000005   0.897177   0.000005   0.000386  -0.001531
    10  H    0.000049   0.000001   0.000005  -0.000830  -0.000008   0.000006
    11  H   -0.000203  -0.000006   0.000386  -0.000008  -0.023771   0.000349
    12  H    0.000033   0.000000  -0.001531   0.000006   0.000349   0.003816
    13  C    0.000000  -0.000029  -0.000020   0.000000   0.000042   0.000002
    14  H    0.000000  -0.000002  -0.000003   0.000000   0.000003   0.000001
    15  H    0.000000  -0.000032  -0.000004   0.000000   0.000023   0.000000
    16  H    0.000000   0.000040   0.000001   0.000000  -0.000005   0.000000
    17  H   -0.000005   0.000005   0.000219   0.000001  -0.000041  -0.000042
    18  C    0.000215   0.000212  -0.000014  -0.000073   0.000005   0.000000
    19  H    0.000026   0.000011   0.000011   0.000025  -0.000015   0.000002
    20  H    0.000049  -0.000003  -0.000003  -0.000008   0.000003  -0.000001
    21  H    0.000001  -0.000055  -0.000001   0.000001   0.000001   0.000000
              13         14         15         16         17         18
     1  C    0.000741   0.000094   0.000706   0.001120  -0.000027  -0.000047
     2  C    0.000253  -0.000059  -0.000096   0.000189   0.000674   0.000008
     3  C   -0.000033  -0.000005  -0.000013  -0.000002   0.000223  -0.000048
     4  C    0.000009   0.000003  -0.000005   0.000006  -0.000071  -0.000403
     5  C    0.000005  -0.000008   0.000007  -0.000014   0.000065   0.001085
     6  C   -0.001031   0.000025  -0.000068  -0.000215  -0.000137   0.000584
     7  O    0.000000   0.000000   0.000000   0.000000  -0.000005   0.000215
     8  H   -0.000029  -0.000002  -0.000032   0.000040   0.000005   0.000212
     9  O   -0.000020  -0.000003  -0.000004   0.000001   0.000219  -0.000014
    10  H    0.000000   0.000000   0.000000   0.000000   0.000001  -0.000073
    11  H    0.000042   0.000003   0.000023  -0.000005  -0.000041   0.000005
    12  H    0.000002   0.000001   0.000000   0.000000  -0.000042   0.000000
    13  C    0.003043  -0.000081   0.000278  -0.000667   0.000118   0.000000
    14  H   -0.000081  -0.000218   0.000114  -0.000037  -0.000034   0.000000
    15  H    0.000278   0.000114  -0.003005   0.000799  -0.000037   0.000001
    16  H   -0.000667  -0.000037   0.000799  -0.002435   0.000041  -0.000001
    17  H    0.000118  -0.000034  -0.000037   0.000041  -0.004878   0.000000
    18  C    0.000000   0.000000   0.000001  -0.000001   0.000000   0.002191
    19  H   -0.000001   0.000000   0.000000   0.000000   0.000001  -0.000455
    20  H    0.000000   0.000000   0.000000   0.000000   0.000000  -0.000259
    21  H    0.000001   0.000000   0.000000   0.000000   0.000000  -0.000020
              19         20         21
     1  C   -0.000013  -0.000003   0.000005
     2  C    0.000005  -0.000003  -0.000002
     3  C   -0.000028  -0.000011  -0.000001
     4  C   -0.000187  -0.000264  -0.000008
     5  C    0.001032   0.000885   0.000075
     6  C    0.000143   0.000090  -0.000044
     7  O    0.000026   0.000049   0.000001
     8  H    0.000011  -0.000003  -0.000055
     9  O    0.000011  -0.000003  -0.000001
    10  H    0.000025  -0.000008   0.000001
    11  H   -0.000015   0.000003   0.000001
    12  H    0.000002  -0.000001   0.000000
    13  C   -0.000001   0.000000   0.000001
    14  H    0.000000   0.000000   0.000000
    15  H    0.000000   0.000000   0.000000
    16  H    0.000000   0.000000   0.000000
    17  H    0.000001   0.000000   0.000000
    18  C   -0.000455  -0.000259  -0.000020
    19  H   -0.002796   0.000723   0.000048
    20  H    0.000723  -0.002739   0.000033
    21  H    0.000048   0.000033  -0.000265
 Mulliken charges and spin densities:
               1          2
     1  C   -0.119817  -0.039130
     2  C   -0.055390   0.070372
     3  C   -0.111213  -0.008377
     4  C    0.209543   0.091463
     5  C   -0.112908  -0.045521
     6  C   -0.041138   0.099980
     7  O   -0.338458   0.022373
     8  H    0.077605  -0.005544
     9  O   -0.362397   0.833153
    10  H    0.246771  -0.000725
    11  H    0.240183  -0.018310
    12  H    0.123248   0.004517
    13  C   -0.254228   0.002627
    14  H    0.108110  -0.000209
    15  H    0.118699  -0.001333
    16  H    0.121417  -0.001179
    17  H    0.088288  -0.003926
    18  C   -0.315647   0.002981
    19  H    0.126339  -0.001467
    20  H    0.130065  -0.001513
    21  H    0.120928  -0.000232
 Sum of Mulliken charges =   0.00000   1.00000
 Mulliken charges and spin densities with hydrogens summed into heavy atoms:
               1          2
     1  C   -0.119817  -0.039130
     2  C    0.032898   0.066446
     3  C    0.012035  -0.003860
     4  C    0.209543   0.091463
     5  C   -0.112908  -0.045521
     6  C    0.036467   0.094436
     7  O   -0.091687   0.021648
     9  O   -0.122214   0.814842
    13  C    0.093999  -0.000093
    18  C    0.061685  -0.000231
 APT charges:
               1
     1  C    0.068764
     2  C   -0.538680
     3  C   -0.467944
     4  C   -0.256969
     5  C    0.127260
     6  C   -0.550941
     7  O   -0.421882
     8  H    0.474631
     9  O   -0.367145
    10  H    0.620075
    11  H    0.238569
    12  H    0.511799
    13  C   -1.294656
    14  H    0.467971
    15  H    0.409726
    16  H    0.473538
    17  H    0.521933
    18  C   -1.295398
    19  H    0.375811
    20  H    0.438915
    21  H    0.464622
 Sum of APT charges =   0.00000
 APT charges with hydrogens summed into heavy atoms:
               1
     1  C    0.068764
     2  C   -0.016747
     3  C    0.043855
     4  C   -0.256969
     5  C    0.127260
     6  C   -0.076310
     7  O    0.198192
     9  O   -0.128575
    13  C    0.056580
    18  C   -0.016050
 Electronic spatial extent (au):  <R**2>=           1570.5159
 Charge=              0.0000 electrons
 Dipole moment (field-independent basis, Debye):
    X=              0.7163    Y=             -3.5424    Z=              0.2497  Tot=              3.6227
 Quadrupole moment (field-independent basis, Debye-Ang):
   XX=            -53.6033   YY=            -63.2075   ZZ=            -61.2005
   XY=              6.4877   XZ=              0.4095   YZ=             -3.9422
 Traceless Quadrupole moment (field-independent basis, Debye-Ang):
   XX=              5.7338   YY=             -3.8704   ZZ=             -1.8634
   XY=              6.4877   XZ=              0.4095   YZ=             -3.9422
 Octapole moment (field-independent basis, Debye-Ang**2):
  XXX=            -26.8745  YYY=             -3.8768  ZZZ=              9.2332  XYY=              1.1586
  XXY=             -5.8187  XXZ=              2.9111  XZZ=             -3.1231  YZZ=              7.5599
  YYZ=             -7.8941  XYZ=              1.2077
 Hexadecapole moment (field-independent basis, Debye-Ang**3):
 XXXX=          -1046.6865 YYYY=           -756.3575 ZZZZ=           -200.2354 XXXY=             28.8793
 XXXZ=             -6.1679 YYYX=              5.3113 YYYZ=            -30.0353 ZZZX=             11.0228
 ZZZY=             13.9480 XXYY=           -306.0005 XXZZ=           -226.4817 YYZZ=           -155.9250
 XXYZ=              2.1235 YYXZ=              8.9499 ZZXY=              4.9256
 N-N= 5.192431382216D+02 E-N=-2.116910933424D+03  KE= 4.602299628900D+02
  Exact polarizability:   0.000   0.000   0.000   0.000   0.000   0.000
 Approx polarizability: 186.334  -6.881 189.914   1.192  -1.127 115.549
                          Isotropic Fermi Contact Couplings
        Atom                 a.u.       MegaHertz       Gauss      10(-4) cm-1
     1  C(13)             -0.00539      -6.05907      -2.16203      -2.02109
     2  C(13)              0.00395       4.44248       1.58519       1.48185
     3  C(13)              0.01685      18.94792       6.76109       6.32035
     4  C(13)              0.00625       7.02500       2.50669       2.34329
     5  C(13)             -0.00675      -7.58741      -2.70738      -2.53089
     6  C(13)              0.00595       6.69295       2.38821       2.23253
     7  O(17)              0.00321      -1.94716      -0.69480      -0.64950
     8  H(1)              -0.00131      -5.83671      -2.08268      -1.94692
     9  O(17)              0.06207     -37.62707     -13.42627     -12.55104
    10  H(1)              -0.00041      -1.82454      -0.65104      -0.60860
    11  H(1)              -0.01232     -55.07241     -19.65120     -18.37018
    12  H(1)               0.00295      13.19416       4.70800       4.40110
    13  C(13)              0.00079       0.88955       0.31741       0.29672
    14  H(1)              -0.00007      -0.31432      -0.11216      -0.10485
    15  H(1)              -0.00053      -2.38545      -0.85119      -0.79570
    16  H(1)              -0.00051      -2.28410      -0.81502      -0.76189
    17  H(1)              -0.00102      -4.53974      -1.61989      -1.51430
    18  C(13)              0.00093       1.04614       0.37329       0.34895
    19  H(1)              -0.00072      -3.22695      -1.15146      -1.07640
    20  H(1)              -0.00072      -3.20067      -1.14208      -1.06763
    21  H(1)              -0.00008      -0.37007      -0.13205      -0.12344
 --------------------------------------------------------
       Center         ----  Spin Dipole Couplings  ----
                      3XX-RR        3YY-RR        3ZZ-RR
 --------------------------------------------------------
     1   Atom        0.015846      0.012774     -0.028620
     2   Atom       -0.036636     -0.028523      0.065159
     3   Atom       -0.024255     -0.002420      0.026675
     4   Atom       -0.065774     -0.030925      0.096700
     5   Atom        0.017244      0.018652     -0.035896
     6   Atom       -0.054659     -0.029534      0.084194
     7   Atom       -0.062971     -0.031556      0.094527
     8   Atom       -0.006616      0.006959     -0.000343
     9   Atom       -1.580364     -0.254184      1.834548
    10   Atom        0.001603      0.001130     -0.002733
    11   Atom       -0.001297     -0.002118      0.003415
    12   Atom       -0.009328     -0.006179      0.015507
    13   Atom        0.001641     -0.000412     -0.001229
    14   Atom        0.001837     -0.000739     -0.001098
    15   Atom        0.001484     -0.000227     -0.001257
    16   Atom        0.001091     -0.000183     -0.000908
    17   Atom        0.003481     -0.003160     -0.000321
    18   Atom       -0.000756      0.002641     -0.001886
    19   Atom       -0.000675      0.002021     -0.001346
    20   Atom       -0.000585      0.001768     -0.001183
    21   Atom       -0.000551      0.001680     -0.001129
 --------------------------------------------------------
                        XY            XZ            YZ
 --------------------------------------------------------
     1   Atom       -0.002180      0.000122     -0.014772
     2   Atom       -0.006496     -0.016942      0.043910
     3   Atom       -0.005375     -0.012691      0.039588
     4   Atom        0.004940      0.003599      0.075630
     5   Atom       -0.000346      0.002689     -0.017114
     6   Atom       -0.004637     -0.004225      0.049748
     7   Atom        0.003859     -0.001053      0.074989
     8   Atom       -0.004510      0.001029     -0.001777
     9   Atom       -0.333989     -0.505938      2.210692
    10   Atom        0.007036     -0.000739      0.000177
    11   Atom       -0.101317      0.074305     -0.040508
    12   Atom       -0.001139      0.002766     -0.004726
    13   Atom       -0.001262     -0.000539      0.000542
    14   Atom       -0.001109     -0.000639      0.000287
    15   Atom       -0.001298      0.000294      0.000009
    16   Atom       -0.001025     -0.000616      0.000393
    17   Atom        0.004312     -0.006714      0.001133
    18   Atom        0.001229      0.000015     -0.000170
    19   Atom        0.001793     -0.000281     -0.000590
    20   Atom        0.001222      0.000194      0.000537
    21   Atom        0.000843     -0.000157     -0.000108
 --------------------------------------------------------


 ---------------------------------------------------------------------------------
              Anisotropic Spin Dipole Couplings in Principal Axis System
 ---------------------------------------------------------------------------------

       Atom             a.u.   MegaHertz   Gauss  10(-4) cm-1        Axes

              Baa    -0.0334    -4.476    -1.597    -1.493  0.0112  0.3054  0.9522
     1 C(13)  Bbb     0.0144     1.934     0.690     0.645  0.8258  0.5341 -0.1810
              Bcc     0.0189     2.543     0.907     0.848 -0.5638  0.7883 -0.2463
 
              Baa    -0.0459    -6.158    -2.197    -2.054 -0.0281  0.9281 -0.3713
     2 C(13)  Bbb    -0.0393    -5.278    -1.883    -1.761  0.9887  0.0806  0.1264
              Bcc     0.0852    11.436     4.081     3.815 -0.1473  0.3635  0.9199
 
              Baa    -0.0316    -4.241    -1.513    -1.415 -0.4775  0.6750 -0.5625
     3 C(13)  Bbb    -0.0249    -3.348    -1.195    -1.117  0.8631  0.4804 -0.1562
              Bcc     0.0566     7.589     2.708     2.532 -0.1648  0.5600  0.8119
 
              Baa    -0.0690    -9.253    -3.302    -3.087  0.6979 -0.6571  0.2848
     4 C(13)  Bbb    -0.0630    -8.458    -3.018    -2.821  0.7156  0.6249 -0.3120
              Bcc     0.1320    17.711     6.320     5.908  0.0270  0.4216  0.9064
 
              Baa    -0.0409    -5.492    -1.960    -1.832 -0.0428  0.2756  0.9603
     5 C(13)  Bbb     0.0172     2.304     0.822     0.769  0.9853  0.1708 -0.0051
              Bcc     0.0238     3.188     1.138     1.063 -0.1654  0.9460 -0.2788
 
              Baa    -0.0559    -7.503    -2.677    -2.503  0.9370  0.3371 -0.0915
     6 C(13)  Bbb    -0.0472    -6.329    -2.258    -2.111 -0.3475  0.8731 -0.3418
              Bcc     0.1031    13.833     4.936     4.614 -0.0354  0.3521  0.9353
 
              Baa    -0.0690     4.996     1.783     1.666 -0.5448  0.7610 -0.3524
     7 O(17)  Bbb    -0.0604     4.371     1.560     1.458  0.8386  0.4926 -0.2327
              Bcc     0.1295    -9.367    -3.342    -3.125  0.0035  0.4223  0.9065
 
              Baa    -0.0080    -4.273    -1.525    -1.425  0.9576  0.2810 -0.0633
     8 H(1)   Bbb    -0.0008    -0.401    -0.143    -0.134 -0.0012  0.2239  0.9746
              Bcc     0.0088     4.674     1.668     1.559 -0.2881  0.9332 -0.2147
 
              Baa    -1.6664   120.581    43.026    40.221  0.7126  0.6351 -0.2981
     9 O(17)  Bbb    -1.6439   118.948    42.444    39.677  0.6907 -0.5606  0.4568
              Bcc     3.3103  -239.529   -85.470   -79.898 -0.1230  0.5314  0.8382
 
              Baa    -0.0058    -3.099    -1.106    -1.034 -0.6846  0.6996 -0.2048
    10 H(1)   Bbb    -0.0026    -1.395    -0.498    -0.465 -0.1163  0.1725  0.9781
              Bcc     0.0084     4.493     1.603     1.499  0.7196  0.6934 -0.0367
 
              Baa    -0.1099   -58.642   -20.925   -19.561  0.7499  0.6008 -0.2769
    11 H(1)   Bbb    -0.0366   -19.511    -6.962    -6.508 -0.1401  0.5534  0.8211
              Bcc     0.1465    78.153    27.887    26.069  0.6465 -0.5769  0.4992
 
              Baa    -0.0098    -5.215    -1.861    -1.739  0.9726  0.2232 -0.0647
    12 H(1)   Bbb    -0.0070    -3.761    -1.342    -1.255 -0.2037  0.9529  0.2246
              Bcc     0.0168     8.976     3.203     2.994  0.1118 -0.2053  0.9723
 
              Baa    -0.0015    -0.202    -0.072    -0.067 -0.0455 -0.4863  0.8726
    13 C(13)  Bbb    -0.0009    -0.118    -0.042    -0.040  0.4746  0.7581  0.4472
              Bcc     0.0024     0.320     0.114     0.107  0.8790 -0.4345 -0.1963
 
              Baa    -0.0013    -0.671    -0.240    -0.224  0.0316 -0.4316  0.9015
    14 H(1)   Bbb    -0.0011    -0.603    -0.215    -0.201  0.3946  0.8341  0.3855
              Bcc     0.0024     1.275     0.455     0.425  0.9183 -0.3436 -0.1966
 
              Baa    -0.0013    -0.710    -0.253    -0.237 -0.2223 -0.2694  0.9370
    15 H(1)   Bbb    -0.0009    -0.465    -0.166    -0.155  0.4204  0.8406  0.3414
              Bcc     0.0022     1.175     0.419     0.392  0.8797 -0.4698  0.0736
 
              Baa    -0.0011    -0.590    -0.210    -0.197  0.1628 -0.2278  0.9600
    16 H(1)   Bbb    -0.0007    -0.399    -0.142    -0.133  0.5128  0.8508  0.1149
              Bcc     0.0019     0.989     0.353     0.330  0.8429 -0.4736 -0.2553
 
              Baa    -0.0081    -4.334    -1.546    -1.446 -0.5542  0.6107 -0.5656
    17 H(1)   Bbb    -0.0011    -0.584    -0.208    -0.195  0.1994  0.7571  0.6221
              Bcc     0.0092     4.917     1.755     1.640  0.8082  0.2320 -0.5414
 
              Baa    -0.0019    -0.255    -0.091    -0.085 -0.0757  0.0578  0.9954
    18 C(13)  Bbb    -0.0011    -0.154    -0.055    -0.051  0.9485 -0.3037  0.0898
              Bcc     0.0030     0.409     0.146     0.136  0.3075  0.9510 -0.0318
 
              Baa    -0.0016    -0.838    -0.299    -0.280  0.8845 -0.4569 -0.0945
    19 H(1)   Bbb    -0.0014    -0.770    -0.275    -0.257  0.1513  0.0893  0.9844
              Bcc     0.0030     1.608     0.574     0.536  0.4414  0.8850 -0.1481
 
              Baa    -0.0013    -0.683    -0.244    -0.228  0.1043 -0.2131  0.9714
    20 H(1)   Bbb    -0.0011    -0.586    -0.209    -0.196  0.9169 -0.3577 -0.1769
              Bcc     0.0024     1.269     0.453     0.423  0.3852  0.9092  0.1581
 
              Baa    -0.0012    -0.627    -0.224    -0.209  0.3165 -0.0576  0.9468
    21 H(1)   Bbb    -0.0008    -0.424    -0.151    -0.142  0.8931 -0.3182 -0.3179
              Bcc     0.0020     1.051     0.375     0.351  0.3196  0.9463 -0.0493
 

 ---------------------------------------------------------------------------------


 This type of calculation cannot be archived.


 IT IS NOT EASY TO DESCRIBE
     THE SEA WITH THE MOUTH

                   -- KOKYU
 Job cpu time:       0 days  0 hours 30 minutes 11.0 seconds.
 Elapsed time:       0 days  0 hours 30 minutes  1.0 seconds.
 File lengths (MBytes):  RWF=    253 Int=      0 D2E=      0 Chk=     10 Scr=      1
 Normal termination of Gaussian 16 at Mon Jan 12 23:26:58 2026.
