 Entering Link 1 = D:\Gaussian\G16W\l1.exe PID=     62524.
  
 Copyright (c) 1988,1990,1992,1993,1995,1998,2003,2009,2016,
            Gaussian, Inc.  All Rights Reserved.
  
 This is part of the Gaussian(R) 16 program.  It is based on
 the Gaussian(R) 09 system (copyright 2009, Gaussian, Inc.),
 the Gaussian(R) 03 system (copyright 2003, Gaussian, Inc.),
 the Gaussian(R) 98 system (copyright 1998, Gaussian, Inc.),
 the Gaussian(R) 94 system (copyright 1995, Gaussian, Inc.),
 the Gaussian 92(TM) system (copyright 1992, Gaussian, Inc.),
 the Gaussian 90(TM) system (copyright 1990, Gaussian, Inc.),
 the Gaussian 88(TM) system (copyright 1988, Gaussian, Inc.),
 the Gaussian 86(TM) system (copyright 1986, Carnegie Mellon
 University), and the Gaussian 82(TM) system (copyright 1983,
 Carnegie Mellon University). Gaussian is a federally registered
 trademark of Gaussian, Inc.
  
 This software contains proprietary and confidential information,
 including trade secrets, belonging to Gaussian, Inc.
  
 This software is provided under written license and may be
 used, copied, transmitted, or stored only in accord with that
 written license.
  
 The following legend is applicable only to US Government
 contracts under FAR:
  
                    RESTRICTED RIGHTS LEGEND
  
 Use, reproduction and disclosure by the US Government is
 subject to restrictions as set forth in subparagraphs (a)
 and (c) of the Commercial Computer Software - Restricted
 Rights clause in FAR 52.227-19.
  
 Gaussian, Inc.
 340 Quinnipiac St., Bldg. 40, Wallingford CT 06492
  
  
 ---------------------------------------------------------------
 Warning -- This program may not be used in any manner that
 competes with the business of Gaussian, Inc. or will provide
 assistance to any competitor of Gaussian, Inc.  The licensee
 of this program is prohibited from giving any competitor of
 Gaussian, Inc. access to this program.  By using this program,
 the user acknowledges that Gaussian, Inc. is engaged in the
 business of creating and licensing software in the field of
 computational chemistry and represents and warrants to the
 licensee that it is not a competitor of Gaussian, Inc. and that
 it will not use this program in any manner prohibited above.
 ---------------------------------------------------------------
  

 Cite this work as:
 Gaussian 16, Revision A.03,
 M. J. Frisch, G. W. Trucks, H. B. Schlegel, G. E. Scuseria, 
 M. A. Robb, J. R. Cheeseman, G. Scalmani, V. Barone, 
 G. A. Petersson, H. Nakatsuji, X. Li, M. Caricato, A. V. Marenich, 
 J. Bloino, B. G. Janesko, R. Gomperts, B. Mennucci, H. P. Hratchian, 
 J. V. Ortiz, A. F. Izmaylov, J. L. Sonnenberg, D. Williams-Young, 
 F. Ding, F. Lipparini, F. Egidi, J. Goings, B. Peng, A. Petrone, 
 T. Henderson, D. Ranasinghe, V. G. Zakrzewski, J. Gao, N. Rega, 
 G. Zheng, W. Liang, M. Hada, M. Ehara, K. Toyota, R. Fukuda, 
 J. Hasegawa, M. Ishida, T. Nakajima, Y. Honda, O. Kitao, H. Nakai, 
 T. Vreven, K. Throssell, J. A. Montgomery, Jr., J. E. Peralta, 
 F. Ogliaro, M. J. Bearpark, J. J. Heyd, E. N. Brothers, K. N. Kudin, 
 V. N. Staroverov, T. A. Keith, R. Kobayashi, J. Normand, 
 K. Raghavachari, A. P. Rendell, J. C. Burant, S. S. Iyengar, 
 J. Tomasi, M. Cossi, J. M. Millam, M. Klene, C. Adamo, R. Cammi, 
 J. W. Ochterski, R. L. Martin, K. Morokuma, O. Farkas, 
 J. B. Foresman, and D. J. Fox, Gaussian, Inc., Wallingford CT, 2016.
 
 ******************************************
 Gaussian 16:  EM64W-G16RevA.03 17-Dec-2016
                13-Jan-2026 
 ******************************************
 %nprocshared=20
 Will use up to   20 processors via shared memory.
 %mem=58339MB
 %chk=SR-13-ts-SR-14.chk
 ----------------------------------------------------------------------
 # irc=(calcfc,recalc=5,stepsize=5) ub3lyp/6-311g(d,p) geom=connectivit
 y
 ----------------------------------------------------------------------
 1/10=4,18=10,26=3,38=1,39=5,44=3,57=2,71=5,172=1/1,23;
 2/12=2,17=6,18=5,29=1,40=1/2;
 3/5=4,6=6,7=101,11=2,25=1,30=1,71=2,74=-5,116=2,140=1/1,2,3;
 4//1;
 5/5=2,38=5/2;
 8/6=4,10=90,11=11/1;
 11/6=1,8=1,9=11,15=111,16=1/1,2,10;
 10/6=1,13=1/2;
 6/7=2,8=2,9=2,10=2,28=1/1;
 7/10=1,18=20,25=1/1,2,3,16;
 1/10=4,18=10,26=3,39=5,44=3,71=5/23(2);
 2/29=1/2;
 99/5=20/99;
 2/29=1/2;
 3/5=4,6=6,7=101,11=2,25=1,30=1,71=2,74=-5,116=2,140=1/1,2,3;
 4/5=5,16=3,69=1/1;
 5/5=2,38=5/2;
 8/6=4,10=90,11=11/1;
 11/6=1,8=1,9=11,15=111,16=1/1,2,10;
 10/6=1,13=1/2;
 7/10=1,18=20,25=1/1,2,3,16;
 1/18=10,26=3,39=5,44=3,71=5/23(-8);
 2/29=1/2;
 6/7=2,8=2,9=2,10=2,19=2,28=1/1;
 99/5=20,9=1/99;
 -------------------
 Title Card Required
 -------------------
 Symbolic Z-matrix:
 Charge =  0 Multiplicity = 2
 C                     1.83927  -0.04027   0.03888 
 C                     0.98159   1.0739    0.04152 
 C                    -0.38232   0.91913  -0.10053 
 C                    -0.95052  -0.39256  -0.17648 
 C                    -0.07638  -1.50121  -0.303 
 C                     1.28684  -1.31788  -0.15798 
 H                    -0.50185  -2.48027  -0.48733 
 O                    -2.31937  -0.47505  -0.5049 
 O                    -1.20928   1.99596  -0.15278 
 H                     1.37859   2.07999   0.12048 
 C                    -2.41189  -0.6283    0.89049 
 H                    -2.58283  -1.63467   1.25284 
 H                    -2.06618   1.67607  -0.47154 
 H                    -2.74497   0.23378   1.45692 
 H                     1.94631  -2.17685  -0.21918 
 C                     3.3231    0.14498   0.22747 
 H                     3.69156   1.01185  -0.32825 
 H                     3.57108   0.30932   1.28253 
 H                     3.87929  -0.73314  -0.10735 
 
 IRC-IRC-IRC-IRC-IRC-IRC-IRC-IRC-IRC-IRC-IRC-IRC-IRC-IRC-IRC-IRC-IRC-IRC
 ------------------------------------------------------------------------
 INPUT DATA FOR L123
 ------------------------------------------------------------------------
 GENERAL PARAMETERS:
 Follow reaction path in both directions.
 Maximum points per path      =  10
 Step size                    =   0.050 bohr
 Integration scheme           = HPC                                 
    Redo corrector integration= Yes                                 
    DWI Weight Power          =  2
    DWI will use Hessian update vectors when possible.
    Max correction cycles     =  20
 Initial Hessian              = CalcFC
 Hessian evaluation           = Analytic every   5 predictor steps
                              = Update at all corrector steps
 Hessian updating method      = Bofill                              
 ------------------------------------------------------------------------
 IRC-IRC-IRC-IRC-IRC-IRC-IRC-IRC-IRC-IRC-IRC-IRC-IRC-IRC-IRC-IRC-IRC-IRC
                          Input orientation:                          
 ---------------------------------------------------------------------
 Center     Atomic      Atomic             Coordinates (Angstroms)
 Number     Number       Type             X           Y           Z
 ---------------------------------------------------------------------
      1          6           0        1.839270   -0.040273    0.038884
      2          6           0        0.981594    1.073895    0.041519
      3          6           0       -0.382318    0.919125   -0.100531
      4          6           0       -0.950521   -0.392563   -0.176478
      5          6           0       -0.076376   -1.501213   -0.302997
      6          6           0        1.286843   -1.317875   -0.157984
      7          1           0       -0.501854   -2.480272   -0.487333
      8          8           0       -2.319374   -0.475054   -0.504896
      9          8           0       -1.209275    1.995964   -0.152776
     10          1           0        1.378588    2.079987    0.120476
     11          6           0       -2.411892   -0.628296    0.890493
     12          1           0       -2.582826   -1.634670    1.252843
     13          1           0       -2.066180    1.676066   -0.471544
     14          1           0       -2.744972    0.233779    1.456923
     15          1           0        1.946312   -2.176854   -0.219181
     16          6           0        3.323096    0.144975    0.227472
     17          1           0        3.691564    1.011852   -0.328254
     18          1           0        3.571084    0.309318    1.282527
     19          1           0        3.879290   -0.733135   -0.107348
 ---------------------------------------------------------------------
                    Distance matrix (angstroms):
                    1          2          3          4          5
     1  C    0.000000
     2  C    1.406053   0.000000
     3  C    2.423909   1.379996   0.000000
     4  C    2.820181   2.435383   1.431485   0.000000
     5  C    2.433296   2.805205   2.447985   1.417477   0.000000
     6  C    1.405774   2.419409   2.791696   2.421227   1.383115
     7  H    3.422187   3.887468   3.423420   2.157884   1.083313
     8  O    4.216521   3.687032   2.420626   1.410114   2.474834
     9  O    3.671052   2.384925   1.358738   2.402619   3.679167
    10  H    2.171264   1.084463   2.120668   3.409756   3.888604
    11  C    4.375316   3.890239   2.737848   1.824720   2.764243
    12  H    4.854970   4.637749   3.632592   2.500042   2.953090
    13  H    4.296382   3.148773   1.883083   2.368752   3.752710
    14  H    4.806372   4.073875   2.911614   2.506064   3.637158
    15  H    2.154770   3.400884   3.875781   3.402522   2.134194
    16  C    1.507190   2.525886   3.799604   4.326191   3.814150
    17  H    2.161655   2.735785   4.081295   4.852254   4.529184
    18  H    2.160565   2.971555   4.232505   4.802733   4.369883
    19  H    2.159427   3.418210   4.570702   4.842297   4.034292
                    6          7          8          9         10
     6  C    0.000000
     7  H    2.158489   0.000000
     8  O    3.719610   2.706397   0.000000
     9  O    4.148754   4.544124   2.731710   0.000000
    10  H    3.410487   4.970056   4.538089   2.603605   0.000000
    11  C    3.905824   2.996075   1.406824   3.069436   4.721807
    12  H    4.130996   2.841426   2.122207   4.128427   5.547408
    13  H    4.506081   4.441003   2.166226   0.968625   3.518532
    14  H    4.612059   4.022161   2.128923   2.838097   4.711509
    15  H    1.084661   2.481428   4.601503   5.232069   4.307943
    16  C    2.536697   4.693944   5.723484   4.910513   2.745329
    17  H    3.352507   5.459395   6.194632   5.001749   2.586915
    18  H    3.152869   5.244334   6.205450   5.268463   3.048388
    19  H    2.658057   4.731945   6.216758   5.774386   3.770818
                   11         12         13         14         15
    11  C    0.000000
    12  H    1.083192   0.000000
    13  H    2.699027   3.768475   0.000000
    14  H    1.083955   1.886542   2.501986   0.000000
    15  H    4.756401   4.793111   5.568552   5.534313   0.000000
    16  C    5.824743   6.252874   5.645986   6.192002   2.736041
    17  H    6.436428   6.990845   5.797700   6.724675   3.636708
    18  H    6.068675   6.453726   6.059993   6.318915   3.328072
    19  H    6.370687   6.664970   6.425379   6.874788   2.415209
                   16         17         18         19
    16  C    0.000000
    17  H    1.093652   0.000000
    18  H    1.096197   1.761444   0.000000
    19  H    1.092032   1.768904   1.764498   0.000000
 Symmetry turned off by external request.
 Stoichiometry    C8H9O2(2)
 Framework group  C1[X(C8H9O2)]
 Deg. of freedom    51
 Full point group                 C1      NOp   1
 Rotational constants (GHZ):           2.6448049           1.0419819           0.8007363
 Standard basis: 6-311G(d,p) (5D, 7F)
   234 basis functions,   392 primitive gaussians,   244 cartesian basis functions
    37 alpha electrons       36 beta electrons
       nuclear repulsion energy       512.5892148116 Hartrees.
 NAtoms=   19 NActive=   19 NUniq=   19 SFac= 1.00D+00 NAtFMM=   60 NAOKFM=F Big=F
 Integral buffers will be    131072 words long.
 Raffenetti 2 integral format.
 Two-electron integral symmetry is turned off.
 One-electron integrals computed using PRISM.
 NBasis=   234 RedAO= T EigKep=  1.99D-04  NBF=   234
 NBsUse=   234 1.00D-06 EigRej= -1.00D+00 NBFU=   234
 ExpMin= 1.03D-01 ExpMax= 8.59D+03 ExpMxC= 1.30D+03 IAcc=3 IRadAn=         5 AccDes= 0.00D+00
 Harris functional with IExCor=  402 and IRadAn=       5 diagonalized for initial guess.
 HarFok:  IExCor=  402 AccDes= 0.00D+00 IRadAn=         5 IDoV= 1 UseB2=F ITyADJ=14
 ICtDFT=  3500011 ScaDFX=  1.000000  1.000000  1.000000  1.000000
 FoFCou: FMM=F IPFlag=           0 FMFlag=      100000 FMFlg1=           0
         NFxFlg=           0 DoJE=T BraDBF=F KetDBF=T FulRan=T
         wScrn=  0.000000 ICntrl=       500 IOpCl=  0 I1Cent=   200000004 NGrid=           0
         NMat0=    1 NMatS0=      1 NMatT0=    0 NMatD0=    1 NMtDS0=    0 NMtDT0=    0
 Symmetry not used in FoFCou.
 Initial guess <Sx>= 0.0000 <Sy>= 0.0000 <Sz>= 0.5000 <S**2>= 0.7500 S= 0.5000
 Requested convergence on RMS density matrix=1.00D-08 within 128 cycles.
 Requested convergence on MAX density matrix=1.00D-06.
 Requested convergence on             energy=1.00D-06.
 No special actions if energy rises.
 Integral accuracy reduced to 1.0D-05 until final iterations.
 Initial convergence to 1.0D-05 achieved.  Increase integral accuracy.
 SCF Done:  E(UB3LYP) =  -460.736041125     A.U. after   19 cycles
            NFock= 19  Conv=0.55D-08     -V/T= 2.0038
 <Sx>= 0.0000 <Sy>= 0.0000 <Sz>= 0.5000 <S**2>= 0.7804 S= 0.5151
 <L.S>= 0.000000000000E+00
 Annihilation of the first spin contaminant:
 S**2 before annihilation     0.7804,   after     0.7506
 DoSCS=F DFT=T ScalE2(SS,OS)=  1.000000  1.000000
 Range of M.O.s used for correlation:     1   234
 NBasis=   234 NAE=    37 NBE=    36 NFC=     0 NFV=     0
 NROrb=    234 NOA=    37 NOB=    36 NVA=   197 NVB=   198

 **** Warning!!: The largest alpha MO coefficient is  0.13648453D+02


 **** Warning!!: The largest beta MO coefficient is  0.13482331D+02

 Symmetrizing basis deriv contribution to polar:
 IMax=3 JMax=2 DiffMx= 0.00D+00
 G2DrvN: will do    20 centers at a time, making    1 passes.
 Calling FoFCou, ICntrl=  3107 FMM=F I1Cent=   0 AccDes= 0.00D+00.
 End of G2Drv F.D. properties file   721 does not exist.
 End of G2Drv F.D. properties file   722 does not exist.
 End of G2Drv F.D. properties file   788 does not exist.
          IDoAtm=1111111111111111111
          Differentiating once with respect to nuclear coordinates.
 Keep R1 and R2 ints in memory in canonical form, NReq=777448244.
          There are    60 degrees of freedom in the 1st order CPHF.  IDoFFX=6 NUNeed=     0.
     54 vectors produced by pass  0 Test12= 2.40D-14 1.67D-09 XBig12= 3.92D-01 2.48D-01.
 AX will form    54 AO Fock derivatives at one time.
     54 vectors produced by pass  1 Test12= 2.40D-14 1.67D-09 XBig12= 8.15D-02 9.19D-02.
     54 vectors produced by pass  2 Test12= 2.40D-14 1.67D-09 XBig12= 1.49D-03 9.30D-03.
     54 vectors produced by pass  3 Test12= 2.40D-14 1.67D-09 XBig12= 1.51D-05 7.29D-04.
     54 vectors produced by pass  4 Test12= 2.40D-14 1.67D-09 XBig12= 9.18D-08 3.34D-05.
     54 vectors produced by pass  5 Test12= 2.40D-14 1.67D-09 XBig12= 5.28D-10 2.34D-06.
     42 vectors produced by pass  6 Test12= 2.40D-14 1.67D-09 XBig12= 2.51D-12 1.46D-07.
     11 vectors produced by pass  7 Test12= 2.40D-14 1.67D-09 XBig12= 1.09D-14 7.53D-09.
 InvSVY:  IOpt=1 It=  1 EMax= 1.67D-15
 Solved reduced A of dimension   377 with    60 vectors.
 End of Minotr F.D. properties file   721 does not exist.
 End of Minotr F.D. properties file   722 does not exist.
 End of Minotr F.D. properties file   788 does not exist.

 **********************************************************************

            Population analysis using the SCF density.

 **********************************************************************

 Alpha  occ. eigenvalues --  -19.16170 -19.15391 -10.25008 -10.24052 -10.23522
 Alpha  occ. eigenvalues --  -10.18737 -10.18052 -10.17137 -10.16964 -10.16944
 Alpha  occ. eigenvalues --   -1.10287  -1.06547  -0.85962  -0.77223  -0.75228
 Alpha  occ. eigenvalues --   -0.68891  -0.66901  -0.62141  -0.61280  -0.54613
 Alpha  occ. eigenvalues --   -0.51730  -0.49767  -0.48035  -0.46058  -0.45406
 Alpha  occ. eigenvalues --   -0.43556  -0.42851  -0.41348  -0.40251  -0.38306
 Alpha  occ. eigenvalues --   -0.37186  -0.35429  -0.34178  -0.30351  -0.27884
 Alpha  occ. eigenvalues --   -0.24563  -0.16844
 Alpha virt. eigenvalues --   -0.00777   0.01309   0.04412   0.04726   0.06070
 Alpha virt. eigenvalues --    0.07872   0.09148   0.09988   0.11266   0.12531
 Alpha virt. eigenvalues --    0.14315   0.14692   0.16912   0.18218   0.21067
 Alpha virt. eigenvalues --    0.23332   0.25788   0.28036   0.29156   0.30511
 Alpha virt. eigenvalues --    0.31990   0.32712   0.35139   0.35577   0.36951
 Alpha virt. eigenvalues --    0.38906   0.39134   0.40532   0.41084   0.43980
 Alpha virt. eigenvalues --    0.44904   0.45268   0.47304   0.47359   0.48340
 Alpha virt. eigenvalues --    0.49534   0.51618   0.54370   0.54429   0.55585
 Alpha virt. eigenvalues --    0.56453   0.57022   0.58620   0.60881   0.61251
 Alpha virt. eigenvalues --    0.61696   0.62931   0.63983   0.64120   0.67064
 Alpha virt. eigenvalues --    0.68686   0.74135   0.75148   0.77097   0.78037
 Alpha virt. eigenvalues --    0.78840   0.80476   0.82257   0.86463   0.87906
 Alpha virt. eigenvalues --    0.88209   0.91856   0.93126   0.95235   0.97987
 Alpha virt. eigenvalues --    1.00108   1.02605   1.03810   1.05170   1.07161
 Alpha virt. eigenvalues --    1.11373   1.13076   1.16313   1.17741   1.20852
 Alpha virt. eigenvalues --    1.25069   1.31489   1.33387   1.34391   1.37871
 Alpha virt. eigenvalues --    1.42549   1.44816   1.45429   1.46109   1.46561
 Alpha virt. eigenvalues --    1.48403   1.49363   1.50688   1.53810   1.54808
 Alpha virt. eigenvalues --    1.55628   1.56948   1.58809   1.59829   1.61365
 Alpha virt. eigenvalues --    1.63574   1.64441   1.64856   1.68665   1.69479
 Alpha virt. eigenvalues --    1.70290   1.74752   1.77023   1.79345   1.81000
 Alpha virt. eigenvalues --    1.83992   1.86097   1.87973   1.90408   1.93336
 Alpha virt. eigenvalues --    1.94399   1.96599   1.97318   1.98179   1.99560
 Alpha virt. eigenvalues --    2.01449   2.04558   2.07161   2.08304   2.12193
 Alpha virt. eigenvalues --    2.14480   2.16279   2.23183   2.24294   2.30221
 Alpha virt. eigenvalues --    2.32537   2.35286   2.35648   2.40605   2.43734
 Alpha virt. eigenvalues --    2.46584   2.49586   2.50363   2.51857   2.53323
 Alpha virt. eigenvalues --    2.55109   2.56347   2.58179   2.59193   2.63079
 Alpha virt. eigenvalues --    2.64529   2.65626   2.67872   2.68695   2.69912
 Alpha virt. eigenvalues --    2.72971   2.75988   2.81809   2.84011   2.85942
 Alpha virt. eigenvalues --    2.86143   2.88215   2.90922   3.00267   3.04916
 Alpha virt. eigenvalues --    3.08701   3.12362   3.16077   3.16317   3.19500
 Alpha virt. eigenvalues --    3.23215   3.25178   3.29906   3.32753   3.39033
 Alpha virt. eigenvalues --    3.41500   3.50530   3.56656   3.58940   3.60959
 Alpha virt. eigenvalues --    3.70032   3.78295   3.80104   3.81763   3.83503
 Alpha virt. eigenvalues --    3.99048   4.08618   4.10875   4.25953   4.31915
 Alpha virt. eigenvalues --    4.79049   4.83252   4.95250   5.31778   5.39595
 Alpha virt. eigenvalues --    5.59425   5.70253  23.47105  23.74094  23.85313
 Alpha virt. eigenvalues --   23.88723  23.93384  23.99448  24.10291  24.16180
 Alpha virt. eigenvalues --   49.88011  49.92195
  Beta  occ. eigenvalues --  -19.16016 -19.15279 -10.25223 -10.23738 -10.22486
  Beta  occ. eigenvalues --  -10.18352 -10.17698 -10.17287 -10.17093 -10.16988
  Beta  occ. eigenvalues --   -1.09831  -1.06230  -0.85590  -0.76782  -0.74939
  Beta  occ. eigenvalues --   -0.68713  -0.65037  -0.61854  -0.61029  -0.54101
  Beta  occ. eigenvalues --   -0.51325  -0.49354  -0.47521  -0.45571  -0.45081
  Beta  occ. eigenvalues --   -0.43276  -0.42291  -0.40967  -0.39809  -0.38150
  Beta  occ. eigenvalues --   -0.37031  -0.35226  -0.33311  -0.30127  -0.25879
  Beta  occ. eigenvalues --   -0.23691
  Beta virt. eigenvalues --   -0.07751   0.00320   0.03059   0.04567   0.04816
  Beta virt. eigenvalues --    0.06260   0.08200   0.09199   0.10248   0.11523
  Beta virt. eigenvalues --    0.12669   0.14370   0.15106   0.17431   0.18651
  Beta virt. eigenvalues --    0.21444   0.23726   0.25933   0.28290   0.29329
  Beta virt. eigenvalues --    0.30829   0.32616   0.33136   0.35207   0.36467
  Beta virt. eigenvalues --    0.37395   0.39353   0.39787   0.41208   0.41746
  Beta virt. eigenvalues --    0.44402   0.44918   0.45944   0.47651   0.47756
  Beta virt. eigenvalues --    0.48520   0.49773   0.51726   0.54786   0.54937
  Beta virt. eigenvalues --    0.55771   0.57007   0.57710   0.58794   0.61290
  Beta virt. eigenvalues --    0.61497   0.61918   0.63071   0.64214   0.64401
  Beta virt. eigenvalues --    0.67510   0.69071   0.74754   0.75317   0.77345
  Beta virt. eigenvalues --    0.78270   0.79252   0.80895   0.82357   0.86640
  Beta virt. eigenvalues --    0.88018   0.88411   0.92027   0.93329   0.95514
  Beta virt. eigenvalues --    0.98248   1.00268   1.02905   1.04112   1.05754
  Beta virt. eigenvalues --    1.07654   1.11569   1.13292   1.17214   1.18169
  Beta virt. eigenvalues --    1.21415   1.25706   1.31668   1.33534   1.34770
  Beta virt. eigenvalues --    1.38182   1.42659   1.45300   1.46105   1.46724
  Beta virt. eigenvalues --    1.46743   1.48871   1.49696   1.50894   1.54660
  Beta virt. eigenvalues --    1.54995   1.56412   1.57217   1.59057   1.60173
  Beta virt. eigenvalues --    1.61883   1.63931   1.64911   1.65321   1.68879
  Beta virt. eigenvalues --    1.69857   1.70346   1.75148   1.77186   1.79586
  Beta virt. eigenvalues --    1.81236   1.84640   1.86602   1.88358   1.90665
  Beta virt. eigenvalues --    1.93816   1.94763   1.96965   1.98121   1.99130
  Beta virt. eigenvalues --    2.00345   2.01655   2.04900   2.07573   2.08569
  Beta virt. eigenvalues --    2.12374   2.14790   2.16659   2.23217   2.24655
  Beta virt. eigenvalues --    2.30426   2.32713   2.35458   2.35786   2.40892
  Beta virt. eigenvalues --    2.43883   2.46797   2.49887   2.50497   2.52076
  Beta virt. eigenvalues --    2.53583   2.55573   2.56555   2.58328   2.59549
  Beta virt. eigenvalues --    2.63183   2.64701   2.65989   2.68146   2.69027
  Beta virt. eigenvalues --    2.70962   2.74056   2.76468   2.81929   2.84173
  Beta virt. eigenvalues --    2.86184   2.87128   2.88646   2.91580   3.00543
  Beta virt. eigenvalues --    3.05597   3.09041   3.12610   3.16573   3.16810
  Beta virt. eigenvalues --    3.19958   3.23476   3.25461   3.30443   3.32989
  Beta virt. eigenvalues --    3.39307   3.41640   3.50705   3.56905   3.59158
  Beta virt. eigenvalues --    3.61043   3.71321   3.78429   3.80267   3.81920
  Beta virt. eigenvalues --    3.83732   3.99178   4.08760   4.11101   4.26437
  Beta virt. eigenvalues --    4.32306   4.79359   4.83726   4.95385   5.31998
  Beta virt. eigenvalues --    5.40016   5.59783   5.70453  23.47224  23.74987
  Beta virt. eigenvalues --   23.85532  23.88933  23.93398  23.99665  24.10315
  Beta virt. eigenvalues --   24.16258  49.88146  49.92322
          Condensed to atoms (all electrons):
               1          2          3          4          5          6
     1  C    5.073627   0.508820  -0.051993  -0.050175  -0.051100   0.512884
     2  C    0.508820   4.881449   0.516298  -0.054712  -0.040006  -0.053334
     3  C   -0.051993   0.516298   4.827690   0.286063   0.028677  -0.046707
     4  C   -0.050175  -0.054712   0.286063   5.470836   0.377923  -0.038050
     5  C   -0.051100  -0.040006   0.028677   0.377923   4.930261   0.472318
     6  C    0.512884  -0.053334  -0.046707  -0.038050   0.472318   4.893540
     7  H    0.008621  -0.001052   0.006297  -0.052768   0.418186  -0.034469
     8  O   -0.000086   0.006350  -0.050685   0.184318  -0.035503   0.006553
     9  O    0.003616  -0.050372   0.381542  -0.090411   0.005125  -0.000371
    10  H   -0.048360   0.394815  -0.031065   0.014439  -0.001689   0.007631
    11  C    0.001285  -0.005707  -0.049922  -0.012769  -0.035890  -0.003016
    12  H   -0.000042   0.000276   0.001188   0.000129   0.002461  -0.001099
    13  H   -0.000267   0.007545  -0.047779  -0.020114   0.001791  -0.000431
    14  H   -0.000085  -0.001636  -0.001071  -0.003300   0.001848   0.000627
    15  H   -0.049027   0.007642  -0.000615   0.009816  -0.032774   0.409614
    16  C    0.363940  -0.056838   0.005837  -0.000103   0.006099  -0.056321
    17  H   -0.038570  -0.005189   0.000352   0.000017  -0.000322   0.004055
    18  H   -0.037430  -0.004317   0.000202  -0.000052  -0.000053  -0.001780
    19  H   -0.036245   0.006689  -0.000437   0.000068   0.000396  -0.007160
               7          8          9         10         11         12
     1  C    0.008621  -0.000086   0.003616  -0.048360   0.001285  -0.000042
     2  C   -0.001052   0.006350  -0.050372   0.394815  -0.005707   0.000276
     3  C    0.006297  -0.050685   0.381542  -0.031065  -0.049922   0.001188
     4  C   -0.052768   0.184318  -0.090411   0.014439  -0.012769   0.000129
     5  C    0.418186  -0.035503   0.005125  -0.001689  -0.035890   0.002461
     6  C   -0.034469   0.006553  -0.000371   0.007631  -0.003016  -0.001099
     7  H    0.571541   0.000427  -0.000082   0.000092   0.002382  -0.001373
     8  O    0.000427   8.050380  -0.009903  -0.000202   0.206803  -0.029591
     9  O   -0.000082  -0.009903   7.775343   0.004366   0.007190   0.000153
    10  H    0.000092  -0.000202   0.004366   0.572987  -0.000028  -0.000012
    11  C    0.002382   0.206803   0.007190  -0.000028   5.230776   0.390361
    12  H   -0.001373  -0.029591   0.000153  -0.000012   0.390361   0.548737
    13  H   -0.000031   0.031930   0.323860  -0.000829  -0.004339   0.000978
    14  H    0.000258  -0.035033   0.008026   0.000023   0.389430  -0.040952
    15  H   -0.009277  -0.000142   0.000009  -0.000343  -0.000030   0.000029
    16  C   -0.000303   0.000001  -0.000077  -0.007590   0.000005   0.000000
    17  H    0.000019   0.000000  -0.000019   0.001829   0.000006   0.000000
    18  H    0.000014   0.000000   0.000002   0.000371  -0.000023   0.000002
    19  H   -0.000021   0.000000   0.000002   0.000158   0.000001   0.000000
              13         14         15         16         17         18
     1  C   -0.000267  -0.000085  -0.049027   0.363940  -0.038570  -0.037430
     2  C    0.007545  -0.001636   0.007642  -0.056838  -0.005189  -0.004317
     3  C   -0.047779  -0.001071  -0.000615   0.005837   0.000352   0.000202
     4  C   -0.020114  -0.003300   0.009816  -0.000103   0.000017  -0.000052
     5  C    0.001791   0.001848  -0.032774   0.006099  -0.000322  -0.000053
     6  C   -0.000431   0.000627   0.409614  -0.056321   0.004055  -0.001780
     7  H   -0.000031   0.000258  -0.009277  -0.000303   0.000019   0.000014
     8  O    0.031930  -0.035033  -0.000142   0.000001   0.000000   0.000000
     9  O    0.323860   0.008026   0.000009  -0.000077  -0.000019   0.000002
    10  H   -0.000829   0.000023  -0.000343  -0.007590   0.001829   0.000371
    11  C   -0.004339   0.389430  -0.000030   0.000005   0.000006  -0.000023
    12  H    0.000978  -0.040952   0.000029   0.000000   0.000000   0.000002
    13  H    0.460043  -0.005883   0.000003   0.000025  -0.000001   0.000001
    14  H   -0.005883   0.561537  -0.000012   0.000002   0.000000   0.000001
    15  H    0.000003  -0.000012   0.585024  -0.008788   0.000074   0.000092
    16  C    0.000025   0.000002  -0.008788   4.799864   0.404763   0.399233
    17  H   -0.000001   0.000000   0.000074   0.404763   0.574666  -0.032052
    18  H    0.000001   0.000001   0.000092   0.399233  -0.032052   0.578128
    19  H   -0.000002   0.000000   0.003593   0.407028  -0.027037  -0.028476
              19
     1  C   -0.036245
     2  C    0.006689
     3  C   -0.000437
     4  C    0.000068
     5  C    0.000396
     6  C   -0.007160
     7  H   -0.000021
     8  O    0.000000
     9  O    0.000002
    10  H    0.000158
    11  C    0.000001
    12  H    0.000000
    13  H   -0.000002
    14  H    0.000000
    15  H    0.003593
    16  C    0.407028
    17  H   -0.027037
    18  H   -0.028476
    19  H    0.573205
          Atomic-Atomic Spin Densities.
               1          2          3          4          5          6
     1  C    0.316424  -0.013432  -0.014972  -0.002111  -0.017048   0.019454
     2  C   -0.013432  -0.124725   0.015654   0.004947   0.001883  -0.000044
     3  C   -0.014972   0.015654   0.226494   0.018041   0.008215  -0.000233
     4  C   -0.002111   0.004947   0.018041  -0.138333   0.012895   0.003019
     5  C   -0.017048   0.001883   0.008215   0.012895   0.290153  -0.015189
     6  C    0.019454  -0.000044  -0.000233   0.003019  -0.015189  -0.127481
     7  H   -0.000325  -0.000012  -0.000181  -0.001895   0.002133   0.000391
     8  O    0.000040   0.000222   0.001136   0.044363  -0.000929   0.000289
     9  O    0.000321  -0.000115  -0.031388  -0.000120  -0.000240   0.000013
    10  H   -0.000367  -0.000608   0.000538  -0.000052   0.000056  -0.000086
    11  C    0.001918  -0.002902  -0.030669  -0.099467  -0.030650  -0.001159
    12  H   -0.000068   0.000057   0.000494   0.003893   0.002321   0.000075
    13  H   -0.000013  -0.000028  -0.001038   0.000510   0.000004   0.000008
    14  H   -0.000039   0.000146   0.001465   0.002653   0.000383   0.000003
    15  H   -0.000190   0.000037   0.000032  -0.000070   0.000019  -0.000439
    16  C   -0.006860   0.001586  -0.000172  -0.000034   0.000032   0.000046
    17  H   -0.005141   0.000381   0.000250  -0.000022   0.000145  -0.000132
    18  H   -0.009168   0.000357   0.000048   0.000073  -0.000002  -0.000303
    19  H   -0.001320  -0.000007   0.000022  -0.000010   0.000096   0.000142
               7          8          9         10         11         12
     1  C   -0.000325   0.000040   0.000321  -0.000367   0.001918  -0.000068
     2  C   -0.000012   0.000222  -0.000115  -0.000608  -0.002902   0.000057
     3  C   -0.000181   0.001136  -0.031388   0.000538  -0.030669   0.000494
     4  C   -0.001895   0.044363  -0.000120  -0.000052  -0.099467   0.003893
     5  C    0.002133  -0.000929  -0.000240   0.000056  -0.030650   0.002321
     6  C    0.000391   0.000289   0.000013  -0.000086  -0.001159   0.000075
     7  H   -0.016627  -0.000571   0.000001   0.000002   0.003548  -0.000425
     8  O   -0.000571   0.076068  -0.000298  -0.000013  -0.088885   0.001725
     9  O    0.000001  -0.000298   0.056937  -0.000077   0.004557  -0.000074
    10  H    0.000002  -0.000013  -0.000077   0.005570   0.000096  -0.000001
    11  C    0.003548  -0.088885   0.004557   0.000096   0.923742  -0.012049
    12  H   -0.000425   0.001725  -0.000074  -0.000001  -0.012049  -0.022489
    13  H   -0.000004  -0.000062   0.000590  -0.000006  -0.000413  -0.000019
    14  H   -0.000061   0.001496  -0.000577  -0.000006  -0.009785   0.003370
    15  H    0.000268  -0.000008   0.000000   0.000000   0.000057  -0.000005
    16  C    0.000007   0.000000   0.000001   0.000150  -0.000002   0.000000
    17  H    0.000006  -0.000001  -0.000006   0.000185   0.000011   0.000000
    18  H   -0.000014   0.000001  -0.000001  -0.000181  -0.000039   0.000002
    19  H    0.000008   0.000000   0.000000   0.000010   0.000004   0.000000
              13         14         15         16         17         18
     1  C   -0.000013  -0.000039  -0.000190  -0.006860  -0.005141  -0.009168
     2  C   -0.000028   0.000146   0.000037   0.001586   0.000381   0.000357
     3  C   -0.001038   0.001465   0.000032  -0.000172   0.000250   0.000048
     4  C    0.000510   0.002653  -0.000070  -0.000034  -0.000022   0.000073
     5  C    0.000004   0.000383   0.000019   0.000032   0.000145  -0.000002
     6  C    0.000008   0.000003  -0.000439   0.000046  -0.000132  -0.000303
     7  H   -0.000004  -0.000061   0.000268   0.000007   0.000006  -0.000014
     8  O   -0.000062   0.001496  -0.000008   0.000000  -0.000001   0.000001
     9  O    0.000590  -0.000577   0.000000   0.000001  -0.000006  -0.000001
    10  H   -0.000006  -0.000006   0.000000   0.000150   0.000185  -0.000181
    11  C   -0.000413  -0.009785   0.000057  -0.000002   0.000011  -0.000039
    12  H   -0.000019   0.003370  -0.000005   0.000000   0.000000   0.000002
    13  H   -0.000506   0.000052   0.000000   0.000000   0.000000   0.000000
    14  H    0.000052  -0.021404  -0.000001   0.000000   0.000000   0.000001
    15  H    0.000000  -0.000001   0.005687   0.000102   0.000026  -0.000087
    16  C    0.000000   0.000000   0.000102  -0.023730   0.001823   0.003280
    17  H    0.000000   0.000000   0.000026   0.001823   0.014754  -0.005929
    18  H    0.000000   0.000001  -0.000087   0.003280  -0.005929   0.029447
    19  H    0.000000   0.000000   0.000043   0.001372   0.001301  -0.002174
              19
     1  C   -0.001320
     2  C   -0.000007
     3  C    0.000022
     4  C   -0.000010
     5  C    0.000096
     6  C    0.000142
     7  H    0.000008
     8  O    0.000000
     9  O    0.000000
    10  H    0.000010
    11  C    0.000004
    12  H    0.000000
    13  H    0.000000
    14  H    0.000000
    15  H    0.000043
    16  C    0.001372
    17  H    0.001301
    18  H   -0.002174
    19  H    0.002258
 Mulliken charges and spin densities:
               1          2
     1  C   -0.109413   0.267103
     2  C   -0.056721  -0.116602
     3  C    0.226126   0.193736
     4  C   -0.021154  -0.151720
     5  C   -0.047750   0.254277
     6  C   -0.064486  -0.121625
     7  H    0.091539  -0.013750
     8  O   -0.325616   0.034574
     9  O   -0.358001   0.029525
    10  H    0.093405   0.005210
    11  C   -0.116517   0.657914
    12  H    0.128757  -0.023195
    13  H    0.253498  -0.000926
    14  H    0.126219  -0.022302
    15  H    0.085110   0.005472
    16  C   -0.256777  -0.022398
    17  H    0.117408   0.007651
    18  H    0.126137   0.015311
    19  H    0.108237   0.001745
 Sum of Mulliken charges =   0.00000   1.00000
 Mulliken charges and spin densities with hydrogens summed into heavy atoms:
               1          2
     1  C   -0.109413   0.267103
     2  C    0.036684  -0.111392
     3  C    0.226126   0.193736
     4  C   -0.021154  -0.151720
     5  C    0.043789   0.240527
     6  C    0.020624  -0.116153
     8  O   -0.325616   0.034574
     9  O   -0.104503   0.028599
    11  C    0.138459   0.612417
    16  C    0.095005   0.002309
 APT charges:
               1
     1  C    0.061681
     2  C   -0.457062
     3  C   -0.212577
     4  C   -0.061221
     5  C   -0.546638
     6  C   -0.510192
     7  H    0.507385
     8  O   -0.132097
     9  O   -0.373784
    10  H    0.468109
    11  C   -0.793133
    12  H    0.491493
    13  H    0.542518
    14  H    0.391134
    15  H    0.554416
    16  C   -1.299688
    17  H    0.445211
    18  H    0.421987
    19  H    0.502459
 Sum of APT charges =   0.00000
 APT charges with hydrogens summed into heavy atoms:
               1
     1  C    0.061681
     2  C    0.011046
     3  C   -0.212577
     4  C   -0.061221
     5  C   -0.039253
     6  C    0.044224
     8  O   -0.132097
     9  O    0.168733
    11  C    0.089494
    16  C    0.069969
 Electronic spatial extent (au):  <R**2>=           1463.1428
 Charge=              0.0000 electrons
 Dipole moment (field-independent basis, Debye):
    X=              0.3027    Y=             -0.8070    Z=              0.8029  Tot=              1.1779
 Quadrupole moment (field-independent basis, Debye-Ang):
   XX=            -53.5576   YY=            -58.0379   ZZ=            -61.0655
   XY=             -0.3705   XZ=             -2.0798   YZ=             -0.8401
 Traceless Quadrupole moment (field-independent basis, Debye-Ang):
   XX=              3.9961   YY=             -0.4842   ZZ=             -3.5118
   XY=             -0.3705   XZ=             -2.0798   YZ=             -0.8401
 Octapole moment (field-independent basis, Debye-Ang**2):
  XXX=             -9.1806  YYY=             -8.7116  ZZZ=             -0.4579  XYY=             -3.2966
  XXY=              9.0143  XXZ=              7.4370  XZZ=             -8.5613  YZZ=              4.1062
  YYZ=             -2.0631  XYZ=              4.7627
 Hexadecapole moment (field-independent basis, Debye-Ang**3):
 XXXX=          -1291.2631 YYYY=           -492.3831 ZZZZ=           -129.1211 XXXY=            -34.3165
 XXXZ=            -11.3595 YYYX=              7.3969 YYYZ=              0.8641 ZZZX=              6.2240
 ZZZY=             -2.4290 XXYY=           -275.9648 XXZZ=           -237.7809 YYZZ=           -106.8364
 XXYZ=            -10.1012 YYXZ=             -0.1861 ZZXY=             -1.9536
 N-N= 5.125892148116D+02 E-N=-2.100440225521D+03  KE= 4.590119127001D+02
  Exact polarizability:   0.000   0.000   0.000   0.000   0.000   0.000
 Approx polarizability: 226.077   5.036 160.214 -12.679   2.823  90.655
                          Isotropic Fermi Contact Couplings
        Atom                 a.u.       MegaHertz       Gauss      10(-4) cm-1
     1  C(13)              0.01929      21.68535       7.73787       7.23346
     2  C(13)             -0.01672     -18.80094      -6.70864      -6.27132
     3  C(13)              0.01691      19.00669       6.78206       6.33995
     4  C(13)             -0.00853      -9.58844      -3.42139      -3.19836
     5  C(13)              0.01876      21.08680       7.52430       7.03380
     6  C(13)             -0.01753     -19.71187      -7.03369      -6.57517
     7  H(1)              -0.00354     -15.84070      -5.65235      -5.28389
     8  O(17)              0.00121      -0.73118      -0.26090      -0.24389
     9  O(17)              0.00546      -3.31083      -1.18139      -1.10437
    10  H(1)               0.00125       5.60254       1.99913       1.86881
    11  C(13)              0.12281     138.05958      49.26309      46.05172
    12  H(1)              -0.00773     -34.56126     -12.33232     -11.52840
    13  H(1)              -0.00028      -1.24159      -0.44303      -0.41415
    14  H(1)              -0.00675     -30.14950     -10.75809     -10.05679
    15  H(1)               0.00127       5.69035       2.03046       1.89809
    16  C(13)             -0.00871      -9.78790      -3.49257      -3.26489
    17  H(1)               0.00364      16.28710       5.81164       5.43279
    18  H(1)               0.00763      34.08818      12.16351      11.37059
    19  H(1)               0.00086       3.85106       1.37415       1.28458
 --------------------------------------------------------
       Center         ----  Spin Dipole Couplings  ----
                      3XX-RR        3YY-RR        3ZZ-RR
 --------------------------------------------------------
     1   Atom       -0.142118     -0.153377      0.295494
     2   Atom        0.055500      0.046646     -0.102146
     3   Atom       -0.117921     -0.122376      0.240297
     4   Atom        0.077610      0.062965     -0.140575
     5   Atom       -0.136217     -0.132438      0.268655
     6   Atom        0.054167      0.045371     -0.099538
     7   Atom       -0.012212      0.013167     -0.000955
     8   Atom        0.321414     -0.137064     -0.184350
     9   Atom       -0.082607     -0.094736      0.177343
    10   Atom        0.005842     -0.001750     -0.004092
    11   Atom        0.762425     -0.386528     -0.375897
    12   Atom       -0.001652      0.038707     -0.037054
    13   Atom        0.004724     -0.000290     -0.004434
    14   Atom        0.002908      0.017982     -0.020890
    15   Atom        0.002803      0.001206     -0.004009
    16   Atom        0.003316     -0.004697      0.001381
    17   Atom        0.002885     -0.000554     -0.002332
    18   Atom        0.003206     -0.002674     -0.000532
    19   Atom        0.004200     -0.002008     -0.002192
 --------------------------------------------------------
                        XY            XZ            YZ
 --------------------------------------------------------
     1   Atom        0.006483     -0.048961     -0.044433
     2   Atom       -0.003396      0.011979      0.006731
     3   Atom        0.004775     -0.050952     -0.026818
     4   Atom       -0.003524      0.024647      0.020671
     5   Atom        0.006914     -0.051835     -0.052075
     6   Atom        0.004539      0.010367      0.019717
     7   Atom        0.009624     -0.001326      0.006308
     8   Atom        0.012061      0.149055      0.012722
     9   Atom        0.009932     -0.060809     -0.023724
    10   Atom       -0.001654      0.000360     -0.000084
    11   Atom        0.064313      0.176993      0.011042
    12   Atom        0.015061      0.001349     -0.028759
    13   Atom        0.003018      0.002292     -0.004381
    14   Atom       -0.016568     -0.007289      0.041443
    15   Atom        0.003550      0.000598      0.000964
    16   Atom        0.001518      0.000513     -0.000086
    17   Atom        0.002895     -0.000538     -0.000276
    18   Atom        0.001355      0.002356      0.000717
    19   Atom       -0.001808     -0.000277     -0.000170
 --------------------------------------------------------


 ---------------------------------------------------------------------------------
              Anisotropic Spin Dipole Couplings in Principal Axis System
 ---------------------------------------------------------------------------------

       Atom             a.u.   MegaHertz   Gauss  10(-4) cm-1        Axes

              Baa    -0.1580   -21.202    -7.565    -7.072 -0.1567  0.9844  0.0795
     1 C(13)  Bbb    -0.1473   -19.766    -7.053    -6.593  0.9815  0.1462  0.1232
              Bcc     0.3053    40.968    14.618    13.665 -0.1097 -0.0974  0.9892
 
              Baa    -0.1034   -13.872    -4.950    -4.627 -0.0761 -0.0464  0.9960
     2 C(13)  Bbb     0.0462     6.195     2.210     2.066  0.2662  0.9617  0.0651
              Bcc     0.0572     7.677     2.739     2.561  0.9609 -0.2701  0.0608
 
              Baa    -0.1258   -16.877    -6.022    -5.630  0.8064 -0.5873  0.0692
     3 C(13)  Bbb    -0.1236   -16.589    -5.919    -5.534  0.5750  0.8061  0.1399
              Bcc     0.2494    33.467    11.942    11.163 -0.1380 -0.0730  0.9877
 
              Baa    -0.1454   -19.515    -6.963    -6.510 -0.1108 -0.1000  0.9888
     4 C(13)  Bbb     0.0650     8.719     3.111     2.908  0.0665  0.9920  0.1077
              Bcc     0.0805    10.796     3.852     3.601  0.9916 -0.0777  0.1033
 
              Baa    -0.1428   -19.160    -6.837    -6.391  0.9892 -0.0931  0.1128
     5 C(13)  Bbb    -0.1391   -18.661    -6.659    -6.225  0.0775  0.9877  0.1360
              Bcc     0.2818    37.821    13.496    12.616 -0.1241 -0.1258  0.9843
 
              Baa    -0.1028   -13.791    -4.921    -4.600 -0.0616 -0.1298  0.9896
     6 C(13)  Bbb     0.0446     5.988     2.137     1.997 -0.4992  0.8626  0.0821
              Bcc     0.0581     7.803     2.784     2.603  0.8643  0.4890  0.1180
 
              Baa    -0.0162    -8.641    -3.083    -2.882  0.9112 -0.3465  0.2227
     7 H(1)   Bbb    -0.0019    -0.992    -0.354    -0.331 -0.3029 -0.1974  0.9323
              Bcc     0.0181     9.633     3.437     3.213  0.2791  0.9170  0.2848
 
              Baa    -0.2259    16.349     5.834     5.454 -0.2593 -0.1023  0.9604
     8 O(17)  Bbb    -0.1366     9.883     3.526     3.297 -0.0558  0.9943  0.0908
              Bcc     0.3625   -26.232    -9.360    -8.750  0.9642  0.0300  0.2635
 
              Baa    -0.1011     7.315     2.610     2.440 -0.6717  0.7360 -0.0840
     9 O(17)  Bbb    -0.0920     6.657     2.375     2.221  0.7081  0.6713  0.2190
              Bcc     0.1931   -13.972    -4.986    -4.661 -0.2176 -0.0876  0.9721
 
              Baa    -0.0041    -2.190    -0.781    -0.731 -0.0342  0.0115  0.9993
    10 H(1)   Bbb    -0.0021    -1.118    -0.399    -0.373  0.2042  0.9789 -0.0043
              Bcc     0.0062     3.308     1.180     1.103  0.9783 -0.2039  0.0359
 
              Baa    -0.4029   -54.066   -19.292   -18.034 -0.1442 -0.0978  0.9847
    11 C(13)  Bbb    -0.3900   -52.336   -18.675   -17.457 -0.0691  0.9937  0.0886
              Bcc     0.7929   106.402    37.967    35.492  0.9871  0.0552  0.1500
 
              Baa    -0.0476   -25.385    -9.058    -8.467 -0.1371  0.3347  0.9323
    12 H(1)   Bbb    -0.0044    -2.352    -0.839    -0.785  0.9581 -0.1942  0.2106
              Bcc     0.0520    27.737     9.897     9.252  0.2515  0.9221 -0.2940
 
              Baa    -0.0082    -4.373    -1.561    -1.459 -0.2680  0.5432  0.7957
    13 H(1)   Bbb     0.0021     1.094     0.390     0.365 -0.3094  0.7336 -0.6051
              Bcc     0.0061     3.280     1.170     1.094  0.9124  0.4084  0.0285
 
              Baa    -0.0474   -25.284    -9.022    -8.434 -0.0583 -0.5450  0.8364
    14 H(1)   Bbb    -0.0036    -1.921    -0.686    -0.641  0.9352  0.2633  0.2368
              Bcc     0.0510    27.205     9.707     9.075 -0.3492  0.7960  0.4944
 
              Baa    -0.0042    -2.231    -0.796    -0.744  0.0079 -0.1811  0.9834
    15 H(1)   Bbb    -0.0016    -0.842    -0.301    -0.281 -0.6347  0.7590  0.1449
              Bcc     0.0058     3.073     1.097     1.025  0.7727  0.6254  0.1090
 
              Baa    -0.0050    -0.668    -0.238    -0.223 -0.1816  0.9830  0.0280
    16 C(13)  Bbb     0.0013     0.172     0.061     0.057 -0.1987 -0.0646  0.9779
              Bcc     0.0037     0.496     0.177     0.166  0.9631  0.1721  0.2070
 
              Baa    -0.0024    -1.274    -0.455    -0.425  0.1432 -0.0777  0.9866
    17 H(1)   Bbb    -0.0022    -1.172    -0.418    -0.391 -0.4791  0.8669  0.1378
              Bcc     0.0046     2.447     0.873     0.816  0.8660  0.4924 -0.0870
 
              Baa    -0.0030    -1.599    -0.570    -0.533 -0.1658  0.9781 -0.1261
    18 H(1)   Bbb    -0.0017    -0.890    -0.318    -0.297 -0.4439  0.0402  0.8952
              Bcc     0.0047     2.489     0.888     0.830  0.8806  0.2044  0.4275
 
              Baa    -0.0026    -1.401    -0.500    -0.467  0.2424  0.8409  0.4840
    19 H(1)   Bbb    -0.0021    -1.104    -0.394    -0.368 -0.0983 -0.4750  0.8745
              Bcc     0.0047     2.505     0.894     0.836  0.9652 -0.2595 -0.0324
 

 ---------------------------------------------------------------------------------

 Calling FoFJK, ICntrl=    100147 FMM=F ISym2X=0 I1Cent= 0 IOpClX= 1 NMat=1 NMatS=1 NMatT=0.
 -------------------------------------------------------------------
 Center     Atomic                   Forces (Hartrees/Bohr)
 Number     Number              X              Y              Z
 -------------------------------------------------------------------
      1        6          -0.000004983    0.000023559   -0.000004877
      2        6           0.000004427    0.000021764   -0.000001875
      3        6          -0.000015550   -0.000012916   -0.000037646
      4        6          -0.000091895    0.000001197    0.000055869
      5        6           0.000001656   -0.000008757   -0.000021679
      6        6          -0.000015003    0.000009857   -0.000029899
      7        1           0.000010563    0.000002695    0.000004669
      8        8           0.000016560   -0.000028577   -0.000011472
      9        8          -0.000022902    0.000016357   -0.000012050
     10        1           0.000011122   -0.000019409    0.000015311
     11        6           0.000025588   -0.000012407    0.000022646
     12        1           0.000011130    0.000014598   -0.000012370
     13        1           0.000030271   -0.000008414    0.000015238
     14        1           0.000009623    0.000015555   -0.000015226
     15        1           0.000002672    0.000003273    0.000010141
     16        6           0.000002180   -0.000006266   -0.000007623
     17        1          -0.000003393   -0.000000844    0.000009922
     18        1           0.000021802   -0.000008138    0.000012454
     19        1           0.000006133   -0.000003125    0.000008466
 -------------------------------------------------------------------
 Cartesian Forces:  Max     0.000091895 RMS     0.000020537
 IRC-IRC-IRC-IRC-IRC-IRC-IRC-IRC-IRC-IRC-IRC-IRC-IRC-IRC-IRC-IRC-IRC-IRC
          ******** Start new reaction path calculation ********
 Supplied step size of   0.0500 bohr.
    Integration on MW PES will use step size of   0.1592 sqrt(amu)*bohr.
 Point Number:   0          Path Number:   1
 Calculating another point on the path.
 IRC-IRC-IRC-IRC-IRC-IRC-IRC-IRC-IRC-IRC-IRC-IRC-IRC-IRC-IRC-IRC-IRC-IRC
                          Input orientation:                          
 ---------------------------------------------------------------------
 Center     Atomic      Atomic             Coordinates (Angstroms)
 Number     Number       Type             X           Y           Z
 ---------------------------------------------------------------------
      1          6           0        1.886550   -0.052606    0.056741
      2          6           0        1.030119    1.061142    0.059963
      3          6           0       -0.334844    0.905717   -0.083823
      4          6           0       -0.895422   -0.402782   -0.172104
      5          6           0       -0.028974   -1.511921   -0.285537
      6          6           0        1.335580   -1.329819   -0.139271
      7          1           0       -0.455335   -2.490751   -0.469303
      8          8           0       -2.268048   -0.487934   -0.480256
      9          8           0       -1.161547    1.983429   -0.134525
     10          1           0        1.426815    2.067150    0.141190
     11          6           0       -2.379165   -0.642482    0.913166
     12          1           0       -2.541902   -1.649842    1.274832
     13          1           0       -2.018808    1.664150   -0.452628
     14          1           0       -2.703052    0.222486    1.479441
     15          1           0        1.994591   -2.189193   -0.198185
     16          6           0        3.370731    0.132678    0.245538
     17          1           0        3.739123    0.999477   -0.310194
     18          1           0        3.618251    0.296792    1.300580
     19          1           0        3.926821   -0.745425   -0.089364
 ---------------------------------------------------------------------
                    Distance matrix (angstroms):
                    1          2          3          4          5
     1  C    0.000000
     2  C    1.404963   0.000000
     3  C    2.423372   1.381287   0.000000
     4  C    2.813247   2.429946   1.426258   0.000000
     5  C    2.432280   2.803873   2.445245   1.412016   0.000000
     6  C    1.404729   2.418615   2.791239   2.416163   1.384399
     7  H    3.421359   3.886212   3.420397   2.154442   1.083357
     8  O    4.211718   3.683664   2.415927   1.409366   2.469802
     9  O    3.670548   2.385758   1.359217   2.401300   3.677364
    10  H    2.170681   1.084444   2.122027   3.404630   3.887309
    11  C    4.390643   3.905574   2.751392   1.853850   2.777807
    12  H    4.862725   4.645931   3.639771   2.521841   2.961179
    13  H    4.296339   3.149972   1.883341   2.369156   3.751638
    14  H    4.812920   4.081033   2.918735   2.527071   3.643352
    15  H    2.154453   3.400225   3.875283   3.397664   2.135683
    16  C    1.507570   2.524866   3.799652   4.319862   3.813757
    17  H    2.161839   2.734872   4.081329   4.844007   4.528386
    18  H    2.160556   2.970150   4.232531   4.799109   4.369148
    19  H    2.159641   3.417143   4.570349   4.835108   4.034143
                    6          7          8          9         10
     6  C    0.000000
     7  H    2.159643   0.000000
     8  O    3.716339   2.701357   0.000000
     9  O    4.148889   4.541928   2.729746   0.000000
    10  H    3.409749   4.968869   4.535049   2.604352   0.000000
    11  C    3.921656   3.004737   1.406363   3.078256   4.735350
    12  H    4.139682   2.846559   2.122583   4.134287   5.554448
    13  H    4.507102   4.439362   2.166645   0.968517   3.519567
    14  H    4.619570   4.026350   2.129398   2.842894   4.716939
    15  H    1.084569   2.483259   4.598254   5.232212   4.307436
    16  C    2.535511   4.693843   5.719071   4.910324   2.744427
    17  H    3.351396   5.458982   6.190915   5.001559   2.586589
    18  H    3.151130   5.243757   6.199653   5.267897   3.046431
    19  H    2.656791   4.732209   6.212528   5.774095   3.770114
                   11         12         13         14         15
    11  C    0.000000
    12  H    1.082617   0.000000
    13  H    2.704774   3.773631   0.000000
    14  H    1.083393   1.890356   2.505888   0.000000
    15  H    4.770446   4.800046   5.569593   5.540621   0.000000
    16  C    5.840198   6.260675   5.646236   6.198502   2.735277
    17  H    6.451829   6.998748   5.797918   6.731132   3.636421
    18  H    6.082872   6.460459   6.059690   6.324270   3.326063
    19  H    6.386010   6.672583   6.425614   6.881367   2.414502
                   16         17         18         19
    16  C    0.000000
    17  H    1.093568   0.000000
    18  H    1.096044   1.761524   0.000000
    19  H    1.091998   1.768807   1.764476   0.000000
 Symmetry turned off by external request.
 Stoichiometry    C8H9O2(2)
 Framework group  C1[X(C8H9O2)]
 Deg. of freedom    51
 Full point group                 C1      NOp   1
 Rotational constants (GHZ):           2.6450090           1.0406854           0.8002070
 Standard basis: 6-311G(d,p) (5D, 7F)
   234 basis functions,   392 primitive gaussians,   244 cartesian basis functions
    37 alpha electrons       36 beta electrons
       nuclear repulsion energy       512.4973878530 Hartrees.
 NAtoms=   19 NActive=   19 NUniq=   19 SFac= 1.00D+00 NAtFMM=   60 NAOKFM=F Big=F
 Integral buffers will be    131072 words long.
 Raffenetti 2 integral format.
 Two-electron integral symmetry is turned off.
 One-electron integrals computed using PRISM.
 NBasis=   234 RedAO= T EigKep=  1.95D-04  NBF=   234
 NBsUse=   234 1.00D-06 EigRej= -1.00D+00 NBFU=   234
 Initial guess from the checkpoint file:  "SR-13-ts-SR-14.chk"
 B after Tr=     0.089496   -0.023340    0.034330
         Rot=    1.000000    0.000003    0.000001    0.000007 Ang=   0.00 deg.
 Initial guess <Sx>= 0.0000 <Sy>= 0.0000 <Sz>= 0.5000 <S**2>= 0.7806 S= 0.5152
 ExpMin= 1.03D-01 ExpMax= 8.59D+03 ExpMxC= 1.30D+03 IAcc=2 IRadAn=         4 AccDes= 0.00D+00
 Harris functional with IExCor=  402 and IRadAn=       4 diagonalized for initial guess.
 HarFok:  IExCor=  402 AccDes= 0.00D+00 IRadAn=         4 IDoV= 1 UseB2=F ITyADJ=14
 ICtDFT=  3500011 ScaDFX=  1.000000  1.000000  1.000000  1.000000
 FoFCou: FMM=F IPFlag=           0 FMFlag=      100000 FMFlg1=           0
         NFxFlg=           0 DoJE=T BraDBF=F KetDBF=T FulRan=T
         wScrn=  0.000000 ICntrl=       500 IOpCl=  0 I1Cent=   200000004 NGrid=           0
         NMat0=    1 NMatS0=      1 NMatT0=    0 NMatD0=    1 NMtDS0=    0 NMtDT0=    0
 Symmetry not used in FoFCou.
 Requested convergence on RMS density matrix=1.00D-08 within 128 cycles.
 Requested convergence on MAX density matrix=1.00D-06.
 Requested convergence on             energy=1.00D-06.
 No special actions if energy rises.
 Integral accuracy reduced to 1.0D-05 until final iterations.
 Initial convergence to 1.0D-05 achieved.  Increase integral accuracy.
 SCF Done:  E(UB3LYP) =  -460.736245297     A.U. after   15 cycles
            NFock= 15  Conv=0.87D-08     -V/T= 2.0037
 <Sx>= 0.0000 <Sy>= 0.0000 <Sz>= 0.5000 <S**2>= 0.7777 S= 0.5137
 <L.S>= 0.000000000000E+00
 Annihilation of the first spin contaminant:
 S**2 before annihilation     0.7777,   after     0.7505
 DoSCS=F DFT=T ScalE2(SS,OS)=  1.000000  1.000000
 Range of M.O.s used for correlation:     1   234
 NBasis=   234 NAE=    37 NBE=    36 NFC=     0 NFV=     0
 NROrb=    234 NOA=    37 NOB=    36 NVA=   197 NVB=   198

 **** Warning!!: The largest alpha MO coefficient is  0.14283880D+02


 **** Warning!!: The largest beta MO coefficient is  0.14222106D+02

 Symmetrizing basis deriv contribution to polar:
 IMax=3 JMax=2 DiffMx= 0.00D+00
 Calling FoFJK, ICntrl=      2147 FMM=F ISym2X=0 I1Cent= 0 IOpClX= 1 NMat=1 NMatS=1 NMatT=0.
 -------------------------------------------------------------------
 Center     Atomic                   Forces (Hartrees/Bohr)
 Number     Number              X              Y              Z
 -------------------------------------------------------------------
      1        6          -0.000013127    0.000035695   -0.000070953
      2        6           0.000353694   -0.000088233    0.000129623
      3        6           0.000111108   -0.000313401   -0.000582772
      4        6           0.002512450    0.000780298   -0.004916567
      5        6           0.000117253    0.000540134   -0.000279073
      6        6           0.000417224    0.000113573    0.000191241
      7        1          -0.000020285    0.000060512    0.000015404
      8        8           0.001978947   -0.000298218    0.003372115
      9        8           0.000123394   -0.000085843    0.000089949
     10        1           0.000036694   -0.000036145    0.000100940
     11        6          -0.005458837   -0.000678715    0.001524435
     12        1          -0.000175977   -0.000060369    0.000124779
     13        1           0.000025615   -0.000000399    0.000043957
     14        1          -0.000135879    0.000029294    0.000134214
     15        1           0.000029841    0.000004353    0.000101683
     16        6           0.000072490    0.000011981   -0.000009141
     17        1           0.000001083   -0.000001136    0.000009593
     18        1           0.000014597   -0.000012237    0.000014659
     19        1           0.000009713   -0.000001145    0.000005914
 -------------------------------------------------------------------
 Cartesian Forces:  Max     0.005458837 RMS     0.001187822
 IRC-IRC-IRC-IRC-IRC-IRC-IRC-IRC-IRC-IRC-IRC-IRC-IRC-IRC-IRC-IRC-IRC-IRC
 Pt  1 Step number   1 out of a maximum of  20
 Modified Bulirsch-Stoer Extrapolation Cycles:
    EPS =    0.000010000000000
      PEZero:  N= 2 I= 1 D=  4.15D-04 Err=  7.63D-04
      PEZero:  N= 3 I= 2 D=  4.15D-04 Err=  5.08D-04
      PEZero:  N= 3 I= 1 D=  8.29D-04 Err=  6.15D-08
 Maximum DWI energy   std dev =  0.000000612 at pt     1
 Maximum DWI gradient std dev =  0.025019764 at pt     1
 CORRECTOR INTEGRATION CONVERGENCE:
   Recorrection delta-x convergence threshold:    0.010000
   Delta-x Convergence Met
 Point Number:   1          Path Number:   1
   CHANGE IN THE REACTION COORDINATE =    0.15921
   NET REACTION COORDINATE UP TO THIS POINT =    0.15921
  # OF POINTS ALONG THE PATH =   1
  # OF STEPS =   1

 Calculating another point on the path.
 IRC-IRC-IRC-IRC-IRC-IRC-IRC-IRC-IRC-IRC-IRC-IRC-IRC-IRC-IRC-IRC-IRC-IRC
                          Input orientation:                          
 ---------------------------------------------------------------------
 Center     Atomic      Atomic             Coordinates (Angstroms)
 Number     Number       Type             X           Y           Z
 ---------------------------------------------------------------------
      1          6           0        1.886464   -0.052542    0.056539
      2          6           0        1.031218    1.060824    0.060331
      3          6           0       -0.334690    0.904762   -0.085415
      4          6           0       -0.888056   -0.400675   -0.185599
      5          6           0       -0.028882   -1.510323   -0.286271
      6          6           0        1.336868   -1.329417   -0.138729
      7          1           0       -0.456088   -2.489020   -0.468999
      8          8           0       -2.264131   -0.488557   -0.473484
      9          8           0       -1.161257    1.983266   -0.134337
     10          1           0        1.427766    2.066626    0.144287
     11          6           0       -2.394137   -0.644315    0.917551
     12          1           0       -2.548039   -1.652523    1.279066
     13          1           0       -2.018872    1.664386   -0.451488
     14          1           0       -2.707831    0.223651    1.484022
     15          1           0        1.995485   -2.189157   -0.195094
     16          6           0        3.370983    0.132693    0.245597
     17          1           0        3.739310    0.999500   -0.309987
     18          1           0        3.618230    0.296376    1.300652
     19          1           0        3.926975   -0.745369   -0.089484
 ---------------------------------------------------------------------
                    Distance matrix (angstroms):
                    1          2          3          4          5
     1  C    0.000000
     2  C    1.403938   0.000000
     3  C    2.422831   1.382499   0.000000
     4  C    2.806740   2.424887   1.421414   0.000000
     5  C    2.431295   2.802632   2.442642   1.406994   0.000000
     6  C    1.403780   2.417913   2.790790   2.411440   1.385557
     7  H    3.420551   3.885057   3.417548   2.151301   1.083394
     8  O    4.206955   3.680335   2.411364   1.408610   2.464831
     9  O    3.670088   2.386575   1.359697   2.400092   3.675666
    10  H    2.170017   1.084405   2.123427   3.399916   3.886099
    11  C    4.406255   3.921146   2.765303   1.882706   2.791700
    12  H    4.870249   4.653886   3.646975   2.543208   2.969285
    13  H    4.296229   3.151079   1.883483   2.369372   3.750485
    14  H    4.818873   4.087573   2.925550   2.547352   3.649298
    15  H    2.154143   3.399622   3.874801   3.393164   2.137098
    16  C    1.507930   2.523935   3.799694   4.313911   3.813328
    17  H    2.161983   2.733982   4.081285   4.836164   4.527587
    18  H    2.160688   2.969075   4.232835   4.795981   4.368513
    19  H    2.159866   3.416166   4.569983   4.828310   4.033942
                    6          7          8          9         10
     6  C    0.000000
     7  H    2.160659   0.000000
     8  O    3.712990   2.696459   0.000000
     9  O    4.149038   4.539890   2.727867   0.000000
    10  H    3.409028   4.967790   4.532185   2.605306   0.000000
    11  C    3.937702   3.013552   1.405753   3.087174   4.749114
    12  H    4.148137   2.851617   2.122935   4.140028   5.561188
    13  H    4.507957   4.437724   2.166980   0.968387   3.520804
    14  H    4.626547   4.030289   2.129775   2.847319   4.721717
    15  H    1.084484   2.484984   4.594982   5.232382   4.306875
    16  C    2.534383   4.693666   5.714677   4.910211   2.743438
    17  H    3.350360   5.458610   6.187273   5.001420   2.586186
    18  H    3.149545   5.243106   6.194017   5.267664   3.044519
    19  H    2.655597   4.732398   6.208317   5.773869   3.769352
                   11         12         13         14         15
    11  C    0.000000
    12  H    1.082064   0.000000
    13  H    2.710202   3.778455   0.000000
    14  H    1.082894   1.894088   2.509300   0.000000
    15  H    4.784694   4.806738   5.570511   5.546373   0.000000
    16  C    5.855927   6.268164   5.646464   6.204350   2.734446
    17  H    6.467469   7.006359   5.798169   6.736916   3.636160
    18  H    6.097559   6.466958   6.059568   6.329136   3.323918
    19  H    6.401625   6.679945   6.425813   6.887350   2.413780
                   16         17         18         19
    16  C    0.000000
    17  H    1.093477   0.000000
    18  H    1.095931   1.761591   0.000000
    19  H    1.091971   1.768731   1.764379   0.000000
 Symmetry turned off by external request.
 Stoichiometry    C8H9O2(2)
 Framework group  C1[X(C8H9O2)]
 Deg. of freedom    51
 Full point group                 C1      NOp   1
 Rotational constants (GHZ):           2.6450999           1.0393260           0.7996280
 Standard basis: 6-311G(d,p) (5D, 7F)
   234 basis functions,   392 primitive gaussians,   244 cartesian basis functions
    37 alpha electrons       36 beta electrons
       nuclear repulsion energy       512.4005516752 Hartrees.
 NAtoms=   19 NActive=   19 NUniq=   19 SFac= 1.00D+00 NAtFMM=   60 NAOKFM=F Big=F
 Integral buffers will be    131072 words long.
 Raffenetti 2 integral format.
 Two-electron integral symmetry is turned off.
 One-electron integrals computed using PRISM.
 NBasis=   234 RedAO= T EigKep=  1.92D-04  NBF=   234
 NBsUse=   234 1.00D-06 EigRej= -1.00D+00 NBFU=   234
 Initial guess from the checkpoint file:  "SR-13-ts-SR-14.chk"
 B after Tr=    -0.000123   -0.000004    0.000214
         Rot=    1.000000    0.000004   -0.000001    0.000007 Ang=   0.00 deg.
 Initial guess <Sx>= 0.0000 <Sy>= 0.0000 <Sz>= 0.5000 <S**2>= 0.7779 S= 0.5138
 ExpMin= 1.03D-01 ExpMax= 8.59D+03 ExpMxC= 1.30D+03 IAcc=2 IRadAn=         4 AccDes= 0.00D+00
 Harris functional with IExCor=  402 and IRadAn=       4 diagonalized for initial guess.
 HarFok:  IExCor=  402 AccDes= 0.00D+00 IRadAn=         4 IDoV= 1 UseB2=F ITyADJ=14
 ICtDFT=  3500011 ScaDFX=  1.000000  1.000000  1.000000  1.000000
 FoFCou: FMM=F IPFlag=           0 FMFlag=      100000 FMFlg1=           0
         NFxFlg=           0 DoJE=T BraDBF=F KetDBF=T FulRan=T
         wScrn=  0.000000 ICntrl=       500 IOpCl=  0 I1Cent=   200000004 NGrid=           0
         NMat0=    1 NMatS0=      1 NMatT0=    0 NMatD0=    1 NMtDS0=    0 NMtDT0=    0
 Symmetry not used in FoFCou.
 Requested convergence on RMS density matrix=1.00D-08 within 128 cycles.
 Requested convergence on MAX density matrix=1.00D-06.
 Requested convergence on             energy=1.00D-06.
 No special actions if energy rises.
 Integral accuracy reduced to 1.0D-05 until final iterations.
 Initial convergence to 1.0D-05 achieved.  Increase integral accuracy.
 SCF Done:  E(UB3LYP) =  -460.736833428     A.U. after   15 cycles
            NFock= 15  Conv=0.70D-08     -V/T= 2.0037
 <Sx>= 0.0000 <Sy>= 0.0000 <Sz>= 0.5000 <S**2>= 0.7744 S= 0.5121
 <L.S>= 0.000000000000E+00
 Annihilation of the first spin contaminant:
 S**2 before annihilation     0.7744,   after     0.7504
 DoSCS=F DFT=T ScalE2(SS,OS)=  1.000000  1.000000
 Range of M.O.s used for correlation:     1   234
 NBasis=   234 NAE=    37 NBE=    36 NFC=     0 NFV=     0
 NROrb=    234 NOA=    37 NOB=    36 NVA=   197 NVB=   198

 **** Warning!!: The largest alpha MO coefficient is  0.14669405D+02


 **** Warning!!: The largest beta MO coefficient is  0.14738916D+02

 Symmetrizing basis deriv contribution to polar:
 IMax=3 JMax=2 DiffMx= 0.00D+00
 Calling FoFJK, ICntrl=      2147 FMM=F ISym2X=0 I1Cent= 0 IOpClX= 1 NMat=1 NMatS=1 NMatT=0.
 -------------------------------------------------------------------
 Center     Atomic                   Forces (Hartrees/Bohr)
 Number     Number              X              Y              Z
 -------------------------------------------------------------------
      1        6           0.000039405    0.000031684   -0.000119058
      2        6           0.000634471   -0.000163105    0.000235323
      3        6           0.000345893   -0.000458392   -0.001119536
      4        6           0.004641014    0.001432635   -0.009149817
      5        6           0.000338969    0.000967632   -0.000547905
      6        6           0.000796502    0.000172611    0.000381444
      7        1          -0.000056001    0.000108156    0.000032367
      8        8           0.003668867   -0.000539316    0.006453789
      9        8           0.000280924   -0.000197585    0.000201040
     10        1           0.000048363   -0.000031990    0.000169174
     11        6          -0.010353726   -0.001237429    0.002652458
     12        1          -0.000338021   -0.000134505    0.000268384
     13        1          -0.000010999    0.000012004    0.000060887
     14        1          -0.000244759    0.000016478    0.000287043
     15        1           0.000052025    0.000002353    0.000174023
     16        6           0.000147650    0.000025579    0.000014881
     17        1           0.000011260    0.000000811    0.000003878
     18        1          -0.000010066   -0.000011324    0.000007962
     19        1           0.000008229    0.000003701   -0.000006335
 -------------------------------------------------------------------
 Cartesian Forces:  Max     0.010353726 RMS     0.002229542
 IRC-IRC-IRC-IRC-IRC-IRC-IRC-IRC-IRC-IRC-IRC-IRC-IRC-IRC-IRC-IRC-IRC-IRC
 Pt  2 Step number   1 out of a maximum of  20
 Modified Bulirsch-Stoer Extrapolation Cycles:
    EPS =    0.000010000000000
      PEZero:  N= 2 I= 1 D=  8.29D-04 Err=  9.98D-06
 Maximum DWI energy   std dev =  0.000002738 at pt    36
 Maximum DWI gradient std dev =  0.020766879 at pt    27
 CORRECTOR INTEGRATION CONVERGENCE:
   Recorrection delta-x convergence threshold:    0.010000
   Delta-x Convergence Met
 Point Number:   2          Path Number:   1
   CHANGE IN THE REACTION COORDINATE =    0.15917
   NET REACTION COORDINATE UP TO THIS POINT =    0.31838
  # OF POINTS ALONG THE PATH =   2
  # OF STEPS =   1

 Calculating another point on the path.
 IRC-IRC-IRC-IRC-IRC-IRC-IRC-IRC-IRC-IRC-IRC-IRC-IRC-IRC-IRC-IRC-IRC-IRC
                          Input orientation:                          
 ---------------------------------------------------------------------
 Center     Atomic      Atomic             Coordinates (Angstroms)
 Number     Number       Type             X           Y           Z
 ---------------------------------------------------------------------
      1          6           0        1.886474   -0.052500    0.056354
      2          6           0        1.032297    1.060582    0.060668
      3          6           0       -0.334335    0.903990   -0.087124
      4          6           0       -0.880994   -0.398594   -0.198902
      5          6           0       -0.028574   -1.508836   -0.287094
      6          6           0        1.338171   -1.329123   -0.138166
      7          1           0       -0.456861   -2.487362   -0.468459
      8          8           0       -2.260197   -0.489141   -0.466475
      9          8           0       -1.160945    1.983084   -0.134110
     10          1           0        1.428655    2.066209    0.147256
     11          6           0       -2.409407   -0.646191    0.921548
     12          1           0       -2.553956   -1.655140    1.283513
     13          1           0       -2.018950    1.664642   -0.450342
     14          1           0       -2.712143    0.224463    1.489033
     15          1           0        1.996432   -2.189192   -0.192046
     16          6           0        3.371231    0.132741    0.245635
     17          1           0        3.739512    0.999494   -0.309917
     18          1           0        3.618068    0.296184    1.300701
     19          1           0        3.927135   -0.745296   -0.089564
 ---------------------------------------------------------------------
                    Distance matrix (angstroms):
                    1          2          3          4          5
     1  C    0.000000
     2  C    1.403063   0.000000
     3  C    2.422282   1.383491   0.000000
     4  C    2.800681   2.420177   1.417059   0.000000
     5  C    2.430284   2.801481   2.440329   1.402510   0.000000
     6  C    1.402941   2.417392   2.790461   2.407128   1.386531
     7  H    3.419824   3.884002   3.414922   2.148371   1.083437
     8  O    4.202247   3.676960   2.407003   1.407833   2.460101
     9  O    3.669692   2.387313   1.360124   2.398950   3.674122
    10  H    2.169513   1.084381   2.124576   3.395521   3.884987
    11  C    4.422174   3.936943   2.779641   1.911219   2.805947
    12  H    4.877683   4.661729   3.654382   2.564228   2.977544
    13  H    4.296237   3.152163   1.883732   2.369622   3.749561
    14  H    4.824578   4.093917   2.932575   2.567183   3.655201
    15  H    2.153891   3.399184   3.874437   3.389081   2.138356
    16  C    1.508193   2.523037   3.799576   4.308289   3.812775
    17  H    2.162082   2.733144   4.081052   4.828670   4.526667
    18  H    2.160648   2.967861   4.232845   4.793025   4.367744
    19  H    2.159990   3.415237   4.569494   4.821853   4.033565
                    6          7          8          9         10
     6  C    0.000000
     7  H    2.161654   0.000000
     8  O    3.709664   2.691637   0.000000
     9  O    4.149255   4.537886   2.725934   0.000000
    10  H    3.408509   4.966818   4.529250   2.606167   0.000000
    11  C    3.953951   3.022328   1.404826   3.096152   4.763126
    12  H    4.156454   2.856538   2.123277   4.145698   5.567828
    13  H    4.508918   4.436168   2.167312   0.968287   3.521983
    14  H    4.633190   4.033865   2.130140   2.851938   4.726373
    15  H    1.084403   2.486756   4.591772   5.232617   4.306499
    16  C    2.533315   4.693523   5.710238   4.910051   2.742550
    17  H    3.349388   5.458282   6.183611   5.001284   2.585913
    18  H    3.147999   5.242433   6.188186   5.267190   3.042524
    19  H    2.654421   4.732628   6.204091   5.773612   3.768692
                   11         12         13         14         15
    11  C    0.000000
    12  H    1.081615   0.000000
    13  H    2.715602   3.783311   0.000000
    14  H    1.082463   1.897411   2.513127   0.000000
    15  H    4.799204   4.813369   5.571539   5.551796   0.000000
    16  C    5.871914   6.275473   5.646695   6.209822   2.733681
    17  H    6.483363   7.013832   5.798450   6.742458   3.635924
    18  H    6.112470   6.473164   6.059274   6.333418   3.321911
    19  H    6.417471   6.687129   6.426032   6.892924   2.413079
                   16         17         18         19
    16  C    0.000000
    17  H    1.093403   0.000000
    18  H    1.095813   1.761670   0.000000
    19  H    1.091941   1.768630   1.764380   0.000000
 Symmetry turned off by external request.
 Stoichiometry    C8H9O2(2)
 Framework group  C1[X(C8H9O2)]
 Deg. of freedom    51
 Full point group                 C1      NOp   1
 Rotational constants (GHZ):           2.6450738           1.0379223           0.7989973
 Standard basis: 6-311G(d,p) (5D, 7F)
   234 basis functions,   392 primitive gaussians,   244 cartesian basis functions
    37 alpha electrons       36 beta electrons
       nuclear repulsion energy       512.2992108456 Hartrees.
 NAtoms=   19 NActive=   19 NUniq=   19 SFac= 1.00D+00 NAtFMM=   60 NAOKFM=F Big=F
 Integral buffers will be    131072 words long.
 Raffenetti 2 integral format.
 Two-electron integral symmetry is turned off.
 One-electron integrals computed using PRISM.
 NBasis=   234 RedAO= T EigKep=  1.90D-04  NBF=   234
 NBsUse=   234 1.00D-06 EigRej= -1.00D+00 NBFU=   234
 Initial guess from the checkpoint file:  "SR-13-ts-SR-14.chk"
 B after Tr=    -0.000117   -0.000005    0.000223
         Rot=    1.000000    0.000006   -0.000004    0.000005 Ang=   0.00 deg.
 Initial guess <Sx>= 0.0000 <Sy>= 0.0000 <Sz>= 0.5000 <S**2>= 0.7745 S= 0.5122
 ExpMin= 1.03D-01 ExpMax= 8.59D+03 ExpMxC= 1.30D+03 IAcc=2 IRadAn=         4 AccDes= 0.00D+00
 Harris functional with IExCor=  402 and IRadAn=       4 diagonalized for initial guess.
 HarFok:  IExCor=  402 AccDes= 0.00D+00 IRadAn=         4 IDoV= 1 UseB2=F ITyADJ=14
 ICtDFT=  3500011 ScaDFX=  1.000000  1.000000  1.000000  1.000000
 FoFCou: FMM=F IPFlag=           0 FMFlag=      100000 FMFlg1=           0
         NFxFlg=           0 DoJE=T BraDBF=F KetDBF=T FulRan=T
         wScrn=  0.000000 ICntrl=       500 IOpCl=  0 I1Cent=   200000004 NGrid=           0
         NMat0=    1 NMatS0=      1 NMatT0=    0 NMatD0=    1 NMtDS0=    0 NMtDT0=    0
 Symmetry not used in FoFCou.
 Requested convergence on RMS density matrix=1.00D-08 within 128 cycles.
 Requested convergence on MAX density matrix=1.00D-06.
 Requested convergence on             energy=1.00D-06.
 No special actions if energy rises.
 Integral accuracy reduced to 1.0D-05 until final iterations.
 Initial convergence to 1.0D-05 achieved.  Increase integral accuracy.
 SCF Done:  E(UB3LYP) =  -460.737743028     A.U. after   14 cycles
            NFock= 14  Conv=0.60D-08     -V/T= 2.0037
 <Sx>= 0.0000 <Sy>= 0.0000 <Sz>= 0.5000 <S**2>= 0.7708 S= 0.5103
 <L.S>= 0.000000000000E+00
 Annihilation of the first spin contaminant:
 S**2 before annihilation     0.7708,   after     0.7503
 DoSCS=F DFT=T ScalE2(SS,OS)=  1.000000  1.000000
 Range of M.O.s used for correlation:     1   234
 NBasis=   234 NAE=    37 NBE=    36 NFC=     0 NFV=     0
 NROrb=    234 NOA=    37 NOB=    36 NVA=   197 NVB=   198

 **** Warning!!: The largest alpha MO coefficient is  0.14863728D+02


 **** Warning!!: The largest beta MO coefficient is  0.15045450D+02

 Symmetrizing basis deriv contribution to polar:
 IMax=3 JMax=2 DiffMx= 0.00D+00
 Calling FoFJK, ICntrl=      2147 FMM=F ISym2X=0 I1Cent= 0 IOpClX= 1 NMat=1 NMatS=1 NMatT=0.
 -------------------------------------------------------------------
 Center     Atomic                   Forces (Hartrees/Bohr)
 Number     Number              X              Y              Z
 -------------------------------------------------------------------
      1        6           0.000104271    0.000045102   -0.000162116
      2        6           0.000915687   -0.000177462    0.000301868
      3        6           0.000570276   -0.000530587   -0.001697350
      4        6           0.006192810    0.001930237   -0.012351493
      5        6           0.000560908    0.001280266   -0.000857179
      6        6           0.001142393    0.000211180    0.000510174
      7        1          -0.000067250    0.000140888    0.000060179
      8        8           0.005001322   -0.000747997    0.009014204
      9        8           0.000408422   -0.000263450    0.000310073
     10        1           0.000070684   -0.000038827    0.000241122
     11        6          -0.014459051   -0.001735766    0.003475405
     12        1          -0.000449880   -0.000183804    0.000371135
     13        1          -0.000013789    0.000012726    0.000092870
     14        1          -0.000303712    0.000019480    0.000403523
     15        1           0.000075926   -0.000000889    0.000245542
     16        6           0.000228664    0.000043761    0.000032902
     17        1           0.000017828    0.000001103    0.000004295
     18        1          -0.000009791   -0.000011566    0.000010415
     19        1           0.000014281    0.000005606   -0.000005568
 -------------------------------------------------------------------
 Cartesian Forces:  Max     0.014459051 RMS     0.003065347
 IRC-IRC-IRC-IRC-IRC-IRC-IRC-IRC-IRC-IRC-IRC-IRC-IRC-IRC-IRC-IRC-IRC-IRC
 Pt  3 Step number   1 out of a maximum of  20
 Modified Bulirsch-Stoer Extrapolation Cycles:
    EPS =    0.000010000000000
      PEZero:  N= 2 I= 1 D=  8.29D-04 Err=  1.21D-05
      PEZero:  N= 3 I= 2 D=  8.29D-04 Err=  8.07D-06
      PEZero:  N= 3 I= 1 D=  1.66D-03 Err=  4.24D-08
 Maximum DWI energy   std dev =  0.000003947 at pt    71
 Maximum DWI gradient std dev =  0.015935172 at pt    28
 CORRECTOR INTEGRATION CONVERGENCE:
   Recorrection delta-x convergence threshold:    0.010000
   Delta-x Convergence Met
 Point Number:   3          Path Number:   1
   CHANGE IN THE REACTION COORDINATE =    0.15918
   NET REACTION COORDINATE UP TO THIS POINT =    0.47755
  # OF POINTS ALONG THE PATH =   3
  # OF STEPS =   1

 Calculating another point on the path.
 IRC-IRC-IRC-IRC-IRC-IRC-IRC-IRC-IRC-IRC-IRC-IRC-IRC-IRC-IRC-IRC-IRC-IRC
                          Input orientation:                          
 ---------------------------------------------------------------------
 Center     Atomic      Atomic             Coordinates (Angstroms)
 Number     Number       Type             X           Y           Z
 ---------------------------------------------------------------------
      1          6           0        1.886574   -0.052452    0.056176
      2          6           0        1.033385    1.060408    0.060980
      3          6           0       -0.333803    0.903377   -0.089031
      4          6           0       -0.874270   -0.396554   -0.211956
      5          6           0       -0.028074   -1.507429   -0.288058
      6          6           0        1.339493   -1.328881   -0.137625
      7          1           0       -0.457549   -2.485797   -0.467668
      8          8           0       -2.256265   -0.489742   -0.459272
      9          8           0       -1.160612    1.982899   -0.133851
     10          1           0        1.429608    2.065817    0.150390
     11          6           0       -2.424968   -0.648095    0.925267
     12          1           0       -2.559681   -1.657680    1.288148
     13          1           0       -2.019021    1.664814   -0.449058
     14          1           0       -2.715984    0.225126    1.494283
     15          1           0        1.997444   -2.189257   -0.188876
     16          6           0        3.371506    0.132795    0.245687
     17          1           0        3.739751    0.999489   -0.309851
     18          1           0        3.617965    0.296041    1.300768
     19          1           0        3.927336   -0.745216   -0.089610
 ---------------------------------------------------------------------
                    Distance matrix (angstroms):
                    1          2          3          4          5
     1  C    0.000000
     2  C    1.402288   0.000000
     3  C    2.421728   1.384329   0.000000
     4  C    2.795095   2.415860   1.413165   0.000000
     5  C    2.429265   2.800413   2.438251   1.398529   0.000000
     6  C    1.402187   2.416992   2.790207   2.403228   1.387353
     7  H    3.419136   3.883030   3.412503   2.145689   1.083472
     8  O    4.197621   3.673613   2.402857   1.407040   2.455574
     9  O    3.669346   2.388006   1.360511   2.397893   3.672713
    10  H    2.169045   1.084359   2.125608   3.391522   3.883963
    11  C    4.438412   3.952997   2.794430   1.939385   2.820588
    12  H    4.885048   4.669483   3.661990   2.584833   2.985973
    13  H    4.296269   3.153193   1.883976   2.369791   3.748722
    14  H    4.829983   4.099979   2.939676   2.586435   3.661058
    15  H    2.153667   3.398848   3.874154   3.385418   2.139497
    16  C    1.508395   2.522180   3.799362   4.303053   3.812134
    17  H    2.162133   2.732332   4.080666   4.821587   4.525662
    18  H    2.160595   2.966712   4.232832   4.790427   4.366975
    19  H    2.160067   3.414368   4.568935   4.815803   4.033066
                    6          7          8          9         10
     6  C    0.000000
     7  H    2.162577   0.000000
     8  O    3.706358   2.686947   0.000000
     9  O    4.149510   4.535965   2.724025   0.000000
    10  H    3.408086   4.965939   4.526393   2.607088   0.000000
    11  C    3.970437   3.031196   1.403740   3.105231   4.777396
    12  H    4.164672   2.861402   2.123586   4.151300   5.574348
    13  H    4.509857   4.434648   2.167602   0.968194   3.523235
    14  H    4.639499   4.037187   2.130435   2.856531   4.730764
    15  H    1.084331   2.488503   4.588628   5.232899   4.306182
    16  C    2.532292   4.693353   5.705816   4.909891   2.741646
    17  H    3.348463   5.457971   6.179996   5.001162   2.585660
    18  H    3.146551   5.241736   6.182376   5.266727   3.040457
    19  H    2.653282   4.732840   6.199907   5.773369   3.768044
                   11         12         13         14         15
    11  C    0.000000
    12  H    1.081246   0.000000
    13  H    2.720866   3.788029   0.000000
    14  H    1.082120   1.900495   2.516949   0.000000
    15  H    4.813961   4.819912   5.572571   5.556858   0.000000
    16  C    5.888186   6.282635   5.646905   6.214906   2.732914
    17  H    6.499523   7.021181   5.798748   6.747670   3.635708
    18  H    6.127759   6.479236   6.058963   6.337301   3.319915
    19  H    6.433597   6.694191   6.426244   6.898115   2.412384
                   16         17         18         19
    16  C    0.000000
    17  H    1.093337   0.000000
    18  H    1.095712   1.761749   0.000000
    19  H    1.091913   1.768528   1.764391   0.000000
 Symmetry turned off by external request.
 Stoichiometry    C8H9O2(2)
 Framework group  C1[X(C8H9O2)]
 Deg. of freedom    51
 Full point group                 C1      NOp   1
 Rotational constants (GHZ):           2.6449294           1.0364530           0.7983092
 Standard basis: 6-311G(d,p) (5D, 7F)
   234 basis functions,   392 primitive gaussians,   244 cartesian basis functions
    37 alpha electrons       36 beta electrons
       nuclear repulsion energy       512.1899006460 Hartrees.
 NAtoms=   19 NActive=   19 NUniq=   19 SFac= 1.00D+00 NAtFMM=   60 NAOKFM=F Big=F
 Integral buffers will be    131072 words long.
 Raffenetti 2 integral format.
 Two-electron integral symmetry is turned off.
 One-electron integrals computed using PRISM.
 NBasis=   234 RedAO= T EigKep=  1.88D-04  NBF=   234
 NBsUse=   234 1.00D-06 EigRej= -1.00D+00 NBFU=   234
 Initial guess from the checkpoint file:  "SR-13-ts-SR-14.chk"
 B after Tr=    -0.000104   -0.000008    0.000238
         Rot=    1.000000    0.000007   -0.000005    0.000005 Ang=   0.00 deg.
 Initial guess <Sx>= 0.0000 <Sy>= 0.0000 <Sz>= 0.5000 <S**2>= 0.7709 S= 0.5104
 ExpMin= 1.03D-01 ExpMax= 8.59D+03 ExpMxC= 1.30D+03 IAcc=2 IRadAn=         4 AccDes= 0.00D+00
 Harris functional with IExCor=  402 and IRadAn=       4 diagonalized for initial guess.
 HarFok:  IExCor=  402 AccDes= 0.00D+00 IRadAn=         4 IDoV= 1 UseB2=F ITyADJ=14
 ICtDFT=  3500011 ScaDFX=  1.000000  1.000000  1.000000  1.000000
 FoFCou: FMM=F IPFlag=           0 FMFlag=      100000 FMFlg1=           0
         NFxFlg=           0 DoJE=T BraDBF=F KetDBF=T FulRan=T
         wScrn=  0.000000 ICntrl=       500 IOpCl=  0 I1Cent=   200000004 NGrid=           0
         NMat0=    1 NMatS0=      1 NMatT0=    0 NMatD0=    1 NMtDS0=    0 NMtDT0=    0
 Symmetry not used in FoFCou.
 Requested convergence on RMS density matrix=1.00D-08 within 128 cycles.
 Requested convergence on MAX density matrix=1.00D-06.
 Requested convergence on             energy=1.00D-06.
 No special actions if energy rises.
 Integral accuracy reduced to 1.0D-05 until final iterations.
 Initial convergence to 1.0D-05 achieved.  Increase integral accuracy.
 SCF Done:  E(UB3LYP) =  -460.738898740     A.U. after   14 cycles
            NFock= 14  Conv=0.61D-08     -V/T= 2.0036
 <Sx>= 0.0000 <Sy>= 0.0000 <Sz>= 0.5000 <S**2>= 0.7673 S= 0.5086
 <L.S>= 0.000000000000E+00
 Annihilation of the first spin contaminant:
 S**2 before annihilation     0.7673,   after     0.7502
 DoSCS=F DFT=T ScalE2(SS,OS)=  1.000000  1.000000
 Range of M.O.s used for correlation:     1   234
 NBasis=   234 NAE=    37 NBE=    36 NFC=     0 NFV=     0
 NROrb=    234 NOA=    37 NOB=    36 NVA=   197 NVB=   198

 **** Warning!!: The largest alpha MO coefficient is  0.14943945D+02


 **** Warning!!: The largest beta MO coefficient is  0.15193138D+02

 Symmetrizing basis deriv contribution to polar:
 IMax=3 JMax=2 DiffMx= 0.00D+00
 Calling FoFJK, ICntrl=      2147 FMM=F ISym2X=0 I1Cent= 0 IOpClX= 1 NMat=1 NMatS=1 NMatT=0.
 -------------------------------------------------------------------
 Center     Atomic                   Forces (Hartrees/Bohr)
 Number     Number              X              Y              Z
 -------------------------------------------------------------------
      1        6           0.000219860    0.000060815   -0.000189617
      2        6           0.001142652   -0.000133223    0.000329292
      3        6           0.000852948   -0.000469844   -0.002279385
      4        6           0.007085117    0.002255084   -0.014459290
      5        6           0.000852673    0.001453177   -0.001195026
      6        6           0.001424386    0.000207697    0.000583512
      7        1          -0.000068205    0.000157907    0.000094931
      8        8           0.005930400   -0.000924174    0.011046723
      9        8           0.000526481   -0.000310810    0.000419133
     10        1           0.000090306   -0.000043116    0.000305113
     11        6          -0.017662649   -0.002113459    0.003880903
     12        1          -0.000518611   -0.000212241    0.000455820
     13        1          -0.000014772    0.000008048    0.000126430
     14        1          -0.000314383    0.000007442    0.000499098
     15        1           0.000096742   -0.000004210    0.000305743
     16        6           0.000315481    0.000061940    0.000061110
     17        1           0.000025555    0.000001217    0.000005403
     18        1          -0.000005529   -0.000009683    0.000013313
     19        1           0.000021550    0.000007432   -0.000003208
 -------------------------------------------------------------------
 Cartesian Forces:  Max     0.017662649 RMS     0.003675519
 IRC-IRC-IRC-IRC-IRC-IRC-IRC-IRC-IRC-IRC-IRC-IRC-IRC-IRC-IRC-IRC-IRC-IRC
 Pt  4 Step number   1 out of a maximum of  20
 Modified Bulirsch-Stoer Extrapolation Cycles:
    EPS =    0.000010000000000
      PEZero:  N= 2 I= 1 D=  8.29D-04 Err=  1.42D-05
      PEZero:  N= 3 I= 2 D=  8.29D-04 Err=  9.49D-06
      PEZero:  N= 3 I= 1 D=  1.66D-03 Err=  4.74D-08
 Maximum DWI energy   std dev =  0.000004526 at pt    47
 Maximum DWI gradient std dev =  0.013615745 at pt    38
 CORRECTOR INTEGRATION CONVERGENCE:
   Recorrection delta-x convergence threshold:    0.010000
   Delta-x Convergence Met
 Point Number:   4          Path Number:   1
   CHANGE IN THE REACTION COORDINATE =    0.15918
   NET REACTION COORDINATE UP TO THIS POINT =    0.63674
  # OF POINTS ALONG THE PATH =   4
  # OF STEPS =   1

 Calculating another point on the path.
 IRC-IRC-IRC-IRC-IRC-IRC-IRC-IRC-IRC-IRC-IRC-IRC-IRC-IRC-IRC-IRC-IRC-IRC
                          Input orientation:                          
 ---------------------------------------------------------------------
 Center     Atomic      Atomic             Coordinates (Angstroms)
 Number     Number       Type             X           Y           Z
 ---------------------------------------------------------------------
      1          6           0        1.886780   -0.052394    0.056004
      2          6           0        1.034499    1.060315    0.061259
      3          6           0       -0.333076    0.902942   -0.091180
      4          6           0       -0.867920   -0.394568   -0.224683
      5          6           0       -0.027361   -1.506110   -0.289190
      6          6           0        1.340853   -1.328689   -0.137114
      7          1           0       -0.458122   -2.484343   -0.466610
      8          8           0       -2.252371   -0.490367   -0.451871
      9          8           0       -1.160249    1.982714   -0.133557
     10          1           0        1.430636    2.065456    0.153728
     11          6           0       -2.440860   -0.650029    0.928684
     12          1           0       -2.565196   -1.660134    1.292983
     13          1           0       -2.019085    1.664893   -0.447595
     14          1           0       -2.719288    0.225615    1.499796
     15          1           0        1.998534   -2.189353   -0.185559
     16          6           0        3.371821    0.132858    0.245760
     17          1           0        3.740043    0.999486   -0.309779
     18          1           0        3.617935    0.295947    1.300859
     19          1           0        3.927593   -0.745128   -0.089617
 ---------------------------------------------------------------------
                    Distance matrix (angstroms):
                    1          2          3          4          5
     1  C    0.000000
     2  C    1.401618   0.000000
     3  C    2.421176   1.385014   0.000000
     4  C    2.790025   2.411979   1.409757   0.000000
     5  C    2.428247   2.799446   2.436432   1.395071   0.000000
     6  C    1.401520   2.416722   2.790041   2.399776   1.388026
     7  H    3.418488   3.882159   3.410320   2.143273   1.083500
     8  O    4.193129   3.670345   2.398979   1.406236   2.451299
     9  O    3.669058   2.388659   1.360852   2.396921   3.671450
    10  H    2.168619   1.084336   2.126522   3.387960   3.883042
    11  C    4.455020   3.969360   2.809732   1.967144   2.835677
    12  H    4.892345   4.677156   3.669827   2.604940   2.994595
    13  H    4.296332   3.154175   1.884205   2.369864   3.747975
    14  H    4.835048   4.105731   2.946861   2.604999   3.666853
    15  H    2.153470   3.398621   3.873965   3.382209   2.140517
    16  C    1.508534   2.521368   3.799056   4.298244   3.811408
    17  H    2.162136   2.731545   4.080123   4.814971   4.524573
    18  H    2.160533   2.965639   4.232813   4.788213   4.366217
    19  H    2.160093   3.413558   4.568308   4.810205   4.032441
                    6          7          8          9         10
     6  C    0.000000
     7  H    2.163426   0.000000
     8  O    3.703123   2.682441   0.000000
     9  O    4.149809   4.534148   2.722165   0.000000
    10  H    3.407767   4.965168   4.523662   2.608076   0.000000
    11  C    3.987211   3.040197   1.402481   3.114427   4.791961
    12  H    4.172799   2.866226   2.123848   4.156829   5.580734
    13  H    4.510778   4.433184   2.167852   0.968106   3.524573
    14  H    4.645437   4.040234   2.130644   2.861091   4.734848
    15  H    1.084266   2.490214   4.585594   5.233236   4.305929
    16  C    2.531313   4.693152   5.701460   4.909736   2.740731
    17  H    3.347585   5.457677   6.176478   5.001065   2.585439
    18  H    3.145204   5.241011   6.176637   5.266287   3.038314
    19  H    2.652173   4.733021   6.195812   5.773143   3.767412
                   11         12         13         14         15
    11  C    0.000000
    12  H    1.080964   0.000000
    13  H    2.725968   3.792578   0.000000
    14  H    1.081871   1.903303   2.520742   0.000000
    15  H    4.829003   4.826364   5.573611   5.561505   0.000000
    16  C    5.904791   6.289648   5.647101   6.219552   2.732146
    17  H    6.515999   7.028404   5.799079   6.752510   3.635516
    18  H    6.143482   6.485169   6.058639   6.340735   3.317923
    19  H    6.450052   6.701129   6.426455   6.902869   2.411693
                   16         17         18         19
    16  C    0.000000
    17  H    1.093277   0.000000
    18  H    1.095630   1.761827   0.000000
    19  H    1.091888   1.768423   1.764412   0.000000
 Symmetry turned off by external request.
 Stoichiometry    C8H9O2(2)
 Framework group  C1[X(C8H9O2)]
 Deg. of freedom    51
 Full point group                 C1      NOp   1
 Rotational constants (GHZ):           2.6446607           1.0349031           0.7975522
 Standard basis: 6-311G(d,p) (5D, 7F)
   234 basis functions,   392 primitive gaussians,   244 cartesian basis functions
    37 alpha electrons       36 beta electrons
       nuclear repulsion energy       512.0699030928 Hartrees.
 NAtoms=   19 NActive=   19 NUniq=   19 SFac= 1.00D+00 NAtFMM=   60 NAOKFM=F Big=F
 Integral buffers will be    131072 words long.
 Raffenetti 2 integral format.
 Two-electron integral symmetry is turned off.
 One-electron integrals computed using PRISM.
 NBasis=   234 RedAO= T EigKep=  1.87D-04  NBF=   234
 NBsUse=   234 1.00D-06 EigRej= -1.00D+00 NBFU=   234
 Initial guess from the checkpoint file:  "SR-13-ts-SR-14.chk"
 B after Tr=    -0.000089   -0.000011    0.000256
         Rot=    1.000000    0.000008   -0.000007    0.000004 Ang=   0.00 deg.
 Initial guess <Sx>= 0.0000 <Sy>= 0.0000 <Sz>= 0.5000 <S**2>= 0.7673 S= 0.5086
 ExpMin= 1.03D-01 ExpMax= 8.59D+03 ExpMxC= 1.30D+03 IAcc=2 IRadAn=         4 AccDes= 0.00D+00
 Harris functional with IExCor=  402 and IRadAn=       4 diagonalized for initial guess.
 HarFok:  IExCor=  402 AccDes= 0.00D+00 IRadAn=         4 IDoV= 1 UseB2=F ITyADJ=14
 ICtDFT=  3500011 ScaDFX=  1.000000  1.000000  1.000000  1.000000
 FoFCou: FMM=F IPFlag=           0 FMFlag=      100000 FMFlg1=           0
         NFxFlg=           0 DoJE=T BraDBF=F KetDBF=T FulRan=T
         wScrn=  0.000000 ICntrl=       500 IOpCl=  0 I1Cent=   200000004 NGrid=           0
         NMat0=    1 NMatS0=      1 NMatT0=    0 NMatD0=    1 NMtDS0=    0 NMtDT0=    0
 Symmetry not used in FoFCou.
 Requested convergence on RMS density matrix=1.00D-08 within 128 cycles.
 Requested convergence on MAX density matrix=1.00D-06.
 Requested convergence on             energy=1.00D-06.
 No special actions if energy rises.
 Integral accuracy reduced to 1.0D-05 until final iterations.
 Initial convergence to 1.0D-05 achieved.  Increase integral accuracy.
 SCF Done:  E(UB3LYP) =  -460.740223590     A.U. after   14 cycles
            NFock= 14  Conv=0.69D-08     -V/T= 2.0036
 <Sx>= 0.0000 <Sy>= 0.0000 <Sz>= 0.5000 <S**2>= 0.7642 S= 0.5071
 <L.S>= 0.000000000000E+00
 Annihilation of the first spin contaminant:
 S**2 before annihilation     0.7642,   after     0.7501
 DoSCS=F DFT=T ScalE2(SS,OS)=  1.000000  1.000000
 Range of M.O.s used for correlation:     1   234
 NBasis=   234 NAE=    37 NBE=    36 NFC=     0 NFV=     0
 NROrb=    234 NOA=    37 NOB=    36 NVA=   197 NVB=   198

 **** Warning!!: The largest alpha MO coefficient is  0.14968262D+02


 **** Warning!!: The largest beta MO coefficient is  0.15241248D+02

 Symmetrizing basis deriv contribution to polar:
 IMax=3 JMax=2 DiffMx= 0.00D+00
 G2DrvN: will do    20 centers at a time, making    1 passes.
 Calling FoFCou, ICntrl=  3107 FMM=F I1Cent=   0 AccDes= 0.00D+00.
 End of G2Drv F.D. properties file   721 does not exist.
 End of G2Drv F.D. properties file   722 does not exist.
 End of G2Drv F.D. properties file   788 does not exist.
          IDoAtm=1111111111111111111
          Differentiating once with respect to nuclear coordinates.
 Keep R1 and R2 ints in memory in canonical form, NReq=777448244.
          There are    60 degrees of freedom in the 1st order CPHF.  IDoFFX=6 NUNeed=     0.
     54 vectors produced by pass  0 Test12= 2.40D-14 1.67D-09 XBig12= 3.43D-01 1.82D-01.
 AX will form    54 AO Fock derivatives at one time.
     54 vectors produced by pass  1 Test12= 2.40D-14 1.67D-09 XBig12= 7.96D-02 6.53D-02.
     54 vectors produced by pass  2 Test12= 2.40D-14 1.67D-09 XBig12= 1.14D-03 7.50D-03.
     54 vectors produced by pass  3 Test12= 2.40D-14 1.67D-09 XBig12= 1.04D-05 6.27D-04.
     54 vectors produced by pass  4 Test12= 2.40D-14 1.67D-09 XBig12= 7.18D-08 3.25D-05.
     54 vectors produced by pass  5 Test12= 2.40D-14 1.67D-09 XBig12= 3.71D-10 1.67D-06.
     41 vectors produced by pass  6 Test12= 2.40D-14 1.67D-09 XBig12= 2.13D-12 1.25D-07.
     11 vectors produced by pass  7 Test12= 2.40D-14 1.67D-09 XBig12= 8.22D-15 7.68D-09.
 InvSVY:  IOpt=1 It=  1 EMax= 1.55D-15
 Solved reduced A of dimension   376 with    60 vectors.
 End of Minotr F.D. properties file   721 does not exist.
 End of Minotr F.D. properties file   722 does not exist.
 End of Minotr F.D. properties file   788 does not exist.
 Calling FoFJK, ICntrl=    100147 FMM=F ISym2X=0 I1Cent= 0 IOpClX= 1 NMat=1 NMatS=1 NMatT=0.
 -------------------------------------------------------------------
 Center     Atomic                   Forces (Hartrees/Bohr)
 Number     Number              X              Y              Z
 -------------------------------------------------------------------
      1        6           0.000371363    0.000080165   -0.000205365
      2        6           0.001325190   -0.000048074    0.000316644
      3        6           0.001159472   -0.000313818   -0.002842100
      4        6           0.007395236    0.002409790   -0.015506815
      5        6           0.001175603    0.001512430   -0.001543216
      6        6           0.001649426    0.000178176    0.000604895
      7        1          -0.000059281    0.000160967    0.000131857
      8        8           0.006446099   -0.001063878    0.012503939
      9        8           0.000637007   -0.000336991    0.000523368
     10        1           0.000107302   -0.000044062    0.000358189
     11        6          -0.019958463   -0.002372969    0.003935107
     12        1          -0.000545389   -0.000217871    0.000517322
     13        1          -0.000014583   -0.000000811    0.000159843
     14        1          -0.000280238   -0.000020337    0.000568804
     15        1           0.000114734   -0.000007578    0.000352792
     16        6           0.000409901    0.000080383    0.000100105
     17        1           0.000034301    0.000001269    0.000007177
     18        1           0.000002311   -0.000005975    0.000016490
     19        1           0.000030011    0.000009184    0.000000965
 -------------------------------------------------------------------
 Cartesian Forces:  Max     0.019958463 RMS     0.004066398
 IRC-IRC-IRC-IRC-IRC-IRC-IRC-IRC-IRC-IRC-IRC-IRC-IRC-IRC-IRC-IRC-IRC-IRC
 Pt  5 Step number   1 out of a maximum of  20
 Modified Bulirsch-Stoer Extrapolation Cycles:
    EPS =    0.000010000000000
      PEZero:  N= 2 I= 1 D=  8.29D-04 Err=  1.88D-05
      PEZero:  N= 3 I= 2 D=  8.29D-04 Err=  1.26D-05
      PEZero:  N= 3 I= 1 D=  1.66D-03 Err=  4.90D-08
 Maximum DWI energy   std dev =  0.000005126 at pt    33
 Maximum DWI gradient std dev =  0.009081803 at pt    64
 CORRECTOR INTEGRATION CONVERGENCE:
   Recorrection delta-x convergence threshold:    0.010000
   Delta-x Convergence Met
 Point Number:   5          Path Number:   1
   CHANGE IN THE REACTION COORDINATE =    0.15918
   NET REACTION COORDINATE UP TO THIS POINT =    0.79592
  # OF POINTS ALONG THE PATH =   5
  # OF STEPS =   1

 Calculating another point on the path.
 IRC-IRC-IRC-IRC-IRC-IRC-IRC-IRC-IRC-IRC-IRC-IRC-IRC-IRC-IRC-IRC-IRC-IRC
                          Input orientation:                          
 ---------------------------------------------------------------------
 Center     Atomic      Atomic             Coordinates (Angstroms)
 Number     Number       Type             X           Y           Z
 ---------------------------------------------------------------------
      1          6           0        1.887120   -0.052323    0.055837
      2          6           0        1.035645    1.060315    0.061487
      3          6           0       -0.332109    0.902724   -0.093637
      4          6           0       -0.862047   -0.392666   -0.236930
      5          6           0       -0.026387   -1.504886   -0.290539
      6          6           0        1.342262   -1.328550   -0.136646
      7          1           0       -0.458543   -2.483012   -0.465241
      8          8           0       -2.248538   -0.491024   -0.444237
      9          8           0       -1.159845    1.982524   -0.133220
     10          1           0        1.431738    2.065131    0.157271
     11          6           0       -2.457187   -0.651992    0.931697
     12          1           0       -2.570178   -1.662423    1.298054
     13          1           0       -2.019137    1.664850   -0.445924
     14          1           0       -2.721602    0.225844    1.505626
     15          1           0        1.999707   -2.189478   -0.182111
     16          6           0        3.372191    0.132931    0.245864
     17          1           0        3.740405    0.999484   -0.309693
     18          1           0        3.618001    0.295908    1.300988
     19          1           0        3.927917   -0.745031   -0.089575
 ---------------------------------------------------------------------
                    Distance matrix (angstroms):
                    1          2          3          4          5
     1  C    0.000000
     2  C    1.401073   0.000000
     3  C    2.420628   1.385515   0.000000
     4  C    2.785582   2.408618   1.406912   0.000000
     5  C    2.427226   2.798588   2.434918   1.392206   0.000000
     6  C    1.400955   2.416598   2.789973   2.396855   1.388517
     7  H    3.417880   3.881392   3.408413   2.141142   1.083516
     8  O    4.188819   3.667188   2.395444   1.405349   2.447344
     9  O    3.668834   2.389259   1.361132   2.396031   3.670355
    10  H    2.168242   1.084305   2.127276   3.384909   3.882227
    11  C    4.472107   3.986118   2.825669   1.994344   2.851329
    12  H    4.899289   4.684480   3.677734   2.624151   3.003217
    13  H    4.296428   3.155094   1.884411   2.369790   3.747322
    14  H    4.839379   4.110813   2.953893   2.622403   3.672304
    15  H    2.153305   3.398516   3.873875   3.379524   2.141374
    16  C    1.508597   2.520612   3.798642   4.293963   3.810578
    17  H    2.162077   2.730788   4.079389   4.808944   4.523380
    18  H    2.160466   2.964665   4.232797   4.786455   4.365476
    19  H    2.160056   3.412819   4.567597   4.805168   4.031661
                    6          7          8          9         10
     6  C    0.000000
     7  H    2.164175   0.000000
     8  O    3.699987   2.678159   0.000000
     9  O    4.150151   4.532446   2.720372   0.000000
    10  H    3.407559   4.964502   4.521081   2.609121   0.000000
    11  C    4.004360   3.049368   1.400943   3.123750   4.806894
    12  H    4.180553   2.870815   2.123960   4.162117   5.586714
    13  H    4.511662   4.431769   2.168045   0.968030   3.525990
    14  H    4.650611   4.042728   2.130647   2.865453   4.738277
    15  H    1.084204   2.491851   4.582690   5.233618   4.305747
    16  C    2.530386   4.692904   5.697206   4.909588   2.739818
    17  H    3.346756   5.457393   6.173099   5.000996   2.585266
    18  H    3.143985   5.240245   6.171009   5.265875   3.036112
    19  H    2.651099   4.733153   6.191842   5.772936   3.766809
                   11         12         13         14         15
    11  C    0.000000
    12  H    1.080719   0.000000
    13  H    2.730839   3.796820   0.000000
    14  H    1.081622   1.905667   2.524429   0.000000
    15  H    4.844413   4.832445   5.574634   5.565339   0.000000
    16  C    5.921834   6.296201   5.647279   6.223339   2.731383
    17  H    6.532884   7.035201   5.799447   6.756585   3.635352
    18  H    6.159772   6.490657   6.058302   6.343292   3.315961
    19  H    6.466932   6.707635   6.426660   6.906763   2.411013
                   16         17         18         19
    16  C    0.000000
    17  H    1.093225   0.000000
    18  H    1.095568   1.761901   0.000000
    19  H    1.091864   1.768317   1.764445   0.000000
 Symmetry turned off by external request.
 Stoichiometry    C8H9O2(2)
 Framework group  C1[X(C8H9O2)]
 Deg. of freedom    51
 Full point group                 C1      NOp   1
 Rotational constants (GHZ):           2.6442908           1.0332616           0.7967141
 Standard basis: 6-311G(d,p) (5D, 7F)
   234 basis functions,   392 primitive gaussians,   244 cartesian basis functions
    37 alpha electrons       36 beta electrons
       nuclear repulsion energy       511.9396830406 Hartrees.
 NAtoms=   19 NActive=   19 NUniq=   19 SFac= 1.00D+00 NAtFMM=   60 NAOKFM=F Big=F
 Integral buffers will be    131072 words long.
 Raffenetti 2 integral format.
 Two-electron integral symmetry is turned off.
 One-electron integrals computed using PRISM.
 NBasis=   234 RedAO= T EigKep=  1.86D-04  NBF=   234
 NBsUse=   234 1.00D-06 EigRej= -1.00D+00 NBFU=   234
 Initial guess from the checkpoint file:  "SR-13-ts-SR-14.chk"
 B after Tr=    -0.000061   -0.000015    0.000274
         Rot=    1.000000    0.000010   -0.000010    0.000003 Ang=   0.00 deg.
 Initial guess <Sx>= 0.0000 <Sy>= 0.0000 <Sz>= 0.5000 <S**2>= 0.7642 S= 0.5071
 ExpMin= 1.03D-01 ExpMax= 8.59D+03 ExpMxC= 1.30D+03 IAcc=2 IRadAn=         4 AccDes= 0.00D+00
 Harris functional with IExCor=  402 and IRadAn=       4 diagonalized for initial guess.
 HarFok:  IExCor=  402 AccDes= 0.00D+00 IRadAn=         4 IDoV= 1 UseB2=F ITyADJ=14
 ICtDFT=  3500011 ScaDFX=  1.000000  1.000000  1.000000  1.000000
 FoFCou: FMM=F IPFlag=           0 FMFlag=      100000 FMFlg1=           0
         NFxFlg=           0 DoJE=T BraDBF=F KetDBF=T FulRan=T
         wScrn=  0.000000 ICntrl=       500 IOpCl=  0 I1Cent=   200000004 NGrid=           0
         NMat0=    1 NMatS0=      1 NMatT0=    0 NMatD0=    1 NMtDS0=    0 NMtDT0=    0
 Symmetry not used in FoFCou.
 Requested convergence on RMS density matrix=1.00D-08 within 128 cycles.
 Requested convergence on MAX density matrix=1.00D-06.
 Requested convergence on             energy=1.00D-06.
 No special actions if energy rises.
 Integral accuracy reduced to 1.0D-05 until final iterations.
 Initial convergence to 1.0D-05 achieved.  Increase integral accuracy.
 SCF Done:  E(UB3LYP) =  -460.741646612     A.U. after   14 cycles
            NFock= 14  Conv=0.67D-08     -V/T= 2.0036
 <Sx>= 0.0000 <Sy>= 0.0000 <Sz>= 0.5000 <S**2>= 0.7615 S= 0.5058
 <L.S>= 0.000000000000E+00
 Annihilation of the first spin contaminant:
 S**2 before annihilation     0.7615,   after     0.7501
 DoSCS=F DFT=T ScalE2(SS,OS)=  1.000000  1.000000
 Range of M.O.s used for correlation:     1   234
 NBasis=   234 NAE=    37 NBE=    36 NFC=     0 NFV=     0
 NROrb=    234 NOA=    37 NOB=    36 NVA=   197 NVB=   198

 **** Warning!!: The largest alpha MO coefficient is  0.14967046D+02


 **** Warning!!: The largest beta MO coefficient is  0.15231716D+02

 Symmetrizing basis deriv contribution to polar:
 IMax=3 JMax=2 DiffMx= 0.00D+00
 Calling FoFJK, ICntrl=      2147 FMM=F ISym2X=0 I1Cent= 0 IOpClX= 1 NMat=1 NMatS=1 NMatT=0.
 -------------------------------------------------------------------
 Center     Atomic                   Forces (Hartrees/Bohr)
 Number     Number              X              Y              Z
 -------------------------------------------------------------------
      1        6           0.000522334    0.000101821   -0.000216265
      2        6           0.001511556    0.000051475    0.000262889
      3        6           0.001385645   -0.000165045   -0.003351406
      4        6           0.007365525    0.002419219   -0.015617838
      5        6           0.001409478    0.001523694   -0.001866525
      6        6           0.001859958    0.000157575    0.000580423
      7        1          -0.000038309    0.000146002    0.000161650
      8        8           0.006543548   -0.001159666    0.013317890
      9        8           0.000736766   -0.000328820    0.000612779
     10        1           0.000124579   -0.000036349    0.000398317
     11        6          -0.021397486   -0.002553673    0.003749207
     12        1          -0.000538739   -0.000236331    0.000562922
     13        1          -0.000008549   -0.000008998    0.000192804
     14        1          -0.000223055   -0.000008558    0.000640503
     15        1           0.000132930   -0.000013644    0.000385606
     16        6           0.000518000    0.000101266    0.000152664
     17        1           0.000044044    0.000000588    0.000009790
     18        1           0.000012220   -0.000001476    0.000017448
     19        1           0.000039555    0.000010918    0.000007142
 -------------------------------------------------------------------
 Cartesian Forces:  Max     0.021397486 RMS     0.004259855
 IRC-IRC-IRC-IRC-IRC-IRC-IRC-IRC-IRC-IRC-IRC-IRC-IRC-IRC-IRC-IRC-IRC-IRC
 Pt  6 Step number   1 out of a maximum of  20
 Modified Bulirsch-Stoer Extrapolation Cycles:
    EPS =    0.000010000000000
      PEZero:  N= 2 I= 1 D=  8.29D-04 Err=  2.28D-05
      PEZero:  N= 3 I= 2 D=  8.29D-04 Err=  1.52D-05
      PEZero:  N= 3 I= 1 D=  1.66D-03 Err=  3.86D-08
 Maximum DWI energy   std dev =  0.000001480 at pt    31
 Maximum DWI gradient std dev =  0.004973144 at pt    29
 CORRECTOR INTEGRATION CONVERGENCE:
   Recorrection delta-x convergence threshold:    0.010000
   Delta-x Convergence Met
 Point Number:   6          Path Number:   1
   CHANGE IN THE REACTION COORDINATE =    0.15918
   NET REACTION COORDINATE UP TO THIS POINT =    0.95510
  # OF POINTS ALONG THE PATH =   6
  # OF STEPS =   1

 Calculating another point on the path.
 IRC-IRC-IRC-IRC-IRC-IRC-IRC-IRC-IRC-IRC-IRC-IRC-IRC-IRC-IRC-IRC-IRC-IRC
                          Input orientation:                          
 ---------------------------------------------------------------------
 Center     Atomic      Atomic             Coordinates (Angstroms)
 Number     Number       Type             X           Y           Z
 ---------------------------------------------------------------------
      1          6           0        1.887561   -0.052237    0.055667
      2          6           0        1.036871    1.060384    0.061659
      3          6           0       -0.331019    0.902611   -0.096341
      4          6           0       -0.856436   -0.390838   -0.248731
      5          6           0       -0.025284   -1.503707   -0.292052
      6          6           0        1.343756   -1.328426   -0.136221
      7          1           0       -0.458776   -2.481811   -0.463706
      8          8           0       -2.244828   -0.491704   -0.436512
      9          8           0       -1.159399    1.982348   -0.132851
     10          1           0        1.432935    2.064849    0.160991
     11          6           0       -2.473849   -0.653998    0.934486
     12          1           0       -2.574973   -1.664688    1.303250
     13          1           0       -2.019181    1.664752   -0.444047
     14          1           0       -2.723357    0.225987    1.511701
     15          1           0        2.000980   -2.189624   -0.178535
     16          6           0        3.372629    0.133016    0.246002
     17          1           0        3.740846    0.999483   -0.309591
     18          1           0        3.618154    0.295914    1.301143
     19          1           0        3.928318   -0.744925   -0.089478
 ---------------------------------------------------------------------
                    Distance matrix (angstroms):
                    1          2          3          4          5
     1  C    0.000000
     2  C    1.400584   0.000000
     3  C    2.420111   1.385994   0.000000
     4  C    2.781516   2.405619   1.404385   0.000000
     5  C    2.426242   2.797828   2.433545   1.389664   0.000000
     6  C    1.400430   2.416557   2.789980   2.394280   1.388984
     7  H    3.417291   3.880737   3.406699   2.139279   1.083545
     8  O    4.184736   3.664246   2.392174   1.404659   2.443644
     9  O    3.668657   2.389865   1.361388   2.395251   3.669351
    10  H    2.167910   1.084290   2.128039   3.382232   3.881526
    11  C    4.489581   4.003260   2.842069   2.021208   2.867381
    12  H    4.906187   4.691800   3.685812   2.642860   3.011946
    13  H    4.296557   3.156019   1.884583   2.369721   3.746713
    14  H    4.843348   4.115599   2.960896   2.639127   3.677631
    15  H    2.153169   3.398492   3.873873   3.377186   2.142222
    16  C    1.508633   2.519873   3.798221   4.290009   3.809748
    17  H    2.161988   2.730021   4.078596   4.803301   4.522167
    18  H    2.160410   2.963740   4.232848   4.784945   4.364807
    19  H    2.159994   3.412103   4.566878   4.800481   4.030850
                    6          7          8          9         10
     6  C    0.000000
     7  H    2.164871   0.000000
     8  O    3.697055   2.674182   0.000000
     9  O    4.150544   4.530900   2.718694   0.000000
    10  H    3.407434   4.963964   4.518730   2.610239   0.000000
    11  C    4.021862   3.058817   1.399437   3.133258   4.822177
    12  H    4.188267   2.875433   2.124066   4.167386   5.592632
    13  H    4.512563   4.430490   2.168242   0.967954   3.527500
    14  H    4.655454   4.045088   2.130634   2.869725   4.741371
    15  H    1.084157   2.493411   4.579997   5.234064   4.305635
    16  C    2.529474   4.692619   5.693148   4.909464   2.738909
    17  H    3.345932   5.457104   6.169931   5.000966   2.585132
    18  H    3.142830   5.239447   6.165577   5.265492   3.033853
    19  H    2.650023   4.733225   6.188077   5.772761   3.766232
                   11         12         13         14         15
    11  C    0.000000
    12  H    1.080605   0.000000
    13  H    2.735631   3.800937   0.000000
    14  H    1.081575   1.907911   2.528015   0.000000
    15  H    4.860150   4.838450   5.575698   5.568792   0.000000
    16  C    5.939252   6.302657   5.647478   6.226692   2.730624
    17  H    6.550127   7.041920   5.799877   6.760275   3.635204
    18  H    6.176509   6.496059   6.057966   6.345391   3.314000
    19  H    6.484174   6.714049   6.426898   6.910227   2.410336
                   16         17         18         19
    16  C    0.000000
    17  H    1.093175   0.000000
    18  H    1.095509   1.761967   0.000000
    19  H    1.091841   1.768206   1.764476   0.000000
 Symmetry turned off by external request.
 Stoichiometry    C8H9O2(2)
 Framework group  C1[X(C8H9O2)]
 Deg. of freedom    51
 Full point group                 C1      NOp   1
 Rotational constants (GHZ):           2.6438072           1.0315152           0.7957984
 Standard basis: 6-311G(d,p) (5D, 7F)
   234 basis functions,   392 primitive gaussians,   244 cartesian basis functions
    37 alpha electrons       36 beta electrons
       nuclear repulsion energy       511.7923898064 Hartrees.
 NAtoms=   19 NActive=   19 NUniq=   19 SFac= 1.00D+00 NAtFMM=   60 NAOKFM=F Big=F
 Integral buffers will be    131072 words long.
 Raffenetti 2 integral format.
 Two-electron integral symmetry is turned off.
 One-electron integrals computed using PRISM.
 NBasis=   234 RedAO= T EigKep=  1.86D-04  NBF=   234
 NBsUse=   234 1.00D-06 EigRej= -1.00D+00 NBFU=   234
 Initial guess from the checkpoint file:  "SR-13-ts-SR-14.chk"
 B after Tr=    -0.000044   -0.000018    0.000289
         Rot=    1.000000    0.000010   -0.000012    0.000002 Ang=   0.00 deg.
 Initial guess <Sx>= 0.0000 <Sy>= 0.0000 <Sz>= 0.5000 <S**2>= 0.7616 S= 0.5058
 ExpMin= 1.03D-01 ExpMax= 8.59D+03 ExpMxC= 1.30D+03 IAcc=2 IRadAn=         4 AccDes= 0.00D+00
 Harris functional with IExCor=  402 and IRadAn=       4 diagonalized for initial guess.
 HarFok:  IExCor=  402 AccDes= 0.00D+00 IRadAn=         4 IDoV= 1 UseB2=F ITyADJ=14
 ICtDFT=  3500011 ScaDFX=  1.000000  1.000000  1.000000  1.000000
 FoFCou: FMM=F IPFlag=           0 FMFlag=      100000 FMFlg1=           0
         NFxFlg=           0 DoJE=T BraDBF=F KetDBF=T FulRan=T
         wScrn=  0.000000 ICntrl=       500 IOpCl=  0 I1Cent=   200000004 NGrid=           0
         NMat0=    1 NMatS0=      1 NMatT0=    0 NMatD0=    1 NMtDS0=    0 NMtDT0=    0
 Symmetry not used in FoFCou.
 Requested convergence on RMS density matrix=1.00D-08 within 128 cycles.
 Requested convergence on MAX density matrix=1.00D-06.
 Requested convergence on             energy=1.00D-06.
 No special actions if energy rises.
 Integral accuracy reduced to 1.0D-05 until final iterations.
 Initial convergence to 1.0D-05 achieved.  Increase integral accuracy.
 SCF Done:  E(UB3LYP) =  -460.743105895     A.U. after   14 cycles
            NFock= 14  Conv=0.46D-08     -V/T= 2.0036
 <Sx>= 0.0000 <Sy>= 0.0000 <Sz>= 0.5000 <S**2>= 0.7595 S= 0.5047
 <L.S>= 0.000000000000E+00
 Annihilation of the first spin contaminant:
 S**2 before annihilation     0.7595,   after     0.7501
 DoSCS=F DFT=T ScalE2(SS,OS)=  1.000000  1.000000
 Range of M.O.s used for correlation:     1   234
 NBasis=   234 NAE=    37 NBE=    36 NFC=     0 NFV=     0
 NROrb=    234 NOA=    37 NOB=    36 NVA=   197 NVB=   198

 **** Warning!!: The largest alpha MO coefficient is  0.14962828D+02


 **** Warning!!: The largest beta MO coefficient is  0.15200584D+02

 Symmetrizing basis deriv contribution to polar:
 IMax=3 JMax=2 DiffMx= 0.00D+00
 Calling FoFJK, ICntrl=      2147 FMM=F ISym2X=0 I1Cent= 0 IOpClX= 1 NMat=1 NMatS=1 NMatT=0.
 -------------------------------------------------------------------
 Center     Atomic                   Forces (Hartrees/Bohr)
 Number     Number              X              Y              Z
 -------------------------------------------------------------------
      1        6           0.000729185    0.000129898   -0.000216695
      2        6           0.001583440    0.000177575    0.000169246
      3        6           0.001719074    0.000121475   -0.003793120
      4        6           0.006755150    0.002299412   -0.014955590
      5        6           0.001779488    0.001396967   -0.002173628
      6        6           0.001953750    0.000104072    0.000508907
      7        1          -0.000019376    0.000141809    0.000192485
      8        8           0.006374685   -0.001228245    0.013720476
      9        8           0.000840744   -0.000334489    0.000691787
     10        1           0.000134328   -0.000036659    0.000424637
     11        6          -0.022125164   -0.002591856    0.003295473
     12        1          -0.000496930   -0.000202873    0.000589012
     13        1          -0.000010604   -0.000020907    0.000221141
     14        1          -0.000115302   -0.000081046    0.000662692
     15        1           0.000144227   -0.000013637    0.000404978
     16        6           0.000622949    0.000119698    0.000207218
     17        1           0.000055486    0.000001506    0.000012167
     18        1           0.000024750    0.000005319    0.000024423
     19        1           0.000050122    0.000011981    0.000014391
 -------------------------------------------------------------------
 Cartesian Forces:  Max     0.022125164 RMS     0.004291715
 IRC-IRC-IRC-IRC-IRC-IRC-IRC-IRC-IRC-IRC-IRC-IRC-IRC-IRC-IRC-IRC-IRC-IRC
 Pt  7 Step number   1 out of a maximum of  20
 Modified Bulirsch-Stoer Extrapolation Cycles:
    EPS =    0.000010000000000
      PEZero:  N= 2 I= 1 D=  8.29D-04 Err=  2.83D-05
      PEZero:  N= 3 I= 2 D=  8.29D-04 Err=  1.88D-05
      PEZero:  N= 3 I= 1 D=  1.66D-03 Err=  4.70D-08
 Maximum DWI energy   std dev =  0.000003626 at pt    35
 Maximum DWI gradient std dev =  0.009733727 at pt    29
 CORRECTOR INTEGRATION CONVERGENCE:
   Recorrection delta-x convergence threshold:    0.010000
   Delta-x Convergence Met
 Point Number:   7          Path Number:   1
   CHANGE IN THE REACTION COORDINATE =    0.15918
   NET REACTION COORDINATE UP TO THIS POINT =    1.11427
  # OF POINTS ALONG THE PATH =   7
  # OF STEPS =   1

 Calculating another point on the path.
 IRC-IRC-IRC-IRC-IRC-IRC-IRC-IRC-IRC-IRC-IRC-IRC-IRC-IRC-IRC-IRC-IRC-IRC
                          Input orientation:                          
 ---------------------------------------------------------------------
 Center     Atomic      Atomic             Coordinates (Angstroms)
 Number     Number       Type             X           Y           Z
 ---------------------------------------------------------------------
      1          6           0        1.888169   -0.052126    0.055495
      2          6           0        1.038172    1.060554    0.061744
      3          6           0       -0.329687    0.902710   -0.099401
      4          6           0       -0.851339   -0.389130   -0.259847
      5          6           0       -0.023913   -1.502618   -0.293812
      6          6           0        1.345340   -1.328337   -0.135862
      7          1           0       -0.458794   -2.480746   -0.461903
      8          8           0       -2.241278   -0.492421   -0.428614
      9          8           0       -1.158888    1.982175   -0.132436
     10          1           0        1.434242    2.064609    0.164946
     11          6           0       -2.491002   -0.656043    0.936866
     12          1           0       -2.579295   -1.666785    1.308689
     13          1           0       -2.019216    1.664541   -0.441876
     14          1           0       -2.724074    0.225798    1.518159
     15          1           0        2.002378   -2.189785   -0.174796
     16          6           0        3.373162    0.133119    0.246191
     17          1           0        3.741405    0.999485   -0.309457
     18          1           0        3.618433    0.295986    1.301354
     19          1           0        3.928829   -0.744806   -0.089301
 ---------------------------------------------------------------------
                    Distance matrix (angstroms):
                    1          2          3          4          5
     1  C    0.000000
     2  C    1.400211   0.000000
     3  C    2.419625   1.386333   0.000000
     4  C    2.778114   2.403176   1.402396   0.000000
     5  C    2.425283   2.797194   2.432466   1.387675   0.000000
     6  C    1.399999   2.416651   2.790092   2.392254   1.389307
     7  H    3.416743   3.880196   3.405268   2.137704   1.083564
     8  O    4.180975   3.661553   2.389341   1.403952   2.440364
     9  O    3.668549   2.390431   1.361584   2.394558   3.668513
    10  H    2.167625   1.084273   2.128693   3.380113   3.880951
    11  C    4.507623   4.020896   2.859168   2.047402   2.884056
    12  H    4.912826   4.698864   3.694017   2.660553   3.020751
    13  H    4.296740   3.156906   1.884724   2.369522   3.746205
    14  H    4.846587   4.119764   2.967793   2.654539   3.682598
    15  H    2.153060   3.398581   3.873982   3.375396   2.142947
    16  C    1.508604   2.519194   3.797735   4.286634   3.808853
    17  H    2.161842   2.729284   4.077656   4.798334   4.520883
    18  H    2.160361   2.962928   4.232951   4.783889   4.364197
    19  H    2.159876   3.411457   4.566110   4.796415   4.029922
                    6          7          8          9         10
     6  C    0.000000
     7  H    2.165467   0.000000
     8  O    3.694358   2.670542   0.000000
     9  O    4.150983   4.529498   2.717152   0.000000
    10  H    3.407415   4.963545   4.516653   2.611427   0.000000
    11  C    4.039831   3.068544   1.397737   3.142949   4.837907
    12  H    4.195716   2.879940   2.124055   4.172447   5.598208
    13  H    4.513447   4.429303   2.168403   0.967889   3.529115
    14  H    4.659533   4.046915   2.130459   2.873870   4.743838
    15  H    1.084116   2.494886   4.577563   5.234563   4.305587
    16  C    2.528613   4.692289   5.689341   4.909363   2.738005
    17  H    3.345149   5.456823   6.167048   5.000989   2.585063
    18  H    3.141810   5.238616   6.160404   5.265147   3.031525
    19  H    2.648980   4.733239   6.184581   5.772620   3.765690
                   11         12         13         14         15
    11  C    0.000000
    12  H    1.080578   0.000000
    13  H    2.740186   3.804721   0.000000
    14  H    1.081605   1.909637   2.531510   0.000000
    15  H    4.876332   4.844171   5.576772   5.571399   0.000000
    16  C    5.957199   6.308749   5.647692   6.229187   2.729865
    17  H    6.567875   7.048308   5.800396   6.763223   3.635078
    18  H    6.193900   6.501105   6.057629   6.346599   3.312056
    19  H    6.501932   6.720127   6.427169   6.912822   2.409665
                   16         17         18         19
    16  C    0.000000
    17  H    1.093132   0.000000
    18  H    1.095469   1.762028   0.000000
    19  H    1.091821   1.768091   1.764516   0.000000
 Symmetry turned off by external request.
 Stoichiometry    C8H9O2(2)
 Framework group  C1[X(C8H9O2)]
 Deg. of freedom    51
 Full point group                 C1      NOp   1
 Rotational constants (GHZ):           2.6432237           1.0296401           0.7947783
 Standard basis: 6-311G(d,p) (5D, 7F)
   234 basis functions,   392 primitive gaussians,   244 cartesian basis functions
    37 alpha electrons       36 beta electrons
       nuclear repulsion energy       511.6279650091 Hartrees.
 NAtoms=   19 NActive=   19 NUniq=   19 SFac= 1.00D+00 NAtFMM=   60 NAOKFM=F Big=F
 Integral buffers will be    131072 words long.
 Raffenetti 2 integral format.
 Two-electron integral symmetry is turned off.
 One-electron integrals computed using PRISM.
 NBasis=   234 RedAO= T EigKep=  1.86D-04  NBF=   234
 NBsUse=   234 1.00D-06 EigRej= -1.00D+00 NBFU=   234
 Initial guess from the checkpoint file:  "SR-13-ts-SR-14.chk"
 B after Tr=    -0.000014   -0.000022    0.000313
         Rot=    1.000000    0.000011   -0.000015    0.000000 Ang=   0.00 deg.
 Initial guess <Sx>= 0.0000 <Sy>= 0.0000 <Sz>= 0.5000 <S**2>= 0.7595 S= 0.5047
 ExpMin= 1.03D-01 ExpMax= 8.59D+03 ExpMxC= 1.30D+03 IAcc=2 IRadAn=         4 AccDes= 0.00D+00
 Harris functional with IExCor=  402 and IRadAn=       4 diagonalized for initial guess.
 HarFok:  IExCor=  402 AccDes= 0.00D+00 IRadAn=         4 IDoV= 1 UseB2=F ITyADJ=14
 ICtDFT=  3500011 ScaDFX=  1.000000  1.000000  1.000000  1.000000
 FoFCou: FMM=F IPFlag=           0 FMFlag=      100000 FMFlg1=           0
         NFxFlg=           0 DoJE=T BraDBF=F KetDBF=T FulRan=T
         wScrn=  0.000000 ICntrl=       500 IOpCl=  0 I1Cent=   200000004 NGrid=           0
         NMat0=    1 NMatS0=      1 NMatT0=    0 NMatD0=    1 NMtDS0=    0 NMtDT0=    0
 Symmetry not used in FoFCou.
 Requested convergence on RMS density matrix=1.00D-08 within 128 cycles.
 Requested convergence on MAX density matrix=1.00D-06.
 Requested convergence on             energy=1.00D-06.
 No special actions if energy rises.
 Integral accuracy reduced to 1.0D-05 until final iterations.
 Initial convergence to 1.0D-05 achieved.  Increase integral accuracy.
 SCF Done:  E(UB3LYP) =  -460.744553042     A.U. after   14 cycles
            NFock= 14  Conv=0.43D-08     -V/T= 2.0036
 <Sx>= 0.0000 <Sy>= 0.0000 <Sz>= 0.5000 <S**2>= 0.7579 S= 0.5039
 <L.S>= 0.000000000000E+00
 Annihilation of the first spin contaminant:
 S**2 before annihilation     0.7579,   after     0.7500
 DoSCS=F DFT=T ScalE2(SS,OS)=  1.000000  1.000000
 Range of M.O.s used for correlation:     1   234
 NBasis=   234 NAE=    37 NBE=    36 NFC=     0 NFV=     0
 NROrb=    234 NOA=    37 NOB=    36 NVA=   197 NVB=   198

 **** Warning!!: The largest alpha MO coefficient is  0.14945591D+02


 **** Warning!!: The largest beta MO coefficient is  0.15144445D+02

 Symmetrizing basis deriv contribution to polar:
 IMax=3 JMax=2 DiffMx= 0.00D+00
 Calling FoFJK, ICntrl=      2147 FMM=F ISym2X=0 I1Cent= 0 IOpClX= 1 NMat=1 NMatS=1 NMatT=0.
 -------------------------------------------------------------------
 Center     Atomic                   Forces (Hartrees/Bohr)
 Number     Number              X              Y              Z
 -------------------------------------------------------------------
      1        6           0.000904638    0.000161503   -0.000220199
      2        6           0.001673636    0.000287229    0.000039997
      3        6           0.001912734    0.000316448   -0.004128617
      4        6           0.006066289    0.002088726   -0.013696804
      5        6           0.001993271    0.001290400   -0.002408841
      6        6           0.002047530    0.000082886    0.000404651
      7        1           0.000008009    0.000124442    0.000208517
      8        8           0.005911986   -0.001257514    0.013598729
      9        8           0.000939947   -0.000308355    0.000745485
     10        1           0.000140377   -0.000032304    0.000431412
     11        6          -0.022241270   -0.002570753    0.002789133
     12        1          -0.000425136   -0.000162765    0.000583560
     13        1          -0.000007707   -0.000029962    0.000246103
     14        1           0.000016414   -0.000144615    0.000659428
     15        1           0.000151750   -0.000013185    0.000405692
     16        6           0.000742427    0.000141328    0.000273694
     17        1           0.000067147    0.000001331    0.000015622
     18        1           0.000037069    0.000012143    0.000028871
     19        1           0.000060889    0.000013015    0.000023567
 -------------------------------------------------------------------
 Cartesian Forces:  Max     0.022241270 RMS     0.004195617
 IRC-IRC-IRC-IRC-IRC-IRC-IRC-IRC-IRC-IRC-IRC-IRC-IRC-IRC-IRC-IRC-IRC-IRC
 Reaction path inflection point has been passed.
   Previous lowest Hessian eigenvalue=   -0.0010300215
   Current lowest Hessian eigenvalue =    0.0000773759
 Pt  8 Step number   1 out of a maximum of  20
 Modified Bulirsch-Stoer Extrapolation Cycles:
    EPS =    0.000010000000000
      PEZero:  N= 2 I= 1 D=  8.29D-04 Err=  3.39D-05
      PEZero:  N= 3 I= 2 D=  8.29D-04 Err=  2.26D-05
      PEZero:  N= 3 I= 1 D=  1.66D-03 Err=  4.29D-08
 Maximum DWI energy   std dev =  0.000002970 at pt    35
 Maximum DWI gradient std dev =  0.009527675 at pt    29
 CORRECTOR INTEGRATION CONVERGENCE:
   Recorrection delta-x convergence threshold:    0.010000
   Delta-x Convergence Met
 Point Number:   8          Path Number:   1
   CHANGE IN THE REACTION COORDINATE =    0.15917
   NET REACTION COORDINATE UP TO THIS POINT =    1.27345
  # OF POINTS ALONG THE PATH =   8
  # OF STEPS =   1

 Calculating another point on the path.
 IRC-IRC-IRC-IRC-IRC-IRC-IRC-IRC-IRC-IRC-IRC-IRC-IRC-IRC-IRC-IRC-IRC-IRC
                          Input orientation:                          
 ---------------------------------------------------------------------
 Center     Atomic      Atomic             Coordinates (Angstroms)
 Number     Number       Type             X           Y           Z
 ---------------------------------------------------------------------
      1          6           0        1.888937   -0.051984    0.055313
      2          6           0        1.039571    1.060811    0.061714
      3          6           0       -0.328170    0.902956   -0.102788
      4          6           0       -0.846677   -0.387554   -0.270181
      5          6           0       -0.022340   -1.501584   -0.295792
      6          6           0        1.347032   -1.328256   -0.135587
      7          1           0       -0.458558   -2.479810   -0.459939
      8          8           0       -2.237932   -0.493170   -0.420626
      9          8           0       -1.158299    1.982014   -0.131982
     10          1           0        1.435644    2.064418    0.169028
     11          6           0       -2.508647   -0.658131    0.938873
     12          1           0       -2.583013   -1.668733    1.314281
     13          1           0       -2.019234    1.664250   -0.439417
     14          1           0       -2.723576    0.225302    1.524958
     15          1           0        2.003893   -2.189949   -0.170990
     16          6           0        3.373810    0.133242    0.246441
     17          1           0        3.742103    0.999488   -0.309285
     18          1           0        3.618839    0.296129    1.301625
     19          1           0        3.929464   -0.744676   -0.089024
 ---------------------------------------------------------------------
                    Distance matrix (angstroms):
                    1          2          3          4          5
     1  C    0.000000
     2  C    1.399920   0.000000
     3  C    2.419188   1.386613   0.000000
     4  C    2.775272   2.401218   1.400816   0.000000
     5  C    2.424375   2.796665   2.431583   1.386092   0.000000
     6  C    1.399633   2.416836   2.790284   2.390689   1.389564
     7  H    3.416220   3.879756   3.404066   2.136394   1.083585
     8  O    4.177584   3.659171   2.386919   1.403346   2.437485
     9  O    3.668497   2.390976   1.361739   2.393963   3.667791
    10  H    2.167386   1.084260   2.129300   3.378470   3.880483
    11  C    4.526239   4.039062   2.876896   2.072962   2.901299
    12  H    4.919067   4.705577   3.702160   2.677089   3.029410
    13  H    4.296978   3.157778   1.884830   2.369268   3.745761
    14  H    4.848920   4.123159   2.974348   2.668496   3.686997
    15  H    2.152980   3.398750   3.874175   3.374050   2.143605
    16  C    1.508538   2.518567   3.797246   4.283764   3.807953
    17  H    2.161654   2.728567   4.076651   4.793987   4.519577
    18  H    2.160332   2.962219   4.233142   4.783182   4.363679
    19  H    2.159723   3.410863   4.565340   4.792898   4.028947
                    6          7          8          9         10
     6  C    0.000000
     7  H    2.165973   0.000000
     8  O    3.691962   2.667293   0.000000
     9  O    4.151455   4.528252   2.715780   0.000000
    10  H    3.407474   4.963226   4.514877   2.612650   0.000000
    11  C    4.058299   3.078645   1.395972   3.152862   4.854109
    12  H    4.202773   2.884270   2.123896   4.177253   5.603359
    13  H    4.514327   4.428246   2.168558   0.967832   3.530796
    14  H    4.662703   4.048179   2.130106   2.877774   4.745525
    15  H    1.084083   2.496233   4.575419   5.235098   4.305596
    16  C    2.527796   4.691914   5.685861   4.909294   2.737137
    17  H    3.344387   5.456534   6.164515   5.001073   2.585075
    18  H    3.140909   5.237758   6.155559   5.264834   3.029184
    19  H    2.647959   4.733181   6.181423   5.772522   3.765201
                   11         12         13         14         15
    11  C    0.000000
    12  H    1.080638   0.000000
    13  H    2.744570   3.808160   0.000000
    14  H    1.081732   1.910893   2.534845   0.000000
    15  H    4.892983   4.849475   5.577854   5.573028   0.000000
    16  C    5.975704   6.314360   5.647947   6.230666   2.729128
    17  H    6.586158   7.054252   5.801021   6.765266   3.634969
    18  H    6.211947   6.505675   6.057297   6.346741   3.310170
    19  H    6.520225   6.725734   6.427496   6.914386   2.409015
                   16         17         18         19
    16  C    0.000000
    17  H    1.093093   0.000000
    18  H    1.095438   1.762083   0.000000
    19  H    1.091801   1.767972   1.764559   0.000000
 Symmetry turned off by external request.
 Stoichiometry    C8H9O2(2)
 Framework group  C1[X(C8H9O2)]
 Deg. of freedom    51
 Full point group                 C1      NOp   1
 Rotational constants (GHZ):           2.6425780           1.0276293           0.7936543
 Standard basis: 6-311G(d,p) (5D, 7F)
   234 basis functions,   392 primitive gaussians,   244 cartesian basis functions
    37 alpha electrons       36 beta electrons
       nuclear repulsion energy       511.4452318412 Hartrees.
 NAtoms=   19 NActive=   19 NUniq=   19 SFac= 1.00D+00 NAtFMM=   60 NAOKFM=F Big=F
 Integral buffers will be    131072 words long.
 Raffenetti 2 integral format.
 Two-electron integral symmetry is turned off.
 One-electron integrals computed using PRISM.
 NBasis=   234 RedAO= T EigKep=  1.86D-04  NBF=   234
 NBsUse=   234 1.00D-06 EigRej= -1.00D+00 NBFU=   234
 Initial guess from the checkpoint file:  "SR-13-ts-SR-14.chk"
 B after Tr=     0.000020   -0.000025    0.000331
         Rot=    1.000000    0.000011   -0.000018   -0.000001 Ang=   0.00 deg.
 Initial guess <Sx>= 0.0000 <Sy>= 0.0000 <Sz>= 0.5000 <S**2>= 0.7579 S= 0.5039
 ExpMin= 1.03D-01 ExpMax= 8.59D+03 ExpMxC= 1.30D+03 IAcc=2 IRadAn=         4 AccDes= 0.00D+00
 Harris functional with IExCor=  402 and IRadAn=       4 diagonalized for initial guess.
 HarFok:  IExCor=  402 AccDes= 0.00D+00 IRadAn=         4 IDoV= 1 UseB2=F ITyADJ=14
 ICtDFT=  3500011 ScaDFX=  1.000000  1.000000  1.000000  1.000000
 FoFCou: FMM=F IPFlag=           0 FMFlag=      100000 FMFlg1=           0
         NFxFlg=           0 DoJE=T BraDBF=F KetDBF=T FulRan=T
         wScrn=  0.000000 ICntrl=       500 IOpCl=  0 I1Cent=   200000004 NGrid=           0
         NMat0=    1 NMatS0=      1 NMatT0=    0 NMatD0=    1 NMtDS0=    0 NMtDT0=    0
 Symmetry not used in FoFCou.
 Requested convergence on RMS density matrix=1.00D-08 within 128 cycles.
 Requested convergence on MAX density matrix=1.00D-06.
 Requested convergence on             energy=1.00D-06.
 No special actions if energy rises.
 Integral accuracy reduced to 1.0D-05 until final iterations.
 Initial convergence to 1.0D-05 achieved.  Increase integral accuracy.
 SCF Done:  E(UB3LYP) =  -460.745950344     A.U. after   14 cycles
            NFock= 14  Conv=0.37D-08     -V/T= 2.0036
 <Sx>= 0.0000 <Sy>= 0.0000 <Sz>= 0.5000 <S**2>= 0.7567 S= 0.5033
 <L.S>= 0.000000000000E+00
 Annihilation of the first spin contaminant:
 S**2 before annihilation     0.7567,   after     0.7500
 DoSCS=F DFT=T ScalE2(SS,OS)=  1.000000  1.000000
 Range of M.O.s used for correlation:     1   234
 NBasis=   234 NAE=    37 NBE=    36 NFC=     0 NFV=     0
 NROrb=    234 NOA=    37 NOB=    36 NVA=   197 NVB=   198

 **** Warning!!: The largest alpha MO coefficient is  0.14909586D+02


 **** Warning!!: The largest beta MO coefficient is  0.15061309D+02

 Symmetrizing basis deriv contribution to polar:
 IMax=3 JMax=2 DiffMx= 0.00D+00
 Calling FoFJK, ICntrl=      2147 FMM=F ISym2X=0 I1Cent= 0 IOpClX= 1 NMat=1 NMatS=1 NMatT=0.
 -------------------------------------------------------------------
 Center     Atomic                   Forces (Hartrees/Bohr)
 Number     Number              X              Y              Z
 -------------------------------------------------------------------
      1        6           0.001068673    0.000197161   -0.000226709
      2        6           0.001732226    0.000378514   -0.000123698
      3        6           0.002037286    0.000470864   -0.004334949
      4        6           0.005257094    0.001817380   -0.012026464
      5        6           0.002138585    0.001168659   -0.002563449
      6        6           0.002099734    0.000082121    0.000269044
      7        1           0.000036192    0.000106825    0.000211829
      8        8           0.005265891   -0.001254093    0.013081588
      9        8           0.001038234   -0.000273671    0.000771694
     10        1           0.000142275   -0.000027120    0.000420001
     11        6          -0.021863525   -0.002484494    0.002235853
     12        1          -0.000334723   -0.000114519    0.000560497
     13        1          -0.000004184   -0.000036033    0.000265902
     14        1           0.000164194   -0.000219044    0.000635857
     15        1           0.000155773   -0.000010896    0.000389960
     16        6           0.000865856    0.000164205    0.000345327
     17        1           0.000079715    0.000001227    0.000019588
     18        1           0.000048707    0.000019253    0.000033962
     19        1           0.000071997    0.000013662    0.000034168
 -------------------------------------------------------------------
 Cartesian Forces:  Max     0.021863525 RMS     0.004004009
 IRC-IRC-IRC-IRC-IRC-IRC-IRC-IRC-IRC-IRC-IRC-IRC-IRC-IRC-IRC-IRC-IRC-IRC
 Pt  9 Step number   1 out of a maximum of  20
 Modified Bulirsch-Stoer Extrapolation Cycles:
    EPS =    0.000010000000000
      PEZero:  N= 2 I= 1 D=  8.29D-04 Err=  4.00D-05
      PEZero:  N= 3 I= 2 D=  8.29D-04 Err=  2.66D-05
      PEZero:  N= 3 I= 1 D=  1.66D-03 Err=  4.03D-08
 Maximum DWI energy   std dev =  0.000002369 at pt    35
 Maximum DWI gradient std dev =  0.010490051 at pt    29
 CORRECTOR INTEGRATION CONVERGENCE:
   Recorrection delta-x convergence threshold:    0.010000
   Delta-x Convergence Met
 Point Number:   9          Path Number:   1
   CHANGE IN THE REACTION COORDINATE =    0.15917
   NET REACTION COORDINATE UP TO THIS POINT =    1.43261
  # OF POINTS ALONG THE PATH =   9
  # OF STEPS =   1

 Calculating another point on the path.
 IRC-IRC-IRC-IRC-IRC-IRC-IRC-IRC-IRC-IRC-IRC-IRC-IRC-IRC-IRC-IRC-IRC-IRC
                          Input orientation:                          
 ---------------------------------------------------------------------
 Center     Atomic      Atomic             Coordinates (Angstroms)
 Number     Number       Type             X           Y           Z
 ---------------------------------------------------------------------
      1          6           0        1.889885   -0.051802    0.055113
      2          6           0        1.041082    1.061149    0.061530
      3          6           0       -0.326482    0.903329   -0.106486
      4          6           0       -0.842464   -0.386132   -0.279589
      5          6           0       -0.020574   -1.500598   -0.297980
      6          6           0        1.348845   -1.328161   -0.135423
      7          1           0       -0.458038   -2.478993   -0.457886
      8          8           0       -2.234839   -0.493951   -0.412604
      9          8           0       -1.157613    1.981867   -0.131495
     10          1           0        1.437140    2.064282    0.173156
     11          6           0       -2.526816   -0.660266    0.940492
     12          1           0       -2.586010   -1.670514    1.319995
     13          1           0       -2.019231    1.663895   -0.436645
     14          1           0       -2.721652    0.224431    1.532120
     15          1           0        2.005533   -2.190095   -0.167191
     16          6           0        3.374600    0.133393    0.246767
     17          1           0        3.742976    0.999493   -0.309061
     18          1           0        3.619381    0.296354    1.301973
     19          1           0        3.930251   -0.744535   -0.088617
 ---------------------------------------------------------------------
                    Distance matrix (angstroms):
                    1          2          3          4          5
     1  C    0.000000
     2  C    1.399702   0.000000
     3  C    2.418816   1.386856   0.000000
     4  C    2.773000   2.399735   1.399611   0.000000
     5  C    2.423538   2.796231   2.430867   1.384874   0.000000
     6  C    1.399329   2.417088   2.790539   2.389569   1.389773
     7  H    3.415724   3.879403   3.403071   2.135332   1.083606
     8  O    4.174638   3.657157   2.384937   1.402863   2.435045
     9  O    3.668498   2.391494   1.361855   2.393464   3.667170
    10  H    2.167192   1.084250   2.129876   3.377291   3.880112
    11  C    4.545479   4.057801   2.895249   2.097806   2.919113
    12  H    4.924813   4.711848   3.710119   2.692259   3.037791
    13  H    4.297282   3.158639   1.884904   2.368978   3.745381
    14  H    4.850168   4.125639   2.980398   2.680750   3.690639
    15  H    2.152926   3.398980   3.874436   3.373130   2.144207
    16  C    1.508445   2.518005   3.796788   4.281423   3.807083
    17  H    2.161432   2.727887   4.075632   4.790311   4.518283
    18  H    2.160331   2.961627   4.233440   4.782801   4.363274
    19  H    2.159544   3.410328   4.564598   4.789962   4.027963
                    6          7          8          9         10
     6  C    0.000000
     7  H    2.166385   0.000000
     8  O    3.689923   2.664482   0.000000
     9  O    4.151944   4.527163   2.714610   0.000000
    10  H    3.407593   4.962989   4.513435   2.613876   0.000000
    11  C    4.077307   3.089186   1.394195   3.163027   4.870823
    12  H    4.209339   2.888384   2.123563   4.181749   5.608001
    13  H    4.515205   4.427335   2.168724   0.967785   3.532515
    14  H    4.664782   4.048774   2.129556   2.881390   4.746302
    15  H    1.084056   2.497429   4.573608   5.235650   4.305651
    16  C    2.527032   4.691504   5.682792   4.909266   2.736330
    17  H    3.343648   5.456238   6.162415   5.001236   2.585187
    18  H    3.140142   5.236889   6.151117   5.264547   3.026875
    19  H    2.646973   4.733053   6.178681   5.772475   3.764782
                   11         12         13         14         15
    11  C    0.000000
    12  H    1.080799   0.000000
    13  H    2.748795   3.811208   0.000000
    14  H    1.081977   1.911600   2.538008   0.000000
    15  H    4.910145   4.854272   5.578940   5.573497   0.000000
    16  C    5.994819   6.319396   5.648265   6.230947   2.728424
    17  H    6.605034   7.059661   5.801788   6.766246   3.634873
    18  H    6.230693   6.509667   6.056972   6.345616   3.308379
    19  H    6.539105   6.730771   6.427908   6.914731   2.408393
                   16         17         18         19
    16  C    0.000000
    17  H    1.093058   0.000000
    18  H    1.095415   1.762132   0.000000
    19  H    1.091782   1.767851   1.764605   0.000000
 Symmetry turned off by external request.
 Stoichiometry    C8H9O2(2)
 Framework group  C1[X(C8H9O2)]
 Deg. of freedom    51
 Full point group                 C1      NOp   1
 Rotational constants (GHZ):           2.6419015           1.0254699           0.7924190
 Standard basis: 6-311G(d,p) (5D, 7F)
   234 basis functions,   392 primitive gaussians,   244 cartesian basis functions
    37 alpha electrons       36 beta electrons
       nuclear repulsion energy       511.2428520178 Hartrees.
 NAtoms=   19 NActive=   19 NUniq=   19 SFac= 1.00D+00 NAtFMM=   60 NAOKFM=F Big=F
 Integral buffers will be    131072 words long.
 Raffenetti 2 integral format.
 Two-electron integral symmetry is turned off.
 One-electron integrals computed using PRISM.
 NBasis=   234 RedAO= T EigKep=  1.86D-04  NBF=   234
 NBsUse=   234 1.00D-06 EigRej= -1.00D+00 NBFU=   234
 Initial guess from the checkpoint file:  "SR-13-ts-SR-14.chk"
 B after Tr=     0.000060   -0.000028    0.000347
         Rot=    1.000000    0.000010   -0.000021   -0.000003 Ang=   0.00 deg.
 Initial guess <Sx>= 0.0000 <Sy>= 0.0000 <Sz>= 0.5000 <S**2>= 0.7567 S= 0.5033
 ExpMin= 1.03D-01 ExpMax= 8.59D+03 ExpMxC= 1.30D+03 IAcc=2 IRadAn=         4 AccDes= 0.00D+00
 Harris functional with IExCor=  402 and IRadAn=       4 diagonalized for initial guess.
 HarFok:  IExCor=  402 AccDes= 0.00D+00 IRadAn=         4 IDoV= 1 UseB2=F ITyADJ=14
 ICtDFT=  3500011 ScaDFX=  1.000000  1.000000  1.000000  1.000000
 FoFCou: FMM=F IPFlag=           0 FMFlag=      100000 FMFlg1=           0
         NFxFlg=           0 DoJE=T BraDBF=F KetDBF=T FulRan=T
         wScrn=  0.000000 ICntrl=       500 IOpCl=  0 I1Cent=   200000004 NGrid=           0
         NMat0=    1 NMatS0=      1 NMatT0=    0 NMatD0=    1 NMtDS0=    0 NMtDT0=    0
 Symmetry not used in FoFCou.
 Requested convergence on RMS density matrix=1.00D-08 within 128 cycles.
 Requested convergence on MAX density matrix=1.00D-06.
 Requested convergence on             energy=1.00D-06.
 No special actions if energy rises.
 Integral accuracy reduced to 1.0D-05 until final iterations.
 Initial convergence to 1.0D-05 achieved.  Increase integral accuracy.
 SCF Done:  E(UB3LYP) =  -460.747271048     A.U. after   14 cycles
            NFock= 14  Conv=0.29D-08     -V/T= 2.0036
 <Sx>= 0.0000 <Sy>= 0.0000 <Sz>= 0.5000 <S**2>= 0.7558 S= 0.5029
 <L.S>= 0.000000000000E+00
 Annihilation of the first spin contaminant:
 S**2 before annihilation     0.7558,   after     0.7500
 DoSCS=F DFT=T ScalE2(SS,OS)=  1.000000  1.000000
 Range of M.O.s used for correlation:     1   234
 NBasis=   234 NAE=    37 NBE=    36 NFC=     0 NFV=     0
 NROrb=    234 NOA=    37 NOB=    36 NVA=   197 NVB=   198

 **** Warning!!: The largest alpha MO coefficient is  0.14842633D+02


 **** Warning!!: The largest beta MO coefficient is  0.14939263D+02

 Symmetrizing basis deriv contribution to polar:
 IMax=3 JMax=2 DiffMx= 0.00D+00
 G2DrvN: will do    20 centers at a time, making    1 passes.
 Calling FoFCou, ICntrl=  3107 FMM=F I1Cent=   0 AccDes= 0.00D+00.
 End of G2Drv F.D. properties file   721 does not exist.
 End of G2Drv F.D. properties file   722 does not exist.
 End of G2Drv F.D. properties file   788 does not exist.
          IDoAtm=1111111111111111111
          Differentiating once with respect to nuclear coordinates.
 Keep R1 and R2 ints in memory in canonical form, NReq=777448244.
          There are    60 degrees of freedom in the 1st order CPHF.  IDoFFX=6 NUNeed=     0.
     54 vectors produced by pass  0 Test12= 2.40D-14 1.67D-09 XBig12= 3.11D-01 1.59D-01.
 AX will form    54 AO Fock derivatives at one time.
     54 vectors produced by pass  1 Test12= 2.40D-14 1.67D-09 XBig12= 7.54D-02 5.60D-02.
     54 vectors produced by pass  2 Test12= 2.40D-14 1.67D-09 XBig12= 1.02D-03 6.01D-03.
     54 vectors produced by pass  3 Test12= 2.40D-14 1.67D-09 XBig12= 8.35D-06 5.27D-04.
     54 vectors produced by pass  4 Test12= 2.40D-14 1.67D-09 XBig12= 5.93D-08 3.15D-05.
     54 vectors produced by pass  5 Test12= 2.40D-14 1.67D-09 XBig12= 3.30D-10 1.62D-06.
     37 vectors produced by pass  6 Test12= 2.40D-14 1.67D-09 XBig12= 1.59D-12 1.23D-07.
     11 vectors produced by pass  7 Test12= 2.40D-14 1.67D-09 XBig12= 6.28D-15 7.62D-09.
 InvSVY:  IOpt=1 It=  1 EMax= 7.77D-16
 Solved reduced A of dimension   372 with    60 vectors.
 End of Minotr F.D. properties file   721 does not exist.
 End of Minotr F.D. properties file   722 does not exist.
 End of Minotr F.D. properties file   788 does not exist.
 Calling FoFJK, ICntrl=    100147 FMM=F ISym2X=0 I1Cent= 0 IOpClX= 1 NMat=1 NMatS=1 NMatT=0.
 -------------------------------------------------------------------
 Center     Atomic                   Forces (Hartrees/Bohr)
 Number     Number              X              Y              Z
 -------------------------------------------------------------------
      1        6           0.001212332    0.000235979   -0.000240356
      2        6           0.001760524    0.000443707   -0.000316214
      3        6           0.002082349    0.000567487   -0.004391733
      4        6           0.004412318    0.001513164   -0.010111631
      5        6           0.002203776    0.001046299   -0.002621665
      6        6           0.002113890    0.000105020    0.000108587
      7        1           0.000063239    0.000089946    0.000201492
      8        8           0.004505986   -0.001221567    0.012247146
      9        8           0.001135131   -0.000232370    0.000766859
     10        1           0.000139427   -0.000021835    0.000389605
     11        6          -0.021089214   -0.002344207    0.001696730
     12        1          -0.000236640   -0.000057492    0.000517654
     13        1           0.000000366   -0.000038494    0.000279566
     14        1           0.000316913   -0.000309001    0.000587118
     15        1           0.000155757   -0.000006382    0.000357776
     16        6           0.000989496    0.000188406    0.000419518
     17        1           0.000092869    0.000001138    0.000024133
     18        1           0.000058496    0.000026270    0.000039414
     19        1           0.000082984    0.000013932    0.000046003
 -------------------------------------------------------------------
 Cartesian Forces:  Max     0.021089214 RMS     0.003745480
 IRC-IRC-IRC-IRC-IRC-IRC-IRC-IRC-IRC-IRC-IRC-IRC-IRC-IRC-IRC-IRC-IRC-IRC
 Pt 10 Step number   1 out of a maximum of  20
 Modified Bulirsch-Stoer Extrapolation Cycles:
    EPS =    0.000010000000000
      PEZero:  N= 2 I= 1 D=  8.29D-04 Err=  4.73D-05
      PEZero:  N= 3 I= 2 D=  8.29D-04 Err=  3.15D-05
      PEZero:  N= 3 I= 1 D=  1.66D-03 Err=  3.94D-08
 Maximum DWI energy   std dev =  0.000002080 at pt    33
 Maximum DWI gradient std dev =  0.009985811 at pt    64
 CORRECTOR INTEGRATION CONVERGENCE:
   Recorrection delta-x convergence threshold:    0.010000
   Delta-x Convergence Met
 Point Number:  10          Path Number:   1
   CHANGE IN THE REACTION COORDINATE =    0.15916
   NET REACTION COORDINATE UP TO THIS POINT =    1.59177
  # OF POINTS ALONG THE PATH =  10
  # OF STEPS =   1

 Maximum number of steps reached.
 Calculation of FORWARD path complete.
 Beginning calculation of the REVERSE path.
 
 Calculating another point on the path.
 IRC-IRC-IRC-IRC-IRC-IRC-IRC-IRC-IRC-IRC-IRC-IRC-IRC-IRC-IRC-IRC-IRC-IRC
                          Input orientation:                          
 ---------------------------------------------------------------------
 Center     Atomic      Atomic             Coordinates (Angstroms)
 Number     Number       Type             X           Y           Z
 ---------------------------------------------------------------------
      1          6           0        1.886863   -0.052641    0.057160
      2          6           0        1.027942    1.061946    0.059208
      3          6           0       -0.334919    0.907831   -0.081106
      4          6           0       -0.910747   -0.407045   -0.144719
      5          6           0       -0.028905   -1.515206   -0.284324
      6          6           0        1.332979   -1.330632   -0.140564
      7          1           0       -0.453500   -2.494494   -0.469230
      8          8           0       -2.275826   -0.486875   -0.493403
      9          8           0       -1.162130    1.983797   -0.134894
     10          1           0        1.425234    2.068122    0.135895
     11          6           0       -2.349746   -0.638811    0.903953
     12          1           0       -2.528877   -1.644199    1.266987
     13          1           0       -2.018678    1.663281   -0.454327
     14          1           0       -2.692019    0.220371    1.470538
     15          1           0        1.992906   -2.189216   -0.204044
     16          6           0        3.370334    0.132571    0.245539
     17          1           0        3.738878    0.999526   -0.310181
     18          1           0        3.618790    0.297142    1.300607
     19          1           0        3.926632   -0.745546   -0.089199
 ---------------------------------------------------------------------
                    Distance matrix (angstroms):
                    1          2          3          4          5
     1  C    0.000000
     2  C    1.407144   0.000000
     3  C    2.424447   1.378706   0.000000
     4  C    2.827186   2.440909   1.436846   0.000000
     5  C    2.434312   2.806538   2.450725   1.423079   0.000000
     6  C    1.406820   2.420204   2.792157   2.426384   1.381834
     7  H    3.423015   3.888725   3.426444   2.161440   1.083271
     8  O    4.221334   3.690408   2.425349   1.411168   2.479886
     9  O    3.671556   2.384093   1.358261   2.404042   3.680972
    10  H    2.171852   1.084487   2.119317   3.414968   3.889903
    11  C    4.359990   3.874912   2.724329   1.795591   2.750704
    12  H    4.847216   4.629570   3.625419   2.478267   2.945007
    13  H    4.296424   3.147573   1.882829   2.368463   3.753782
    14  H    4.799826   4.066720   2.904500   2.485082   3.630970
    15  H    2.155093   3.401546   3.876285   3.407471   2.132711
    16  C    1.506810   2.526907   3.799556   4.332567   3.814544
    17  H    2.161470   2.736698   4.081263   4.860538   4.529982
    18  H    2.160574   2.972960   4.232480   4.806408   4.370617
    19  H    2.159212   3.419278   4.571055   4.849527   4.034443
                    6          7          8          9         10
     6  C    0.000000
     7  H    2.157337   0.000000
     8  O    3.722889   2.711456   0.000000
     9  O    4.148619   4.546320   2.733692   0.000000
    10  H    3.411227   4.971246   4.541131   2.602862   0.000000
    11  C    3.890000   2.987463   1.407535   3.060672   4.708277
    12  H    4.122312   2.836307   2.121888   4.122575   5.540369
    13  H    4.505061   4.442645   2.165830   0.968733   3.517498
    14  H    4.604549   4.017979   2.128492   2.833310   4.706084
    15  H    1.084758   2.479601   4.604755   5.231928   4.308450
    16  C    2.537883   4.694046   5.727903   4.910702   2.746233
    17  H    3.353618   5.459808   6.198357   5.001939   2.587244
    18  H    3.154609   5.244912   6.211253   5.269029   3.050346
    19  H    2.659323   4.731681   6.220996   5.774678   3.771524
                   11         12         13         14         15
    11  C    0.000000
    12  H    1.083830   0.000000
    13  H    2.693355   3.763329   0.000000
    14  H    1.084603   1.882729   2.498096   0.000000
    15  H    4.742367   4.786178   5.567512   5.528006   0.000000
    16  C    5.809290   6.245075   5.645736   6.185503   2.736809
    17  H    6.421029   6.982943   5.797482   6.718219   3.636998
    18  H    6.054483   6.446995   6.060295   6.313563   3.330083
    19  H    6.355365   6.657359   6.425145   6.868211   2.415920
                   16         17         18         19
    16  C    0.000000
    17  H    1.093737   0.000000
    18  H    1.096350   1.761364   0.000000
    19  H    1.092066   1.769000   1.764520   0.000000
 Symmetry turned off by external request.
 Stoichiometry    C8H9O2(2)
 Framework group  C1[X(C8H9O2)]
 Deg. of freedom    51
 Full point group                 C1      NOp   1
 Rotational constants (GHZ):           2.6445188           1.0432517           0.8012555
 Standard basis: 6-311G(d,p) (5D, 7F)
   234 basis functions,   392 primitive gaussians,   244 cartesian basis functions
    37 alpha electrons       36 beta electrons
       nuclear repulsion energy       512.6770177265 Hartrees.
 NAtoms=   19 NActive=   19 NUniq=   19 SFac= 1.00D+00 NAtFMM=   60 NAOKFM=F Big=F
 Integral buffers will be    131072 words long.
 Raffenetti 2 integral format.
 Two-electron integral symmetry is turned off.
 One-electron integrals computed using PRISM.
 NBasis=   234 RedAO= T EigKep=  2.03D-04  NBF=   234
 NBsUse=   234 1.00D-06 EigRej= -1.00D+00 NBFU=   234
 Initial guess from the checkpoint file:  "SR-13-ts-SR-14.chk"
 B after Tr=     0.000765    0.000138   -0.002862
         Rot=    1.000000   -0.000088    0.000102   -0.000036 Ang=  -0.02 deg.
 Initial guess <Sx>= 0.0000 <Sy>= 0.0000 <Sz>= 0.5000 <S**2>= 0.7558 S= 0.5029
 ExpMin= 1.03D-01 ExpMax= 8.59D+03 ExpMxC= 1.30D+03 IAcc=2 IRadAn=         4 AccDes= 0.00D+00
 Harris functional with IExCor=  402 and IRadAn=       4 diagonalized for initial guess.
 HarFok:  IExCor=  402 AccDes= 0.00D+00 IRadAn=         4 IDoV= 1 UseB2=F ITyADJ=14
 ICtDFT=  3500011 ScaDFX=  1.000000  1.000000  1.000000  1.000000
 FoFCou: FMM=F IPFlag=           0 FMFlag=      100000 FMFlg1=           0
         NFxFlg=           0 DoJE=T BraDBF=F KetDBF=T FulRan=T
         wScrn=  0.000000 ICntrl=       500 IOpCl=  0 I1Cent=   200000004 NGrid=           0
         NMat0=    1 NMatS0=      1 NMatT0=    0 NMatD0=    1 NMtDS0=    0 NMtDT0=    0
 Symmetry not used in FoFCou.
 Requested convergence on RMS density matrix=1.00D-08 within 128 cycles.
 Requested convergence on MAX density matrix=1.00D-06.
 Requested convergence on             energy=1.00D-06.
 No special actions if energy rises.
 Integral accuracy reduced to 1.0D-05 until final iterations.
 Initial convergence to 1.0D-05 achieved.  Increase integral accuracy.
 SCF Done:  E(UB3LYP) =  -460.736260496     A.U. after   18 cycles
            NFock= 18  Conv=0.69D-08     -V/T= 2.0038
 <Sx>= 0.0000 <Sy>= 0.0000 <Sz>= 0.5000 <S**2>= 0.7821 S= 0.5159
 <L.S>= 0.000000000000E+00
 Annihilation of the first spin contaminant:
 S**2 before annihilation     0.7821,   after     0.7507
 DoSCS=F DFT=T ScalE2(SS,OS)=  1.000000  1.000000
 Range of M.O.s used for correlation:     1   234
 NBasis=   234 NAE=    37 NBE=    36 NFC=     0 NFV=     0
 NROrb=    234 NOA=    37 NOB=    36 NVA=   197 NVB=   198

 **** Warning!!: The largest alpha MO coefficient is  0.13232410D+02


 **** Warning!!: The largest beta MO coefficient is  0.13213962D+02

 Symmetrizing basis deriv contribution to polar:
 IMax=3 JMax=2 DiffMx= 0.00D+00
 Calling FoFJK, ICntrl=      2147 FMM=F ISym2X=0 I1Cent= 0 IOpClX= 1 NMat=1 NMatS=1 NMatT=0.
 -------------------------------------------------------------------
 Center     Atomic                   Forces (Hartrees/Bohr)
 Number     Number              X              Y              Z
 -------------------------------------------------------------------
      1        6           0.000090087    0.000023013    0.000086664
      2        6          -0.000453521    0.000208965   -0.000154885
      3        6           0.000047280    0.000448732    0.000457386
      4        6          -0.003189507   -0.000821443    0.005383874
      5        6           0.000101108   -0.000675841    0.000196440
      6        6          -0.000554794   -0.000186385   -0.000296340
      7        1           0.000038281   -0.000059850    0.000016227
      8        8          -0.001931329    0.000238004   -0.003253126
      9        8          -0.000171679    0.000105735   -0.000098519
     10        1          -0.000013450   -0.000005014   -0.000068925
     11        6           0.005618264    0.000700556   -0.001924748
     12        1           0.000241917    0.000121158   -0.000125737
     13        1           0.000030371   -0.000027865   -0.000010433
     14        1           0.000220080   -0.000038703   -0.000149927
     15        1          -0.000023828    0.000003941   -0.000086067
     16        6          -0.000076642   -0.000028583   -0.000007885
     17        1          -0.000007160   -0.000000038    0.000010160
     18        1           0.000031056   -0.000001459    0.000014687
     19        1           0.000003467   -0.000004923    0.000011155
 -------------------------------------------------------------------
 Cartesian Forces:  Max     0.005618264 RMS     0.001269355
 IRC-IRC-IRC-IRC-IRC-IRC-IRC-IRC-IRC-IRC-IRC-IRC-IRC-IRC-IRC-IRC-IRC-IRC
 Pt 11 Step number   1 out of a maximum of  20
 Modified Bulirsch-Stoer Extrapolation Cycles:
    EPS =    0.000010000000000
      PEZero:  N= 2 I= 1 D=  4.15D-04 Err=  7.43D-04
      PEZero:  N= 3 I= 2 D=  4.15D-04 Err=  4.95D-04
      PEZero:  N= 3 I= 1 D=  8.29D-04 Err=  7.51D-08
 Maximum DWI energy   std dev =  0.000002291 at pt    27
 Maximum DWI gradient std dev =  0.059220161 at pt     1
 CORRECTOR INTEGRATION CONVERGENCE:
   Recorrection delta-x convergence threshold:    0.010000
   Delta-x Convergence Met
 Point Number:   1          Path Number:   2
   CHANGE IN THE REACTION COORDINATE =    0.15922
   NET REACTION COORDINATE UP TO THIS POINT =    0.15922
  # OF POINTS ALONG THE PATH =  11
  # OF STEPS =   1

 Calculating another point on the path.
 IRC-IRC-IRC-IRC-IRC-IRC-IRC-IRC-IRC-IRC-IRC-IRC-IRC-IRC-IRC-IRC-IRC-IRC
                          Input orientation:                          
 ---------------------------------------------------------------------
 Center     Atomic      Atomic             Coordinates (Angstroms)
 Number     Number       Type             X           Y           Z
 ---------------------------------------------------------------------
      1          6           0        1.887061   -0.052621    0.057378
      2          6           0        1.026859    1.062414    0.058818
      3          6           0       -0.334881    0.908948   -0.079906
      4          6           0       -0.918608   -0.409187   -0.130885
      5          6           0       -0.028794   -1.516876   -0.283783
      6          6           0        1.331656   -1.331045   -0.141302
      7          1           0       -0.452459   -2.496481   -0.468880
      8          8           0       -2.279665   -0.486409   -0.499814
      9          8           0       -1.162428    1.983999   -0.135076
     10          1           0        1.424588    2.068565    0.133572
     11          6           0       -2.335277   -0.636983    0.899132
     12          1           0       -2.521823   -1.641264    1.263340
     13          1           0       -2.018599    1.662659   -0.454955
     14          1           0       -2.685616    0.219426    1.466235
     15          1           0        1.992097   -2.189202   -0.206887
     16          6           0        3.370170    0.132487    0.245583
     17          1           0        3.738791    0.999584   -0.310016
     18          1           0        3.619274    0.297135    1.300683
     19          1           0        3.926586   -0.745615   -0.089129
 ---------------------------------------------------------------------
                    Distance matrix (angstroms):
                    1          2          3          4          5
     1  C    0.000000
     2  C    1.408280   0.000000
     3  C    2.424972   1.377364   0.000000
     4  C    2.834494   2.446719   1.442503   0.000000
     5  C    2.435351   2.807939   2.453545   1.429029   0.000000
     6  C    1.407947   2.421073   2.792613   2.431794   1.380457
     7  H    3.423850   3.890062   3.429588   2.165256   1.083225
     8  O    4.226137   3.693781   2.430129   1.412285   2.484945
     9  O    3.672090   2.383252   1.357797   2.405578   3.682848
    10  H    2.172353   1.084489   2.118022   3.420491   3.891259
    11  C    4.344901   3.859797   2.711089   1.766289   2.737401
    12  H    4.839048   4.621027   3.618094   2.456049   2.936708
    13  H    4.296376   3.146279   1.882458   2.368026   3.754739
    14  H    4.792521   4.058808   2.896886   2.463384   3.624363
    15  H    2.155422   3.402248   3.876788   3.412687   2.131182
    16  C    1.506419   2.527994   3.799505   4.339211   3.814916
    17  H    2.161254   2.737620   4.081173   4.869095   4.530779
    18  H    2.160717   2.974642   4.232692   4.810472   4.371450
    19  H    2.159021   3.420421   4.571408   4.857040   4.034572
                    6          7          8          9         10
     6  C    0.000000
     7  H    2.156065   0.000000
     8  O    3.726068   2.716621   0.000000
     9  O    4.148495   4.548646   2.735720   0.000000
    10  H    3.411970   4.972514   4.544289   2.602302   0.000000
    11  C    3.874354   2.978958   1.408125   3.052001   4.694961
    12  H    4.113218   2.830945   2.121566   4.116558   5.532935
    13  H    4.503871   4.444258   2.165331   0.968819   3.516627
    14  H    4.596369   4.013453   2.127992   2.828077   4.699903
    15  H    1.084858   2.477683   4.607956   5.231806   4.308893
    16  C    2.539122   4.694084   5.732302   4.910952   2.747041
    17  H    3.354786   5.460246   6.202097   5.002162   2.587475
    18  H    3.156499   5.245441   6.217170   5.269875   3.052336
    19  H    2.660660   4.731362   6.225223   5.775030   3.772161
                   11         12         13         14         15
    11  C    0.000000
    12  H    1.084447   0.000000
    13  H    2.687413   3.757882   0.000000
    14  H    1.085255   1.878872   2.493753   0.000000
    15  H    4.728512   4.778837   5.566332   5.521034   0.000000
    16  C    5.794077   6.236794   5.645442   6.178195   2.737527
    17  H    6.405832   6.974583   5.797260   6.710940   3.637297
    18  H    6.040736   6.439865   6.060737   6.307541   3.332018
    19  H    6.340299   6.649312   6.424862   6.860880   2.416622
                   16         17         18         19
    16  C    0.000000
    17  H    1.093814   0.000000
    18  H    1.096538   1.761269   0.000000
    19  H    1.092105   1.769118   1.764468   0.000000
 Symmetry turned off by external request.
 Stoichiometry    C8H9O2(2)
 Framework group  C1[X(C8H9O2)]
 Deg. of freedom    51
 Full point group                 C1      NOp   1
 Rotational constants (GHZ):           2.6441482           1.0444788           0.8017409
 Standard basis: 6-311G(d,p) (5D, 7F)
   234 basis functions,   392 primitive gaussians,   244 cartesian basis functions
    37 alpha electrons       36 beta electrons
       nuclear repulsion energy       512.7642337976 Hartrees.
 NAtoms=   19 NActive=   19 NUniq=   19 SFac= 1.00D+00 NAtFMM=   60 NAOKFM=F Big=F
 Integral buffers will be    131072 words long.
 Raffenetti 2 integral format.
 Two-electron integral symmetry is turned off.
 One-electron integrals computed using PRISM.
 NBasis=   234 RedAO= T EigKep=  2.08D-04  NBF=   234
 NBsUse=   234 1.00D-06 EigRej= -1.00D+00 NBFU=   234
 Initial guess from the checkpoint file:  "SR-13-ts-SR-14.chk"
 B after Tr=     0.000173   -0.000003   -0.000168
         Rot=    1.000000   -0.000002   -0.000003   -0.000007 Ang=   0.00 deg.
 Initial guess <Sx>= 0.0000 <Sy>= 0.0000 <Sz>= 0.5000 <S**2>= 0.7818 S= 0.5158
 ExpMin= 1.03D-01 ExpMax= 8.59D+03 ExpMxC= 1.30D+03 IAcc=2 IRadAn=         4 AccDes= 0.00D+00
 Harris functional with IExCor=  402 and IRadAn=       4 diagonalized for initial guess.
 HarFok:  IExCor=  402 AccDes= 0.00D+00 IRadAn=         4 IDoV= 1 UseB2=F ITyADJ=14
 ICtDFT=  3500011 ScaDFX=  1.000000  1.000000  1.000000  1.000000
 FoFCou: FMM=F IPFlag=           0 FMFlag=      100000 FMFlg1=           0
         NFxFlg=           0 DoJE=T BraDBF=F KetDBF=T FulRan=T
         wScrn=  0.000000 ICntrl=       500 IOpCl=  0 I1Cent=   200000004 NGrid=           0
         NMat0=    1 NMatS0=      1 NMatT0=    0 NMatD0=    1 NMtDS0=    0 NMtDT0=    0
 Symmetry not used in FoFCou.
 Requested convergence on RMS density matrix=1.00D-08 within 128 cycles.
 Requested convergence on MAX density matrix=1.00D-06.
 Requested convergence on             energy=1.00D-06.
 No special actions if energy rises.
 Integral accuracy reduced to 1.0D-05 until final iterations.
 Initial convergence to 1.0D-05 achieved.  Increase integral accuracy.
 SCF Done:  E(UB3LYP) =  -460.736909402     A.U. after   15 cycles
            NFock= 15  Conv=0.70D-08     -V/T= 2.0038
 <Sx>= 0.0000 <Sy>= 0.0000 <Sz>= 0.5000 <S**2>= 0.7828 S= 0.5163
 <L.S>= 0.000000000000E+00
 Annihilation of the first spin contaminant:
 S**2 before annihilation     0.7828,   after     0.7508
 DoSCS=F DFT=T ScalE2(SS,OS)=  1.000000  1.000000
 Range of M.O.s used for correlation:     1   234
 NBasis=   234 NAE=    37 NBE=    36 NFC=     0 NFV=     0
 NROrb=    234 NOA=    37 NOB=    36 NVA=   197 NVB=   198

 **** Warning!!: The largest alpha MO coefficient is  0.13333150D+02


 **** Warning!!: The largest beta MO coefficient is  0.13283644D+02

 Symmetrizing basis deriv contribution to polar:
 IMax=3 JMax=2 DiffMx= 0.00D+00
 Calling FoFJK, ICntrl=      2147 FMM=F ISym2X=0 I1Cent= 0 IOpClX= 1 NMat=1 NMatS=1 NMatT=0.
 -------------------------------------------------------------------
 Center     Atomic                   Forces (Hartrees/Bohr)
 Number     Number              X              Y              Z
 -------------------------------------------------------------------
      1        6           0.000178713    0.000010073    0.000184499
      2        6          -0.000878010    0.000386661   -0.000311045
      3        6           0.000081958    0.000874836    0.000963242
      4        6          -0.006049686   -0.001629274    0.010594433
      5        6           0.000139507   -0.001298021    0.000455188
      6        6          -0.001055424   -0.000381176   -0.000562143
      7        1           0.000058221   -0.000131277    0.000029604
      8        8          -0.003878646    0.000512734   -0.006412189
      9        8          -0.000305726    0.000197617   -0.000175933
     10        1          -0.000047152    0.000031123   -0.000166599
     11        6           0.011018109    0.001399939   -0.003906632
     12        1           0.000476387    0.000215307   -0.000218886
     13        1           0.000000945   -0.000040436   -0.000046749
     14        1           0.000445669   -0.000102365   -0.000259903
     15        1          -0.000052249    0.000002107   -0.000197160
     16        6          -0.000140750   -0.000053488    0.000017065
     17        1          -0.000006659    0.000001393    0.000005040
     18        1           0.000019871    0.000007910    0.000004588
     19        1          -0.000005080   -0.000003661    0.000003578
 -------------------------------------------------------------------
 Cartesian Forces:  Max     0.011018109 RMS     0.002491005
 IRC-IRC-IRC-IRC-IRC-IRC-IRC-IRC-IRC-IRC-IRC-IRC-IRC-IRC-IRC-IRC-IRC-IRC
 Pt 12 Step number   1 out of a maximum of  20
 Modified Bulirsch-Stoer Extrapolation Cycles:
    EPS =    0.000010000000000
      PEZero:  N= 2 I= 1 D=  8.29D-04 Err=  7.36D-06
 Maximum DWI energy   std dev =  0.000000849 at pt    23
 Maximum DWI gradient std dev =  0.010046984 at pt    37
 CORRECTOR INTEGRATION CONVERGENCE:
   Recorrection delta-x convergence threshold:    0.010000
   Delta-x Convergence Met
 Point Number:   2          Path Number:   2
   CHANGE IN THE REACTION COORDINATE =    0.15917
   NET REACTION COORDINATE UP TO THIS POINT =    0.31840
  # OF POINTS ALONG THE PATH =  12
  # OF STEPS =   1

 Calculating another point on the path.
 IRC-IRC-IRC-IRC-IRC-IRC-IRC-IRC-IRC-IRC-IRC-IRC-IRC-IRC-IRC-IRC-IRC-IRC
                          Input orientation:                          
 ---------------------------------------------------------------------
 Center     Atomic      Atomic             Coordinates (Angstroms)
 Number     Number       Type             X           Y           Z
 ---------------------------------------------------------------------
      1          6           0        1.887269   -0.052618    0.057614
      2          6           0        1.025753    1.062915    0.058404
      3          6           0       -0.334809    0.910083   -0.078652
      4          6           0       -0.926432   -0.411318   -0.117010
      5          6           0       -0.028667   -1.518577   -0.283169
      6          6           0        1.330316   -1.331523   -0.142041
      7          1           0       -0.451504   -2.498498   -0.468368
      8          8           0       -2.283482   -0.485891   -0.506136
      9          8           0       -1.162735    1.984195   -0.135246
     10          1           0        1.423842    2.069111    0.130931
     11          6           0       -2.320921   -0.635183    0.894040
     12          1           0       -2.514290   -1.638269    1.259865
     13          1           0       -2.018547    1.662088   -0.455665
     14          1           0       -2.678575    0.218249    1.462284
     15          1           0        1.991281   -2.189220   -0.210006
     16          6           0        3.369988    0.132419    0.245608
     17          1           0        3.738694    0.999611   -0.309953
     18          1           0        3.619588    0.297270    1.300730
     19          1           0        3.926509   -0.745676   -0.089060
 ---------------------------------------------------------------------
                    Distance matrix (angstroms):
                    1          2          3          4          5
     1  C    0.000000
     2  C    1.409476   0.000000
     3  C    2.425488   1.375962   0.000000
     4  C    2.841843   2.452582   1.448307   0.000000
     5  C    2.436386   2.809372   2.456408   1.435136   0.000000
     6  C    1.409133   2.422038   2.793109   2.437276   1.379036
     7  H    3.424740   3.891457   3.432772   2.169177   1.083206
     8  O    4.230922   3.697099   2.434916   1.413706   2.490049
     9  O    3.672645   2.382380   1.357343   2.407209   3.684752
    10  H    2.172987   1.084512   2.116630   3.426046   3.892656
    11  C    4.329879   3.844743   2.697892   1.736932   2.724084
    12  H    4.830468   4.612137   3.610522   2.433616   2.928072
    13  H    4.296402   3.145002   1.882186   2.367787   3.755797
    14  H    4.784704   4.050480   2.889007   2.441419   3.617345
    15  H    2.155808   3.403038   3.877322   3.417987   2.129625
    16  C    1.506000   2.529092   3.799398   4.345845   3.815265
    17  H    2.161034   2.738566   4.081046   4.877638   4.531556
    18  H    2.160715   2.976167   4.232670   4.814394   4.372162
    19  H    2.158783   3.421568   4.571704   4.864526   4.034658
                    6          7          8          9         10
     6  C    0.000000
     7  H    2.154810   0.000000
     8  O    3.729235   2.721793   0.000000
     9  O    4.148413   4.550973   2.737692   0.000000
    10  H    3.412854   4.973845   4.547323   2.601623   0.000000
    11  C    3.858741   2.970323   1.408610   3.043348   4.681751
    12  H    4.103710   2.825221   2.121322   4.110387   5.525219
    13  H    4.502772   4.445926   2.164845   0.968936   3.515652
    14  H    4.587686   4.008488   2.127578   2.822842   4.693401
    15  H    1.084960   2.475803   4.611141   5.231710   4.309479
    16  C    2.540405   4.694176   5.736650   4.911181   2.747983
    17  H    3.355989   5.460735   6.205789   5.002392   2.587808
    18  H    3.158373   5.245934   6.222889   5.270517   3.054366
    19  H    2.661999   4.731095   6.229401   5.775355   3.772899
                   11         12         13         14         15
    11  C    0.000000
    12  H    1.085081   0.000000
    13  H    2.681527   3.752487   0.000000
    14  H    1.085894   1.874733   2.489746   0.000000
    15  H    4.714767   4.771188   5.565217   5.513621   0.000000
    16  C    5.778938   6.228064   5.645174   6.170315   2.738325
    17  H    6.390703   6.965813   5.797063   6.703185   3.637594
    18  H    6.026982   6.432142   6.061041   6.300730   3.334118
    19  H    6.325272   6.640799   6.424595   6.852952   2.417344
                   16         17         18         19
    16  C    0.000000
    17  H    1.093899   0.000000
    18  H    1.096704   1.761185   0.000000
    19  H    1.092140   1.769208   1.764498   0.000000
 Symmetry turned off by external request.
 Stoichiometry    C8H9O2(2)
 Framework group  C1[X(C8H9O2)]
 Deg. of freedom    51
 Full point group                 C1      NOp   1
 Rotational constants (GHZ):           2.6437291           1.0457056           0.8022180
 Standard basis: 6-311G(d,p) (5D, 7F)
   234 basis functions,   392 primitive gaussians,   244 cartesian basis functions
    37 alpha electrons       36 beta electrons
       nuclear repulsion energy       512.8548969399 Hartrees.
 NAtoms=   19 NActive=   19 NUniq=   19 SFac= 1.00D+00 NAtFMM=   60 NAOKFM=F Big=F
 Integral buffers will be    131072 words long.
 Raffenetti 2 integral format.
 Two-electron integral symmetry is turned off.
 One-electron integrals computed using PRISM.
 NBasis=   234 RedAO= T EigKep=  2.13D-04  NBF=   234
 NBsUse=   234 1.00D-06 EigRej= -1.00D+00 NBFU=   234
 Initial guess from the checkpoint file:  "SR-13-ts-SR-14.chk"
 B after Tr=     0.000181   -0.000003   -0.000169
         Rot=    1.000000    0.000000   -0.000007   -0.000008 Ang=   0.00 deg.
 Initial guess <Sx>= 0.0000 <Sy>= 0.0000 <Sz>= 0.5000 <S**2>= 0.7825 S= 0.5161
 ExpMin= 1.03D-01 ExpMax= 8.59D+03 ExpMxC= 1.30D+03 IAcc=2 IRadAn=         4 AccDes= 0.00D+00
 Harris functional with IExCor=  402 and IRadAn=       4 diagonalized for initial guess.
 HarFok:  IExCor=  402 AccDes= 0.00D+00 IRadAn=         4 IDoV= 1 UseB2=F ITyADJ=14
 ICtDFT=  3500011 ScaDFX=  1.000000  1.000000  1.000000  1.000000
 FoFCou: FMM=F IPFlag=           0 FMFlag=      100000 FMFlg1=           0
         NFxFlg=           0 DoJE=T BraDBF=F KetDBF=T FulRan=T
         wScrn=  0.000000 ICntrl=       500 IOpCl=  0 I1Cent=   200000004 NGrid=           0
         NMat0=    1 NMatS0=      1 NMatT0=    0 NMatD0=    1 NMtDS0=    0 NMtDT0=    0
 Symmetry not used in FoFCou.
 Requested convergence on RMS density matrix=1.00D-08 within 128 cycles.
 Requested convergence on MAX density matrix=1.00D-06.
 Requested convergence on             energy=1.00D-06.
 No special actions if energy rises.
 Integral accuracy reduced to 1.0D-05 until final iterations.
 Initial convergence to 1.0D-05 achieved.  Increase integral accuracy.
 SCF Done:  E(UB3LYP) =  -460.737956132     A.U. after   15 cycles
            NFock= 15  Conv=0.60D-08     -V/T= 2.0038
 <Sx>= 0.0000 <Sy>= 0.0000 <Sz>= 0.5000 <S**2>= 0.7827 S= 0.5162
 <L.S>= 0.000000000000E+00
 Annihilation of the first spin contaminant:
 S**2 before annihilation     0.7827,   after     0.7508
 DoSCS=F DFT=T ScalE2(SS,OS)=  1.000000  1.000000
 Range of M.O.s used for correlation:     1   234
 NBasis=   234 NAE=    37 NBE=    36 NFC=     0 NFV=     0
 NROrb=    234 NOA=    37 NOB=    36 NVA=   197 NVB=   198

 **** Warning!!: The largest alpha MO coefficient is  0.13234689D+02


 **** Warning!!: The largest beta MO coefficient is  0.13186311D+02

 Symmetrizing basis deriv contribution to polar:
 IMax=3 JMax=2 DiffMx= 0.00D+00
 Calling FoFJK, ICntrl=      2147 FMM=F ISym2X=0 I1Cent= 0 IOpClX= 1 NMat=1 NMatS=1 NMatT=0.
 -------------------------------------------------------------------
 Center     Atomic                   Forces (Hartrees/Bohr)
 Number     Number              X              Y              Z
 -------------------------------------------------------------------
      1        6           0.000203939    0.000010216    0.000268025
      2        6          -0.001202207    0.000559140   -0.000466303
      3        6           0.000008962    0.001167480    0.001437334
      4        6          -0.008418810   -0.002325825    0.015223158
      5        6           0.000058204   -0.001826961    0.000749389
      6        6          -0.001477677   -0.000541405   -0.000831088
      7        1           0.000086159   -0.000196224    0.000050342
      8        8          -0.005610196    0.000779944   -0.009263535
      9        8          -0.000458862    0.000310259   -0.000252227
     10        1          -0.000068442    0.000048867   -0.000253985
     11        6           0.015734794    0.001968106   -0.005655378
     12        1           0.000721881    0.000302327   -0.000316012
     13        1           0.000004473   -0.000058376   -0.000068033
     14        1           0.000687778   -0.000136300   -0.000363842
     15        1          -0.000076312    0.000002815   -0.000298618
     16        6          -0.000200883   -0.000072978    0.000026273
     17        1          -0.000011012    0.000000419    0.000005205
     18        1           0.000026224    0.000013546    0.000002412
     19        1          -0.000008013   -0.000005049    0.000006882
 -------------------------------------------------------------------
 Cartesian Forces:  Max     0.015734794 RMS     0.003563785
 IRC-IRC-IRC-IRC-IRC-IRC-IRC-IRC-IRC-IRC-IRC-IRC-IRC-IRC-IRC-IRC-IRC-IRC
 Pt 13 Step number   1 out of a maximum of  20
 Modified Bulirsch-Stoer Extrapolation Cycles:
    EPS =    0.000010000000000
      PEZero:  N= 2 I= 1 D=  8.29D-04 Err=  8.00D-06
 Maximum DWI energy   std dev =  0.000002540 at pt    36
 Maximum DWI gradient std dev =  0.005312263 at pt    28
 CORRECTOR INTEGRATION CONVERGENCE:
   Recorrection delta-x convergence threshold:    0.010000
   Delta-x Convergence Met
 Point Number:   3          Path Number:   2
   CHANGE IN THE REACTION COORDINATE =    0.15919
   NET REACTION COORDINATE UP TO THIS POINT =    0.47758
  # OF POINTS ALONG THE PATH =  13
  # OF STEPS =   1

 Calculating another point on the path.
 IRC-IRC-IRC-IRC-IRC-IRC-IRC-IRC-IRC-IRC-IRC-IRC-IRC-IRC-IRC-IRC-IRC-IRC
                          Input orientation:                          
 ---------------------------------------------------------------------
 Center     Atomic      Atomic             Coordinates (Angstroms)
 Number     Number       Type             X           Y           Z
 ---------------------------------------------------------------------
      1          6           0        1.887443   -0.052613    0.057858
      2          6           0        1.024651    1.063424    0.057968
      3          6           0       -0.334794    0.911158   -0.077316
      4          6           0       -0.934090   -0.413433   -0.103126
      5          6           0       -0.028619   -1.520264   -0.282445
      6          6           0        1.328960   -1.332012   -0.142814
      7          1           0       -0.450586   -2.500544   -0.467737
      8          8           0       -2.287305   -0.485343   -0.512475
      9          8           0       -1.163059    1.984402   -0.135419
     10          1           0        1.423093    2.069677    0.128114
     11          6           0       -2.306599   -0.633405    0.888828
     12          1           0       -2.506257   -1.635244    1.256482
     13          1           0       -2.018493    1.661485   -0.456400
     14          1           0       -2.670892    0.217043    1.458497
     15          1           0        1.990454   -2.189223   -0.213322
     16          6           0        3.369798    0.132352    0.245630
     17          1           0        3.738578    0.999626   -0.309912
     18          1           0        3.619876    0.297427    1.300767
     19          1           0        3.926421   -0.745741   -0.088980
 ---------------------------------------------------------------------
                    Distance matrix (angstroms):
                    1          2          3          4          5
     1  C    0.000000
     2  C    1.410655   0.000000
     3  C    2.425998   1.374620   0.000000
     4  C    2.849062   2.458399   1.454085   0.000000
     5  C    2.437437   2.810819   2.459194   1.441218   0.000000
     6  C    1.410331   2.423021   2.793597   2.442695   1.377664
     7  H    3.425637   3.892885   3.435920   2.173189   1.083207
     8  O    4.235689   3.700425   2.439647   1.415602   2.495123
     9  O    3.673193   2.381528   1.356927   2.408958   3.686632
    10  H    2.173631   1.084538   2.115310   3.431562   3.894060
    11  C    4.314837   3.829724   2.684609   1.707672   2.710644
    12  H    4.821412   4.602886   3.602559   2.411030   2.918939
    13  H    4.296386   3.143721   1.881898   2.367703   3.756779
    14  H    4.776288   4.041644   2.880603   2.419225   3.609810
    15  H    2.156212   3.403833   3.877839   3.423233   2.128130
    16  C    1.505606   2.530183   3.799321   4.352352   3.815658
    17  H    2.160825   2.739489   4.080966   4.886033   4.532369
    18  H    2.160711   2.977665   4.232635   4.818178   4.372880
    19  H    2.158569   3.422709   4.572025   4.871878   4.034806
                    6          7          8          9         10
     6  C    0.000000
     7  H    2.153561   0.000000
     8  O    3.732409   2.727008   0.000000
     9  O    4.148351   4.553327   2.739660   0.000000
    10  H    3.413759   4.975201   4.550334   2.600943   0.000000
    11  C    3.843127   2.961632   1.409236   3.034745   4.668612
    12  H    4.093760   2.819124   2.121184   4.104072   5.517196
    13  H    4.501645   4.447578   2.164319   0.969057   3.514655
    14  H    4.578492   4.003176   2.127256   2.817390   4.686458
    15  H    1.085060   2.473928   4.614317   5.231620   4.310070
    16  C    2.541706   4.694291   5.741001   4.911424   2.748945
    17  H    3.357188   5.461244   6.209463   5.002627   2.588116
    18  H    3.160267   5.246418   6.228593   5.271146   3.056442
    19  H    2.663347   4.730854   6.233583   5.775694   3.773640
                   11         12         13         14         15
    11  C    0.000000
    12  H    1.085686   0.000000
    13  H    2.675662   3.747039   0.000000
    14  H    1.086506   1.870531   2.485733   0.000000
    15  H    4.701060   4.763152   5.564054   5.505746   0.000000
    16  C    5.763816   6.218862   5.644890   6.161831   2.739149
    17  H    6.375573   6.956586   5.796843   6.694850   3.637860
    18  H    6.013256   6.423915   6.061312   6.293259   3.336302
    19  H    6.310251   6.631805   6.424309   6.844428   2.418072
                   16         17         18         19
    16  C    0.000000
    17  H    1.093979   0.000000
    18  H    1.096860   1.761097   0.000000
    19  H    1.092172   1.769294   1.764529   0.000000
 Symmetry turned off by external request.
 Stoichiometry    C8H9O2(2)
 Framework group  C1[X(C8H9O2)]
 Deg. of freedom    51
 Full point group                 C1      NOp   1
 Rotational constants (GHZ):           2.6432722           1.0469304           0.8026979
 Standard basis: 6-311G(d,p) (5D, 7F)
   234 basis functions,   392 primitive gaussians,   244 cartesian basis functions
    37 alpha electrons       36 beta electrons
       nuclear repulsion energy       512.9479167095 Hartrees.
 NAtoms=   19 NActive=   19 NUniq=   19 SFac= 1.00D+00 NAtFMM=   60 NAOKFM=F Big=F
 Integral buffers will be    131072 words long.
 Raffenetti 2 integral format.
 Two-electron integral symmetry is turned off.
 One-electron integrals computed using PRISM.
 NBasis=   234 RedAO= T EigKep=  2.18D-04  NBF=   234
 NBsUse=   234 1.00D-06 EigRej= -1.00D+00 NBFU=   234
 Initial guess from the checkpoint file:  "SR-13-ts-SR-14.chk"
 B after Tr=     0.000194   -0.000004   -0.000169
         Rot=    1.000000    0.000001   -0.000009   -0.000008 Ang=   0.00 deg.
 Initial guess <Sx>= 0.0000 <Sy>= 0.0000 <Sz>= 0.5000 <S**2>= 0.7824 S= 0.5161
 ExpMin= 1.03D-01 ExpMax= 8.59D+03 ExpMxC= 1.30D+03 IAcc=2 IRadAn=         4 AccDes= 0.00D+00
 Harris functional with IExCor=  402 and IRadAn=       4 diagonalized for initial guess.
 HarFok:  IExCor=  402 AccDes= 0.00D+00 IRadAn=         4 IDoV= 1 UseB2=F ITyADJ=14
 ICtDFT=  3500011 ScaDFX=  1.000000  1.000000  1.000000  1.000000
 FoFCou: FMM=F IPFlag=           0 FMFlag=      100000 FMFlg1=           0
         NFxFlg=           0 DoJE=T BraDBF=F KetDBF=T FulRan=T
         wScrn=  0.000000 ICntrl=       500 IOpCl=  0 I1Cent=   200000004 NGrid=           0
         NMat0=    1 NMatS0=      1 NMatT0=    0 NMatD0=    1 NMtDS0=    0 NMtDT0=    0
 Symmetry not used in FoFCou.
 Requested convergence on RMS density matrix=1.00D-08 within 128 cycles.
 Requested convergence on MAX density matrix=1.00D-06.
 Requested convergence on             energy=1.00D-06.
 No special actions if energy rises.
 Integral accuracy reduced to 1.0D-05 until final iterations.
 Initial convergence to 1.0D-05 achieved.  Increase integral accuracy.
 SCF Done:  E(UB3LYP) =  -460.739333432     A.U. after   15 cycles
            NFock= 15  Conv=0.51D-08     -V/T= 2.0039
 <Sx>= 0.0000 <Sy>= 0.0000 <Sz>= 0.5000 <S**2>= 0.7822 S= 0.5160
 <L.S>= 0.000000000000E+00
 Annihilation of the first spin contaminant:
 S**2 before annihilation     0.7822,   after     0.7507
 DoSCS=F DFT=T ScalE2(SS,OS)=  1.000000  1.000000
 Range of M.O.s used for correlation:     1   234
 NBasis=   234 NAE=    37 NBE=    36 NFC=     0 NFV=     0
 NROrb=    234 NOA=    37 NOB=    36 NVA=   197 NVB=   198

 **** Warning!!: The largest alpha MO coefficient is  0.13016355D+02


 **** Warning!!: The largest beta MO coefficient is  0.12988241D+02

 Symmetrizing basis deriv contribution to polar:
 IMax=3 JMax=2 DiffMx= 0.00D+00
 Calling FoFJK, ICntrl=      2147 FMM=F ISym2X=0 I1Cent= 0 IOpClX= 1 NMat=1 NMatS=1 NMatT=0.
 -------------------------------------------------------------------
 Center     Atomic                   Forces (Hartrees/Bohr)
 Number     Number              X              Y              Z
 -------------------------------------------------------------------
      1        6           0.000177918    0.000013963    0.000339393
      2        6          -0.001450299    0.000692518   -0.000606622
      3        6          -0.000118620    0.001329603    0.001903822
      4        6          -0.010050402   -0.002848866    0.018810134
      5        6          -0.000098481   -0.002219250    0.001104661
      6        6          -0.001826660   -0.000665667   -0.001078673
      7        1           0.000103539   -0.000247896    0.000076629
      8        8          -0.006970849    0.001024921   -0.011535044
      9        8          -0.000606084    0.000408020   -0.000320643
     10        1          -0.000085478    0.000064053   -0.000336710
     11        6           0.019375573    0.002390662   -0.007100163
     12        1           0.000960371    0.000375493   -0.000386502
     13        1           0.000007078   -0.000075938   -0.000086734
     14        1           0.000934884   -0.000164113   -0.000434930
     15        1          -0.000097117    0.000004937   -0.000395737
     16        6          -0.000257252   -0.000091718    0.000032605
     17        1          -0.000016222   -0.000001417    0.000004960
     18        1           0.000029676    0.000017479   -0.000000195
     19        1          -0.000011574   -0.000006781    0.000009747
 -------------------------------------------------------------------
 Cartesian Forces:  Max     0.019375573 RMS     0.004393357
 IRC-IRC-IRC-IRC-IRC-IRC-IRC-IRC-IRC-IRC-IRC-IRC-IRC-IRC-IRC-IRC-IRC-IRC
 Pt 14 Step number   1 out of a maximum of  20
 Modified Bulirsch-Stoer Extrapolation Cycles:
    EPS =    0.000010000000000
      PEZero:  N= 2 I= 1 D=  8.29D-04 Err=  1.02D-05
      PEZero:  N= 3 I= 2 D=  8.29D-04 Err=  6.81D-06
      PEZero:  N= 3 I= 1 D=  1.66D-03 Err=  2.21D-08
 Maximum DWI energy   std dev =  0.000004558 at pt    71
 Maximum DWI gradient std dev =  0.005941651 at pt    38
 CORRECTOR INTEGRATION CONVERGENCE:
   Recorrection delta-x convergence threshold:    0.010000
   Delta-x Convergence Met
 Point Number:   4          Path Number:   2
   CHANGE IN THE REACTION COORDINATE =    0.15919
   NET REACTION COORDINATE UP TO THIS POINT =    0.63677
  # OF POINTS ALONG THE PATH =  14
  # OF STEPS =   1

 Calculating another point on the path.
 IRC-IRC-IRC-IRC-IRC-IRC-IRC-IRC-IRC-IRC-IRC-IRC-IRC-IRC-IRC-IRC-IRC-IRC
                          Input orientation:                          
 ---------------------------------------------------------------------
 Center     Atomic      Atomic             Coordinates (Angstroms)
 Number     Number       Type             X           Y           Z
 ---------------------------------------------------------------------
      1          6           0        1.887559   -0.052607    0.058111
      2          6           0        1.023558    1.063933    0.057507
      3          6           0       -0.334875    0.912142   -0.075852
      4          6           0       -0.941475   -0.415524   -0.089252
      5          6           0       -0.028697   -1.521926   -0.281558
      6          6           0        1.327583   -1.332502   -0.143633
      7          1           0       -0.449727   -2.502613   -0.466963
      8          8           0       -2.291146   -0.484756   -0.518875
      9          8           0       -1.163411    1.984620   -0.135600
     10          1           0        1.422336    2.070262    0.125053
     11          6           0       -2.292299   -0.631651    0.883508
     12          1           0       -2.497529   -1.632196    1.253189
     13          1           0       -2.018440    1.660837   -0.457177
     14          1           0       -2.662356    0.215849    1.454886
     15          1           0        1.989599   -2.189200   -0.216922
     16          6           0        3.369596    0.132281    0.245651
     17          1           0        3.738434    0.999625   -0.309886
     18          1           0        3.620133    0.297586    1.300790
     19          1           0        3.926314   -0.745813   -0.088895
 ---------------------------------------------------------------------
                    Distance matrix (angstroms):
                    1          2          3          4          5
     1  C    0.000000
     2  C    1.411793   0.000000
     3  C    2.426499   1.373377   0.000000
     4  C    2.856021   2.464079   1.459740   0.000000
     5  C    2.438506   2.812272   2.461858   1.447159   0.000000
     6  C    1.411526   2.424003   2.794063   2.447944   1.376372
     7  H    3.426534   3.894341   3.438998   2.177251   1.083230
     8  O    4.240429   3.703771   2.444297   1.418091   2.500143
     9  O    3.673722   2.380711   1.356558   2.410828   3.688461
    10  H    2.174279   1.084566   2.114095   3.436955   3.895465
    11  C    4.299742   3.814734   2.671176   1.678600   2.697010
    12  H    4.811684   4.593128   3.594034   2.388251   2.909079
    13  H    4.296305   3.142442   1.881580   2.367805   3.757646
    14  H    4.767051   4.032106   2.871437   2.396753   3.601563
    15  H    2.156637   3.404618   3.878324   3.428326   2.126723
    16  C    1.505254   2.531258   3.799296   4.358621   3.816116
    17  H    2.160638   2.740377   4.080965   4.894168   4.533244
    18  H    2.160717   2.979134   4.232601   4.821723   4.373604
    19  H    2.158394   3.423829   4.572386   4.878981   4.035044
                    6          7          8          9         10
     6  C    0.000000
     7  H    2.152332   0.000000
     8  O    3.735597   2.732263   0.000000
     9  O    4.148302   4.555700   2.741624   0.000000
    10  H    3.414671   4.976574   4.553319   2.600262   0.000000
    11  C    3.827501   2.952853   1.410056   3.026193   4.655545
    12  H    4.083187   2.812480   2.121184   4.097555   5.508741
    13  H    4.500473   4.449188   2.163735   0.969186   3.513624
    14  H    4.568618   3.997407   2.127058   2.811589   4.678890
    15  H    1.085158   2.472056   4.617475   5.231525   4.310656
    16  C    2.543019   4.694434   5.745366   4.911686   2.749934
    17  H    3.358371   5.461780   6.213124   5.002867   2.588387
    18  H    3.162171   5.246887   6.234297   5.271773   3.058603
    19  H    2.664695   4.730647   6.237775   5.776049   3.774382
                   11         12         13         14         15
    11  C    0.000000
    12  H    1.086220   0.000000
    13  H    2.669820   3.741516   0.000000
    14  H    1.087046   1.866311   2.481654   0.000000
    15  H    4.687382   4.754555   5.562812   5.497261   0.000000
    16  C    5.748696   6.208999   5.644588   6.152534   2.740007
    17  H    6.360424   6.946720   5.796593   6.685719   3.638086
    18  H    5.999538   6.414991   6.061551   6.284910   3.338592
    19  H    6.295216   6.622131   6.423993   6.835102   2.418806
                   16         17         18         19
    16  C    0.000000
    17  H    1.094052   0.000000
    18  H    1.097002   1.761002   0.000000
    19  H    1.092201   1.769375   1.764554   0.000000
 Symmetry turned off by external request.
 Stoichiometry    C8H9O2(2)
 Framework group  C1[X(C8H9O2)]
 Deg. of freedom    51
 Full point group                 C1      NOp   1
 Rotational constants (GHZ):           2.6427955           1.0481635           0.8031900
 Standard basis: 6-311G(d,p) (5D, 7F)
   234 basis functions,   392 primitive gaussians,   244 cartesian basis functions
    37 alpha electrons       36 beta electrons
       nuclear repulsion energy       513.0449404129 Hartrees.
 NAtoms=   19 NActive=   19 NUniq=   19 SFac= 1.00D+00 NAtFMM=   60 NAOKFM=F Big=F
 Integral buffers will be    131072 words long.
 Raffenetti 2 integral format.
 Two-electron integral symmetry is turned off.
 One-electron integrals computed using PRISM.
 NBasis=   234 RedAO= T EigKep=  2.24D-04  NBF=   234
 NBsUse=   234 1.00D-06 EigRej= -1.00D+00 NBFU=   234
 Initial guess from the checkpoint file:  "SR-13-ts-SR-14.chk"
 B after Tr=     0.000212   -0.000004   -0.000171
         Rot=    1.000000    0.000002   -0.000013   -0.000009 Ang=   0.00 deg.
 Initial guess <Sx>= 0.0000 <Sy>= 0.0000 <Sz>= 0.5000 <S**2>= 0.7819 S= 0.5158
 ExpMin= 1.03D-01 ExpMax= 8.59D+03 ExpMxC= 1.30D+03 IAcc=2 IRadAn=         4 AccDes= 0.00D+00
 Harris functional with IExCor=  402 and IRadAn=       4 diagonalized for initial guess.
 HarFok:  IExCor=  402 AccDes= 0.00D+00 IRadAn=         4 IDoV= 1 UseB2=F ITyADJ=14
 ICtDFT=  3500011 ScaDFX=  1.000000  1.000000  1.000000  1.000000
 FoFCou: FMM=F IPFlag=           0 FMFlag=      100000 FMFlg1=           0
         NFxFlg=           0 DoJE=T BraDBF=F KetDBF=T FulRan=T
         wScrn=  0.000000 ICntrl=       500 IOpCl=  0 I1Cent=   200000004 NGrid=           0
         NMat0=    1 NMatS0=      1 NMatT0=    0 NMatD0=    1 NMtDS0=    0 NMtDT0=    0
 Symmetry not used in FoFCou.
 Requested convergence on RMS density matrix=1.00D-08 within 128 cycles.
 Requested convergence on MAX density matrix=1.00D-06.
 Requested convergence on             energy=1.00D-06.
 No special actions if energy rises.
 Integral accuracy reduced to 1.0D-05 until final iterations.
 Initial convergence to 1.0D-05 achieved.  Increase integral accuracy.
 SCF Done:  E(UB3LYP) =  -460.740947142     A.U. after   15 cycles
            NFock= 15  Conv=0.42D-08     -V/T= 2.0039
 <Sx>= 0.0000 <Sy>= 0.0000 <Sz>= 0.5000 <S**2>= 0.7815 S= 0.5156
 <L.S>= 0.000000000000E+00
 Annihilation of the first spin contaminant:
 S**2 before annihilation     0.7815,   after     0.7507
 DoSCS=F DFT=T ScalE2(SS,OS)=  1.000000  1.000000
 Range of M.O.s used for correlation:     1   234
 NBasis=   234 NAE=    37 NBE=    36 NFC=     0 NFV=     0
 NROrb=    234 NOA=    37 NOB=    36 NVA=   197 NVB=   198

 **** Warning!!: The largest alpha MO coefficient is  0.12724997D+02


 **** Warning!!: The largest beta MO coefficient is  0.12725859D+02

 Symmetrizing basis deriv contribution to polar:
 IMax=3 JMax=2 DiffMx= 0.00D+00
 G2DrvN: will do    20 centers at a time, making    1 passes.
 Calling FoFCou, ICntrl=  3107 FMM=F I1Cent=   0 AccDes= 0.00D+00.
 End of G2Drv F.D. properties file   721 does not exist.
 End of G2Drv F.D. properties file   722 does not exist.
 End of G2Drv F.D. properties file   788 does not exist.
          IDoAtm=1111111111111111111
          Differentiating once with respect to nuclear coordinates.
 Keep R1 and R2 ints in memory in canonical form, NReq=777448244.
          There are    60 degrees of freedom in the 1st order CPHF.  IDoFFX=6 NUNeed=     0.
     54 vectors produced by pass  0 Test12= 2.40D-14 1.67D-09 XBig12= 3.68D-01 2.74D-01.
 AX will form    54 AO Fock derivatives at one time.
     54 vectors produced by pass  1 Test12= 2.40D-14 1.67D-09 XBig12= 7.82D-02 9.63D-02.
     54 vectors produced by pass  2 Test12= 2.40D-14 1.67D-09 XBig12= 1.62D-03 1.08D-02.
     54 vectors produced by pass  3 Test12= 2.40D-14 1.67D-09 XBig12= 1.80D-05 7.51D-04.
     54 vectors produced by pass  4 Test12= 2.40D-14 1.67D-09 XBig12= 1.04D-07 4.45D-05.
     54 vectors produced by pass  5 Test12= 2.40D-14 1.67D-09 XBig12= 6.61D-10 2.35D-06.
     43 vectors produced by pass  6 Test12= 2.40D-14 1.67D-09 XBig12= 2.74D-12 1.74D-07.
     11 vectors produced by pass  7 Test12= 2.40D-14 1.67D-09 XBig12= 1.10D-14 1.05D-08.
 InvSVY:  IOpt=1 It=  1 EMax= 1.11D-15
 Solved reduced A of dimension   378 with    60 vectors.
 End of Minotr F.D. properties file   721 does not exist.
 End of Minotr F.D. properties file   722 does not exist.
 End of Minotr F.D. properties file   788 does not exist.
 Calling FoFJK, ICntrl=    100147 FMM=F ISym2X=0 I1Cent= 0 IOpClX= 1 NMat=1 NMatS=1 NMatT=0.
 -------------------------------------------------------------------
 Center     Atomic                   Forces (Hartrees/Bohr)
 Number     Number              X              Y              Z
 -------------------------------------------------------------------
      1        6           0.000087749    0.000018316    0.000390357
      2        6          -0.001604750    0.000768775   -0.000724462
      3        6          -0.000314106    0.001332466    0.002371378
      4        6          -0.010722063   -0.003150316    0.021048120
      5        6          -0.000344916   -0.002442945    0.001534303
      6        6          -0.002079039   -0.000736300   -0.001291650
      7        1           0.000106001   -0.000279239    0.000105328
      8        8          -0.007887234    0.001242331   -0.013123592
      9        8          -0.000744989    0.000479064   -0.000381371
     10        1          -0.000098206    0.000073976   -0.000412731
     11        6           0.021703980    0.002635191   -0.008088769
     12        1           0.001167663    0.000417808   -0.000422669
     13        1           0.000008181   -0.000090800   -0.000103508
     14        1           0.001158381   -0.000174859   -0.000462667
     15        1          -0.000114169    0.000010083   -0.000483916
     16        6          -0.000312268   -0.000110217    0.000033699
     17        1          -0.000022250   -0.000003841    0.000003805
     18        1           0.000028386    0.000019236   -0.000003062
     19        1          -0.000016348   -0.000008731    0.000011408
 -------------------------------------------------------------------
 Cartesian Forces:  Max     0.021703980 RMS     0.004917829
 IRC-IRC-IRC-IRC-IRC-IRC-IRC-IRC-IRC-IRC-IRC-IRC-IRC-IRC-IRC-IRC-IRC-IRC
 Pt 15 Step number   1 out of a maximum of  20
 Modified Bulirsch-Stoer Extrapolation Cycles:
    EPS =    0.000010000000000
      PEZero:  N= 2 I= 1 D=  8.29D-04 Err=  1.50D-05
      PEZero:  N= 3 I= 2 D=  8.29D-04 Err=  1.00D-05
      PEZero:  N= 3 I= 1 D=  1.66D-03 Err=  2.35D-08
 Maximum DWI energy   std dev =  0.000006851 at pt    33
 Maximum DWI gradient std dev =  0.004728642 at pt    33
 CORRECTOR INTEGRATION CONVERGENCE:
   Recorrection delta-x convergence threshold:    0.010000
   Delta-x Convergence Met
 Point Number:   5          Path Number:   2
   CHANGE IN THE REACTION COORDINATE =    0.15919
   NET REACTION COORDINATE UP TO THIS POINT =    0.79596
  # OF POINTS ALONG THE PATH =  15
  # OF STEPS =   1

 Calculating another point on the path.
 IRC-IRC-IRC-IRC-IRC-IRC-IRC-IRC-IRC-IRC-IRC-IRC-IRC-IRC-IRC-IRC-IRC-IRC
                          Input orientation:                          
 ---------------------------------------------------------------------
 Center     Atomic      Atomic             Coordinates (Angstroms)
 Number     Number       Type             X           Y           Z
 ---------------------------------------------------------------------
      1          6           0        1.887577   -0.052597    0.058370
      2          6           0        1.022478    1.064431    0.057009
      3          6           0       -0.335113    0.912981   -0.074177
      4          6           0       -0.948368   -0.417577   -0.075423
      5          6           0       -0.028977   -1.523540   -0.280415
      6          6           0        1.326174   -1.332980   -0.144523
      7          1           0       -0.448991   -2.504683   -0.466006
      8          8           0       -2.295047   -0.484111   -0.525406
      9          8           0       -1.163804    1.984850   -0.135797
     10          1           0        1.421557    2.070862    0.121643
     11          6           0       -2.277981   -0.629927    0.878099
     12          1           0       -2.488003   -1.629135    1.249993
     13          1           0       -2.018388    1.660125   -0.458024
     14          1           0       -2.652849    0.214677    1.451485
     15          1           0        1.988694   -2.189126   -0.220917
     16          6           0        3.369371    0.132202    0.245668
     17          1           0        3.738249    0.999602   -0.309875
     18          1           0        3.620336    0.297737    1.300792
     19          1           0        3.926169   -0.745896   -0.088809
 ---------------------------------------------------------------------
                    Distance matrix (angstroms):
                    1          2          3          4          5
     1  C    0.000000
     2  C    1.412852   0.000000
     3  C    2.426986   1.372297   0.000000
     4  C    2.862463   2.469437   1.465083   0.000000
     5  C    2.439596   2.813717   2.464323   1.452741   0.000000
     6  C    1.412699   2.424959   2.794488   2.452811   1.375215
     7  H    3.427426   3.895811   3.441936   2.181272   1.083281
     8  O    4.245155   3.707177   2.448839   1.421427   2.505096
     9  O    3.674209   2.379952   1.356256   2.412822   3.690196
    10  H    2.174915   1.084594   2.113037   3.442050   3.896848
    11  C    4.284523   3.799746   2.657467   1.649899   2.683043
    12  H    4.801160   4.582792   3.584789   2.365391   2.898293
    13  H    4.296119   3.141174   1.881217   2.368157   3.758327
    14  H    4.756855   4.021774   2.861323   2.374120   3.592433
    15  H    2.157078   3.405356   3.878747   3.433058   2.125451
    16  C    1.504973   2.532302   3.799358   4.364428   3.816676
    17  H    2.160489   2.741208   4.081095   4.901810   4.534215
    18  H    2.160741   2.980551   4.232569   4.824801   4.374329
    19  H    2.158283   3.424905   4.572812   4.885600   4.035421
                    6          7          8          9         10
     6  C    0.000000
     7  H    2.151152   0.000000
     8  O    3.738836   2.737547   0.000000
     9  O    4.148260   4.558059   2.743587   0.000000
    10  H    3.415565   4.977941   4.556282   2.599571   0.000000
    11  C    3.811821   2.943898   1.411163   3.017687   4.642529
    12  H    4.071895   2.805138   2.121403   4.090819   5.499801
    13  H    4.499229   4.450696   2.163059   0.969325   3.512541
    14  H    4.557972   3.991075   2.127069   2.805393   4.670620
    15  H    1.085244   2.470213   4.620630   5.231402   4.311205
    16  C    2.544339   4.694628   5.749785   4.911975   2.750957
    17  H    3.359521   5.462360   6.216793   5.003113   2.588603
    18  H    3.164072   5.247338   6.240035   5.272394   3.060881
    19  H    2.666035   4.730501   6.242009   5.776418   3.775115
                   11         12         13         14         15
    11  C    0.000000
    12  H    1.086660   0.000000
    13  H    2.664010   3.735918   0.000000
    14  H    1.087498   1.862100   2.477515   0.000000
    15  H    4.673698   4.745311   5.561444   5.488088   0.000000
    16  C    5.733533   6.198371   5.644261   6.142306   2.740901
    17  H    6.345209   6.936112   5.796301   6.675674   3.638247
    18  H    5.985765   6.405250   6.061745   6.275544   3.341010
    19  H    6.280115   6.611664   6.423630   6.824858   2.419541
                   16         17         18         19
    16  C    0.000000
    17  H    1.094112   0.000000
    18  H    1.097120   1.760900   0.000000
    19  H    1.092225   1.769449   1.764567   0.000000
 Symmetry turned off by external request.
 Stoichiometry    C8H9O2(2)
 Framework group  C1[X(C8H9O2)]
 Deg. of freedom    51
 Full point group                 C1      NOp   1
 Rotational constants (GHZ):           2.6423297           1.0494185           0.8037080
 Standard basis: 6-311G(d,p) (5D, 7F)
   234 basis functions,   392 primitive gaussians,   244 cartesian basis functions
    37 alpha electrons       36 beta electrons
       nuclear repulsion energy       513.1470299614 Hartrees.
 NAtoms=   19 NActive=   19 NUniq=   19 SFac= 1.00D+00 NAtFMM=   60 NAOKFM=F Big=F
 Integral buffers will be    131072 words long.
 Raffenetti 2 integral format.
 Two-electron integral symmetry is turned off.
 One-electron integrals computed using PRISM.
 NBasis=   234 RedAO= T EigKep=  2.29D-04  NBF=   234
 NBsUse=   234 1.00D-06 EigRej= -1.00D+00 NBFU=   234
 Initial guess from the checkpoint file:  "SR-13-ts-SR-14.chk"
 B after Tr=     0.000229   -0.000004   -0.000175
         Rot=    1.000000    0.000003   -0.000017   -0.000010 Ang=   0.00 deg.
 Initial guess <Sx>= 0.0000 <Sy>= 0.0000 <Sz>= 0.5000 <S**2>= 0.7813 S= 0.5155
 ExpMin= 1.03D-01 ExpMax= 8.59D+03 ExpMxC= 1.30D+03 IAcc=2 IRadAn=         4 AccDes= 0.00D+00
 Harris functional with IExCor=  402 and IRadAn=       4 diagonalized for initial guess.
 HarFok:  IExCor=  402 AccDes= 0.00D+00 IRadAn=         4 IDoV= 1 UseB2=F ITyADJ=14
 ICtDFT=  3500011 ScaDFX=  1.000000  1.000000  1.000000  1.000000
 FoFCou: FMM=F IPFlag=           0 FMFlag=      100000 FMFlg1=           0
         NFxFlg=           0 DoJE=T BraDBF=F KetDBF=T FulRan=T
         wScrn=  0.000000 ICntrl=       500 IOpCl=  0 I1Cent=   200000004 NGrid=           0
         NMat0=    1 NMatS0=      1 NMatT0=    0 NMatD0=    1 NMtDS0=    0 NMtDT0=    0
 Symmetry not used in FoFCou.
 Requested convergence on RMS density matrix=1.00D-08 within 128 cycles.
 Requested convergence on MAX density matrix=1.00D-06.
 Requested convergence on             energy=1.00D-06.
 No special actions if energy rises.
 Integral accuracy reduced to 1.0D-05 until final iterations.
 Initial convergence to 1.0D-05 achieved.  Increase integral accuracy.
 SCF Done:  E(UB3LYP) =  -460.742686812     A.U. after   15 cycles
            NFock= 15  Conv=0.43D-08     -V/T= 2.0039
 <Sx>= 0.0000 <Sy>= 0.0000 <Sz>= 0.5000 <S**2>= 0.7808 S= 0.5153
 <L.S>= 0.000000000000E+00
 Annihilation of the first spin contaminant:
 S**2 before annihilation     0.7808,   after     0.7507
 DoSCS=F DFT=T ScalE2(SS,OS)=  1.000000  1.000000
 Range of M.O.s used for correlation:     1   234
 NBasis=   234 NAE=    37 NBE=    36 NFC=     0 NFV=     0
 NROrb=    234 NOA=    37 NOB=    36 NVA=   197 NVB=   198

 **** Warning!!: The largest alpha MO coefficient is  0.12384955D+02


 **** Warning!!: The largest beta MO coefficient is  0.12420350D+02

 Symmetrizing basis deriv contribution to polar:
 IMax=3 JMax=2 DiffMx= 0.00D+00
 Calling FoFJK, ICntrl=      2147 FMM=F ISym2X=0 I1Cent= 0 IOpClX= 1 NMat=1 NMatS=1 NMatT=0.
 -------------------------------------------------------------------
 Center     Atomic                   Forces (Hartrees/Bohr)
 Number     Number              X              Y              Z
 -------------------------------------------------------------------
      1        6          -0.000052662    0.000017971    0.000412199
      2        6          -0.001692344    0.000777094   -0.000814642
      3        6          -0.000506486    0.001228900    0.002831330
      4        6          -0.010452518   -0.003201431    0.021761478
      5        6          -0.000599689   -0.002523741    0.002023474
      6        6          -0.002247217   -0.000746229   -0.001460725
      7        1           0.000088036   -0.000279597    0.000137464
      8        8          -0.008270445    0.001426560   -0.013927332
      9        8          -0.000874224    0.000491494   -0.000430945
     10        1          -0.000105740    0.000080068   -0.000477787
     11        6           0.022569550    0.002687958   -0.008537937
     12        1           0.001328300    0.000420238   -0.000425576
     13        1           0.000005992   -0.000100621   -0.000118059
     14        1           0.001339445   -0.000164555   -0.000448240
     15        1          -0.000125237    0.000014309   -0.000557908
     16        6          -0.000376911   -0.000130503    0.000023667
     17        1          -0.000028157   -0.000005245    0.000001026
     18        1           0.000022673    0.000019004   -0.000002943
     19        1          -0.000022366   -0.000011674    0.000011455
 -------------------------------------------------------------------
 Cartesian Forces:  Max     0.022569550 RMS     0.005105603
 IRC-IRC-IRC-IRC-IRC-IRC-IRC-IRC-IRC-IRC-IRC-IRC-IRC-IRC-IRC-IRC-IRC-IRC
 Pt 16 Step number   1 out of a maximum of  20
 Modified Bulirsch-Stoer Extrapolation Cycles:
    EPS =    0.000010000000000
      PEZero:  N= 2 I= 1 D=  8.29D-04 Err=  1.78D-05
      PEZero:  N= 3 I= 2 D=  8.29D-04 Err=  1.18D-05
      PEZero:  N= 3 I= 1 D=  1.66D-03 Err=  4.48D-08
 Maximum DWI energy   std dev =  0.000002733 at pt    21
 Maximum DWI gradient std dev =  0.004369716 at pt    29
 CORRECTOR INTEGRATION CONVERGENCE:
   Recorrection delta-x convergence threshold:    0.010000
   Delta-x Convergence Met
 Point Number:   6          Path Number:   2
   CHANGE IN THE REACTION COORDINATE =    0.15919
   NET REACTION COORDINATE UP TO THIS POINT =    0.95515
  # OF POINTS ALONG THE PATH =  16
  # OF STEPS =   1

 Calculating another point on the path.
 IRC-IRC-IRC-IRC-IRC-IRC-IRC-IRC-IRC-IRC-IRC-IRC-IRC-IRC-IRC-IRC-IRC-IRC
                          Input orientation:                          
 ---------------------------------------------------------------------
 Center     Atomic      Atomic             Coordinates (Angstroms)
 Number     Number       Type             X           Y           Z
 ---------------------------------------------------------------------
      1          6           0        1.887506   -0.052590    0.058630
      2          6           0        1.021380    1.064918    0.056474
      3          6           0       -0.335453    0.913738   -0.072269
      4          6           0       -0.954850   -0.419580   -0.061694
      5          6           0       -0.029394   -1.525150   -0.279000
      6          6           0        1.324714   -1.333449   -0.145486
      7          1           0       -0.448442   -2.506712   -0.464840
      8          8           0       -2.298965   -0.483400   -0.532064
      9          8           0       -1.164248    1.985072   -0.136008
     10          1           0        1.420750    2.071474    0.117873
     11          6           0       -2.263662   -0.628236    0.872621
     12          1           0       -2.477668   -1.626148    1.246880
     13          1           0       -2.018350    1.659354   -0.458956
     14          1           0       -2.642387    0.213602    1.448308
     15          1           0        1.987732   -2.189012   -0.225309
     16          6           0        3.369108    0.132113    0.245677
     17          1           0        3.738020    0.999563   -0.309881
     18          1           0        3.620481    0.297877    1.300784
     19          1           0        3.925978   -0.745997   -0.088727
 ---------------------------------------------------------------------
                    Distance matrix (angstroms):
                    1          2          3          4          5
     1  C    0.000000
     2  C    1.413860   0.000000
     3  C    2.427440   1.371287   0.000000
     4  C    2.868474   2.474506   1.470204   0.000000
     5  C    2.440683   2.815159   2.466694   1.458073   0.000000
     6  C    1.413859   2.425894   2.794881   2.457354   1.374112
     7  H    3.428321   3.897266   3.444757   2.185200   1.083329
     8  O    4.249830   3.710573   2.453321   1.425470   2.510027
     9  O    3.674663   2.379223   1.355994   2.414895   3.691882
    10  H    2.175550   1.084630   2.112051   3.446893   3.898222
    11  C    4.269209   3.784755   2.643576   1.621565   2.668828
    12  H    4.789861   4.571897   3.574949   2.342466   2.886617
    13  H    4.295853   3.139902   1.880854   2.368716   3.758909
    14  H    4.745734   4.010628   2.850314   2.351341   3.582539
    15  H    2.157537   3.406067   3.879132   3.437506   2.124239
    16  C    1.504742   2.533327   3.799447   4.369834   3.817279
    17  H    2.160377   2.742010   4.081300   4.909032   4.535255
    18  H    2.160781   2.981942   4.232490   4.827498   4.375012
    19  H    2.158216   3.425957   4.573268   4.891805   4.035870
                    6          7          8          9         10
     6  C    0.000000
     7  H    2.150027   0.000000
     8  O    3.742068   2.742763   0.000000
     9  O    4.148204   4.560332   2.745504   0.000000
    10  H    3.416443   4.979279   4.559175   2.598872   0.000000
    11  C    3.796092   2.934706   1.412573   3.009223   4.629576
    12  H    4.059861   2.796988   2.121897   4.083915   5.490422
    13  H    4.497912   4.452051   2.162287   0.969473   3.511408
    14  H    4.546585   3.984174   2.127351   2.798760   4.661634
    15  H    1.085335   2.468451   4.623741   5.231245   4.311726
    16  C    2.545668   4.694882   5.754197   4.912276   2.752009
    17  H    3.360657   5.463006   6.220428   5.003368   2.588766
    18  H    3.165985   5.247788   6.245763   5.273009   3.063289
    19  H    2.667376   4.730446   6.246232   5.776796   3.775843
                   11         12         13         14         15
    11  C    0.000000
    12  H    1.087058   0.000000
    13  H    2.658260   3.730332   0.000000
    14  H    1.087906   1.858059   2.473313   0.000000
    15  H    4.660024   4.735394   5.559965   5.478280   0.000000
    16  C    5.718330   6.186977   5.643906   6.131153   2.741833
    17  H    6.329948   6.924785   5.795977   6.664725   3.638361
    18  H    5.971947   6.394701   6.061907   6.265172   3.343567
    19  H    6.264958   6.600393   6.423225   6.813716   2.420277
                   16         17         18         19
    16  C    0.000000
    17  H    1.094171   0.000000
    18  H    1.097231   1.760801   0.000000
    19  H    1.092249   1.769524   1.764579   0.000000
 Symmetry turned off by external request.
 Stoichiometry    C8H9O2(2)
 Framework group  C1[X(C8H9O2)]
 Deg. of freedom    51
 Full point group                 C1      NOp   1
 Rotational constants (GHZ):           2.6418451           1.0507010           0.8042536
 Standard basis: 6-311G(d,p) (5D, 7F)
   234 basis functions,   392 primitive gaussians,   244 cartesian basis functions
    37 alpha electrons       36 beta electrons
       nuclear repulsion energy       513.2548606378 Hartrees.
 NAtoms=   19 NActive=   19 NUniq=   19 SFac= 1.00D+00 NAtFMM=   60 NAOKFM=F Big=F
 Integral buffers will be    131072 words long.
 Raffenetti 2 integral format.
 Two-electron integral symmetry is turned off.
 One-electron integrals computed using PRISM.
 NBasis=   234 RedAO= T EigKep=  2.33D-04  NBF=   234
 NBsUse=   234 1.00D-06 EigRej= -1.00D+00 NBFU=   234
 Initial guess from the checkpoint file:  "SR-13-ts-SR-14.chk"
 B after Tr=     0.000246   -0.000004   -0.000179
         Rot=    1.000000    0.000005   -0.000021   -0.000010 Ang=   0.00 deg.
 Initial guess <Sx>= 0.0000 <Sy>= 0.0000 <Sz>= 0.5000 <S**2>= 0.7806 S= 0.5152
 ExpMin= 1.03D-01 ExpMax= 8.59D+03 ExpMxC= 1.30D+03 IAcc=2 IRadAn=         4 AccDes= 0.00D+00
 Harris functional with IExCor=  402 and IRadAn=       4 diagonalized for initial guess.
 HarFok:  IExCor=  402 AccDes= 0.00D+00 IRadAn=         4 IDoV= 1 UseB2=F ITyADJ=14
 ICtDFT=  3500011 ScaDFX=  1.000000  1.000000  1.000000  1.000000
 FoFCou: FMM=F IPFlag=           0 FMFlag=      100000 FMFlg1=           0
         NFxFlg=           0 DoJE=T BraDBF=F KetDBF=T FulRan=T
         wScrn=  0.000000 ICntrl=       500 IOpCl=  0 I1Cent=   200000004 NGrid=           0
         NMat0=    1 NMatS0=      1 NMatT0=    0 NMatD0=    1 NMtDS0=    0 NMtDT0=    0
 Symmetry not used in FoFCou.
 Requested convergence on RMS density matrix=1.00D-08 within 128 cycles.
 Requested convergence on MAX density matrix=1.00D-06.
 Requested convergence on             energy=1.00D-06.
 No special actions if energy rises.
 Integral accuracy reduced to 1.0D-05 until final iterations.
 Initial convergence to 1.0D-05 achieved.  Increase integral accuracy.
 SCF Done:  E(UB3LYP) =  -460.744435082     A.U. after   15 cycles
            NFock= 15  Conv=0.43D-08     -V/T= 2.0039
 <Sx>= 0.0000 <Sy>= 0.0000 <Sz>= 0.5000 <S**2>= 0.7803 S= 0.5150
 <L.S>= 0.000000000000E+00
 Annihilation of the first spin contaminant:
 S**2 before annihilation     0.7803,   after     0.7506
 DoSCS=F DFT=T ScalE2(SS,OS)=  1.000000  1.000000
 Range of M.O.s used for correlation:     1   234
 NBasis=   234 NAE=    37 NBE=    36 NFC=     0 NFV=     0
 NROrb=    234 NOA=    37 NOB=    36 NVA=   197 NVB=   198

 **** Warning!!: The largest alpha MO coefficient is  0.12000897D+02


 **** Warning!!: The largest beta MO coefficient is  0.12078917D+02

 Symmetrizing basis deriv contribution to polar:
 IMax=3 JMax=2 DiffMx= 0.00D+00
 Calling FoFJK, ICntrl=      2147 FMM=F ISym2X=0 I1Cent= 0 IOpClX= 1 NMat=1 NMatS=1 NMatT=0.
 -------------------------------------------------------------------
 Center     Atomic                   Forces (Hartrees/Bohr)
 Number     Number              X              Y              Z
 -------------------------------------------------------------------
      1        6          -0.000269085    0.000020481    0.000402694
      2        6          -0.001633581    0.000730904   -0.000870297
      3        6          -0.000815526    0.000947252    0.003271277
      4        6          -0.008981959   -0.003001736    0.020939364
      5        6          -0.000983621   -0.002398308    0.002571473
      6        6          -0.002266445   -0.000703966   -0.001581211
      7        1           0.000057022   -0.000274791    0.000167071
      8        8          -0.008214452    0.001577034   -0.014019214
      9        8          -0.000987335    0.000480422   -0.000466525
     10        1          -0.000109038    0.000077631   -0.000531265
     11        6           0.021921738    0.002534533   -0.008326485
     12        1           0.001435096    0.000420491   -0.000408323
     13        1           0.000004408   -0.000114013   -0.000130596
     14        1           0.001472881   -0.000164923   -0.000412614
     15        1          -0.000134611    0.000025818   -0.000615352
     16        6          -0.000438248   -0.000148790    0.000008906
     17        1          -0.000036712   -0.000009830   -0.000000787
     18        1           0.000010129    0.000015408   -0.000008769
     19        1          -0.000030659   -0.000013620    0.000010653
 -------------------------------------------------------------------
 Cartesian Forces:  Max     0.021921738 RMS     0.004949093
 IRC-IRC-IRC-IRC-IRC-IRC-IRC-IRC-IRC-IRC-IRC-IRC-IRC-IRC-IRC-IRC-IRC-IRC
 Reaction path inflection point has been passed.
   Previous lowest Hessian eigenvalue=   -0.0029055091
   Current lowest Hessian eigenvalue =    0.0000994709
 Pt 17 Step number   1 out of a maximum of  20
 Modified Bulirsch-Stoer Extrapolation Cycles:
    EPS =    0.000010000000000
      PEZero:  N= 2 I= 1 D=  8.29D-04 Err=  2.80D-05
      PEZero:  N= 3 I= 2 D=  8.29D-04 Err=  1.86D-05
      PEZero:  N= 3 I= 1 D=  1.66D-03 Err=  5.94D-08
 Maximum DWI energy   std dev =  0.000007111 at pt    47
 Maximum DWI gradient std dev =  0.009750926 at pt    29
 CORRECTOR INTEGRATION CONVERGENCE:
   Recorrection delta-x convergence threshold:    0.010000
   Delta-x Convergence Met
 Point Number:   7          Path Number:   2
   CHANGE IN THE REACTION COORDINATE =    0.15918
   NET REACTION COORDINATE UP TO THIS POINT =    1.11433
  # OF POINTS ALONG THE PATH =  17
  # OF STEPS =   1

 Calculating another point on the path.
 IRC-IRC-IRC-IRC-IRC-IRC-IRC-IRC-IRC-IRC-IRC-IRC-IRC-IRC-IRC-IRC-IRC-IRC
                          Input orientation:                          
 ---------------------------------------------------------------------
 Center     Atomic      Atomic             Coordinates (Angstroms)
 Number     Number       Type             X           Y           Z
 ---------------------------------------------------------------------
      1          6           0        1.887264   -0.052584    0.058887
      2          6           0        1.020269    1.065383    0.055877
      3          6           0       -0.336007    0.914328   -0.069936
      4          6           0       -0.960458   -0.421488   -0.048169
      5          6           0       -0.030086   -1.526741   -0.277095
      6          6           0        1.323173   -1.333901   -0.146580
      7          1           0       -0.448203   -2.508701   -0.463313
      8          8           0       -2.302955   -0.482571   -0.538983
      9          8           0       -1.164782    1.985282   -0.136248
     10          1           0        1.419892    2.072104    0.113449
     11          6           0       -2.249341   -0.626602    0.867091
     12          1           0       -2.466009   -1.623235    1.243874
     13          1           0       -2.018320    1.658435   -0.460049
     14          1           0       -2.630400    0.212639    1.445456
     15          1           0        1.986666   -2.188812   -0.230417
     16          6           0        3.368776    0.132003    0.245671
     17          1           0        3.737705    0.999489   -0.309910
     18          1           0        3.620510    0.297988    1.300746
     19          1           0        3.925696   -0.746128   -0.088653
 ---------------------------------------------------------------------
                    Distance matrix (angstroms):
                    1          2          3          4          5
     1  C    0.000000
     2  C    1.414758   0.000000
     3  C    2.427849   1.370450   0.000000
     4  C    2.873513   2.478890   1.474727   0.000000
     5  C    2.441772   2.816598   2.468870   1.462731   0.000000
     6  C    1.414986   2.426789   2.795225   2.461129   1.373147
     7  H    3.429228   3.898724   3.447385   2.188883   1.083395
     8  O    4.254442   3.714006   2.457685   1.430709   2.514918
     9  O    3.675046   2.378566   1.355805   2.417033   3.693464
    10  H    2.176170   1.084666   2.111222   3.451115   3.899570
    11  C    4.253727   3.769779   2.629322   1.594048   2.654149
    12  H    4.777251   4.560060   3.564019   2.319537   2.873392
    13  H    4.295401   3.138617   1.880442   2.369557   3.759241
    14  H    4.733097   3.998186   2.837785   2.328463   3.571311
    15  H    2.158019   3.406710   3.879438   3.441248   2.123159
    16  C    1.504606   2.534306   3.799613   4.374353   3.817981
    17  H    2.160325   2.742736   4.081663   4.915326   4.536427
    18  H    2.160846   2.983261   4.232337   4.829337   4.375622
    19  H    2.158235   3.426947   4.573793   4.897095   4.036468
                    6          7          8          9         10
     6  C    0.000000
     7  H    2.149011   0.000000
     8  O    3.745337   2.747915   0.000000
     9  O    4.148132   4.562492   2.747349   0.000000
    10  H    3.417286   4.980583   4.561976   2.598159   0.000000
    11  C    3.780299   2.925127   1.414449   3.000816   4.616737
    12  H    4.046601   2.787486   2.122800   4.076680   5.480294
    13  H    4.496434   4.453123   2.161285   0.969641   3.510175
    14  H    4.533995   3.976315   2.128036   2.791431   4.651529
    15  H    1.085414   2.466811   4.626804   5.231018   4.312179
    16  C    2.547003   4.695243   5.758639   4.912602   2.753112
    17  H    3.361748   5.463768   6.224030   5.003632   2.588821
    18  H    3.167897   5.248222   6.251505   5.273608   3.065923
    19  H    2.668700   4.730542   6.250468   5.777182   3.776551
                   11         12         13         14         15
    11  C    0.000000
    12  H    1.087285   0.000000
    13  H    2.652559   3.724667   0.000000
    14  H    1.088136   1.854210   2.468992   0.000000
    15  H    4.646372   4.724375   5.558233   5.467432   0.000000
    16  C    5.703059   6.174301   5.643478   6.118505   2.742822
    17  H    6.314604   6.912236   5.795566   6.652309   3.638368
    18  H    5.958026   6.382794   6.061982   6.253168   3.346353
    19  H    6.249705   6.587780   6.422709   6.801112   2.421006
                   16         17         18         19
    16  C    0.000000
    17  H    1.094217   0.000000
    18  H    1.097317   1.760697   0.000000
    19  H    1.092267   1.769598   1.764581   0.000000
 Symmetry turned off by external request.
 Stoichiometry    C8H9O2(2)
 Framework group  C1[X(C8H9O2)]
 Deg. of freedom    51
 Full point group                 C1      NOp   1
 Rotational constants (GHZ):           2.6413857           1.0520470           0.8048556
 Standard basis: 6-311G(d,p) (5D, 7F)
   234 basis functions,   392 primitive gaussians,   244 cartesian basis functions
    37 alpha electrons       36 beta electrons
       nuclear repulsion energy       513.3712074506 Hartrees.
 NAtoms=   19 NActive=   19 NUniq=   19 SFac= 1.00D+00 NAtFMM=   60 NAOKFM=F Big=F
 Integral buffers will be    131072 words long.
 Raffenetti 2 integral format.
 Two-electron integral symmetry is turned off.
 One-electron integrals computed using PRISM.
 NBasis=   234 RedAO= T EigKep=  2.37D-04  NBF=   234
 NBsUse=   234 1.00D-06 EigRej= -1.00D+00 NBFU=   234
 Initial guess from the checkpoint file:  "SR-13-ts-SR-14.chk"
 B after Tr=     0.000274   -0.000005   -0.000188
         Rot=    1.000000    0.000008   -0.000028   -0.000011 Ang=   0.00 deg.
 Initial guess <Sx>= 0.0000 <Sy>= 0.0000 <Sz>= 0.5000 <S**2>= 0.7802 S= 0.5150
 ExpMin= 1.03D-01 ExpMax= 8.59D+03 ExpMxC= 1.30D+03 IAcc=2 IRadAn=         4 AccDes= 0.00D+00
 Harris functional with IExCor=  402 and IRadAn=       4 diagonalized for initial guess.
 HarFok:  IExCor=  402 AccDes= 0.00D+00 IRadAn=         4 IDoV= 1 UseB2=F ITyADJ=14
 ICtDFT=  3500011 ScaDFX=  1.000000  1.000000  1.000000  1.000000
 FoFCou: FMM=F IPFlag=           0 FMFlag=      100000 FMFlg1=           0
         NFxFlg=           0 DoJE=T BraDBF=F KetDBF=T FulRan=T
         wScrn=  0.000000 ICntrl=       500 IOpCl=  0 I1Cent=   200000004 NGrid=           0
         NMat0=    1 NMatS0=      1 NMatT0=    0 NMatD0=    1 NMtDS0=    0 NMtDT0=    0
 Symmetry not used in FoFCou.
 Requested convergence on RMS density matrix=1.00D-08 within 128 cycles.
 Requested convergence on MAX density matrix=1.00D-06.
 Requested convergence on             energy=1.00D-06.
 No special actions if energy rises.
 Integral accuracy reduced to 1.0D-05 until final iterations.
 Initial convergence to 1.0D-05 achieved.  Increase integral accuracy.
 SCF Done:  E(UB3LYP) =  -460.746078043     A.U. after   15 cycles
            NFock= 15  Conv=0.39D-08     -V/T= 2.0039
 <Sx>= 0.0000 <Sy>= 0.0000 <Sz>= 0.5000 <S**2>= 0.7800 S= 0.5149
 <L.S>= 0.000000000000E+00
 Annihilation of the first spin contaminant:
 S**2 before annihilation     0.7800,   after     0.7506
 DoSCS=F DFT=T ScalE2(SS,OS)=  1.000000  1.000000
 Range of M.O.s used for correlation:     1   234
 NBasis=   234 NAE=    37 NBE=    36 NFC=     0 NFV=     0
 NROrb=    234 NOA=    37 NOB=    36 NVA=   197 NVB=   198

 **** Warning!!: The largest alpha MO coefficient is  0.11558044D+02


 **** Warning!!: The largest beta MO coefficient is  0.11693035D+02

 Symmetrizing basis deriv contribution to polar:
 IMax=3 JMax=2 DiffMx= 0.00D+00
 Calling FoFJK, ICntrl=      2147 FMM=F ISym2X=0 I1Cent= 0 IOpClX= 1 NMat=1 NMatS=1 NMatT=0.
 -------------------------------------------------------------------
 Center     Atomic                   Forces (Hartrees/Bohr)
 Number     Number              X              Y              Z
 -------------------------------------------------------------------
      1        6          -0.000499244    0.000011750    0.000348970
      2        6          -0.001526850    0.000636682   -0.000890322
      3        6          -0.001021257    0.000653594    0.003635213
      4        6          -0.006728660   -0.002561291    0.018613412
      5        6          -0.001262085   -0.002172180    0.003103354
      6        6          -0.002198333   -0.000621060   -0.001650030
      7        1           0.000005867   -0.000237009    0.000202650
      8        8          -0.007601753    0.001684417   -0.013256673
      9        8          -0.001095387    0.000381266   -0.000476873
     10        1          -0.000105965    0.000067554   -0.000559617
     11        6           0.019858731    0.002203817   -0.007580180
     12        1           0.001433800    0.000355754   -0.000352992
     13        1           0.000002100   -0.000122351   -0.000139052
     14        1           0.001488069   -0.000127565   -0.000325767
     15        1          -0.000136762    0.000036711   -0.000641239
     16        6          -0.000520945   -0.000170553   -0.000023127
     17        1          -0.000044409   -0.000013014   -0.000004115
     18        1          -0.000006838    0.000009856   -0.000011548
     19        1          -0.000040082   -0.000016377    0.000007936
 -------------------------------------------------------------------
 Cartesian Forces:  Max     0.019858731 RMS     0.004474537
 IRC-IRC-IRC-IRC-IRC-IRC-IRC-IRC-IRC-IRC-IRC-IRC-IRC-IRC-IRC-IRC-IRC-IRC
 Pt 18 Step number   1 out of a maximum of  20
 Modified Bulirsch-Stoer Extrapolation Cycles:
    EPS =    0.000010000000000
      PEZero:  N= 2 I= 1 D=  8.29D-04 Err=  3.85D-05
      PEZero:  N= 3 I= 2 D=  8.29D-04 Err=  2.56D-05
      PEZero:  N= 3 I= 1 D=  1.66D-03 Err=  8.21D-08
 Maximum DWI energy   std dev =  0.000006976 at pt    47
 Maximum DWI gradient std dev =  0.011149236 at pt    39
 CORRECTOR INTEGRATION CONVERGENCE:
   Recorrection delta-x convergence threshold:    0.010000
   Delta-x Convergence Met
 Point Number:   8          Path Number:   2
   CHANGE IN THE REACTION COORDINATE =    0.15916
   NET REACTION COORDINATE UP TO THIS POINT =    1.27350
  # OF POINTS ALONG THE PATH =  18
  # OF STEPS =   1

 Calculating another point on the path.
 IRC-IRC-IRC-IRC-IRC-IRC-IRC-IRC-IRC-IRC-IRC-IRC-IRC-IRC-IRC-IRC-IRC-IRC
                          Input orientation:                          
 ---------------------------------------------------------------------
 Center     Atomic      Atomic             Coordinates (Angstroms)
 Number     Number       Type             X           Y           Z
 ---------------------------------------------------------------------
      1          6           0        1.886806   -0.052591    0.059119
      2          6           0        1.019113    1.065832    0.055197
      3          6           0       -0.336761    0.914783   -0.067031
      4          6           0       -0.964947   -0.423251   -0.034997
      5          6           0       -0.031050   -1.528352   -0.274527
      6          6           0        1.321512   -1.334343   -0.147861
      7          1           0       -0.448468   -2.510590   -0.461201
      8          8           0       -2.306994   -0.481572   -0.546210
      9          8           0       -1.165455    1.985441   -0.136518
     10          1           0        1.418979    2.072743    0.108228
     11          6           0       -2.235050   -0.625047    0.861523
     12          1           0       -2.453032   -1.620508    1.240960
     13          1           0       -2.018308    1.657285   -0.461365
     14          1           0       -2.616904    0.211817    1.443014
     15          1           0        1.985467   -2.188509   -0.236379
     16          6           0        3.368324    0.131859    0.245634
     17          1           0        3.737269    0.999371   -0.309972
     18          1           0        3.620363    0.298053    1.300673
     19          1           0        3.925276   -0.746306   -0.088598
 ---------------------------------------------------------------------
                    Distance matrix (angstroms):
                    1          2          3          4          5
     1  C    0.000000
     2  C    1.415548   0.000000
     3  C    2.428163   1.369726   0.000000
     4  C    2.877280   2.482337   1.478505   0.000000
     5  C    2.442818   2.818041   2.470915   1.466556   0.000000
     6  C    1.416081   2.427657   2.795526   2.463883   1.372264
     7  H    3.430160   3.900161   3.449787   2.192119   1.083456
     8  O    4.258921   3.717410   2.461958   1.437300   2.519818
     9  O    3.675343   2.377977   1.355681   2.419154   3.694951
    10  H    2.176767   1.084700   2.110500   3.454505   3.900894
    11  C    4.238071   3.754838   2.614725   1.567683   2.638975
    12  H    4.763329   4.547334   3.552062   2.296930   2.858530
    13  H    4.294705   3.137288   1.880002   2.370652   3.759307
    14  H    4.718949   3.984469   2.823730   2.305817   3.558761
    15  H    2.158518   3.407285   3.879670   3.444072   2.122169
    16  C    1.504562   2.535225   3.799787   4.377686   3.818718
    17  H    2.160340   2.743381   4.082143   4.920396   4.537716
    18  H    2.160932   2.984493   4.231997   4.830047   4.376051
    19  H    2.158337   3.427871   4.574345   4.901174   4.037162
                    6          7          8          9         10
     6  C    0.000000
     7  H    2.148155   0.000000
     8  O    3.748595   2.752864   0.000000
     9  O    4.148024   4.564404   2.749020   0.000000
    10  H    3.418086   4.981822   4.564613   2.597465   0.000000
    11  C    3.764451   2.914918   1.416853   2.992451   4.604069
    12  H    4.032109   2.776306   2.124259   4.069173   5.469521
    13  H    4.494721   4.453715   2.159918   0.969830   3.508844
    14  H    4.520246   3.967323   2.129283   2.783409   4.640372
    15  H    1.085482   2.465425   4.629779   5.230692   4.312532
    16  C    2.548337   4.695749   5.763033   4.912938   2.754243
    17  H    3.362793   5.464713   6.227529   5.003911   2.588722
    18  H    3.169807   5.248624   6.257184   5.274168   3.068801
    19  H    2.669997   4.730874   6.254653   5.777567   3.777207
                   11         12         13         14         15
    11  C    0.000000
    12  H    1.087397   0.000000
    13  H    2.646894   3.718982   0.000000
    14  H    1.088250   1.850702   2.464621   0.000000
    15  H    4.632770   4.712263   5.556164   5.455616   0.000000
    16  C    5.687708   6.160329   5.642923   6.104348   2.743855
    17  H    6.299184   6.898477   5.795035   6.638427   3.638243
    18  H    5.943974   6.369503   6.061922   6.239487   3.349388
    19  H    6.234344   6.573794   6.422023   6.787043   2.421704
                   16         17         18         19
    16  C    0.000000
    17  H    1.094256   0.000000
    18  H    1.097383   1.760594   0.000000
    19  H    1.092281   1.769673   1.764576   0.000000
 Symmetry turned off by external request.
 Stoichiometry    C8H9O2(2)
 Framework group  C1[X(C8H9O2)]
 Deg. of freedom    51
 Full point group                 C1      NOp   1
 Rotational constants (GHZ):           2.6409709           1.0534855           0.8055332
 Standard basis: 6-311G(d,p) (5D, 7F)
   234 basis functions,   392 primitive gaussians,   244 cartesian basis functions
    37 alpha electrons       36 beta electrons
       nuclear repulsion energy       513.4983538021 Hartrees.
 NAtoms=   19 NActive=   19 NUniq=   19 SFac= 1.00D+00 NAtFMM=   60 NAOKFM=F Big=F
 Integral buffers will be    131072 words long.
 Raffenetti 2 integral format.
 Two-electron integral symmetry is turned off.
 One-electron integrals computed using PRISM.
 NBasis=   234 RedAO= T EigKep=  2.40D-04  NBF=   234
 NBsUse=   234 1.00D-06 EigRej= -1.00D+00 NBFU=   234
 Initial guess from the checkpoint file:  "SR-13-ts-SR-14.chk"
 B after Tr=     0.000296   -0.000008   -0.000199
         Rot=    1.000000    0.000011   -0.000035   -0.000011 Ang=   0.00 deg.
 Initial guess <Sx>= 0.0000 <Sy>= 0.0000 <Sz>= 0.5000 <S**2>= 0.7799 S= 0.5148
 ExpMin= 1.03D-01 ExpMax= 8.59D+03 ExpMxC= 1.30D+03 IAcc=2 IRadAn=         4 AccDes= 0.00D+00
 Harris functional with IExCor=  402 and IRadAn=       4 diagonalized for initial guess.
 HarFok:  IExCor=  402 AccDes= 0.00D+00 IRadAn=         4 IDoV= 1 UseB2=F ITyADJ=14
 ICtDFT=  3500011 ScaDFX=  1.000000  1.000000  1.000000  1.000000
 FoFCou: FMM=F IPFlag=           0 FMFlag=      100000 FMFlg1=           0
         NFxFlg=           0 DoJE=T BraDBF=F KetDBF=T FulRan=T
         wScrn=  0.000000 ICntrl=       500 IOpCl=  0 I1Cent=   200000004 NGrid=           0
         NMat0=    1 NMatS0=      1 NMatT0=    0 NMatD0=    1 NMtDS0=    0 NMtDT0=    0
 Symmetry not used in FoFCou.
 Requested convergence on RMS density matrix=1.00D-08 within 128 cycles.
 Requested convergence on MAX density matrix=1.00D-06.
 Requested convergence on             energy=1.00D-06.
 No special actions if energy rises.
 Integral accuracy reduced to 1.0D-05 until final iterations.
 Initial convergence to 1.0D-05 achieved.  Increase integral accuracy.
 SCF Done:  E(UB3LYP) =  -460.747510923     A.U. after   14 cycles
            NFock= 14  Conv=0.40D-08     -V/T= 2.0039
 <Sx>= 0.0000 <Sy>= 0.0000 <Sz>= 0.5000 <S**2>= 0.7798 S= 0.5148
 <L.S>= 0.000000000000E+00
 Annihilation of the first spin contaminant:
 S**2 before annihilation     0.7798,   after     0.7506
 DoSCS=F DFT=T ScalE2(SS,OS)=  1.000000  1.000000
 Range of M.O.s used for correlation:     1   234
 NBasis=   234 NAE=    37 NBE=    36 NFC=     0 NFV=     0
 NROrb=    234 NOA=    37 NOB=    36 NVA=   197 NVB=   198

 **** Warning!!: The largest alpha MO coefficient is  0.11027450D+02


 **** Warning!!: The largest beta MO coefficient is  0.11246212D+02

 Symmetrizing basis deriv contribution to polar:
 IMax=3 JMax=2 DiffMx= 0.00D+00
 Calling FoFJK, ICntrl=      2147 FMM=F ISym2X=0 I1Cent= 0 IOpClX= 1 NMat=1 NMatS=1 NMatT=0.
 -------------------------------------------------------------------
 Center     Atomic                   Forces (Hartrees/Bohr)
 Number     Number              X              Y              Z
 -------------------------------------------------------------------
      1        6          -0.000724405   -0.000008194    0.000240990
      2        6          -0.001344016    0.000519998   -0.000865024
      3        6          -0.001114371    0.000384203    0.003854940
      4        6          -0.003877358   -0.001910594    0.014980957
      5        6          -0.001412234   -0.001856420    0.003552268
      6        6          -0.002010040   -0.000518346   -0.001657440
      7        1          -0.000056889   -0.000182669    0.000243952
      8        8          -0.006458850    0.001742887   -0.011659816
      9        8          -0.001193705    0.000198042   -0.000448502
     10        1          -0.000095342    0.000050365   -0.000555114
     11        6           0.016470822    0.001717819   -0.006325822
     12        1           0.001319342    0.000262603   -0.000281018
     13        1           0.000000397   -0.000131808   -0.000142027
     14        1           0.001382240   -0.000086159   -0.000219426
     15        1          -0.000131454    0.000046724   -0.000627201
     16        6          -0.000622922   -0.000195341   -0.000073343
     17        1          -0.000051931   -0.000016186   -0.000007649
     18        1          -0.000028571    0.000002236   -0.000014440
     19        1          -0.000050711   -0.000019160    0.000003716
 -------------------------------------------------------------------
 Cartesian Forces:  Max     0.016470822 RMS     0.003722083
 IRC-IRC-IRC-IRC-IRC-IRC-IRC-IRC-IRC-IRC-IRC-IRC-IRC-IRC-IRC-IRC-IRC-IRC
 Pt 19 Step number   1 out of a maximum of  20
 Modified Bulirsch-Stoer Extrapolation Cycles:
    EPS =    0.000010000000000
      PEZero:  N= 2 I= 1 D=  8.29D-04 Err=  5.39D-05
      PEZero:  N= 3 I= 2 D=  8.29D-04 Err=  3.59D-05
      PEZero:  N= 3 I= 1 D=  1.66D-03 Err=  1.17D-07
 Maximum DWI energy   std dev =  0.000006501 at pt    35
 Maximum DWI gradient std dev =  0.014207819 at pt    59
 CORRECTOR INTEGRATION CONVERGENCE:
   Recorrection delta-x convergence threshold:    0.010000
   Delta-x Convergence Met
 Point Number:   9          Path Number:   2
   CHANGE IN THE REACTION COORDINATE =    0.15913
   NET REACTION COORDINATE UP TO THIS POINT =    1.43262
  # OF POINTS ALONG THE PATH =  19
  # OF STEPS =   1

 Calculating another point on the path.
 IRC-IRC-IRC-IRC-IRC-IRC-IRC-IRC-IRC-IRC-IRC-IRC-IRC-IRC-IRC-IRC-IRC-IRC
                          Input orientation:                          
 ---------------------------------------------------------------------
 Center     Atomic      Atomic             Coordinates (Angstroms)
 Number     Number       Type             X           Y           Z
 ---------------------------------------------------------------------
      1          6           0        1.886022   -0.052629    0.059274
      2          6           0        1.017883    1.066282    0.054401
      3          6           0       -0.337719    0.915135   -0.063273
      4          6           0       -0.967795   -0.424756   -0.022489
      5          6           0       -0.032318   -1.530048   -0.270938
      6          6           0        1.319685   -1.334795   -0.149434
      7          1           0       -0.449554   -2.512341   -0.457985
      8          8           0       -2.311000   -0.480290   -0.553800
      9          8           0       -1.166375    1.985475   -0.136814
     10          1           0        1.418028    2.073393    0.101867
     11          6           0       -2.220928   -0.623620    0.855907
     12          1           0       -2.438459   -1.618113    1.238061
     13          1           0       -2.018312    1.655670   -0.463042
     14          1           0       -2.601611    0.211152    1.441114
     15          1           0        1.984094   -2.188076   -0.243539
     16          6           0        3.367642    0.131650    0.245533
     17          1           0        3.736625    0.999180   -0.310083
     18          1           0        3.619890    0.298033    1.300541
     19          1           0        3.924606   -0.746565   -0.088579
 ---------------------------------------------------------------------
                    Distance matrix (angstroms):
                    1          2          3          4          5
     1  C    0.000000
     2  C    1.416210   0.000000
     3  C    2.428293   1.369069   0.000000
     4  C    2.879138   2.484356   1.481204   0.000000
     5  C    2.443734   2.819521   2.472916   1.469188   0.000000
     6  C    1.417126   2.428540   2.795817   2.465127   1.371422
     7  H    3.431130   3.901597   3.451941   2.194594   1.083500
     8  O    4.263068   3.720653   2.466103   1.445537   2.524757
     9  O    3.675519   2.377490   1.355620   2.421099   3.696346
    10  H    2.177338   1.084731   2.109854   3.456641   3.902214
    11  C    4.222285   3.740064   2.599834   1.543201   2.623244
    12  H    4.747780   4.533578   3.538916   2.275069   2.841540
    13  H    4.293591   3.135857   1.879521   2.371887   3.758973
    14  H    4.702968   3.969251   2.807842   2.283827   3.544597
    15  H    2.159039   3.407812   3.879849   3.445549   2.121242
    16  C    1.504609   2.536028   3.799856   4.379205   3.819386
    17  H    2.160430   2.743886   4.082678   4.923603   4.539103
    18  H    2.161020   2.985551   4.231250   4.829046   4.376077
    19  H    2.158526   3.428688   4.574855   4.903419   4.037864
                    6          7          8          9         10
     6  C    0.000000
     7  H    2.147562   0.000000
     8  O    3.751742   2.757426   0.000000
     9  O    4.147872   4.565889   2.750281   0.000000
    10  H    3.418855   4.982997   4.566930   2.596889   0.000000
    11  C    3.748656   2.903679   1.419835   2.984118   4.591782
    12  H    4.016100   2.762601   2.126418   4.061321   5.458081
    13  H    4.492600   4.453465   2.157830   0.970048   3.507427
    14  H    4.505148   3.956684   2.131251   2.774524   4.628069
    15  H    1.085534   2.464503   4.632562   5.230236   4.312755
    16  C    2.549625   4.696447   5.767181   4.913264   2.755358
    17  H    3.363755   5.465963   6.230730   5.004218   2.588344
    18  H    3.171671   5.248904   6.262574   5.274636   3.071957
    19  H    2.671204   4.731564   6.258603   5.777928   3.777746
                   11         12         13         14         15
    11  C    0.000000
    12  H    1.087372   0.000000
    13  H    2.641182   3.713211   0.000000
    14  H    1.088224   1.847718   2.460219   0.000000
    15  H    4.619363   4.698827   5.553541   5.442706   0.000000
    16  C    5.672310   6.144720   5.642093   6.088326   2.744909
    17  H    6.283745   6.883214   5.794279   6.622757   3.637910
    18  H    5.929781   6.354456   6.061578   6.223696   3.352723
    19  H    6.218904   6.558061   6.420999   6.771166   2.422303
                   16         17         18         19
    16  C    0.000000
    17  H    1.094288   0.000000
    18  H    1.097431   1.760496   0.000000
    19  H    1.092292   1.769753   1.764565   0.000000
 Symmetry turned off by external request.
 Stoichiometry    C8H9O2(2)
 Framework group  C1[X(C8H9O2)]
 Deg. of freedom    51
 Full point group                 C1      NOp   1
 Rotational constants (GHZ):           2.6406718           1.0550818           0.8063273
 Standard basis: 6-311G(d,p) (5D, 7F)
   234 basis functions,   392 primitive gaussians,   244 cartesian basis functions
    37 alpha electrons       36 beta electrons
       nuclear repulsion energy       513.6434959332 Hartrees.
 NAtoms=   19 NActive=   19 NUniq=   19 SFac= 1.00D+00 NAtFMM=   60 NAOKFM=F Big=F
 Integral buffers will be    131072 words long.
 Raffenetti 2 integral format.
 Two-electron integral symmetry is turned off.
 One-electron integrals computed using PRISM.
 NBasis=   234 RedAO= T EigKep=  2.41D-04  NBF=   234
 NBsUse=   234 1.00D-06 EigRej= -1.00D+00 NBFU=   234
 Initial guess from the checkpoint file:  "SR-13-ts-SR-14.chk"
 B after Tr=     0.000318   -0.000016   -0.000214
         Rot=    1.000000    0.000018   -0.000045   -0.000012 Ang=   0.01 deg.
 Initial guess <Sx>= 0.0000 <Sy>= 0.0000 <Sz>= 0.5000 <S**2>= 0.7797 S= 0.5147
 ExpMin= 1.03D-01 ExpMax= 8.59D+03 ExpMxC= 1.30D+03 IAcc=2 IRadAn=         4 AccDes= 0.00D+00
 Harris functional with IExCor=  402 and IRadAn=       4 diagonalized for initial guess.
 HarFok:  IExCor=  402 AccDes= 0.00D+00 IRadAn=         4 IDoV= 1 UseB2=F ITyADJ=14
 ICtDFT=  3500011 ScaDFX=  1.000000  1.000000  1.000000  1.000000
 FoFCou: FMM=F IPFlag=           0 FMFlag=      100000 FMFlg1=           0
         NFxFlg=           0 DoJE=T BraDBF=F KetDBF=T FulRan=T
         wScrn=  0.000000 ICntrl=       500 IOpCl=  0 I1Cent=   200000004 NGrid=           0
         NMat0=    1 NMatS0=      1 NMatT0=    0 NMatD0=    1 NMtDS0=    0 NMtDT0=    0
 Symmetry not used in FoFCou.
 Requested convergence on RMS density matrix=1.00D-08 within 128 cycles.
 Requested convergence on MAX density matrix=1.00D-06.
 Requested convergence on             energy=1.00D-06.
 No special actions if energy rises.
 Integral accuracy reduced to 1.0D-05 until final iterations.
 Initial convergence to 1.0D-05 achieved.  Increase integral accuracy.
 SCF Done:  E(UB3LYP) =  -460.748649525     A.U. after   13 cycles
            NFock= 13  Conv=0.75D-08     -V/T= 2.0039
 <Sx>= 0.0000 <Sy>= 0.0000 <Sz>= 0.5000 <S**2>= 0.7796 S= 0.5147
 <L.S>= 0.000000000000E+00
 Annihilation of the first spin contaminant:
 S**2 before annihilation     0.7796,   after     0.7506
 DoSCS=F DFT=T ScalE2(SS,OS)=  1.000000  1.000000
 Range of M.O.s used for correlation:     1   234
 NBasis=   234 NAE=    37 NBE=    36 NFC=     0 NFV=     0
 NROrb=    234 NOA=    37 NOB=    36 NVA=   197 NVB=   198

 **** Warning!!: The largest alpha MO coefficient is  0.10351483D+02


 **** Warning!!: The largest beta MO coefficient is  0.10698077D+02

 Symmetrizing basis deriv contribution to polar:
 IMax=3 JMax=2 DiffMx= 0.00D+00
 G2DrvN: will do    20 centers at a time, making    1 passes.
 Calling FoFCou, ICntrl=  3107 FMM=F I1Cent=   0 AccDes= 0.00D+00.
 End of G2Drv F.D. properties file   721 does not exist.
 End of G2Drv F.D. properties file   722 does not exist.
 End of G2Drv F.D. properties file   788 does not exist.
          IDoAtm=1111111111111111111
          Differentiating once with respect to nuclear coordinates.
 Keep R1 and R2 ints in memory in canonical form, NReq=777448237.
          There are    60 degrees of freedom in the 1st order CPHF.  IDoFFX=6 NUNeed=     0.
     54 vectors produced by pass  0 Test12= 2.40D-14 1.67D-09 XBig12= 3.57D-01 2.83D-01.
 AX will form    54 AO Fock derivatives at one time.
     54 vectors produced by pass  1 Test12= 2.40D-14 1.67D-09 XBig12= 7.90D-02 9.49D-02.
     54 vectors produced by pass  2 Test12= 2.40D-14 1.67D-09 XBig12= 1.64D-03 1.22D-02.
     54 vectors produced by pass  3 Test12= 2.40D-14 1.67D-09 XBig12= 1.94D-05 7.46D-04.
     54 vectors produced by pass  4 Test12= 2.40D-14 1.67D-09 XBig12= 1.22D-07 3.89D-05.
     54 vectors produced by pass  5 Test12= 2.40D-14 1.67D-09 XBig12= 7.38D-10 2.20D-06.
     43 vectors produced by pass  6 Test12= 2.40D-14 1.67D-09 XBig12= 3.01D-12 1.92D-07.
     12 vectors produced by pass  7 Test12= 2.40D-14 1.67D-09 XBig12= 1.06D-14 9.67D-09.
 InvSVY:  IOpt=1 It=  1 EMax= 1.11D-15
 Solved reduced A of dimension   379 with    60 vectors.
 End of Minotr F.D. properties file   721 does not exist.
 End of Minotr F.D. properties file   722 does not exist.
 End of Minotr F.D. properties file   788 does not exist.
 Calling FoFJK, ICntrl=    100147 FMM=F ISym2X=0 I1Cent= 0 IOpClX= 1 NMat=1 NMatS=1 NMatT=0.
 -------------------------------------------------------------------
 Center     Atomic                   Forces (Hartrees/Bohr)
 Number     Number              X              Y              Z
 -------------------------------------------------------------------
      1        6          -0.000893552   -0.000043015    0.000060315
      2        6          -0.001080115    0.000416476   -0.000782367
      3        6          -0.001015137    0.000219761    0.003805854
      4        6          -0.000930041   -0.001122377    0.010429561
      5        6          -0.001340186   -0.001491715    0.003792209
      6        6          -0.001679183   -0.000424153   -0.001585897
      7        1          -0.000117811   -0.000117155    0.000291436
      8        8          -0.004795156    0.001741094   -0.009234022
      9        8          -0.001283022   -0.000076111   -0.000360187
     10        1          -0.000073595    0.000024266   -0.000499497
     11        6           0.012069208    0.001137508   -0.004750136
     12        1           0.001054888    0.000138806   -0.000198121
     13        1           0.000001786   -0.000142644   -0.000135513
     14        1           0.001111877   -0.000043119   -0.000101961
     15        1          -0.000114521    0.000053900   -0.000552644
     16        6          -0.000742645   -0.000224101   -0.000148292
     17        1          -0.000057654   -0.000018783   -0.000011303
     18        1          -0.000054187   -0.000006999   -0.000017321
     19        1          -0.000060953   -0.000021638   -0.000002112
 -------------------------------------------------------------------
 Cartesian Forces:  Max     0.012069208 RMS     0.002776837
 IRC-IRC-IRC-IRC-IRC-IRC-IRC-IRC-IRC-IRC-IRC-IRC-IRC-IRC-IRC-IRC-IRC-IRC
 Reaction path inflection point has been passed.
   Previous lowest Hessian eigenvalue=   -0.0005411247
   Current lowest Hessian eigenvalue =    0.0000987499
 Pt 20 Step number   1 out of a maximum of  20
 Modified Bulirsch-Stoer Extrapolation Cycles:
    EPS =    0.000010000000000
      PEZero:  N= 2 I= 1 D=  8.29D-04 Err=  7.81D-05
      PEZero:  N= 3 I= 2 D=  8.29D-04 Err=  5.19D-05
      PEZero:  N= 3 I= 1 D=  1.66D-03 Err=  2.27D-07
 Maximum DWI energy   std dev =  0.000006370 at pt    33
 Maximum DWI gradient std dev =  0.014846089 at pt    33
 CORRECTOR INTEGRATION CONVERGENCE:
   Recorrection delta-x convergence threshold:    0.010000
   Delta-x Convergence Met
 Point Number:  10          Path Number:   2
   CHANGE IN THE REACTION COORDINATE =    0.15903
   NET REACTION COORDINATE UP TO THIS POINT =    1.59165
  # OF POINTS ALONG THE PATH =  20
  # OF STEPS =   1

 Maximum number of steps reached.
 Calculation of REVERSE path complete.
 Reaction path calculation complete.
 
 Energies reported relative to the TS energy of        -460.736041
 --------------------------------------------------------------------------
    Summary of reaction path following
 --------------------------------------------------------------------------
                        Energy    RxCoord
   1                   -0.01261  -1.59165
   2                   -0.01147  -1.43262
   3                   -0.01004  -1.27350
   4                   -0.00839  -1.11433
   5                   -0.00665  -0.95515
   6                   -0.00491  -0.79596
   7                   -0.00329  -0.63677
   8                   -0.00192  -0.47758
   9                   -0.00087  -0.31840
  10                   -0.00022  -0.15922
  11                    0.00000   0.00000
  12                   -0.00020   0.15921
  13                   -0.00079   0.31838
  14                   -0.00170   0.47755
  15                   -0.00286   0.63674
  16                   -0.00418   0.79592
  17                   -0.00561   0.95510
  18                   -0.00707   1.11427
  19                   -0.00851   1.27345
  20                   -0.00991   1.43261
  21                   -0.01123   1.59177
 --------------------------------------------------------------------------
 
 Total number of points:                   20
 Total number of gradient calculations:    21
 Total number of Hessian calculations:      5
 IRC-IRC-IRC-IRC-IRC-IRC-IRC-IRC-IRC-IRC-IRC-IRC-IRC-IRC-IRC-IRC-IRC-IRC
                          Input orientation:                          
 ---------------------------------------------------------------------
 Center     Atomic      Atomic             Coordinates (Angstroms)
 Number     Number       Type             X           Y           Z
 ---------------------------------------------------------------------
      1          6           0        1.886022   -0.052629    0.059274
      2          6           0        1.017883    1.066282    0.054401
      3          6           0       -0.337719    0.915135   -0.063273
      4          6           0       -0.967795   -0.424756   -0.022489
      5          6           0       -0.032318   -1.530048   -0.270938
      6          6           0        1.319685   -1.334795   -0.149434
      7          1           0       -0.449554   -2.512341   -0.457985
      8          8           0       -2.311000   -0.480290   -0.553800
      9          8           0       -1.166375    1.985475   -0.136814
     10          1           0        1.418028    2.073393    0.101867
     11          6           0       -2.220928   -0.623620    0.855907
     12          1           0       -2.438459   -1.618113    1.238061
     13          1           0       -2.018312    1.655670   -0.463042
     14          1           0       -2.601611    0.211152    1.441114
     15          1           0        1.984094   -2.188076   -0.243539
     16          6           0        3.367642    0.131650    0.245533
     17          1           0        3.736625    0.999180   -0.310083
     18          1           0        3.619890    0.298033    1.300541
     19          1           0        3.924606   -0.746565   -0.088579
 ---------------------------------------------------------------------
                    Distance matrix (angstroms):
                    1          2          3          4          5
     1  C    0.000000
     2  C    1.416210   0.000000
     3  C    2.428293   1.369069   0.000000
     4  C    2.879138   2.484356   1.481204   0.000000
     5  C    2.443734   2.819521   2.472916   1.469188   0.000000
     6  C    1.417126   2.428540   2.795817   2.465127   1.371422
     7  H    3.431130   3.901597   3.451941   2.194594   1.083500
     8  O    4.263068   3.720653   2.466103   1.445537   2.524757
     9  O    3.675519   2.377490   1.355620   2.421099   3.696346
    10  H    2.177338   1.084731   2.109854   3.456641   3.902214
    11  C    4.222285   3.740064   2.599834   1.543201   2.623244
    12  H    4.747780   4.533578   3.538916   2.275069   2.841540
    13  H    4.293591   3.135857   1.879521   2.371887   3.758973
    14  H    4.702968   3.969251   2.807842   2.283827   3.544597
    15  H    2.159039   3.407812   3.879849   3.445549   2.121242
    16  C    1.504609   2.536028   3.799856   4.379205   3.819386
    17  H    2.160430   2.743886   4.082678   4.923603   4.539103
    18  H    2.161020   2.985551   4.231250   4.829046   4.376077
    19  H    2.158526   3.428688   4.574855   4.903419   4.037864
                    6          7          8          9         10
     6  C    0.000000
     7  H    2.147562   0.000000
     8  O    3.751742   2.757426   0.000000
     9  O    4.147872   4.565889   2.750281   0.000000
    10  H    3.418855   4.982997   4.566930   2.596889   0.000000
    11  C    3.748656   2.903679   1.419835   2.984118   4.591782
    12  H    4.016100   2.762601   2.126418   4.061321   5.458081
    13  H    4.492600   4.453465   2.157830   0.970048   3.507427
    14  H    4.505148   3.956684   2.131251   2.774524   4.628069
    15  H    1.085534   2.464503   4.632562   5.230236   4.312755
    16  C    2.549625   4.696447   5.767181   4.913264   2.755358
    17  H    3.363755   5.465963   6.230730   5.004218   2.588344
    18  H    3.171671   5.248904   6.262574   5.274636   3.071957
    19  H    2.671204   4.731564   6.258603   5.777928   3.777746
                   11         12         13         14         15
    11  C    0.000000
    12  H    1.087372   0.000000
    13  H    2.641182   3.713211   0.000000
    14  H    1.088224   1.847718   2.460219   0.000000
    15  H    4.619363   4.698827   5.553541   5.442706   0.000000
    16  C    5.672310   6.144720   5.642093   6.088326   2.744909
    17  H    6.283745   6.883214   5.794279   6.622757   3.637910
    18  H    5.929781   6.354456   6.061578   6.223696   3.352723
    19  H    6.218904   6.558061   6.420999   6.771166   2.422303
                   16         17         18         19
    16  C    0.000000
    17  H    1.094288   0.000000
    18  H    1.097431   1.760496   0.000000
    19  H    1.092292   1.769753   1.764565   0.000000
 Symmetry turned off by external request.
 Stoichiometry    C8H9O2(2)
 Framework group  C1[X(C8H9O2)]
 Deg. of freedom    51
 Full point group                 C1      NOp   1
 Rotational constants (GHZ):           2.6406718           1.0550818           0.8063273

 **********************************************************************

            Population analysis using the SCF density.

 **********************************************************************

 Alpha  occ. eigenvalues --  -19.15591 -19.15276 -10.25349 -10.24155 -10.23824
 Alpha  occ. eigenvalues --  -10.18756 -10.17907 -10.17258 -10.16985 -10.16647
 Alpha  occ. eigenvalues --   -1.10240  -1.06720  -0.85482  -0.76838  -0.75157
 Alpha  occ. eigenvalues --   -0.68844  -0.66982  -0.61804  -0.61237  -0.54953
 Alpha  occ. eigenvalues --   -0.51899  -0.50235  -0.47321  -0.45080  -0.44543
 Alpha  occ. eigenvalues --   -0.43284  -0.42293  -0.41550  -0.40062  -0.38031
 Alpha  occ. eigenvalues --   -0.36953  -0.35590  -0.34556  -0.30524  -0.29862
 Alpha  occ. eigenvalues --   -0.25001  -0.16411
 Alpha virt. eigenvalues --   -0.00382   0.04166   0.04419   0.05181   0.06171
 Alpha virt. eigenvalues --    0.07761   0.09085   0.09681   0.11416   0.12291
 Alpha virt. eigenvalues --    0.13300   0.14340   0.17112   0.18809   0.21772
 Alpha virt. eigenvalues --    0.22689   0.25410   0.27847   0.29247   0.29772
 Alpha virt. eigenvalues --    0.31926   0.34116   0.34928   0.35546   0.37180
 Alpha virt. eigenvalues --    0.38478   0.39469   0.40096   0.43281   0.44332
 Alpha virt. eigenvalues --    0.44804   0.45519   0.46405   0.47598   0.48268
 Alpha virt. eigenvalues --    0.49511   0.52066   0.52320   0.54533   0.55860
 Alpha virt. eigenvalues --    0.56141   0.56860   0.58688   0.60751   0.61329
 Alpha virt. eigenvalues --    0.61743   0.62196   0.63216   0.64868   0.67020
 Alpha virt. eigenvalues --    0.68151   0.73566   0.75135   0.76047   0.77326
 Alpha virt. eigenvalues --    0.78576   0.78909   0.80289   0.85739   0.87435
 Alpha virt. eigenvalues --    0.88204   0.91301   0.93274   0.94911   0.97119
 Alpha virt. eigenvalues --    0.99450   1.01284   1.04409   1.06937   1.09398
 Alpha virt. eigenvalues --    1.10997   1.13066   1.16842   1.19025   1.22033
 Alpha virt. eigenvalues --    1.30329   1.32669   1.33152   1.34323   1.39507
 Alpha virt. eigenvalues --    1.40822   1.42004   1.45352   1.46340   1.47290
 Alpha virt. eigenvalues --    1.49085   1.49296   1.50920   1.53317   1.54184
 Alpha virt. eigenvalues --    1.55798   1.56479   1.57997   1.60595   1.61717
 Alpha virt. eigenvalues --    1.62901   1.65683   1.67707   1.68994   1.70691
 Alpha virt. eigenvalues --    1.72326   1.75000   1.77039   1.79001   1.79702
 Alpha virt. eigenvalues --    1.83033   1.85215   1.87189   1.90770   1.92972
 Alpha virt. eigenvalues --    1.93825   1.95751   1.98612   1.99815   2.01388
 Alpha virt. eigenvalues --    2.02367   2.03843   2.05285   2.10680   2.13175
 Alpha virt. eigenvalues --    2.16401   2.19149   2.23269   2.23951   2.30092
 Alpha virt. eigenvalues --    2.32057   2.34414   2.35717   2.42055   2.44193
 Alpha virt. eigenvalues --    2.45947   2.49835   2.50994   2.52299   2.54962
 Alpha virt. eigenvalues --    2.55434   2.56396   2.59638   2.61012   2.62964
 Alpha virt. eigenvalues --    2.64679   2.65987   2.66582   2.68380   2.72182
 Alpha virt. eigenvalues --    2.75260   2.76655   2.81419   2.83965   2.85662
 Alpha virt. eigenvalues --    2.86169   2.88237   2.98156   3.02189   3.03226
 Alpha virt. eigenvalues --    3.07021   3.08826   3.13028   3.16085   3.17572
 Alpha virt. eigenvalues --    3.19478   3.24685   3.29183   3.35456   3.39992
 Alpha virt. eigenvalues --    3.46329   3.48835   3.56489   3.59218   3.61939
 Alpha virt. eigenvalues --    3.69643   3.77931   3.80316   3.82376   3.86392
 Alpha virt. eigenvalues --    3.99025   4.07287   4.09585   4.30506   4.44782
 Alpha virt. eigenvalues --    4.70735   4.83597   4.92796   5.30050   5.45110
 Alpha virt. eigenvalues --    5.49340   5.68759  23.50990  23.74647  23.79904
 Alpha virt. eigenvalues --   23.84694  23.90225  23.96374  24.12342  24.16933
 Alpha virt. eigenvalues --   49.88396  49.89858
  Beta  occ. eigenvalues --  -19.15395 -19.15065 -10.25492 -10.23685 -10.23511
  Beta  occ. eigenvalues --  -10.18084 -10.17481 -10.17373 -10.17028 -10.16859
  Beta  occ. eigenvalues --   -1.09778  -1.06264  -0.84787  -0.76048  -0.74684
  Beta  occ. eigenvalues --   -0.68575  -0.66421  -0.61226  -0.60943  -0.54395
  Beta  occ. eigenvalues --   -0.51604  -0.49807  -0.47051  -0.44768  -0.44244
  Beta  occ. eigenvalues --   -0.42320  -0.41668  -0.41021  -0.39488  -0.37760
  Beta  occ. eigenvalues --   -0.36666  -0.34627  -0.34035  -0.29582  -0.28978
  Beta  occ. eigenvalues --   -0.23812
  Beta virt. eigenvalues --   -0.08358   0.01295   0.04494   0.04683   0.05978
  Beta virt. eigenvalues --    0.06534   0.07887   0.09181   0.09843   0.11688
  Beta virt. eigenvalues --    0.12463   0.13689   0.14411   0.17948   0.19308
  Beta virt. eigenvalues --    0.22232   0.23255   0.25743   0.28171   0.29444
  Beta virt. eigenvalues --    0.29933   0.32379   0.34596   0.35060   0.35834
  Beta virt. eigenvalues --    0.37688   0.38703   0.40203   0.40594   0.43788
  Beta virt. eigenvalues --    0.44687   0.45169   0.45796   0.46841   0.48053
  Beta virt. eigenvalues --    0.48585   0.49893   0.52293   0.52753   0.55144
  Beta virt. eigenvalues --    0.56360   0.56394   0.57554   0.58835   0.61129
  Beta virt. eigenvalues --    0.61596   0.61940   0.62284   0.63329   0.65350
  Beta virt. eigenvalues --    0.67444   0.68573   0.73751   0.75603   0.76390
  Beta virt. eigenvalues --    0.77578   0.78834   0.79620   0.80639   0.85843
  Beta virt. eigenvalues --    0.87624   0.88490   0.91563   0.93592   0.95186
  Beta virt. eigenvalues --    0.97556   0.99668   1.01794   1.04802   1.07387
  Beta virt. eigenvalues --    1.10003   1.11371   1.13314   1.17155   1.19654
  Beta virt. eigenvalues --    1.22534   1.30717   1.33060   1.33541   1.34981
  Beta virt. eigenvalues --    1.39961   1.41102   1.42315   1.45544   1.46520
  Beta virt. eigenvalues --    1.47605   1.49429   1.49662   1.51324   1.53445
  Beta virt. eigenvalues --    1.54511   1.56206   1.56987   1.58390   1.61176
  Beta virt. eigenvalues --    1.61978   1.63384   1.65998   1.67875   1.69239
  Beta virt. eigenvalues --    1.71059   1.72839   1.75368   1.77401   1.79357
  Beta virt. eigenvalues --    1.80374   1.83223   1.85718   1.87565   1.91088
  Beta virt. eigenvalues --    1.93377   1.94326   1.96109   1.99055   2.00298
  Beta virt. eigenvalues --    2.01737   2.02706   2.04595   2.05752   2.10967
  Beta virt. eigenvalues --    2.13383   2.17070   2.19478   2.23480   2.24501
  Beta virt. eigenvalues --    2.30428   2.32233   2.34761   2.35916   2.42265
  Beta virt. eigenvalues --    2.44468   2.46154   2.49997   2.51195   2.52567
  Beta virt. eigenvalues --    2.55531   2.55885   2.56776   2.59934   2.61446
  Beta virt. eigenvalues --    2.63112   2.64759   2.66307   2.66817   2.68552
  Beta virt. eigenvalues --    2.72616   2.75869   2.76923   2.81668   2.84276
  Beta virt. eigenvalues --    2.86140   2.87270   2.89433   2.98500   3.02921
  Beta virt. eigenvalues --    3.03931   3.07512   3.09323   3.13395   3.16799
  Beta virt. eigenvalues --    3.17859   3.20045   3.24864   3.29511   3.35780
  Beta virt. eigenvalues --    3.40211   3.46639   3.49067   3.56762   3.59306
  Beta virt. eigenvalues --    3.62465   3.69978   3.78169   3.80438   3.82524
  Beta virt. eigenvalues --    3.86780   3.99241   4.07540   4.10025   4.31128
  Beta virt. eigenvalues --    4.45260   4.71363   4.84424   4.92972   5.30323
  Beta virt. eigenvalues --    5.45624   5.49646   5.69017  23.51252  23.74780
  Beta virt. eigenvalues --   23.80211  23.84838  23.90471  23.96748  24.12376
  Beta virt. eigenvalues --   24.17039  49.88606  49.90052
          Condensed to atoms (all electrons):
               1          2          3          4          5          6
     1  C    5.136934   0.480933  -0.058980  -0.038977  -0.057045   0.486006
     2  C    0.480933   4.890030   0.546680  -0.069908  -0.034229  -0.053452
     3  C   -0.058980   0.546680   4.832956   0.288332   0.018266  -0.041188
     4  C   -0.038977  -0.069908   0.288332   5.468446   0.339413  -0.047132
     5  C   -0.057045  -0.034229   0.018266   0.339413   4.987982   0.492384
     6  C    0.486006  -0.053452  -0.041188  -0.047132   0.492384   4.890810
     7  H    0.008607  -0.000795   0.004880  -0.051617   0.417737  -0.031407
     8  O    0.000320   0.004446  -0.026282   0.076182  -0.013190   0.004775
     9  O    0.003187  -0.047537   0.362200  -0.078418   0.003725  -0.000072
    10  H   -0.047854   0.394423  -0.029721   0.013602  -0.001615   0.007421
    11  C    0.001878  -0.005511  -0.070655   0.211726  -0.054890  -0.001300
    12  H   -0.000072   0.000383   0.004175  -0.014093  -0.000079  -0.001396
    13  H   -0.000402   0.010043  -0.046022  -0.023850   0.000657  -0.000238
    14  H   -0.000147  -0.002082  -0.006027  -0.016933   0.004360   0.000727
    15  H   -0.049748   0.007529  -0.000594   0.009695  -0.032133   0.408938
    16  C    0.366616  -0.056137   0.005631  -0.000061   0.006092  -0.056173
    17  H   -0.039859  -0.004843   0.000495  -0.000060  -0.000217   0.004116
    18  H   -0.040036  -0.003456   0.000169  -0.000029  -0.000044  -0.001149
    19  H   -0.036597   0.006726  -0.000429   0.000063   0.000336  -0.006864
               7          8          9         10         11         12
     1  C    0.008607   0.000320   0.003187  -0.047854   0.001878  -0.000072
     2  C   -0.000795   0.004446  -0.047537   0.394423  -0.005511   0.000383
     3  C    0.004880  -0.026282   0.362200  -0.029721  -0.070655   0.004175
     4  C   -0.051617   0.076182  -0.078418   0.013602   0.211726  -0.014093
     5  C    0.417737  -0.013190   0.003725  -0.001615  -0.054890  -0.000079
     6  C   -0.031407   0.004775  -0.000072   0.007421  -0.001300  -0.001396
     7  H    0.572603   0.001360  -0.000109   0.000095   0.000576  -0.000651
     8  O    0.001360   8.143416  -0.010558  -0.000180   0.169156  -0.022613
     9  O   -0.000109  -0.010558   7.779257   0.003981   0.007148   0.000078
    10  H    0.000095  -0.000180   0.003981   0.573519  -0.000267  -0.000006
    11  C    0.000576   0.169156   0.007148  -0.000267   4.980484   0.388705
    12  H   -0.000651  -0.022613   0.000078  -0.000006   0.388705   0.564133
    13  H   -0.000096   0.036529   0.319634  -0.000827  -0.002454   0.001059
    14  H    0.000225  -0.029856   0.009562   0.000004   0.390347  -0.043139
    15  H   -0.010162  -0.000124   0.000012  -0.000354  -0.000183   0.000013
    16  C   -0.000295   0.000001  -0.000080  -0.007419   0.000019   0.000000
    17  H    0.000020  -0.000001  -0.000019   0.001971   0.000008   0.000000
    18  H    0.000014   0.000001   0.000001   0.000360  -0.000028   0.000002
    19  H   -0.000031   0.000000   0.000002   0.000120   0.000001  -0.000001
              13         14         15         16         17         18
     1  C   -0.000402  -0.000147  -0.049748   0.366616  -0.039859  -0.040036
     2  C    0.010043  -0.002082   0.007529  -0.056137  -0.004843  -0.003456
     3  C   -0.046022  -0.006027  -0.000594   0.005631   0.000495   0.000169
     4  C   -0.023850  -0.016933   0.009695  -0.000061  -0.000060  -0.000029
     5  C    0.000657   0.004360  -0.032133   0.006092  -0.000217  -0.000044
     6  C   -0.000238   0.000727   0.408938  -0.056173   0.004116  -0.001149
     7  H   -0.000096   0.000225  -0.010162  -0.000295   0.000020   0.000014
     8  O    0.036529  -0.029856  -0.000124   0.000001  -0.000001   0.000001
     9  O    0.319634   0.009562   0.000012  -0.000080  -0.000019   0.000001
    10  H   -0.000827   0.000004  -0.000354  -0.007419   0.001971   0.000360
    11  C   -0.002454   0.390347  -0.000183   0.000019   0.000008  -0.000028
    12  H    0.001059  -0.043139   0.000013   0.000000   0.000000   0.000002
    13  H    0.459171  -0.007040   0.000004   0.000021   0.000000   0.000001
    14  H   -0.007040   0.580389  -0.000006   0.000003   0.000000   0.000001
    15  H    0.000004  -0.000006   0.585493  -0.008584   0.000025   0.000058
    16  C    0.000021   0.000003  -0.008584   4.796087   0.404326   0.398155
    17  H    0.000000   0.000000   0.000025   0.404326   0.577115  -0.034033
    18  H    0.000001   0.000001   0.000058   0.398155  -0.034033   0.584218
    19  H   -0.000001   0.000000   0.003924   0.406596  -0.026438  -0.029347
              19
     1  C   -0.036597
     2  C    0.006726
     3  C   -0.000429
     4  C    0.000063
     5  C    0.000336
     6  C   -0.006864
     7  H   -0.000031
     8  O    0.000000
     9  O    0.000002
    10  H    0.000120
    11  C    0.000001
    12  H   -0.000001
    13  H   -0.000001
    14  H    0.000000
    15  H    0.003924
    16  C    0.406596
    17  H   -0.026438
    18  H   -0.029347
    19  H    0.573864
          Atomic-Atomic Spin Densities.
               1          2          3          4          5          6
     1  C    0.555050  -0.026854  -0.024981  -0.001424  -0.028449   0.028532
     2  C   -0.026854  -0.178597   0.029329   0.001909   0.004044   0.000461
     3  C   -0.024981   0.029329   0.353025   0.011212   0.013415  -0.000285
     4  C   -0.001424   0.001909   0.011212  -0.105340   0.002960   0.000086
     5  C   -0.028449   0.004044   0.013415   0.002960   0.444783  -0.021762
     6  C    0.028532   0.000461  -0.000285   0.000086  -0.021762  -0.178505
     7  H   -0.000366  -0.000049  -0.000159  -0.000274   0.003295   0.000785
     8  O    0.000018   0.000110  -0.001968   0.013513  -0.002447   0.000370
     9  O    0.000563  -0.000435  -0.051520   0.000541  -0.000384   0.000015
    10  H   -0.000440  -0.000141   0.000413  -0.000043   0.000017  -0.000127
    11  C    0.002373  -0.002064  -0.025962  -0.006099  -0.029452  -0.000660
    12  H   -0.000114   0.000062   0.000618   0.000900   0.003191   0.000027
    13  H   -0.000016  -0.000096  -0.001742   0.000988   0.000024   0.000012
    14  H   -0.000043   0.000096   0.001353   0.000859   0.000508  -0.000014
    15  H   -0.000414   0.000050   0.000014  -0.000064  -0.000117  -0.000095
    16  C   -0.011290   0.002537  -0.000325  -0.000046  -0.000006   0.000077
    17  H   -0.009376   0.000526   0.000357  -0.000050   0.000211  -0.000205
    18  H   -0.016192   0.000991   0.000188   0.000102   0.000094  -0.000518
    19  H   -0.002454  -0.000064   0.000034  -0.000018   0.000145   0.000288
               7          8          9         10         11         12
     1  C   -0.000366   0.000018   0.000563  -0.000440   0.002373  -0.000114
     2  C   -0.000049   0.000110  -0.000435  -0.000141  -0.002064   0.000062
     3  C   -0.000159  -0.001968  -0.051520   0.000413  -0.025962   0.000618
     4  C   -0.000274   0.013513   0.000541  -0.000043  -0.006099   0.000900
     5  C    0.003295  -0.002447  -0.000384   0.000017  -0.029452   0.003191
     6  C    0.000785   0.000370   0.000015  -0.000127  -0.000660   0.000027
     7  H   -0.026781  -0.000295   0.000002  -0.000002   0.001432  -0.000220
     8  O   -0.000295   0.106179  -0.000075  -0.000007  -0.058507   0.002083
     9  O    0.000002  -0.000075   0.099565  -0.000081   0.004267  -0.000104
    10  H   -0.000002  -0.000007  -0.000081   0.007165   0.000038  -0.000001
    11  C    0.001432  -0.058507   0.004267   0.000038   0.288899  -0.008532
    12  H   -0.000220   0.002083  -0.000104  -0.000001  -0.008532  -0.002309
    13  H   -0.000002   0.000074   0.000827  -0.000011  -0.001063   0.000018
    14  H   -0.000004   0.001313  -0.000666   0.000002  -0.006604   0.001599
    15  H    0.000406  -0.000008   0.000000   0.000001   0.000037  -0.000004
    16  C    0.000011   0.000000   0.000002   0.000293   0.000005   0.000000
    17  H    0.000004  -0.000001  -0.000009   0.000149   0.000014  -0.000001
    18  H   -0.000009   0.000002  -0.000002  -0.000170  -0.000046   0.000003
    19  H    0.000006   0.000000   0.000000   0.000007   0.000005   0.000000
              13         14         15         16         17         18
     1  C   -0.000016  -0.000043  -0.000414  -0.011290  -0.009376  -0.016192
     2  C   -0.000096   0.000096   0.000050   0.002537   0.000526   0.000991
     3  C   -0.001742   0.001353   0.000014  -0.000325   0.000357   0.000188
     4  C    0.000988   0.000859  -0.000064  -0.000046  -0.000050   0.000102
     5  C    0.000024   0.000508  -0.000117  -0.000006   0.000211   0.000094
     6  C    0.000012  -0.000014  -0.000095   0.000077  -0.000205  -0.000518
     7  H   -0.000002  -0.000004   0.000406   0.000011   0.000004  -0.000009
     8  O    0.000074   0.001313  -0.000008   0.000000  -0.000001   0.000002
     9  O    0.000827  -0.000666   0.000000   0.000002  -0.000009  -0.000002
    10  H   -0.000011   0.000002   0.000001   0.000293   0.000149  -0.000170
    11  C   -0.001063  -0.006604   0.000037   0.000005   0.000014  -0.000046
    12  H    0.000018   0.001599  -0.000004   0.000000  -0.000001   0.000003
    13  H   -0.000311   0.000081   0.000000  -0.000001  -0.000001   0.000000
    14  H    0.000081  -0.000189  -0.000001   0.000000   0.000000   0.000001
    15  H    0.000000  -0.000001   0.007336   0.000224   0.000039  -0.000131
    16  C   -0.000001   0.000000   0.000224  -0.041722   0.003813   0.004583
    17  H   -0.000001   0.000000   0.000039   0.003813   0.026962  -0.011017
    18  H    0.000000   0.000001  -0.000131   0.004583  -0.011017   0.053906
    19  H    0.000000   0.000000   0.000060   0.002613   0.002439  -0.004040
              19
     1  C   -0.002454
     2  C   -0.000064
     3  C    0.000034
     4  C   -0.000018
     5  C    0.000145
     6  C    0.000288
     7  H    0.000006
     8  O    0.000000
     9  O    0.000000
    10  H    0.000007
    11  C    0.000005
    12  H    0.000000
    13  H    0.000000
    14  H    0.000000
    15  H    0.000060
    16  C    0.002613
    17  H    0.002439
    18  H   -0.004040
    19  H    0.004001
 Mulliken charges and spin densities:
               1          2
     1  C   -0.114762   0.464123
     2  C   -0.063242  -0.168187
     3  C    0.216113   0.303014
     4  C   -0.066381  -0.080288
     5  C   -0.077512   0.390069
     6  C   -0.054805  -0.171519
     7  H    0.089048  -0.022219
     8  O   -0.333381   0.060353
     9  O   -0.351997   0.052505
    10  H    0.092746   0.007063
    11  C   -0.014760   0.158081
    12  H    0.123501  -0.002784
    13  H    0.253810  -0.001219
    14  H    0.119610  -0.001710
    15  H    0.086196   0.007333
    16  C   -0.254799  -0.039233
    17  H    0.117396   0.013854
    18  H    0.125141   0.027745
    19  H    0.108076   0.003020
 Sum of Mulliken charges =   0.00000   1.00000
 Mulliken charges and spin densities with hydrogens summed into heavy atoms:
               1          2
     1  C   -0.114762   0.464123
     2  C    0.029505  -0.161125
     3  C    0.216113   0.303014
     4  C   -0.066381  -0.080288
     5  C    0.011536   0.367850
     6  C    0.031391  -0.164186
     8  O   -0.333381   0.060353
     9  O   -0.098186   0.051286
    11  C    0.228351   0.153587
    16  C    0.095815   0.005385
 APT charges:
               1
     1  C    0.066046
     2  C   -0.452284
     3  C   -0.233523
     4  C    0.039934
     5  C   -0.635919
     6  C   -0.500433
     7  H    0.507843
     8  O   -0.244761
     9  O   -0.362588
    10  H    0.468862
    11  C   -0.713605
    12  H    0.496557
    13  H    0.527736
    14  H    0.402271
    15  H    0.560194
    16  C   -1.301611
    17  H    0.443818
    18  H    0.424388
    19  H    0.507075
 Sum of APT charges =   0.00000
 APT charges with hydrogens summed into heavy atoms:
               1
     1  C    0.066046
     2  C    0.016578
     3  C   -0.233523
     4  C    0.039934
     5  C   -0.128077
     6  C    0.059761
     8  O   -0.244761
     9  O    0.165148
    11  C    0.185223
    16  C    0.073669
 Electronic spatial extent (au):  <R**2>=           1452.6974
 Charge=              0.0000 electrons
 Dipole moment (field-independent basis, Debye):
    X=              0.2451    Y=             -0.8057    Z=              1.2064  Tot=              1.4713
 Quadrupole moment (field-independent basis, Debye-Ang):
   XX=            -53.4819   YY=            -58.4616   ZZ=            -60.8416
   XY=             -0.3764   XZ=             -2.9640   YZ=             -1.1547
 Traceless Quadrupole moment (field-independent basis, Debye-Ang):
   XX=              4.1132   YY=             -0.8665   ZZ=             -3.2466
   XY=             -0.3764   XZ=             -2.9640   YZ=             -1.1547
 Octapole moment (field-independent basis, Debye-Ang**2):
  XXX=            -18.6725  YYY=             -5.6045  ZZZ=             -2.9791  XYY=             -6.2096
  XXY=              9.0007  XXZ=              7.9402  XZZ=            -11.9125  YZZ=              4.6770
  YYZ=             -3.1840  XYZ=              5.3043
 Hexadecapole moment (field-independent basis, Debye-Ang**3):
 XXXX=          -1267.0048 YYYY=           -497.6348 ZZZZ=           -125.8149 XXXY=            -28.7775
 XXXZ=            -22.4261 YYYX=              8.7205 YYYZ=              0.3020 ZZZX=             -1.2038
 ZZZY=             -3.5412 XXYY=           -274.4124 XXZZ=           -235.1080 YYZZ=           -107.5499
 XXYZ=            -10.9897 YYXZ=             -2.9177 ZZXY=             -0.8827
 N-N= 5.136434959332D+02 E-N=-2.102576412296D+03  KE= 4.589756780983D+02
  Exact polarizability:   0.000   0.000   0.000   0.000   0.000   0.000
 Approx polarizability: 203.944   1.677 150.032   0.262   3.647  89.286
                          Isotropic Fermi Contact Couplings
        Atom                 a.u.       MegaHertz       Gauss      10(-4) cm-1
     1  C(13)              0.03275      36.81657      13.13707      12.28069
     2  C(13)             -0.02635     -29.62464     -10.57081      -9.88172
     3  C(13)              0.02252      25.31887       9.03440       8.44546
     4  C(13)             -0.03724     -41.86960     -14.94011     -13.96619
     5  C(13)              0.02507      28.18381      10.05668       9.40111
     6  C(13)             -0.02730     -30.69127     -10.95141     -10.23751
     7  H(1)              -0.00532     -23.77011      -8.48177      -7.92886
     8  O(17)              0.00732      -4.43511      -1.58256      -1.47939
     9  O(17)              0.00965      -5.84858      -2.08692      -1.95088
    10  H(1)               0.00174       7.77475       2.77422       2.59338
    11  C(13)              0.06478      72.82889      25.98716      24.29310
    12  H(1)              -0.00148      -6.63110      -2.36614      -2.21190
    13  H(1)              -0.00035      -1.57304      -0.56130      -0.52471
    14  H(1)              -0.00020      -0.90063      -0.32137      -0.30042
    15  H(1)               0.00171       7.64641       2.72843       2.55057
    16  C(13)             -0.01528     -17.17679      -6.12911      -5.72956
    17  H(1)               0.00658      29.40483      10.49237       9.80840
    18  H(1)               0.01359      60.74314      21.67466      20.26173
    19  H(1)               0.00147       6.58405       2.34935       2.19620
 --------------------------------------------------------
       Center         ----  Spin Dipole Couplings  ----
                      3XX-RR        3YY-RR        3ZZ-RR
 --------------------------------------------------------
     1   Atom       -0.253255     -0.266886      0.520141
     2   Atom        0.076195      0.064438     -0.140632
     3   Atom       -0.188219     -0.184530      0.372750
     4   Atom        0.032518      0.019737     -0.052256
     5   Atom       -0.214244     -0.185879      0.400123
     6   Atom        0.071738      0.060438     -0.132176
     7   Atom       -0.020121      0.021256     -0.001136
     8   Atom        0.351212     -0.169132     -0.182080
     9   Atom       -0.138313     -0.170027      0.308340
    10   Atom        0.007254     -0.001010     -0.006244
    11   Atom        0.218034     -0.109132     -0.108903
    12   Atom        0.001289      0.008536     -0.009824
    13   Atom        0.012521     -0.005252     -0.007269
    14   Atom        0.001990      0.002796     -0.004787
    15   Atom        0.002227      0.003973     -0.006201
    16   Atom        0.005364     -0.007979      0.002615
    17   Atom        0.004697     -0.000733     -0.003964
    18   Atom        0.004864     -0.004341     -0.000523
    19   Atom        0.006927     -0.003247     -0.003680
 --------------------------------------------------------
                        XY            XZ            YZ
 --------------------------------------------------------
     1   Atom        0.010737     -0.085889     -0.079357
     2   Atom       -0.006882      0.017555      0.004962
     3   Atom       -0.000954     -0.056512     -0.005956
     4   Atom        0.000919     -0.009533      0.004916
     5   Atom        0.008067     -0.039244     -0.101369
     6   Atom        0.008924      0.012327      0.030010
     7   Atom        0.017813      0.002086      0.005651
     8   Atom        0.001145      0.103475      0.003508
     9   Atom        0.007030     -0.111549     -0.012530
    10   Atom       -0.002964      0.001054      0.000483
    11   Atom        0.013448      0.014073     -0.000109
    12   Atom        0.007003     -0.004342     -0.008992
    13   Atom        0.003259      0.004790     -0.000546
    14   Atom       -0.004436     -0.006571      0.010825
    15   Atom        0.004731      0.001344      0.001505
    16   Atom        0.002549      0.001263     -0.000306
    17   Atom        0.004916     -0.000770     -0.000460
    18   Atom        0.002176      0.004325      0.001327
    19   Atom       -0.003181     -0.000266     -0.000277
 --------------------------------------------------------


 ---------------------------------------------------------------------------------
              Anisotropic Spin Dipole Couplings in Principal Axis System
 ---------------------------------------------------------------------------------

       Atom             a.u.   MegaHertz   Gauss  10(-4) cm-1        Axes

              Baa    -0.2752   -36.926   -13.176   -12.317 -0.1684  0.9825  0.0798
     1 C(13)  Bbb    -0.2624   -35.206   -12.562   -11.743  0.9797  0.1579  0.1235
              Bcc     0.5375    72.132    25.738    24.061 -0.1088 -0.0990  0.9891
 
              Baa    -0.1422   -19.081    -6.808    -6.365 -0.0809 -0.0266  0.9964
     2 C(13)  Bbb     0.0619     8.310     2.965     2.772  0.3776  0.9243  0.0554
              Bcc     0.0803    10.771     3.843     3.593  0.9224 -0.3807  0.0648
 
              Baa    -0.1941   -26.047    -9.294    -8.688  0.9821  0.1598  0.0996
     3 C(13)  Bbb    -0.1843   -24.737    -8.827    -8.251 -0.1601  0.9871 -0.0057
              Bcc     0.3784    50.784    18.121    16.940 -0.0992 -0.0104  0.9950
 
              Baa    -0.0537    -7.200    -2.569    -2.402  0.1104 -0.0678  0.9916
     4 C(13)  Bbb     0.0201     2.693     0.961     0.898 -0.0198  0.9973  0.0704
              Bcc     0.0336     4.507     1.608     1.503  0.9937  0.0274 -0.1088
 
              Baa    -0.2169   -29.109   -10.387    -9.710  0.9927 -0.1117  0.0448
     5 C(13)  Bbb    -0.2028   -27.210    -9.709    -9.076  0.1025  0.9798  0.1714
              Bcc     0.4197    56.319    20.096    18.786 -0.0630 -0.1656  0.9842
 
              Baa    -0.1373   -18.425    -6.575    -6.146 -0.0519 -0.1476  0.9877
     6 C(13)  Bbb     0.0574     7.700     2.748     2.569 -0.5806  0.8091  0.0903
              Bcc     0.0799    10.725     3.827     3.577  0.8125  0.5688  0.1277
 
              Baa    -0.0267   -14.263    -5.089    -4.758  0.9375 -0.3480  0.0004
     7 H(1)   Bbb    -0.0023    -1.247    -0.445    -0.416 -0.0685 -0.1832  0.9807
              Bcc     0.0291    15.510     5.534     5.174  0.3412  0.9194  0.1956
 
              Baa    -0.2018    14.600     5.210     4.870 -0.1828 -0.0987  0.9782
     8 O(17)  Bbb    -0.1688    12.215     4.359     4.075 -0.0214  0.9951  0.0964
              Bcc     0.3706   -26.816    -9.569    -8.945  0.9829  0.0033  0.1840
 
              Baa    -0.1724    12.476     4.452     4.162 -0.4467  0.8911 -0.0804
     9 O(17)  Bbb    -0.1626    11.766     4.198     3.925  0.8647  0.4530  0.2169
              Bcc     0.3350   -24.242    -8.650    -8.086 -0.2297 -0.0273  0.9729
 
              Baa    -0.0064    -3.432    -1.224    -1.145 -0.1075 -0.1463  0.9834
    10 H(1)   Bbb    -0.0018    -0.974    -0.348    -0.325  0.2876  0.9422  0.1717
              Bcc     0.0083     4.406     1.572     1.470  0.9517 -0.3013  0.0592
 
              Baa    -0.1103   -14.799    -5.281    -4.936 -0.0590  0.7496  0.6593
    11 C(13)  Bbb    -0.1089   -14.614    -5.215    -4.875 -0.0051 -0.6606  0.7507
              Bcc     0.2192    29.413    10.495     9.811  0.9982  0.0409  0.0428
 
              Baa    -0.0136    -7.281    -2.598    -2.429  0.1102  0.3433  0.9327
    12 H(1)   Bbb    -0.0029    -1.548    -0.553    -0.517  0.8750 -0.4786  0.0727
              Bcc     0.0165     8.830     3.151     2.945  0.4714  0.8082 -0.3531
 
              Baa    -0.0089    -4.729    -1.688    -1.578 -0.2562  0.3662  0.8946
    13 H(1)   Bbb    -0.0052    -2.795    -0.997    -0.932 -0.0622  0.9173 -0.3934
              Bcc     0.0141     7.525     2.685     2.510  0.9646  0.1564  0.2122
 
              Baa    -0.0131    -6.978    -2.490    -2.327  0.2139 -0.5089  0.8339
    14 H(1)   Bbb    -0.0018    -0.947    -0.338    -0.316  0.8347  0.5386  0.1146
              Bcc     0.0149     7.924     2.828     2.643 -0.5075  0.6715  0.5399
 
              Baa    -0.0065    -3.460    -1.234    -1.154 -0.0999 -0.0973  0.9902
    15 H(1)   Bbb    -0.0017    -0.912    -0.326    -0.304  0.7666 -0.6420  0.0143
              Bcc     0.0082     4.372     1.560     1.458  0.6343  0.7605  0.1387
 
              Baa    -0.0085    -1.137    -0.406    -0.379 -0.1852  0.9815  0.0482
    16 C(13)  Bbb     0.0022     0.302     0.108     0.101 -0.3001 -0.1032  0.9483
              Bcc     0.0062     0.836     0.298     0.279  0.9358  0.1611  0.3136
 
              Baa    -0.0040    -2.152    -0.768    -0.718  0.0602  0.0494  0.9970
    17 H(1)   Bbb    -0.0036    -1.939    -0.692    -0.647 -0.5090  0.8607 -0.0119
              Bcc     0.0077     4.091     1.460     1.364  0.8587  0.5067 -0.0769
 
              Baa    -0.0049    -2.604    -0.929    -0.869 -0.1540  0.9774 -0.1448
    18 H(1)   Bbb    -0.0029    -1.558    -0.556    -0.520 -0.4958  0.0503  0.8670
              Bcc     0.0078     4.162     1.485     1.388  0.8546  0.2053  0.4769
 
              Baa    -0.0043    -2.314    -0.826    -0.772  0.2512  0.8510  0.4611
    19 H(1)   Bbb    -0.0035    -1.871    -0.668    -0.624 -0.1137 -0.4472  0.8872
              Bcc     0.0078     4.185     1.493     1.396  0.9612 -0.2753 -0.0155
 

 ---------------------------------------------------------------------------------


 This type of calculation cannot be archived.


 IN-LAWS ARE LIKE SEEDS. YOU DON'T NEED THEM
 BUT THEY COME WITH THE TOMATO.
 Job cpu time:       0 days  0 hours 25 minutes 37.0 seconds.
 Elapsed time:       0 days  0 hours 25 minutes 26.9 seconds.
 File lengths (MBytes):  RWF=    212 Int=      0 D2E=      0 Chk=      9 Scr=      1
 Normal termination of Gaussian 16 at Tue Jan 13 10:07:33 2026.
