 Entering Link 1 = D:\Gaussian\G16W\l1.exe PID=     37192.
  
 Copyright (c) 1988,1990,1992,1993,1995,1998,2003,2009,2016,
            Gaussian, Inc.  All Rights Reserved.
  
 This is part of the Gaussian(R) 16 program.  It is based on
 the Gaussian(R) 09 system (copyright 2009, Gaussian, Inc.),
 the Gaussian(R) 03 system (copyright 2003, Gaussian, Inc.),
 the Gaussian(R) 98 system (copyright 1998, Gaussian, Inc.),
 the Gaussian(R) 94 system (copyright 1995, Gaussian, Inc.),
 the Gaussian 92(TM) system (copyright 1992, Gaussian, Inc.),
 the Gaussian 90(TM) system (copyright 1990, Gaussian, Inc.),
 the Gaussian 88(TM) system (copyright 1988, Gaussian, Inc.),
 the Gaussian 86(TM) system (copyright 1986, Carnegie Mellon
 University), and the Gaussian 82(TM) system (copyright 1983,
 Carnegie Mellon University). Gaussian is a federally registered
 trademark of Gaussian, Inc.
  
 This software contains proprietary and confidential information,
 including trade secrets, belonging to Gaussian, Inc.
  
 This software is provided under written license and may be
 used, copied, transmitted, or stored only in accord with that
 written license.
  
 The following legend is applicable only to US Government
 contracts under FAR:
  
                    RESTRICTED RIGHTS LEGEND
  
 Use, reproduction and disclosure by the US Government is
 subject to restrictions as set forth in subparagraphs (a)
 and (c) of the Commercial Computer Software - Restricted
 Rights clause in FAR 52.227-19.
  
 Gaussian, Inc.
 340 Quinnipiac St., Bldg. 40, Wallingford CT 06492
  
  
 ---------------------------------------------------------------
 Warning -- This program may not be used in any manner that
 competes with the business of Gaussian, Inc. or will provide
 assistance to any competitor of Gaussian, Inc.  The licensee
 of this program is prohibited from giving any competitor of
 Gaussian, Inc. access to this program.  By using this program,
 the user acknowledges that Gaussian, Inc. is engaged in the
 business of creating and licensing software in the field of
 computational chemistry and represents and warrants to the
 licensee that it is not a competitor of Gaussian, Inc. and that
 it will not use this program in any manner prohibited above.
 ---------------------------------------------------------------
  

 Cite this work as:
 Gaussian 16, Revision A.03,
 M. J. Frisch, G. W. Trucks, H. B. Schlegel, G. E. Scuseria, 
 M. A. Robb, J. R. Cheeseman, G. Scalmani, V. Barone, 
 G. A. Petersson, H. Nakatsuji, X. Li, M. Caricato, A. V. Marenich, 
 J. Bloino, B. G. Janesko, R. Gomperts, B. Mennucci, H. P. Hratchian, 
 J. V. Ortiz, A. F. Izmaylov, J. L. Sonnenberg, D. Williams-Young, 
 F. Ding, F. Lipparini, F. Egidi, J. Goings, B. Peng, A. Petrone, 
 T. Henderson, D. Ranasinghe, V. G. Zakrzewski, J. Gao, N. Rega, 
 G. Zheng, W. Liang, M. Hada, M. Ehara, K. Toyota, R. Fukuda, 
 J. Hasegawa, M. Ishida, T. Nakajima, Y. Honda, O. Kitao, H. Nakai, 
 T. Vreven, K. Throssell, J. A. Montgomery, Jr., J. E. Peralta, 
 F. Ogliaro, M. J. Bearpark, J. J. Heyd, E. N. Brothers, K. N. Kudin, 
 V. N. Staroverov, T. A. Keith, R. Kobayashi, J. Normand, 
 K. Raghavachari, A. P. Rendell, J. C. Burant, S. S. Iyengar, 
 J. Tomasi, M. Cossi, J. M. Millam, M. Klene, C. Adamo, R. Cammi, 
 J. W. Ochterski, R. L. Martin, K. Morokuma, O. Farkas, 
 J. B. Foresman, and D. J. Fox, Gaussian, Inc., Wallingford CT, 2016.
 
 ******************************************
 Gaussian 16:  EM64W-G16RevA.03 17-Dec-2016
                12-Jan-2026 
 ******************************************
 %nprocshared=16
 Will use up to   16 processors via shared memory.
 %mem=58339MB
 %chk=3-ts-4.chk
 -------------------------------------------------
 # irc=calcfc ub3lyp/6-311g(d,p) geom=connectivity
 -------------------------------------------------
 1/10=4,18=10,26=3,38=1,44=3,57=2,172=1/1,23;
 2/12=2,17=6,18=5,29=1,40=1/2;
 3/5=4,6=6,7=101,11=2,25=1,30=1,71=2,74=-5,116=2,140=1/1,2,3;
 4//1;
 5/5=2,38=5/2;
 8/6=4,10=90,11=11/1;
 11/6=1,8=1,9=11,15=111,16=1/1,2,10;
 10/6=1,13=1/2;
 6/7=2,8=2,9=2,10=2,28=1/1;
 7/10=1,18=20,25=1/1,2,3,16;
 1/10=4,18=10,26=3,44=3/23(2);
 2/29=1/2;
 99/5=20/99;
 2/29=1/2;
 3/5=4,6=6,7=101,11=2,25=1,30=1,71=2,74=-5,116=2,140=1/1,2,3;
 4/5=5,16=3,69=1/1;
 5/5=2,38=5/2;
 8/6=4,10=90,11=11/1;
 11/6=1,8=1,9=11,15=111,16=1/1,2,10;
 10/6=1,13=1/2;
 7/10=1,18=20,25=1/1,2,3,16;
 1/18=10,26=3,44=3/23(-8);
 2/29=1/2;
 6/7=2,8=2,9=2,10=2,19=2,28=1/1;
 99/5=20,9=1/99;
 -------------------
 Title Card Required
 -------------------
 Symbolic Z-matrix:
 Charge =  0 Multiplicity = 1
 C                     1.45998   1.13918  -0.02183 
 C                     0.13656   1.51946  -0.10835 
 C                    -1.21182   0.75129   0.06316 
 C                    -0.51081  -0.32225  -0.32625 
 C                     0.65257  -1.01995  -0.14727 
 C                     1.79463  -0.23033  -0.0263 
 H                     2.22405   1.90948  -0.00275 
 H                    -0.15537   2.53808  -0.34697 
 H                     0.62364  -2.09634  -0.03384 
 O                    -2.75125  -1.66807  -0.05676 
 O                    -2.31352   1.24066   0.22221 
 H                    -3.07378  -0.75682  -0.1374 
 H                    -2.7775   -1.82376   0.89339 
 C                     3.18293  -0.77252   0.17287 
 H                     3.55611  -0.57018   1.18191 
 H                     3.21078  -1.85253   0.01751 
 H                     3.8859   -0.31787  -0.53158 
 
 IRC-IRC-IRC-IRC-IRC-IRC-IRC-IRC-IRC-IRC-IRC-IRC-IRC-IRC-IRC-IRC-IRC-IRC
 ------------------------------------------------------------------------
 INPUT DATA FOR L123
 ------------------------------------------------------------------------
 GENERAL PARAMETERS:
 Follow reaction path in both directions.
 Maximum points per path      =  10
 Step size                    =   0.100 bohr
 Integration scheme           = HPC                                 
    Redo corrector integration= Yes                                 
    DWI Weight Power          =  2
    DWI will use Hessian update vectors when possible.
    Max correction cycles     =  20
 Initial Hessian              = CalcFC
 Hessian evaluation           = All updating
 Hessian updating method      = Bofill                              
 ------------------------------------------------------------------------
 IRC-IRC-IRC-IRC-IRC-IRC-IRC-IRC-IRC-IRC-IRC-IRC-IRC-IRC-IRC-IRC-IRC-IRC
                          Input orientation:                          
 ---------------------------------------------------------------------
 Center     Atomic      Atomic             Coordinates (Angstroms)
 Number     Number       Type             X           Y           Z
 ---------------------------------------------------------------------
      1          6           0        1.459984    1.139176   -0.021833
      2          6           0        0.136560    1.519464   -0.108348
      3          6           0       -1.211822    0.751288    0.063156
      4          6           0       -0.510809   -0.322254   -0.326253
      5          6           0        0.652572   -1.019952   -0.147271
      6          6           0        1.794628   -0.230334   -0.026300
      7          1           0        2.224054    1.909476   -0.002750
      8          1           0       -0.155366    2.538081   -0.346965
      9          1           0        0.623644   -2.096337   -0.033844
     10          8           0       -2.751251   -1.668065   -0.056755
     11          8           0       -2.313515    1.240658    0.222206
     12          1           0       -3.073776   -0.756821   -0.137398
     13          1           0       -2.777502   -1.823762    0.893394
     14          6           0        3.182933   -0.772522    0.172869
     15          1           0        3.556111   -0.570179    1.181908
     16          1           0        3.210783   -1.852528    0.017511
     17          1           0        3.885900   -0.317869   -0.531579
 ---------------------------------------------------------------------
                    Distance matrix (angstroms):
                    1          2          3          4          5
     1  C    0.000000
     2  C    1.379694   0.000000
     3  C    2.701153   1.561295   0.000000
     4  C    2.472342   1.964305   1.339982   0.000000
     5  C    2.308567   2.591605   2.580220   1.368310   0.000000
     6  C    1.409810   2.411994   3.163910   2.326685   1.393708
     7  H    1.085140   2.126239   3.626429   3.544679   3.327460
     8  H    2.161481   1.086158   2.115875   2.882410   3.654072
     9  H    3.341879   3.649222   3.389294   2.125996   1.082731
    10  O    5.061257   4.301448   2.870103   2.627435   3.466158
    11  O    3.782743   2.487944   1.215939   2.448112   3.747605
    12  H    4.915602   3.935553   2.404472   2.606399   3.735640
    13  H    5.250993   4.546692   3.125945   2.979927   3.673486
    14  C    2.580901   3.822652   4.652731   3.754410   2.562506
    15  H    2.960513   4.210071   5.072580   4.344635   3.224834
    16  H    3.466574   4.564758   5.132385   4.038584   2.695325
    17  H    2.875394   4.196721   5.242478   4.401503   3.330919
                    6          7          8          9         10
     6  C    0.000000
     7  H    2.182601   0.000000
     8  H    3.401386   2.485009   0.000000
     9  H    2.203004   4.313794   4.709855   0.000000
    10  O    4.767915   6.128244   4.951212   3.402037   0.000000
    11  O    4.370631   4.592108   2.581641   4.452864   2.954675
    12  H    4.898049   5.932476   4.406520   3.933947   0.969996
    13  H    4.928410   6.305212   5.238298   3.535797   0.963179
    14  C    1.503671   2.853665   4.730175   2.888802   6.005769
    15  H    2.162888   3.053929   5.076790   3.522297   6.520924
    16  H    2.153817   3.889308   5.544479   2.599109   5.965349
    17  H    2.153227   2.828862   4.952006   3.748733   6.789717
                   11         12         13         14         15
    11  O    0.000000
    12  H    2.167310   0.000000
    13  H    3.171190   1.512836   0.000000
    14  C    5.853740   6.264417   6.095166   0.000000
    15  H    6.217127   6.762456   6.462922   1.094698   0.000000
    16  H    6.334632   6.381242   6.052070   1.091478   1.766208
    17  H    6.436610   6.984637   6.978480   1.094129   1.763082
                   16         17
    16  H    0.000000
    17  H    1.764217   0.000000
 Symmetry turned off by external request.
 Stoichiometry    C7H8O2
 Framework group  C1[X(C7H8O2)]
 Deg. of freedom    45
 Full point group                 C1      NOp   1
 Rotational constants (GHZ):           2.9972079           1.0426708           0.7868544
 Standard basis: 6-311G(d,p) (5D, 7F)
   210 basis functions,   352 primitive gaussians,   219 cartesian basis functions
    33 alpha electrons       33 beta electrons
       nuclear repulsion energy       407.8632477186 Hartrees.
 NAtoms=   17 NActive=   17 NUniq=   17 SFac= 1.00D+00 NAtFMM=   60 NAOKFM=F Big=F
 Integral buffers will be    131072 words long.
 Raffenetti 2 integral format.
 Two-electron integral symmetry is turned off.
 One-electron integrals computed using PRISM.
 NBasis=   210 RedAO= T EigKep=  4.39D-04  NBF=   210
 NBsUse=   210 1.00D-06 EigRej= -1.00D+00 NBFU=   210
 ExpMin= 1.03D-01 ExpMax= 8.59D+03 ExpMxC= 1.30D+03 IAcc=3 IRadAn=         5 AccDes= 0.00D+00
 Harris functional with IExCor=  402 and IRadAn=       5 diagonalized for initial guess.
 HarFok:  IExCor=  402 AccDes= 0.00D+00 IRadAn=         5 IDoV= 1 UseB2=F ITyADJ=14
 ICtDFT=  3500011 ScaDFX=  1.000000  1.000000  1.000000  1.000000
 FoFCou: FMM=F IPFlag=           0 FMFlag=      100000 FMFlg1=           0
         NFxFlg=           0 DoJE=T BraDBF=F KetDBF=T FulRan=T
         wScrn=  0.000000 ICntrl=       500 IOpCl=  0 I1Cent=   200000004 NGrid=           0
         NMat0=    1 NMatS0=      1 NMatT0=    0 NMatD0=    1 NMtDS0=    0 NMtDT0=    0
 Symmetry not used in FoFCou.
 Initial guess <Sx>= 0.0000 <Sy>= 0.0000 <Sz>= 0.0000 <S**2>= 0.0000 S= 0.0000
 Requested convergence on RMS density matrix=1.00D-08 within 128 cycles.
 Requested convergence on MAX density matrix=1.00D-06.
 Requested convergence on             energy=1.00D-06.
 No special actions if energy rises.
 Integral accuracy reduced to 1.0D-05 until final iterations.
 Initial convergence to 1.0D-05 achieved.  Increase integral accuracy.
 SCF Done:  E(UB3LYP) =  -421.993066908     A.U. after   16 cycles
            NFock= 16  Conv=0.69D-08     -V/T= 2.0036
 <Sx>= 0.0000 <Sy>= 0.0000 <Sz>= 0.0000 <S**2>= 0.0000 S= 0.0000
 <L.S>= 0.000000000000E+00
 Annihilation of the first spin contaminant:
 S**2 before annihilation     0.0000,   after     0.0000
 DoSCS=F DFT=T ScalE2(SS,OS)=  1.000000  1.000000
 Range of M.O.s used for correlation:     1   210
 NBasis=   210 NAE=    33 NBE=    33 NFC=     0 NFV=     0
 NROrb=    210 NOA=    33 NOB=    33 NVA=   177 NVB=   177
 Symmetrizing basis deriv contribution to polar:
 IMax=3 JMax=2 DiffMx= 0.00D+00
 G2DrvN: will do    18 centers at a time, making    1 passes.
 Calling FoFCou, ICntrl=  3107 FMM=F I1Cent=   0 AccDes= 0.00D+00.
 End of G2Drv F.D. properties file   721 does not exist.
 End of G2Drv F.D. properties file   722 does not exist.
 End of G2Drv F.D. properties file   788 does not exist.
          IDoAtm=11111111111111111
          Differentiating once with respect to nuclear coordinates.
 Keep R1 and R2 ints in memory in canonical form, NReq=507562433.
          There are    54 degrees of freedom in the 1st order CPHF.  IDoFFX=6 NUNeed=     0.
     48 vectors produced by pass  0 Test12= 2.16D-14 1.85D-09 XBig12= 4.65D-01 1.31D-01.
 AX will form    48 AO Fock derivatives at one time.
     48 vectors produced by pass  1 Test12= 2.16D-14 1.85D-09 XBig12= 1.56D-01 7.66D-02.
     48 vectors produced by pass  2 Test12= 2.16D-14 1.85D-09 XBig12= 2.55D-03 7.31D-03.
     48 vectors produced by pass  3 Test12= 2.16D-14 1.85D-09 XBig12= 1.11D-05 3.21D-04.
     48 vectors produced by pass  4 Test12= 2.16D-14 1.85D-09 XBig12= 2.41D-08 1.31D-05.
     40 vectors produced by pass  5 Test12= 2.16D-14 1.85D-09 XBig12= 3.90D-11 4.49D-07.
     12 vectors produced by pass  6 Test12= 2.16D-14 1.85D-09 XBig12= 4.63D-14 1.70D-08.
 InvSVY:  IOpt=1 It=  1 EMax= 7.77D-16
 Solved reduced A of dimension   292 with    54 vectors.
 End of Minotr F.D. properties file   721 does not exist.
 End of Minotr F.D. properties file   722 does not exist.
 End of Minotr F.D. properties file   788 does not exist.

 **********************************************************************

            Population analysis using the SCF density.

 **********************************************************************

 Alpha  occ. eigenvalues --  -19.11724 -19.10464 -10.27960 -10.24686 -10.21288
 Alpha  occ. eigenvalues --  -10.20984 -10.20091 -10.19703 -10.18430  -1.04527
 Alpha  occ. eigenvalues --   -1.01040  -0.90019  -0.80033  -0.75921  -0.71883
 Alpha  occ. eigenvalues --   -0.61999  -0.58662  -0.52979  -0.52352  -0.49498
 Alpha  occ. eigenvalues --   -0.45736  -0.44793  -0.43592  -0.42428  -0.42216
 Alpha  occ. eigenvalues --   -0.40076  -0.38864  -0.38350  -0.34595  -0.31438
 Alpha  occ. eigenvalues --   -0.27688  -0.27398  -0.22890
 Alpha virt. eigenvalues --   -0.08535  -0.02397   0.00134   0.03282   0.04611
 Alpha virt. eigenvalues --    0.06393   0.08386   0.09175   0.11088   0.11889
 Alpha virt. eigenvalues --    0.12719   0.13582   0.17358   0.20239   0.23114
 Alpha virt. eigenvalues --    0.25811   0.27352   0.29456   0.30804   0.33465
 Alpha virt. eigenvalues --    0.34287   0.37122   0.37779   0.38598   0.39977
 Alpha virt. eigenvalues --    0.40953   0.41734   0.42549   0.44272   0.46216
 Alpha virt. eigenvalues --    0.46773   0.48765   0.51012   0.52623   0.52856
 Alpha virt. eigenvalues --    0.54628   0.55000   0.55781   0.59061   0.59680
 Alpha virt. eigenvalues --    0.59801   0.60548   0.61024   0.62576   0.65933
 Alpha virt. eigenvalues --    0.67852   0.68344   0.74971   0.76573   0.78224
 Alpha virt. eigenvalues --    0.80720   0.81076   0.83038   0.84732   0.87014
 Alpha virt. eigenvalues --    0.89091   0.91594   0.92058   0.93288   0.95202
 Alpha virt. eigenvalues --    0.99750   1.03179   1.05149   1.10537   1.12473
 Alpha virt. eigenvalues --    1.17195   1.19263   1.20925   1.26400   1.30681
 Alpha virt. eigenvalues --    1.31569   1.33302   1.36350   1.37786   1.40300
 Alpha virt. eigenvalues --    1.44255   1.45057   1.47237   1.48480   1.50831
 Alpha virt. eigenvalues --    1.51885   1.53108   1.54810   1.56384   1.56935
 Alpha virt. eigenvalues --    1.58623   1.62716   1.64540   1.65253   1.68236
 Alpha virt. eigenvalues --    1.70347   1.70719   1.74486   1.77213   1.79303
 Alpha virt. eigenvalues --    1.81268   1.86099   1.87413   1.91769   1.94849
 Alpha virt. eigenvalues --    1.97487   1.98982   2.00985   2.02007   2.06394
 Alpha virt. eigenvalues --    2.09376   2.09647   2.10842   2.14415   2.23484
 Alpha virt. eigenvalues --    2.29136   2.32499   2.32793   2.33973   2.34998
 Alpha virt. eigenvalues --    2.37095   2.41466   2.43812   2.44350   2.50382
 Alpha virt. eigenvalues --    2.51566   2.52063   2.53381   2.57222   2.60189
 Alpha virt. eigenvalues --    2.61316   2.62830   2.67115   2.69686   2.74532
 Alpha virt. eigenvalues --    2.78176   2.80935   2.83984   2.84370   2.86525
 Alpha virt. eigenvalues --    2.90133   2.92468   2.95036   2.98816   3.04830
 Alpha virt. eigenvalues --    3.11759   3.12990   3.15572   3.19355   3.27665
 Alpha virt. eigenvalues --    3.31601   3.34990   3.39065   3.40147   3.45206
 Alpha virt. eigenvalues --    3.52232   3.59084   3.61584   3.67502   3.77261
 Alpha virt. eigenvalues --    3.80308   3.83448   3.91277   3.92817   4.03489
 Alpha virt. eigenvalues --    4.30296   4.46001   4.90324   4.94933   5.08916
 Alpha virt. eigenvalues --    5.26261   5.57963   5.63056  23.45467  23.71581
 Alpha virt. eigenvalues --   23.89388  23.94461  24.07168  24.12180  24.35188
 Alpha virt. eigenvalues --   49.84327  49.99102
  Beta  occ. eigenvalues --  -19.11724 -19.10464 -10.27960 -10.24686 -10.21288
  Beta  occ. eigenvalues --  -10.20984 -10.20091 -10.19703 -10.18430  -1.04527
  Beta  occ. eigenvalues --   -1.01040  -0.90019  -0.80033  -0.75921  -0.71883
  Beta  occ. eigenvalues --   -0.61999  -0.58662  -0.52979  -0.52352  -0.49498
  Beta  occ. eigenvalues --   -0.45736  -0.44793  -0.43592  -0.42428  -0.42216
  Beta  occ. eigenvalues --   -0.40076  -0.38864  -0.38350  -0.34595  -0.31438
  Beta  occ. eigenvalues --   -0.27688  -0.27398  -0.22890
  Beta virt. eigenvalues --   -0.08535  -0.02397   0.00134   0.03282   0.04611
  Beta virt. eigenvalues --    0.06393   0.08386   0.09175   0.11088   0.11889
  Beta virt. eigenvalues --    0.12719   0.13582   0.17358   0.20239   0.23114
  Beta virt. eigenvalues --    0.25811   0.27352   0.29456   0.30804   0.33465
  Beta virt. eigenvalues --    0.34287   0.37122   0.37779   0.38598   0.39977
  Beta virt. eigenvalues --    0.40953   0.41734   0.42549   0.44272   0.46216
  Beta virt. eigenvalues --    0.46773   0.48765   0.51012   0.52623   0.52856
  Beta virt. eigenvalues --    0.54628   0.55000   0.55781   0.59061   0.59680
  Beta virt. eigenvalues --    0.59801   0.60548   0.61024   0.62576   0.65933
  Beta virt. eigenvalues --    0.67852   0.68344   0.74971   0.76573   0.78224
  Beta virt. eigenvalues --    0.80720   0.81076   0.83038   0.84732   0.87014
  Beta virt. eigenvalues --    0.89091   0.91594   0.92058   0.93288   0.95202
  Beta virt. eigenvalues --    0.99750   1.03179   1.05149   1.10537   1.12473
  Beta virt. eigenvalues --    1.17195   1.19263   1.20925   1.26400   1.30681
  Beta virt. eigenvalues --    1.31569   1.33302   1.36350   1.37786   1.40300
  Beta virt. eigenvalues --    1.44255   1.45057   1.47237   1.48480   1.50831
  Beta virt. eigenvalues --    1.51885   1.53108   1.54810   1.56384   1.56935
  Beta virt. eigenvalues --    1.58623   1.62716   1.64540   1.65253   1.68236
  Beta virt. eigenvalues --    1.70347   1.70719   1.74486   1.77213   1.79303
  Beta virt. eigenvalues --    1.81268   1.86099   1.87413   1.91769   1.94849
  Beta virt. eigenvalues --    1.97487   1.98982   2.00985   2.02007   2.06394
  Beta virt. eigenvalues --    2.09376   2.09647   2.10842   2.14415   2.23484
  Beta virt. eigenvalues --    2.29136   2.32499   2.32793   2.33973   2.34998
  Beta virt. eigenvalues --    2.37095   2.41466   2.43812   2.44350   2.50382
  Beta virt. eigenvalues --    2.51566   2.52063   2.53381   2.57222   2.60189
  Beta virt. eigenvalues --    2.61316   2.62830   2.67115   2.69686   2.74532
  Beta virt. eigenvalues --    2.78176   2.80935   2.83984   2.84370   2.86525
  Beta virt. eigenvalues --    2.90133   2.92468   2.95036   2.98816   3.04830
  Beta virt. eigenvalues --    3.11759   3.12990   3.15572   3.19355   3.27665
  Beta virt. eigenvalues --    3.31601   3.34990   3.39065   3.40147   3.45206
  Beta virt. eigenvalues --    3.52232   3.59084   3.61584   3.67502   3.77261
  Beta virt. eigenvalues --    3.80308   3.83448   3.91277   3.92817   4.03489
  Beta virt. eigenvalues --    4.30296   4.46001   4.90324   4.94933   5.08916
  Beta virt. eigenvalues --    5.26261   5.57963   5.63056  23.45467  23.71581
  Beta virt. eigenvalues --   23.89388  23.94461  24.07168  24.12180  24.35188
  Beta virt. eigenvalues --   49.84327  49.99102
          Condensed to atoms (all electrons):
               1          2          3          4          5          6
     1  C    4.902073   0.423355  -0.019527  -0.079626  -0.052116   0.496592
     2  C    0.423355   5.407195   0.226690   0.016082  -0.094686  -0.035576
     3  C   -0.019527   0.226690   4.707406   0.229613  -0.011226  -0.038501
     4  C   -0.079626   0.016082   0.229613   5.541904   0.466771  -0.044595
     5  C   -0.052116  -0.094686  -0.011226   0.466771   4.891396   0.496027
     6  C    0.496592  -0.035576  -0.038501  -0.044595   0.496027   5.096457
     7  H    0.405594  -0.030302   0.004632   0.001320   0.007359  -0.042602
     8  H   -0.017150   0.369138  -0.024804   0.001922   0.002360   0.004527
     9  H    0.006159   0.002989   0.002710  -0.036382   0.404272  -0.029324
    10  O   -0.000150   0.003072  -0.000998   0.034746   0.001659   0.000640
    11  O    0.004248  -0.060137   0.659145  -0.104358   0.001823  -0.000122
    12  H   -0.000154   0.000565   0.002535  -0.023742  -0.000515  -0.000296
    13  H    0.000020  -0.000190   0.003440  -0.002347  -0.000312   0.000082
    14  C   -0.055431   0.007260  -0.000315   0.007380  -0.057974   0.352176
    15  H   -0.003626   0.000075   0.000106  -0.000292   0.000204  -0.036034
    16  H    0.006356  -0.000291  -0.000015   0.000493  -0.007096  -0.033546
    17  H   -0.006401   0.000238  -0.000057  -0.000078   0.002545  -0.040246
               7          8          9         10         11         12
     1  C    0.405594  -0.017150   0.006159  -0.000150   0.004248  -0.000154
     2  C   -0.030302   0.369138   0.002989   0.003072  -0.060137   0.000565
     3  C    0.004632  -0.024804   0.002710  -0.000998   0.659145   0.002535
     4  C    0.001320   0.001922  -0.036382   0.034746  -0.104358  -0.023742
     5  C    0.007359   0.002360   0.404272   0.001659   0.001823  -0.000515
     6  C   -0.042602   0.004527  -0.029324   0.000640  -0.000122  -0.000296
     7  H    0.558003  -0.007443  -0.000249   0.000000  -0.000076   0.000006
     8  H   -0.007443   0.514629  -0.000059  -0.000039   0.004984  -0.000063
     9  H   -0.000249  -0.000059   0.517971   0.003125   0.000003  -0.000256
    10  O    0.000000  -0.000039   0.003125   7.802337  -0.008177   0.313928
    11  O   -0.000076   0.004984   0.000003  -0.008177   7.841015   0.032791
    12  H    0.000006  -0.000063  -0.000256   0.313928   0.032791   0.443205
    13  H   -0.000001   0.000001  -0.000479   0.310133   0.000035  -0.038741
    14  C   -0.001568  -0.000406  -0.005319   0.000001   0.000002   0.000001
    15  H    0.000110   0.000013   0.000058   0.000000  -0.000001   0.000000
    16  H   -0.000094   0.000009   0.002157  -0.000002   0.000000   0.000001
    17  H    0.001532   0.000013   0.000087   0.000000   0.000000   0.000000
              13         14         15         16         17
     1  C    0.000020  -0.055431  -0.003626   0.006356  -0.006401
     2  C   -0.000190   0.007260   0.000075  -0.000291   0.000238
     3  C    0.003440  -0.000315   0.000106  -0.000015  -0.000057
     4  C   -0.002347   0.007380  -0.000292   0.000493  -0.000078
     5  C   -0.000312  -0.057974   0.000204  -0.007096   0.002545
     6  C    0.000082   0.352176  -0.036034  -0.033546  -0.040246
     7  H   -0.000001  -0.001568   0.000110  -0.000094   0.001532
     8  H    0.000001  -0.000406   0.000013   0.000009   0.000013
     9  H   -0.000479  -0.005319   0.000058   0.002157   0.000087
    10  O    0.310133   0.000001   0.000000  -0.000002   0.000000
    11  O    0.000035   0.000002  -0.000001   0.000000   0.000000
    12  H   -0.038741   0.000001   0.000000   0.000001   0.000000
    13  H    0.479448  -0.000001  -0.000001   0.000001   0.000000
    14  C   -0.000001   4.791217   0.398686   0.407435   0.408449
    15  H   -0.000001   0.398686   0.571406  -0.026745  -0.032155
    16  H    0.000001   0.407435  -0.026745   0.564631  -0.025761
    17  H    0.000000   0.408449  -0.032155  -0.025761   0.566298
          Atomic-Atomic Spin Densities.
               1          2          3          4          5          6
     1  C    0.000000   0.000000   0.000000   0.000000   0.000000   0.000000
     2  C    0.000000   0.000000   0.000000   0.000000   0.000000   0.000000
     3  C    0.000000   0.000000   0.000000   0.000000   0.000000   0.000000
     4  C    0.000000   0.000000   0.000000   0.000000   0.000000   0.000000
     5  C    0.000000   0.000000   0.000000   0.000000   0.000000   0.000000
     6  C    0.000000   0.000000   0.000000   0.000000   0.000000   0.000000
     7  H    0.000000   0.000000   0.000000   0.000000   0.000000   0.000000
     8  H    0.000000   0.000000   0.000000   0.000000   0.000000   0.000000
     9  H    0.000000   0.000000   0.000000   0.000000   0.000000   0.000000
    10  O    0.000000   0.000000   0.000000   0.000000   0.000000   0.000000
    11  O    0.000000   0.000000   0.000000   0.000000   0.000000   0.000000
    12  H    0.000000   0.000000   0.000000   0.000000   0.000000   0.000000
    13  H    0.000000   0.000000   0.000000   0.000000   0.000000   0.000000
    14  C    0.000000   0.000000   0.000000   0.000000   0.000000   0.000000
    15  H    0.000000   0.000000   0.000000   0.000000   0.000000   0.000000
    16  H    0.000000   0.000000   0.000000   0.000000   0.000000   0.000000
    17  H    0.000000   0.000000   0.000000   0.000000   0.000000   0.000000
               7          8          9         10         11         12
     1  C    0.000000   0.000000   0.000000   0.000000   0.000000   0.000000
     2  C    0.000000   0.000000   0.000000   0.000000   0.000000   0.000000
     3  C    0.000000   0.000000   0.000000   0.000000   0.000000   0.000000
     4  C    0.000000   0.000000   0.000000   0.000000   0.000000   0.000000
     5  C    0.000000   0.000000   0.000000   0.000000   0.000000   0.000000
     6  C    0.000000   0.000000   0.000000   0.000000   0.000000   0.000000
     7  H    0.000000   0.000000   0.000000   0.000000   0.000000   0.000000
     8  H    0.000000   0.000000   0.000000   0.000000   0.000000   0.000000
     9  H    0.000000   0.000000   0.000000   0.000000   0.000000   0.000000
    10  O    0.000000   0.000000   0.000000   0.000000   0.000000   0.000000
    11  O    0.000000   0.000000   0.000000   0.000000   0.000000   0.000000
    12  H    0.000000   0.000000   0.000000   0.000000   0.000000   0.000000
    13  H    0.000000   0.000000   0.000000   0.000000   0.000000   0.000000
    14  C    0.000000   0.000000   0.000000   0.000000   0.000000   0.000000
    15  H    0.000000   0.000000   0.000000   0.000000   0.000000   0.000000
    16  H    0.000000   0.000000   0.000000   0.000000   0.000000   0.000000
    17  H    0.000000   0.000000   0.000000   0.000000   0.000000   0.000000
              13         14         15         16         17
     1  C    0.000000   0.000000   0.000000   0.000000   0.000000
     2  C    0.000000   0.000000   0.000000   0.000000   0.000000
     3  C    0.000000   0.000000   0.000000   0.000000   0.000000
     4  C    0.000000   0.000000   0.000000   0.000000   0.000000
     5  C    0.000000   0.000000   0.000000   0.000000   0.000000
     6  C    0.000000   0.000000   0.000000   0.000000   0.000000
     7  H    0.000000   0.000000   0.000000   0.000000   0.000000
     8  H    0.000000   0.000000   0.000000   0.000000   0.000000
     9  H    0.000000   0.000000   0.000000   0.000000   0.000000
    10  O    0.000000   0.000000   0.000000   0.000000   0.000000
    11  O    0.000000   0.000000   0.000000   0.000000   0.000000
    12  H    0.000000   0.000000   0.000000   0.000000   0.000000
    13  H    0.000000   0.000000   0.000000   0.000000   0.000000
    14  C    0.000000   0.000000   0.000000   0.000000   0.000000
    15  H    0.000000   0.000000   0.000000   0.000000   0.000000
    16  H    0.000000   0.000000   0.000000   0.000000   0.000000
    17  H    0.000000   0.000000   0.000000   0.000000   0.000000
 Mulliken charges and spin densities:
               1          2
     1  C   -0.010216   0.000000
     2  C   -0.235478   0.000000
     3  C    0.259166   0.000000
     4  C   -0.008811   0.000000
     5  C   -0.050491   0.000000
     6  C   -0.145657   0.000000
     7  H    0.103777   0.000000
     8  H    0.152367   0.000000
     9  H    0.132538   0.000000
    10  O   -0.460275   0.000000
    11  O   -0.371175   0.000000
    12  H    0.270738   0.000000
    13  H    0.248912   0.000000
    14  C   -0.251592   0.000000
    15  H    0.128195   0.000000
    16  H    0.112466   0.000000
    17  H    0.125535   0.000000
 Sum of Mulliken charges =   0.00000   0.00000
 Mulliken charges and spin densities with hydrogens summed into heavy atoms:
               1          2
     1  C    0.093562   0.000000
     2  C   -0.083111   0.000000
     3  C    0.259166   0.000000
     4  C   -0.008811   0.000000
     5  C    0.082047   0.000000
     6  C   -0.145657   0.000000
    10  O    0.059374   0.000000
    11  O   -0.371175   0.000000
    14  C    0.114605   0.000000
 APT charges:
               1
     1  C   -0.540503
     2  C   -0.569201
     3  C   -0.444366
     4  C   -0.090183
     5  C   -0.453280
     6  C    0.032385
     7  H    0.578861
     8  H    0.547817
     9  H    0.465252
    10  O   -0.732331
    11  O    0.318294
    12  H    0.286259
    13  H    0.518409
    14  C   -1.300328
    15  H    0.443742
    16  H    0.412352
    17  H    0.526821
 Sum of APT charges =   0.00000
 APT charges with hydrogens summed into heavy atoms:
               1
     1  C    0.038358
     2  C   -0.021384
     3  C   -0.444366
     4  C   -0.090183
     5  C    0.011972
     6  C    0.032385
    10  O    0.072337
    11  O    0.318294
    14  C    0.082588
 Electronic spatial extent (au):  <R**2>=           1427.7106
 Charge=              0.0000 electrons
 Dipole moment (field-independent basis, Debye):
    X=              3.4317    Y=             -0.8387    Z=              1.2060  Tot=              3.7329
 Quadrupole moment (field-independent basis, Debye-Ang):
   XX=            -53.6730   YY=            -51.5406   ZZ=            -54.3202
   XY=              2.2335   XZ=             -2.6715   YZ=             -4.5705
 Traceless Quadrupole moment (field-independent basis, Debye-Ang):
   XX=             -0.4950   YY=              1.6373   ZZ=             -1.1422
   XY=              2.2335   XZ=             -2.6715   YZ=             -4.5705
 Octapole moment (field-independent basis, Debye-Ang**2):
  XXX=              2.7095  YYY=             -0.6552  ZZZ=              5.4411  XYY=             10.4125
  XXY=             -7.3827  XXZ=             10.0144  XZZ=            -12.4164  YZZ=             -4.6879
  YYZ=              4.2777  XYZ=             10.3335
 Hexadecapole moment (field-independent basis, Debye-Ang**3):
 XXXX=          -1252.4147 YYYY=           -440.2309 ZZZZ=            -73.9601 XXXY=             30.0581
 XXXZ=            -27.8287 YYYX=              4.7157 YYYZ=            -19.5094 ZZZX=             -5.1571
 ZZZY=             -4.1857 XXYY=           -320.3356 XXZZ=           -213.9415 YYZZ=            -91.1691
 XXYZ=            -29.4231 YYXZ=            -16.6957 ZZXY=             11.0486
 N-N= 4.078632477186D+02 E-N=-1.801264549980D+03  KE= 4.204696362488D+02
  Exact polarizability:   0.000   0.000   0.000   0.000   0.000   0.000
 Approx polarizability: 205.161 -14.328 171.881  -3.222   7.944  73.094
                          Isotropic Fermi Contact Couplings
        Atom                 a.u.       MegaHertz       Gauss      10(-4) cm-1
     1  C(13)              0.00000       0.00000       0.00000       0.00000
     2  C(13)              0.00000       0.00000       0.00000       0.00000
     3  C(13)              0.00000       0.00000       0.00000       0.00000
     4  C(13)              0.00000       0.00000       0.00000       0.00000
     5  C(13)              0.00000       0.00000       0.00000       0.00000
     6  C(13)              0.00000       0.00000       0.00000       0.00000
     7  H(1)               0.00000       0.00000       0.00000       0.00000
     8  H(1)               0.00000       0.00000       0.00000       0.00000
     9  H(1)               0.00000       0.00000       0.00000       0.00000
    10  O(17)              0.00000       0.00000       0.00000       0.00000
    11  O(17)              0.00000       0.00000       0.00000       0.00000
    12  H(1)               0.00000       0.00000       0.00000       0.00000
    13  H(1)               0.00000       0.00000       0.00000       0.00000
    14  C(13)              0.00000       0.00000       0.00000       0.00000
    15  H(1)               0.00000       0.00000       0.00000       0.00000
    16  H(1)               0.00000       0.00000       0.00000       0.00000
    17  H(1)               0.00000       0.00000       0.00000       0.00000
 --------------------------------------------------------
       Center         ----  Spin Dipole Couplings  ----
                      3XX-RR        3YY-RR        3ZZ-RR
 --------------------------------------------------------
     1   Atom        0.000000      0.000000      0.000000
     2   Atom        0.000000      0.000000      0.000000
     3   Atom        0.000000      0.000000      0.000000
     4   Atom        0.000000      0.000000      0.000000
     5   Atom        0.000000      0.000000      0.000000
     6   Atom        0.000000      0.000000      0.000000
     7   Atom        0.000000      0.000000      0.000000
     8   Atom        0.000000      0.000000      0.000000
     9   Atom        0.000000      0.000000      0.000000
    10   Atom        0.000000      0.000000      0.000000
    11   Atom        0.000000      0.000000      0.000000
    12   Atom        0.000000      0.000000      0.000000
    13   Atom        0.000000      0.000000      0.000000
    14   Atom        0.000000      0.000000      0.000000
    15   Atom        0.000000      0.000000      0.000000
    16   Atom        0.000000      0.000000      0.000000
    17   Atom        0.000000      0.000000      0.000000
 --------------------------------------------------------
                        XY            XZ            YZ
 --------------------------------------------------------
     1   Atom        0.000000      0.000000      0.000000
     2   Atom        0.000000      0.000000      0.000000
     3   Atom        0.000000      0.000000      0.000000
     4   Atom        0.000000      0.000000      0.000000
     5   Atom        0.000000      0.000000      0.000000
     6   Atom        0.000000      0.000000      0.000000
     7   Atom        0.000000      0.000000      0.000000
     8   Atom        0.000000      0.000000      0.000000
     9   Atom        0.000000      0.000000      0.000000
    10   Atom        0.000000      0.000000      0.000000
    11   Atom        0.000000      0.000000      0.000000
    12   Atom        0.000000      0.000000      0.000000
    13   Atom        0.000000      0.000000      0.000000
    14   Atom        0.000000      0.000000      0.000000
    15   Atom        0.000000      0.000000      0.000000
    16   Atom        0.000000      0.000000      0.000000
    17   Atom        0.000000      0.000000      0.000000
 --------------------------------------------------------


 ---------------------------------------------------------------------------------
              Anisotropic Spin Dipole Couplings in Principal Axis System
 ---------------------------------------------------------------------------------

       Atom             a.u.   MegaHertz   Gauss  10(-4) cm-1        Axes

              Baa     0.0000     0.000     0.000     0.000  1.0000  0.0000  0.0000
     1 C(13)  Bbb     0.0000     0.000     0.000     0.000  0.0000  1.0000  0.0000
              Bcc     0.0000     0.000     0.000     0.000  0.0000  0.0000  1.0000
 
              Baa     0.0000     0.000     0.000     0.000  1.0000  0.0000  0.0000
     2 C(13)  Bbb     0.0000     0.000     0.000     0.000  0.0000  1.0000  0.0000
              Bcc     0.0000     0.000     0.000     0.000  0.0000  0.0000  1.0000
 
              Baa     0.0000     0.000     0.000     0.000  1.0000  0.0000  0.0000
     3 C(13)  Bbb     0.0000     0.000     0.000     0.000  0.0000  1.0000  0.0000
              Bcc     0.0000     0.000     0.000     0.000  0.0000  0.0000  1.0000
 
              Baa     0.0000     0.000     0.000     0.000  1.0000  0.0000  0.0000
     4 C(13)  Bbb     0.0000     0.000     0.000     0.000  0.0000  1.0000  0.0000
              Bcc     0.0000     0.000     0.000     0.000  0.0000  0.0000  1.0000
 
              Baa     0.0000     0.000     0.000     0.000  1.0000  0.0000  0.0000
     5 C(13)  Bbb     0.0000     0.000     0.000     0.000  0.0000  1.0000  0.0000
              Bcc     0.0000     0.000     0.000     0.000  0.0000  0.0000  1.0000
 
              Baa     0.0000     0.000     0.000     0.000  1.0000  0.0000  0.0000
     6 C(13)  Bbb     0.0000     0.000     0.000     0.000  0.0000  1.0000  0.0000
              Bcc     0.0000     0.000     0.000     0.000  0.0000  0.0000  1.0000
 
              Baa     0.0000     0.000     0.000     0.000  1.0000  0.0000  0.0000
     7 H(1)   Bbb     0.0000     0.000     0.000     0.000  0.0000  1.0000  0.0000
              Bcc     0.0000     0.000     0.000     0.000  0.0000  0.0000  1.0000
 
              Baa     0.0000     0.000     0.000     0.000  1.0000  0.0000  0.0000
     8 H(1)   Bbb     0.0000     0.000     0.000     0.000  0.0000  1.0000  0.0000
              Bcc     0.0000     0.000     0.000     0.000  0.0000  0.0000  1.0000
 
              Baa     0.0000     0.000     0.000     0.000  1.0000  0.0000  0.0000
     9 H(1)   Bbb     0.0000     0.000     0.000     0.000  0.0000  1.0000  0.0000
              Bcc     0.0000     0.000     0.000     0.000  0.0000  0.0000  1.0000
 
              Baa     0.0000     0.000     0.000     0.000  1.0000  0.0000  0.0000
    10 O(17)  Bbb     0.0000     0.000     0.000     0.000  0.0000  1.0000  0.0000
              Bcc     0.0000     0.000     0.000     0.000  0.0000  0.0000  1.0000
 
              Baa     0.0000     0.000     0.000     0.000  1.0000  0.0000  0.0000
    11 O(17)  Bbb     0.0000     0.000     0.000     0.000  0.0000  1.0000  0.0000
              Bcc     0.0000     0.000     0.000     0.000  0.0000  0.0000  1.0000
 
              Baa     0.0000     0.000     0.000     0.000  1.0000  0.0000  0.0000
    12 H(1)   Bbb     0.0000     0.000     0.000     0.000  0.0000  1.0000  0.0000
              Bcc     0.0000     0.000     0.000     0.000  0.0000  0.0000  1.0000
 
              Baa     0.0000     0.000     0.000     0.000  1.0000  0.0000  0.0000
    13 H(1)   Bbb     0.0000     0.000     0.000     0.000  0.0000  1.0000  0.0000
              Bcc     0.0000     0.000     0.000     0.000  0.0000  0.0000  1.0000
 
              Baa     0.0000     0.000     0.000     0.000  1.0000  0.0000  0.0000
    14 C(13)  Bbb     0.0000     0.000     0.000     0.000  0.0000  1.0000  0.0000
              Bcc     0.0000     0.000     0.000     0.000  0.0000  0.0000  1.0000
 
              Baa     0.0000     0.000     0.000     0.000  1.0000  0.0000  0.0000
    15 H(1)   Bbb     0.0000     0.000     0.000     0.000  0.0000  1.0000  0.0000
              Bcc     0.0000     0.000     0.000     0.000  0.0000  0.0000  1.0000
 
              Baa     0.0000     0.000     0.000     0.000  1.0000  0.0000  0.0000
    16 H(1)   Bbb     0.0000     0.000     0.000     0.000  0.0000  1.0000  0.0000
              Bcc     0.0000     0.000     0.000     0.000  0.0000  0.0000  1.0000
 
              Baa     0.0000     0.000     0.000     0.000  1.0000  0.0000  0.0000
    17 H(1)   Bbb     0.0000     0.000     0.000     0.000  0.0000  1.0000  0.0000
              Bcc     0.0000     0.000     0.000     0.000  0.0000  0.0000  1.0000
 

 ---------------------------------------------------------------------------------

 Calling FoFJK, ICntrl=    100147 FMM=F ISym2X=0 I1Cent= 0 IOpClX= 1 NMat=1 NMatS=1 NMatT=0.
 -------------------------------------------------------------------
 Center     Atomic                   Forces (Hartrees/Bohr)
 Number     Number              X              Y              Z
 -------------------------------------------------------------------
      1        6           0.000000355    0.000000459   -0.000000333
      2        6          -0.000000434   -0.000000011    0.000000312
      3        6           0.000000836    0.000000192   -0.000000172
      4        6          -0.000000927   -0.000000616    0.000001036
      5        6          -0.000000160    0.000000369   -0.000000761
      6        6          -0.000001534    0.000000739   -0.000000055
      7        1          -0.000000338   -0.000000404   -0.000000221
      8        1           0.000000230   -0.000000238    0.000000302
      9        1           0.000000016    0.000000001   -0.000000129
     10        8           0.000000271    0.000000077   -0.000000057
     11        8          -0.000000343    0.000000195   -0.000000021
     12        1          -0.000000159   -0.000000137    0.000000688
     13        1          -0.000000053   -0.000000083    0.000000410
     14        6           0.000003036   -0.000001094    0.000001499
     15        1          -0.000000515   -0.000000437   -0.000002550
     16        1           0.000000010    0.000001328   -0.000000170
     17        1          -0.000000292   -0.000000341    0.000000220
 -------------------------------------------------------------------
 Cartesian Forces:  Max     0.000003036 RMS     0.000000775
 IRC-IRC-IRC-IRC-IRC-IRC-IRC-IRC-IRC-IRC-IRC-IRC-IRC-IRC-IRC-IRC-IRC-IRC
          ******** Start new reaction path calculation ********
 Supplied step size of   0.1000 bohr.
    Integration on MW PES will use step size of   0.2353 sqrt(amu)*bohr.
 Point Number:   0          Path Number:   1
 Calculating another point on the path.
 IRC-IRC-IRC-IRC-IRC-IRC-IRC-IRC-IRC-IRC-IRC-IRC-IRC-IRC-IRC-IRC-IRC-IRC
                          Input orientation:                          
 ---------------------------------------------------------------------
 Center     Atomic      Atomic             Coordinates (Angstroms)
 Number     Number       Type             X           Y           Z
 ---------------------------------------------------------------------
      1          6           0        1.514132    1.115669   -0.015141
      2          6           0        0.192919    1.505990   -0.093478
      3          6           0       -1.141457    0.733162    0.065556
      4          6           0       -0.459558   -0.364729   -0.308366
      5          6           0        0.710577   -1.049692   -0.138549
      6          6           0        1.849695   -0.253620   -0.020070
      7          1           0        2.281117    1.883135    0.006145
      8          1           0       -0.090918    2.532414   -0.309216
      9          1           0        0.692412   -2.127049   -0.030652
     10          8           0       -2.684108   -1.685573   -0.049280
     11          8           0       -2.250195    1.213795    0.226308
     12          1           0       -3.004257   -0.772046   -0.124772
     13          1           0       -2.709475   -1.846213    0.900259
     14          6           0        3.239477   -0.794575    0.179231
     15          1           0        3.611908   -0.592125    1.188586
     16          1           0        3.268577   -1.874586    0.023925
     17          1           0        3.942450   -0.339402   -0.524868
 ---------------------------------------------------------------------
                    Distance matrix (angstroms):
                    1          2          3          4          5
     1  C    0.000000
     2  C    1.379888   0.000000
     3  C    2.684209   1.550198   0.000000
     4  C    2.484554   1.992860   1.345425   0.000000
     5  C    2.312946   2.607971   2.578809   1.366465   0.000000
     6  C    1.409814   2.417958   3.150882   2.329830   1.394761
     7  H    1.085230   2.124320   3.611091   3.558526   3.330016
     8  H    2.160980   1.086579   2.116930   2.920503   3.674644
     9  H    3.345248   3.667753   3.398991   2.123660   1.082899
    10  O    5.047112   4.297128   2.871104   2.600072   3.454880
    11  O    3.773339   2.481219   1.219078   2.446221   3.744686
    12  H    4.898094   3.925858   2.402478   2.583623   3.725220
    13  H    5.239232   4.544080   3.131866   2.952575   3.662011
    14  C    2.581400   3.827334   4.641065   3.755713   2.561524
    15  H    2.960774   4.211325   5.060836   4.343893   3.223100
    16  H    3.467164   4.571843   5.123523   4.035973   2.692622
    17  H    2.876418   4.201256   5.229254   4.407401   3.331479
                    6          7          8          9         10
     6  C    0.000000
     7  H    2.180030   0.000000
     8  H    3.407575   2.479428   0.000000
     9  H    2.202079   4.313573   4.733054   0.000000
    10  O    4.754651   6.114916   4.958187   3.405310   0.000000
    11  O    4.361549   4.585769   2.586121   4.459396   2.944582
    12  H    4.882681   5.916274   4.409197   3.938306   0.970940
    13  H    4.916237   6.293924   5.243286   3.538122   0.963365
    14  C    1.504609   2.849306   4.732755   2.882200   5.994577
    15  H    2.163522   3.048948   5.071201   3.516530   6.509052
    16  H    2.154691   3.885339   5.551472   2.589081   5.956135
    17  H    2.154485   2.825185   4.955995   3.742015   6.778615
                   11         12         13         14         15
    11  O    0.000000
    12  H    2.153006   0.000000
    13  H    3.166828   1.513743   0.000000
    14  C    5.845705   6.251171   6.084066   0.000000
    15  H    6.208992   6.747660   6.451027   1.094754   0.000000
    16  H    6.327393   6.370726   6.042010   1.091508   1.766073
    17  H    6.428494   6.971656   6.967752   1.094125   1.763250
                   16         17
    16  H    0.000000
    17  H    1.764105   0.000000
 Symmetry turned off by external request.
 Stoichiometry    C7H8O2
 Framework group  C1[X(C7H8O2)]
 Deg. of freedom    45
 Full point group                 C1      NOp   1
 Rotational constants (GHZ):           2.9933867           1.0472825           0.7888097
 Standard basis: 6-311G(d,p) (5D, 7F)
   210 basis functions,   352 primitive gaussians,   219 cartesian basis functions
    33 alpha electrons       33 beta electrons
       nuclear repulsion energy       407.9550395686 Hartrees.
 NAtoms=   17 NActive=   17 NUniq=   17 SFac= 1.00D+00 NAtFMM=   60 NAOKFM=F Big=F
 Integral buffers will be    131072 words long.
 Raffenetti 2 integral format.
 Two-electron integral symmetry is turned off.
 One-electron integrals computed using PRISM.
 NBasis=   210 RedAO= T EigKep=  4.31D-04  NBF=   210
 NBsUse=   210 1.00D-06 EigRej= -1.00D+00 NBFU=   210
 Initial guess from the checkpoint file:  "3-ts-4.chk"
 B after Tr=     0.113157   -0.044577    0.016055
         Rot=    1.000000   -0.000246   -0.000032   -0.000004 Ang=  -0.03 deg.
 Initial guess <Sx>= 0.0000 <Sy>= 0.0000 <Sz>= 0.0000 <S**2>= 0.0000 S= 0.0000
 ExpMin= 1.03D-01 ExpMax= 8.59D+03 ExpMxC= 1.30D+03 IAcc=2 IRadAn=         4 AccDes= 0.00D+00
 Harris functional with IExCor=  402 and IRadAn=       4 diagonalized for initial guess.
 HarFok:  IExCor=  402 AccDes= 0.00D+00 IRadAn=         4 IDoV= 1 UseB2=F ITyADJ=14
 ICtDFT=  3500011 ScaDFX=  1.000000  1.000000  1.000000  1.000000
 FoFCou: FMM=F IPFlag=           0 FMFlag=      100000 FMFlg1=           0
         NFxFlg=           0 DoJE=T BraDBF=F KetDBF=T FulRan=T
         wScrn=  0.000000 ICntrl=       500 IOpCl=  0 I1Cent=   200000004 NGrid=           0
         NMat0=    1 NMatS0=      1 NMatT0=    0 NMatD0=    1 NMtDS0=    0 NMtDT0=    0
 Symmetry not used in FoFCou.
 Requested convergence on RMS density matrix=1.00D-08 within 128 cycles.
 Requested convergence on MAX density matrix=1.00D-06.
 Requested convergence on             energy=1.00D-06.
 No special actions if energy rises.
 Integral accuracy reduced to 1.0D-05 until final iterations.
 Initial convergence to 1.0D-05 achieved.  Increase integral accuracy.
 SCF Done:  E(UB3LYP) =  -421.993170336     A.U. after   13 cycles
            NFock= 13  Conv=0.64D-08     -V/T= 2.0037
 <Sx>= 0.0000 <Sy>= 0.0000 <Sz>= 0.0000 <S**2>= 0.0000 S= 0.0000
 <L.S>= 0.000000000000E+00
 Annihilation of the first spin contaminant:
 S**2 before annihilation     0.0000,   after     0.0000
 DoSCS=F DFT=T ScalE2(SS,OS)=  1.000000  1.000000
 Range of M.O.s used for correlation:     1   210
 NBasis=   210 NAE=    33 NBE=    33 NFC=     0 NFV=     0
 NROrb=    210 NOA=    33 NOB=    33 NVA=   177 NVB=   177
 Symmetrizing basis deriv contribution to polar:
 IMax=3 JMax=2 DiffMx= 0.00D+00
 Calling FoFJK, ICntrl=      2147 FMM=F ISym2X=0 I1Cent= 0 IOpClX= 1 NMat=1 NMatS=1 NMatT=0.
 -------------------------------------------------------------------
 Center     Atomic                   Forces (Hartrees/Bohr)
 Number     Number              X              Y              Z
 -------------------------------------------------------------------
      1        6          -0.000453617    0.000101277   -0.000130583
      2        6          -0.000262367    0.000957619    0.000430907
      3        6           0.000736639    0.000335199   -0.000538569
      4        6          -0.000689421   -0.001297212    0.000920969
      5        6          -0.000276427   -0.000706922    0.000068266
      6        6          -0.000479319    0.000096382   -0.000171661
      7        1          -0.000012373   -0.000029411    0.000011764
      8        1           0.000090643   -0.000076645    0.000280996
      9        1           0.000093391   -0.000014496   -0.000059147
     10        8           0.000969244    0.000779191   -0.000092243
     11        8           0.000504648   -0.000439998   -0.000502383
     12        1           0.000066206    0.000095273    0.000025380
     13        1           0.000065766    0.000006669   -0.000011903
     14        6          -0.000280797    0.000147998   -0.000190846
     15        1          -0.000035018    0.000015120   -0.000014827
     16        1          -0.000014265    0.000014181   -0.000014408
     17        1          -0.000022933    0.000015775   -0.000011713
 -------------------------------------------------------------------
 Cartesian Forces:  Max     0.001297212 RMS     0.000413654
 IRC-IRC-IRC-IRC-IRC-IRC-IRC-IRC-IRC-IRC-IRC-IRC-IRC-IRC-IRC-IRC-IRC-IRC
 Pt  1 Step number   1 out of a maximum of  20
 Modified Bulirsch-Stoer Extrapolation Cycles:
    EPS =    0.000010000000000
      PEZero:  N= 2 I= 1 D=  6.13D-04 Err=  1.59D-02
      PEZero:  N= 3 I= 2 D=  6.13D-04 Err=  6.25D-04
      PEZero:  N= 3 I= 1 D=  1.23D-03 Err=  1.50D-02
      PEZero:  N= 4 I= 3 D=  3.06D-04 Err=  4.59D-04
      PEZero:  N= 4 I= 2 D=  9.19D-04 Err=  1.20D-05
      PEZero:  N= 4 I= 1 D=  1.53D-03 Err=  3.89D-04
      PEZero:  N= 5 I= 4 D=  3.06D-04 Err=  3.06D-04
      PEZero:  N= 5 I= 3 D=  6.13D-04 Err=  9.55D-07
      PEZero:  N= 5 I= 2 D=  1.23D-03 Err=  5.04D-06
 Maximum DWI energy   std dev =  0.000000534 at pt    35
 Maximum DWI gradient std dev =  0.157246455 at pt     1
 CORRECTOR INTEGRATION CONVERGENCE:
   Recorrection delta-x convergence threshold:    0.010000
   Delta-x Convergence Met
 Point Number:   1          Path Number:   1
   CHANGE IN THE REACTION COORDINATE =    0.23513
   NET REACTION COORDINATE UP TO THIS POINT =    0.23513
  # OF POINTS ALONG THE PATH =   1
  # OF STEPS =   1

 Calculating another point on the path.
 IRC-IRC-IRC-IRC-IRC-IRC-IRC-IRC-IRC-IRC-IRC-IRC-IRC-IRC-IRC-IRC-IRC-IRC
                          Input orientation:                          
 ---------------------------------------------------------------------
 Center     Atomic      Atomic             Coordinates (Angstroms)
 Number     Number       Type             X           Y           Z
 ---------------------------------------------------------------------
      1          6           0        1.508700    1.115948   -0.016671
      2          6           0        0.189886    1.515608   -0.087260
      3          6           0       -1.131963    0.737948    0.059455
      4          6           0       -0.467626   -0.382291   -0.297966
      5          6           0        0.708510   -1.056113   -0.137889
      6          6           0        1.844529   -0.253387   -0.022000
      7          1           0        2.278820    1.880294    0.007147
      8          1           0       -0.086849    2.549431   -0.277620
      9          1           0        0.701438   -2.134475   -0.037522
     10          8           0       -2.675116   -1.678207   -0.050178
     11          8           0       -2.247103    1.210502    0.221849
     12          1           0       -2.993723   -0.762602   -0.119986
     13          1           0       -2.699865   -1.844686    0.898584
     14          6           0        3.235932   -0.792870    0.176854
     15          1           0        3.607703   -0.590205    1.186469
     16          1           0        3.266512   -1.872877    0.021622
     17          1           0        3.938670   -0.336969   -0.526998
 ---------------------------------------------------------------------
                    Distance matrix (angstroms):
                    1          2          3          4          5
     1  C    0.000000
     2  C    1.379848   0.000000
     3  C    2.668666   1.540639   0.000000
     4  C    2.495939   2.019589   1.350566   0.000000
     5  C    2.317940   2.623983   2.577779   1.364903   0.000000
     6  C    1.409925   2.423107   3.138294   2.332131   1.395829
     7  H    1.085300   2.122628   3.597378   3.571463   3.333076
     8  H    2.160728   1.087018   2.118338   2.956417   3.694871
     9  H    3.349232   3.686091   3.409044   2.122426   1.083045
    10  O    5.031177   4.290696   2.868998   2.571733   3.441457
    11  O    3.764556   2.475390   1.221972   2.444122   3.742005
    12  H    4.879695   3.914930   2.397915   2.560757   3.713893
    13  H    5.226382   4.540279   3.135675   2.924590   3.648719
    14  C    2.581544   3.831086   4.629870   3.756378   2.560512
    15  H    2.960459   4.211687   5.049613   4.342244   3.221229
    16  H    3.467629   4.578135   5.115118   4.033333   2.689967
    17  H    2.876831   4.204615   5.216387   4.412477   3.332042
                    6          7          8          9         10
     6  C    0.000000
     7  H    2.177626   0.000000
     8  H    3.413408   2.474919   0.000000
     9  H    2.201224   4.313756   4.755840   0.000000
    10  O    4.738998   6.099812   4.962236   3.407266   0.000000
    11  O    4.352457   4.580250   2.590154   4.466546   2.932888
    12  H    4.865961   5.899217   4.409572   3.942467   0.971965
    13  H    4.902165   6.281516   5.245911   3.539652   0.963576
    14  C    1.505519   2.844410   4.734807   2.875677   5.981292
    15  H    2.163938   3.043041   5.064641   3.511310   6.495142
    16  H    2.155618   3.880985   5.558002   2.579057   5.945250
    17  H    2.155791   2.820757   4.959667   3.735008   6.765238
                   11         12         13         14         15
    11  O    0.000000
    12  H    2.137155   0.000000
    13  H    3.161826   1.514842   0.000000
    14  C    5.837739   6.236796   6.071318   0.000000
    15  H    6.200951   6.731669   6.437548   1.094810   0.000000
    16  H    6.320385   6.359505   6.030549   1.091535   1.765935
    17  H    6.420220   6.957362   6.955260   1.094118   1.763416
                   16         17
    16  H    0.000000
    17  H    1.764028   0.000000
 Symmetry turned off by external request.
 Stoichiometry    C7H8O2
 Framework group  C1[X(C7H8O2)]
 Deg. of freedom    45
 Full point group                 C1      NOp   1
 Rotational constants (GHZ):           2.9913759           1.0522303           0.7910546
 Standard basis: 6-311G(d,p) (5D, 7F)
   210 basis functions,   352 primitive gaussians,   219 cartesian basis functions
    33 alpha electrons       33 beta electrons
       nuclear repulsion energy       408.1020832785 Hartrees.
 NAtoms=   17 NActive=   17 NUniq=   17 SFac= 1.00D+00 NAtFMM=   60 NAOKFM=F Big=F
 Integral buffers will be    131072 words long.
 Raffenetti 2 integral format.
 Two-electron integral symmetry is turned off.
 One-electron integrals computed using PRISM.
 NBasis=   210 RedAO= T EigKep=  4.21D-04  NBF=   210
 NBsUse=   210 1.00D-06 EigRej= -1.00D+00 NBFU=   210
 Initial guess from the checkpoint file:  "3-ts-4.chk"
 B after Tr=     0.000304    0.000357    0.000362
         Rot=    1.000000   -0.000281   -0.000041   -0.000005 Ang=  -0.03 deg.
 Initial guess <Sx>= 0.0000 <Sy>= 0.0000 <Sz>= 0.0000 <S**2>= 0.0000 S= 0.0000
 ExpMin= 1.03D-01 ExpMax= 8.59D+03 ExpMxC= 1.30D+03 IAcc=2 IRadAn=         4 AccDes= 0.00D+00
 Harris functional with IExCor=  402 and IRadAn=       4 diagonalized for initial guess.
 HarFok:  IExCor=  402 AccDes= 0.00D+00 IRadAn=         4 IDoV= 1 UseB2=F ITyADJ=14
 ICtDFT=  3500011 ScaDFX=  1.000000  1.000000  1.000000  1.000000
 FoFCou: FMM=F IPFlag=           0 FMFlag=      100000 FMFlg1=           0
         NFxFlg=           0 DoJE=T BraDBF=F KetDBF=T FulRan=T
         wScrn=  0.000000 ICntrl=       500 IOpCl=  0 I1Cent=   200000004 NGrid=           0
         NMat0=    1 NMatS0=      1 NMatT0=    0 NMatD0=    1 NMtDS0=    0 NMtDT0=    0
 Symmetry not used in FoFCou.
 Requested convergence on RMS density matrix=1.00D-08 within 128 cycles.
 Requested convergence on MAX density matrix=1.00D-06.
 Requested convergence on             energy=1.00D-06.
 No special actions if energy rises.
 Integral accuracy reduced to 1.0D-05 until final iterations.
 Initial convergence to 1.0D-05 achieved.  Increase integral accuracy.
 SCF Done:  E(UB3LYP) =  -421.993458916     A.U. after   13 cycles
            NFock= 13  Conv=0.78D-08     -V/T= 2.0037
 <Sx>= 0.0000 <Sy>= 0.0000 <Sz>= 0.0000 <S**2>= 0.0000 S= 0.0000
 <L.S>= 0.000000000000E+00
 Annihilation of the first spin contaminant:
 S**2 before annihilation     0.0000,   after     0.0000
 DoSCS=F DFT=T ScalE2(SS,OS)=  1.000000  1.000000
 Range of M.O.s used for correlation:     1   210
 NBasis=   210 NAE=    33 NBE=    33 NFC=     0 NFV=     0
 NROrb=    210 NOA=    33 NOB=    33 NVA=   177 NVB=   177
 Symmetrizing basis deriv contribution to polar:
 IMax=3 JMax=2 DiffMx= 0.00D+00
 Calling FoFJK, ICntrl=      2147 FMM=F ISym2X=0 I1Cent= 0 IOpClX= 1 NMat=1 NMatS=1 NMatT=0.
 -------------------------------------------------------------------
 Center     Atomic                   Forces (Hartrees/Bohr)
 Number     Number              X              Y              Z
 -------------------------------------------------------------------
      1        6          -0.000801072    0.000165507   -0.000214355
      2        6          -0.000538500    0.001747493    0.000757310
      3        6           0.001317198    0.000556846   -0.000984879
      4        6          -0.001258112   -0.002256214    0.001727704
      5        6          -0.000530318   -0.001350919    0.000166645
      6        6          -0.000915747    0.000154413   -0.000287068
      7        1          -0.000020693   -0.000055574    0.000024293
      8        1           0.000182073   -0.000244092    0.000515507
      9        1           0.000163140    0.000002850   -0.000124827
     10        8           0.002003335    0.001562776   -0.000161908
     11        8           0.000826561   -0.000829714   -0.000948095
     12        1           0.000123878    0.000187028    0.000045888
     13        1           0.000127367    0.000015967   -0.000035023
     14        6          -0.000545724    0.000264820   -0.000401882
     15        1          -0.000063305    0.000027555   -0.000025767
     16        1          -0.000026446    0.000022603   -0.000028385
     17        1          -0.000043635    0.000028654   -0.000025159
 -------------------------------------------------------------------
 Cartesian Forces:  Max     0.002256214 RMS     0.000768906
 IRC-IRC-IRC-IRC-IRC-IRC-IRC-IRC-IRC-IRC-IRC-IRC-IRC-IRC-IRC-IRC-IRC-IRC
 Pt  2 Step number   1 out of a maximum of  20
 Modified Bulirsch-Stoer Extrapolation Cycles:
    EPS =    0.000010000000000
      PEZero:  N= 2 I= 1 D=  1.23D-03 Err=  1.27D-03
      PEZero:  N= 3 I= 2 D=  1.23D-03 Err=  4.26D-05
      PEZero:  N= 3 I= 1 D=  2.45D-03 Err=  1.30D-03
      PEZero:  N= 4 I= 3 D=  6.13D-04 Err=  3.20D-05
      PEZero:  N= 4 I= 2 D=  1.84D-03 Err=  5.95D-08
      PEZero:  N= 4 I= 1 D=  3.06D-03 Err=  2.56D-05
 Maximum DWI energy   std dev =  0.000001424 at pt    36
 Maximum DWI gradient std dev =  0.122626332 at pt    36
 CORRECTOR INTEGRATION CONVERGENCE:
   Recorrection delta-x convergence threshold:    0.010000
   Delta-x Convergence Met
 Point Number:   2          Path Number:   1
   CHANGE IN THE REACTION COORDINATE =    0.23510
   NET REACTION COORDINATE UP TO THIS POINT =    0.47023
  # OF POINTS ALONG THE PATH =   2
  # OF STEPS =   1

 Calculating another point on the path.
 IRC-IRC-IRC-IRC-IRC-IRC-IRC-IRC-IRC-IRC-IRC-IRC-IRC-IRC-IRC-IRC-IRC-IRC
                          Input orientation:                          
 ---------------------------------------------------------------------
 Center     Atomic      Atomic             Coordinates (Angstroms)
 Number     Number       Type             X           Y           Z
 ---------------------------------------------------------------------
      1          6           0        1.503414    1.116270   -0.018014
      2          6           0        0.187101    1.524454   -0.081499
      3          6           0       -1.123435    0.741927    0.053303
      4          6           0       -0.475236   -0.398523   -0.287003
      5          6           0        0.706017   -1.063002   -0.136935
      6          6           0        1.838809   -0.253334   -0.023712
      7          1           0        2.276881    1.877195    0.008651
      8          1           0       -0.083282    2.564699   -0.244606
      9          1           0        0.710506   -2.142284   -0.046209
     10          8           0       -2.664694   -1.669844   -0.051114
     11          8           0       -2.244360    1.206936    0.217240
     12          1           0       -2.982077   -0.752146   -0.114821
     13          1           0       -2.689114   -1.842899    0.896705
     14          6           0        3.232004   -0.791142    0.174113
     15          1           0        3.603122   -0.588174    1.183975
     16          1           0        3.264264   -1.871141    0.018984
     17          1           0        3.934322   -0.334313   -0.529541
 ---------------------------------------------------------------------
                    Distance matrix (angstroms):
                    1          2          3          4          5
     1  C    0.000000
     2  C    1.379610   0.000000
     3  C    2.654346   1.532327   0.000000
     4  C    2.506393   2.044203   1.355211   0.000000
     5  C    2.323620   2.639560   2.576986   1.363603   0.000000
     6  C    1.410084   2.427346   3.125919   2.333497   1.396996
     7  H    1.085343   2.121257   3.585105   3.583358   3.336700
     8  H    2.160300   1.087116   2.119709   2.989333   3.714135
     9  H    3.353755   3.704075   3.419345   2.122421   1.083098
    10  O    5.013646   4.282196   2.864092   2.542760   3.425977
    11  O    3.756245   2.470236   1.224574   2.441630   3.739356
    12  H    4.860039   3.902270   2.390621   2.537508   3.701238
    13  H    5.212550   4.535258   3.137516   2.896315   3.633671
    14  C    2.581309   3.833896   4.618955   3.756382   2.559544
    15  H    2.959506   4.211154   5.038643   4.339671   3.219235
    16  H    3.467937   4.583568   5.106976   4.030644   2.687383
    17  H    2.876658   4.206830   5.203739   4.416690   3.332728
                    6          7          8          9         10
     6  C    0.000000
     7  H    2.175341   0.000000
     8  H    3.418266   2.471269   0.000000
     9  H    2.200388   4.314250   4.777568   0.000000
    10  O    4.721101   6.083110   4.963112   3.408108   0.000000
    11  O    4.343123   4.575410   2.593662   4.474139   2.919684
    12  H    4.847480   5.880928   4.406962   3.946183   0.973119
    13  H    4.886305   6.268082   5.245939   3.540641   0.963797
    14  C    1.506440   2.838954   4.735833   2.869159   5.966061
    15  H    2.164122   3.036173   5.056780   3.506542   6.479272
    16  H    2.156628   3.876217   5.563472   2.568939   5.932789
    17  H    2.157219   2.815586   4.962520   3.727648   6.749781
                   11         12         13         14         15
    11  O    0.000000
    12  H    2.119550   0.000000
    13  H    3.156100   1.516165   0.000000
    14  C    5.829643   6.220916   6.057059   0.000000
    15  H    6.192741   6.714060   6.422545   1.094873   0.000000
    16  H    6.313383   6.347191   6.017799   1.091560   1.765795
    17  H    6.411649   6.941408   6.941175   1.094108   1.763597
                   16         17
    16  H    0.000000
    17  H    1.764000   0.000000
 Symmetry turned off by external request.
 Stoichiometry    C7H8O2
 Framework group  C1[X(C7H8O2)]
 Deg. of freedom    45
 Full point group                 C1      NOp   1
 Rotational constants (GHZ):           2.9912153           1.0575358           0.7936162
 Standard basis: 6-311G(d,p) (5D, 7F)
   210 basis functions,   352 primitive gaussians,   219 cartesian basis functions
    33 alpha electrons       33 beta electrons
       nuclear repulsion energy       408.3139353619 Hartrees.
 NAtoms=   17 NActive=   17 NUniq=   17 SFac= 1.00D+00 NAtFMM=   60 NAOKFM=F Big=F
 Integral buffers will be    131072 words long.
 Raffenetti 2 integral format.
 Two-electron integral symmetry is turned off.
 One-electron integrals computed using PRISM.
 NBasis=   210 RedAO= T EigKep=  4.10D-04  NBF=   210
 NBsUse=   210 1.00D-06 EigRej= -1.00D+00 NBFU=   210
 Initial guess from the checkpoint file:  "3-ts-4.chk"
 B after Tr=     0.000327    0.000359    0.000367
         Rot=    1.000000   -0.000310   -0.000047   -0.000005 Ang=  -0.04 deg.
 Initial guess <Sx>= 0.0000 <Sy>= 0.0000 <Sz>= 0.0000 <S**2>= 0.0000 S= 0.0000
 ExpMin= 1.03D-01 ExpMax= 8.59D+03 ExpMxC= 1.30D+03 IAcc=2 IRadAn=         4 AccDes= 0.00D+00
 Harris functional with IExCor=  402 and IRadAn=       4 diagonalized for initial guess.
 HarFok:  IExCor=  402 AccDes= 0.00D+00 IRadAn=         4 IDoV= 1 UseB2=F ITyADJ=14
 ICtDFT=  3500011 ScaDFX=  1.000000  1.000000  1.000000  1.000000
 FoFCou: FMM=F IPFlag=           0 FMFlag=      100000 FMFlg1=           0
         NFxFlg=           0 DoJE=T BraDBF=F KetDBF=T FulRan=T
         wScrn=  0.000000 ICntrl=       500 IOpCl=  0 I1Cent=   200000004 NGrid=           0
         NMat0=    1 NMatS0=      1 NMatT0=    0 NMatD0=    1 NMtDS0=    0 NMtDT0=    0
 Symmetry not used in FoFCou.
 Requested convergence on RMS density matrix=1.00D-08 within 128 cycles.
 Requested convergence on MAX density matrix=1.00D-06.
 Requested convergence on             energy=1.00D-06.
 No special actions if energy rises.
 Integral accuracy reduced to 1.0D-05 until final iterations.
 Initial convergence to 1.0D-05 achieved.  Increase integral accuracy.
 SCF Done:  E(UB3LYP) =  -421.993904557     A.U. after   13 cycles
            NFock= 13  Conv=0.93D-08     -V/T= 2.0037
 <Sx>= 0.0000 <Sy>= 0.0000 <Sz>= 0.0000 <S**2>= 0.0000 S= 0.0000
 <L.S>= 0.000000000000E+00
 Annihilation of the first spin contaminant:
 S**2 before annihilation     0.0000,   after     0.0000
 DoSCS=F DFT=T ScalE2(SS,OS)=  1.000000  1.000000
 Range of M.O.s used for correlation:     1   210
 NBasis=   210 NAE=    33 NBE=    33 NFC=     0 NFV=     0
 NROrb=    210 NOA=    33 NOB=    33 NVA=   177 NVB=   177
 Symmetrizing basis deriv contribution to polar:
 IMax=3 JMax=2 DiffMx= 0.00D+00
 Calling FoFJK, ICntrl=      2147 FMM=F ISym2X=0 I1Cent= 0 IOpClX= 1 NMat=1 NMatS=1 NMatT=0.
 -------------------------------------------------------------------
 Center     Atomic                   Forces (Hartrees/Bohr)
 Number     Number              X              Y              Z
 -------------------------------------------------------------------
      1        6          -0.001061985    0.000129540   -0.000256103
      2        6          -0.000781769    0.002221199    0.001053517
      3        6           0.001809911    0.000734418   -0.001329625
      4        6          -0.001706397   -0.003091900    0.002371688
      5        6          -0.000672283   -0.001776682    0.000268517
      6        6          -0.001275079    0.000111839   -0.000338682
      7        1          -0.000029467   -0.000069607    0.000033186
      8        1           0.000208360   -0.000258246    0.000652263
      9        1           0.000182156    0.000015236   -0.000182749
     10        8           0.003084885    0.002379999   -0.000223281
     11        8           0.000873744   -0.001122318   -0.001318853
     12        1           0.000177832    0.000239895    0.000071914
     13        1           0.000181562    0.000029465   -0.000059885
     14        6          -0.000808074    0.000354328   -0.000616866
     15        1          -0.000081395    0.000034382   -0.000041172
     16        1          -0.000035961    0.000028821   -0.000043192
     17        1          -0.000066039    0.000039630   -0.000040677
 -------------------------------------------------------------------
 Cartesian Forces:  Max     0.003091900 RMS     0.001065433
 IRC-IRC-IRC-IRC-IRC-IRC-IRC-IRC-IRC-IRC-IRC-IRC-IRC-IRC-IRC-IRC-IRC-IRC
 Pt  3 Step number   1 out of a maximum of  20
 Modified Bulirsch-Stoer Extrapolation Cycles:
    EPS =    0.000010000000000
      PEZero:  N= 2 I= 1 D=  1.23D-03 Err=  6.37D-05
      PEZero:  N= 3 I= 2 D=  1.23D-03 Err=  4.24D-05
      PEZero:  N= 3 I= 1 D=  2.45D-03 Err=  8.04D-08
 Maximum DWI energy   std dev =  0.000001317 at pt    36
 Maximum DWI gradient std dev =  0.089786408 at pt    37
 CORRECTOR INTEGRATION CONVERGENCE:
   Recorrection delta-x convergence threshold:    0.010000
   Delta-x Convergence Met
 Point Number:   3          Path Number:   1
   CHANGE IN THE REACTION COORDINATE =    0.23517
   NET REACTION COORDINATE UP TO THIS POINT =    0.70540
  # OF POINTS ALONG THE PATH =   3
  # OF STEPS =   1

 Calculating another point on the path.
 IRC-IRC-IRC-IRC-IRC-IRC-IRC-IRC-IRC-IRC-IRC-IRC-IRC-IRC-IRC-IRC-IRC-IRC
                          Input orientation:                          
 ---------------------------------------------------------------------
 Center     Atomic      Atomic             Coordinates (Angstroms)
 Number     Number       Type             X           Y           Z
 ---------------------------------------------------------------------
      1          6           0        1.498190    1.116484   -0.019153
      2          6           0        0.184227    1.532702   -0.076088
      3          6           0       -1.115351    0.745611    0.047304
      4          6           0       -0.482692   -0.413967   -0.275959
      5          6           0        0.703210   -1.070024   -0.135740
      6          6           0        1.832843   -0.253410   -0.025180
      7          1           0        2.275018    1.873941    0.010247
      8          1           0       -0.079858    2.578199   -0.212978
      9          1           0        0.719081   -2.149996   -0.055440
     10          8           0       -2.653175   -1.660800   -0.052075
     11          8           0       -2.241932    1.203152    0.212570
     12          1           0       -2.970054   -0.741212   -0.109698
     13          1           0       -2.678284   -1.840931    0.894642
     14          6           0        3.227923   -0.789485    0.171121
     15          1           0        3.598565   -0.586252    1.181179
     16          1           0        3.261936   -1.869472    0.016090
     17          1           0        3.929693   -0.331650   -0.532407
 ---------------------------------------------------------------------
                    Distance matrix (angstroms):
                    1          2          3          4          5
     1  C    0.000000
     2  C    1.379484   0.000000
     3  C    2.640561   1.524350   0.000000
     4  C    2.516371   2.067426   1.359918   0.000000
     5  C    2.329464   2.654635   2.576276   1.362510   0.000000
     6  C    1.410191   2.431198   3.113703   2.334603   1.398269
     7  H    1.085388   2.120213   3.573389   3.594635   3.340483
     8  H    2.159725   1.086988   2.120937   3.019818   3.732116
     9  H    3.358306   3.721392   3.429320   2.122894   1.083069
    10  O    4.994819   4.271989   2.857550   2.513108   3.409008
    11  O    3.748296   2.465396   1.227127   2.438988   3.736645
    12  H    4.839880   3.888613   2.382271   2.514300   3.688043
    13  H    5.198486   4.529646   3.138621   2.868302   3.618078
    14  C    2.580872   3.836372   4.608241   3.756268   2.558719
    15  H    2.958325   4.210510   5.027976   4.337002   3.217359
    16  H    3.468137   4.588635   5.099046   4.028153   2.685005
    17  H    2.876235   4.208628   5.191245   4.420597   3.333577
                    6          7          8          9         10
     6  C    0.000000
     7  H    2.173107   0.000000
     8  H    3.422236   2.468045   0.000000
     9  H    2.199641   4.314780   4.797806   0.000000
    10  O    4.701684   6.065094   4.961549   3.407555   0.000000
    11  O    4.333808   4.570966   2.597385   4.481409   2.905406
    12  H    4.828345   5.862098   4.402544   3.949346   0.974359
    13  H    4.869966   6.254409   5.244745   3.541224   0.964029
    14  C    1.507368   2.833328   4.736057   2.862972   5.949480
    15  H    2.164223   3.029094   5.048586   3.502278   6.462184
    16  H    2.157699   3.871328   5.567929   2.559282   5.919183
    17  H    2.158745   2.810170   4.964449   3.720472   6.732868
                   11         12         13         14         15
    11  O    0.000000
    12  H    2.101088   0.000000
    13  H    3.149932   1.517633   0.000000
    14  C    5.821652   6.204523   6.042541   0.000000
    15  H    6.184787   6.696054   6.407430   1.094942   0.000000
    16  H    6.306520   6.334548   6.004905   1.091587   1.765617
    17  H    6.403090   6.924806   6.926743   1.094096   1.763759
                   16         17
    16  H    0.000000
    17  H    1.763985   0.000000
 Symmetry turned off by external request.
 Stoichiometry    C7H8O2
 Framework group  C1[X(C7H8O2)]
 Deg. of freedom    45
 Full point group                 C1      NOp   1
 Rotational constants (GHZ):           2.9923070           1.0630617           0.7963922
 Standard basis: 6-311G(d,p) (5D, 7F)
   210 basis functions,   352 primitive gaussians,   219 cartesian basis functions
    33 alpha electrons       33 beta electrons
       nuclear repulsion energy       408.5657009153 Hartrees.
 NAtoms=   17 NActive=   17 NUniq=   17 SFac= 1.00D+00 NAtFMM=   60 NAOKFM=F Big=F
 Integral buffers will be    131072 words long.
 Raffenetti 2 integral format.
 Two-electron integral symmetry is turned off.
 One-electron integrals computed using PRISM.
 NBasis=   210 RedAO= T EigKep=  3.99D-04  NBF=   210
 NBsUse=   210 1.00D-06 EigRej= -1.00D+00 NBFU=   210
 Initial guess from the checkpoint file:  "3-ts-4.chk"
 B after Tr=     0.000316    0.000334    0.000317
         Rot=    1.000000   -0.000299   -0.000048   -0.000003 Ang=  -0.03 deg.
 Initial guess <Sx>= 0.0000 <Sy>= 0.0000 <Sz>= 0.0000 <S**2>= 0.0000 S= 0.0000
 ExpMin= 1.03D-01 ExpMax= 8.59D+03 ExpMxC= 1.30D+03 IAcc=2 IRadAn=         4 AccDes= 0.00D+00
 Harris functional with IExCor=  402 and IRadAn=       4 diagonalized for initial guess.
 HarFok:  IExCor=  402 AccDes= 0.00D+00 IRadAn=         4 IDoV= 1 UseB2=F ITyADJ=14
 ICtDFT=  3500011 ScaDFX=  1.000000  1.000000  1.000000  1.000000
 FoFCou: FMM=F IPFlag=           0 FMFlag=      100000 FMFlg1=           0
         NFxFlg=           0 DoJE=T BraDBF=F KetDBF=T FulRan=T
         wScrn=  0.000000 ICntrl=       500 IOpCl=  0 I1Cent=   200000004 NGrid=           0
         NMat0=    1 NMatS0=      1 NMatT0=    0 NMatD0=    1 NMtDS0=    0 NMtDT0=    0
 Symmetry not used in FoFCou.
 Requested convergence on RMS density matrix=1.00D-08 within 128 cycles.
 Requested convergence on MAX density matrix=1.00D-06.
 Requested convergence on             energy=1.00D-06.
 No special actions if energy rises.
 Integral accuracy reduced to 1.0D-05 until final iterations.
 Initial convergence to 1.0D-05 achieved.  Increase integral accuracy.
 SCF Done:  E(UB3LYP) =  -421.994480664     A.U. after   14 cycles
            NFock= 14  Conv=0.33D-08     -V/T= 2.0038
 <Sx>= 0.0000 <Sy>= 0.0000 <Sz>= 0.0000 <S**2>= 0.0000 S= 0.0000
 <L.S>= 0.000000000000E+00
 Annihilation of the first spin contaminant:
 S**2 before annihilation     0.0000,   after     0.0000
 DoSCS=F DFT=T ScalE2(SS,OS)=  1.000000  1.000000
 Range of M.O.s used for correlation:     1   210
 NBasis=   210 NAE=    33 NBE=    33 NFC=     0 NFV=     0
 NROrb=    210 NOA=    33 NOB=    33 NVA=   177 NVB=   177
 Symmetrizing basis deriv contribution to polar:
 IMax=3 JMax=2 DiffMx= 0.00D+00
 Calling FoFJK, ICntrl=      2147 FMM=F ISym2X=0 I1Cent= 0 IOpClX= 1 NMat=1 NMatS=1 NMatT=0.
 -------------------------------------------------------------------
 Center     Atomic                   Forces (Hartrees/Bohr)
 Number     Number              X              Y              Z
 -------------------------------------------------------------------
      1        6          -0.001286131    0.000098535   -0.000268490
      2        6          -0.000867773    0.002419698    0.001229422
      3        6           0.002000914    0.000743592   -0.001576762
      4        6          -0.002037495   -0.003582625    0.002923832
      5        6          -0.000864434   -0.002159589    0.000395267
      6        6          -0.001626023    0.000052803   -0.000345191
      7        1          -0.000036980   -0.000086294    0.000041272
      8        1           0.000195935   -0.000163325    0.000767990
      9        1           0.000209603   -0.000009069   -0.000236246
     10        8           0.004229208    0.003194845   -0.000276764
     11        8           0.000903254   -0.001422266   -0.001660516
     12        1           0.000244569    0.000319998    0.000096578
     13        1           0.000241045    0.000045366   -0.000082901
     14        6          -0.001060394    0.000418707   -0.000826199
     15        1          -0.000102024    0.000041909   -0.000059589
     16        1          -0.000048808    0.000035320   -0.000061376
     17        1          -0.000094464    0.000052397   -0.000060327
 -------------------------------------------------------------------
 Cartesian Forces:  Max     0.004229208 RMS     0.001310270
 IRC-IRC-IRC-IRC-IRC-IRC-IRC-IRC-IRC-IRC-IRC-IRC-IRC-IRC-IRC-IRC-IRC-IRC
 Pt  4 Step number   1 out of a maximum of  20
 Modified Bulirsch-Stoer Extrapolation Cycles:
    EPS =    0.000010000000000
      PEZero:  N= 2 I= 1 D=  1.23D-03 Err=  6.87D-05
      PEZero:  N= 3 I= 2 D=  1.23D-03 Err=  4.58D-05
      PEZero:  N= 3 I= 1 D=  2.45D-03 Err=  7.07D-08
 Maximum DWI energy   std dev =  0.000001167 at pt    36
 Maximum DWI gradient std dev =  0.064984661 at pt    28
 CORRECTOR INTEGRATION CONVERGENCE:
   Recorrection delta-x convergence threshold:    0.010000
   Delta-x Convergence Met
 Point Number:   4          Path Number:   1
   CHANGE IN THE REACTION COORDINATE =    0.23516
   NET REACTION COORDINATE UP TO THIS POINT =    0.94056
  # OF POINTS ALONG THE PATH =   4
  # OF STEPS =   1

 Calculating another point on the path.
 IRC-IRC-IRC-IRC-IRC-IRC-IRC-IRC-IRC-IRC-IRC-IRC-IRC-IRC-IRC-IRC-IRC-IRC
                          Input orientation:                          
 ---------------------------------------------------------------------
 Center     Atomic      Atomic             Coordinates (Angstroms)
 Number     Number       Type             X           Y           Z
 ---------------------------------------------------------------------
      1          6           0        1.493132    1.116593   -0.020103
      2          6           0        0.181526    1.540196   -0.071131
      3          6           0       -1.108214    0.748571    0.041458
      4          6           0       -0.489835   -0.428158   -0.264912
      5          6           0        0.700081   -1.077202   -0.134255
      6          6           0        1.826564   -0.253726   -0.026351
      7          1           0        2.273360    1.870475    0.012105
      8          1           0       -0.076889    2.590360   -0.180829
      9          1           0        0.727297   -2.157734   -0.065811
     10          8           0       -2.640398   -1.650954   -0.053017
     11          8           0       -2.239964    1.199190    0.207795
     12          1           0       -2.956732   -0.729323   -0.104162
     13          1           0       -2.666342   -1.838689    0.892445
     14          6           0        3.223615   -0.787910    0.167856
     15          1           0        3.593910   -0.584333    1.178041
     16          1           0        3.259488   -1.867869    0.012909
     17          1           0        3.924576   -0.328897   -0.535689
 ---------------------------------------------------------------------
                    Distance matrix (angstroms):
                    1          2          3          4          5
     1  C    0.000000
     2  C    1.379259   0.000000
     3  C    2.627971   1.517490   0.000000
     4  C    2.525539   2.088706   1.364166   0.000000
     5  C    2.335529   2.669017   2.575705   1.361701   0.000000
     6  C    1.410315   2.434402   3.101954   2.335175   1.399542
     7  H    1.085418   2.119383   3.562945   3.604955   3.344462
     8  H    2.159349   1.087040   2.122552   3.047794   3.749248
     9  H    3.363006   3.737992   3.439073   2.124261   1.083040
    10  O    4.974583   4.259932   2.848550   2.482952   3.390368
    11  O    3.740958   2.461239   1.229464   2.436116   3.734009
    12  H    4.818274   3.873044   2.371159   2.490406   3.673446
    13  H    5.183402   4.522797   3.137811   2.840115   3.600941
    14  C    2.580122   3.838163   4.597988   3.755851   2.557965
    15  H    2.956681   4.209325   5.017811   4.333991   3.215476
    16  H    3.468157   4.593018   5.091502   4.025838   2.682792
    17  H    2.875272   4.209483   5.179094   4.423822   3.334438
                    6          7          8          9         10
     6  C    0.000000
     7  H    2.171022   0.000000
     8  H    3.425759   2.465589   0.000000
     9  H    2.198907   4.315420   4.817089   0.000000
    10  O    4.680460   6.045637   4.957485   3.405637   0.000000
    11  O    4.324631   4.567167   2.601014   4.488701   2.889929
    12  H    4.807512   5.841775   4.395415   3.951443   0.975749
    13  H    4.852061   6.239676   5.241532   3.540739   0.964270
    14  C    1.508251   2.827411   4.735780   2.857030   5.931297
    15  H    2.164110   3.021480   5.039838   3.498603   6.443584
    16  H    2.158766   3.866221   5.571782   2.549942   5.904240
    17  H    2.160262   2.804252   4.965854   3.713223   6.714141
                   11         12         13         14         15
    11  O    0.000000
    12  H    2.080922   0.000000
    13  H    3.143127   1.519291   0.000000
    14  C    5.813850   6.186608   6.026671   0.000000
    15  H    6.177088   6.676524   6.391066   1.095005   0.000000
    16  H    6.299904   6.320710   5.990817   1.091608   1.765456
    17  H    6.394480   6.906443   6.910806   1.094081   1.763932
                   16         17
    16  H    0.000000
    17  H    1.764012   0.000000
 Symmetry turned off by external request.
 Stoichiometry    C7H8O2
 Framework group  C1[X(C7H8O2)]
 Deg. of freedom    45
 Full point group                 C1      NOp   1
 Rotational constants (GHZ):           2.9950568           1.0688315           0.7994231
 Standard basis: 6-311G(d,p) (5D, 7F)
   210 basis functions,   352 primitive gaussians,   219 cartesian basis functions
    33 alpha electrons       33 beta electrons
       nuclear repulsion energy       408.8692291455 Hartrees.
 NAtoms=   17 NActive=   17 NUniq=   17 SFac= 1.00D+00 NAtFMM=   60 NAOKFM=F Big=F
 Integral buffers will be    131072 words long.
 Raffenetti 2 integral format.
 Two-electron integral symmetry is turned off.
 One-electron integrals computed using PRISM.
 NBasis=   210 RedAO= T EigKep=  3.88D-04  NBF=   210
 NBsUse=   210 1.00D-06 EigRej= -1.00D+00 NBFU=   210
 Initial guess from the checkpoint file:  "3-ts-4.chk"
 B after Tr=     0.000332    0.000330    0.000303
         Rot=    1.000000   -0.000313   -0.000054   -0.000002 Ang=  -0.04 deg.
 Initial guess <Sx>= 0.0000 <Sy>= 0.0000 <Sz>= 0.0000 <S**2>= 0.0000 S= 0.0000
 ExpMin= 1.03D-01 ExpMax= 8.59D+03 ExpMxC= 1.30D+03 IAcc=2 IRadAn=         4 AccDes= 0.00D+00
 Harris functional with IExCor=  402 and IRadAn=       4 diagonalized for initial guess.
 HarFok:  IExCor=  402 AccDes= 0.00D+00 IRadAn=         4 IDoV= 1 UseB2=F ITyADJ=14
 ICtDFT=  3500011 ScaDFX=  1.000000  1.000000  1.000000  1.000000
 FoFCou: FMM=F IPFlag=           0 FMFlag=      100000 FMFlg1=           0
         NFxFlg=           0 DoJE=T BraDBF=F KetDBF=T FulRan=T
         wScrn=  0.000000 ICntrl=       500 IOpCl=  0 I1Cent=   200000004 NGrid=           0
         NMat0=    1 NMatS0=      1 NMatT0=    0 NMatD0=    1 NMtDS0=    0 NMtDT0=    0
 Symmetry not used in FoFCou.
 Requested convergence on RMS density matrix=1.00D-08 within 128 cycles.
 Requested convergence on MAX density matrix=1.00D-06.
 Requested convergence on             energy=1.00D-06.
 No special actions if energy rises.
 Integral accuracy reduced to 1.0D-05 until final iterations.
 Initial convergence to 1.0D-05 achieved.  Increase integral accuracy.
 SCF Done:  E(UB3LYP) =  -421.995168336     A.U. after   14 cycles
            NFock= 14  Conv=0.39D-08     -V/T= 2.0038
 <Sx>= 0.0000 <Sy>= 0.0000 <Sz>= 0.0000 <S**2>= 0.0000 S= 0.0000
 <L.S>= 0.000000000000E+00
 Annihilation of the first spin contaminant:
 S**2 before annihilation     0.0000,   after     0.0000
 DoSCS=F DFT=T ScalE2(SS,OS)=  1.000000  1.000000
 Range of M.O.s used for correlation:     1   210
 NBasis=   210 NAE=    33 NBE=    33 NFC=     0 NFV=     0
 NROrb=    210 NOA=    33 NOB=    33 NVA=   177 NVB=   177
 Symmetrizing basis deriv contribution to polar:
 IMax=3 JMax=2 DiffMx= 0.00D+00
 Calling FoFJK, ICntrl=      2147 FMM=F ISym2X=0 I1Cent= 0 IOpClX= 1 NMat=1 NMatS=1 NMatT=0.
 -------------------------------------------------------------------
 Center     Atomic                   Forces (Hartrees/Bohr)
 Number     Number              X              Y              Z
 -------------------------------------------------------------------
      1        6          -0.001440626    0.000024180   -0.000240797
      2        6          -0.001070166    0.002606505    0.001378739
      3        6           0.002243251    0.000797369   -0.001771756
      4        6          -0.002310186   -0.003987045    0.003325934
      5        6          -0.001024469   -0.002441467    0.000528022
      6        6          -0.001929978   -0.000048037   -0.000302969
      7        1          -0.000040978   -0.000097773    0.000052100
      8        1           0.000208060   -0.000223743    0.000825289
      9        1           0.000200362    0.000004205   -0.000286886
     10        8           0.005401593    0.004030772   -0.000311458
     11        8           0.000756286   -0.001692775   -0.001929497
     12        1           0.000300936    0.000363717    0.000121709
     13        1           0.000293788    0.000060962   -0.000109458
     14        6          -0.001298565    0.000460148   -0.001046170
     15        1          -0.000113065    0.000044614   -0.000076774
     16        1          -0.000057445    0.000037692   -0.000077470
     17        1          -0.000118798    0.000060675   -0.000078559
 -------------------------------------------------------------------
 Cartesian Forces:  Max     0.005401593 RMS     0.001541355
 IRC-IRC-IRC-IRC-IRC-IRC-IRC-IRC-IRC-IRC-IRC-IRC-IRC-IRC-IRC-IRC-IRC-IRC
 Pt  5 Step number   1 out of a maximum of  20
 Modified Bulirsch-Stoer Extrapolation Cycles:
    EPS =    0.000010000000000
      PEZero:  N= 2 I= 1 D=  1.23D-03 Err=  6.59D-05
      PEZero:  N= 3 I= 2 D=  1.23D-03 Err=  4.39D-05
      PEZero:  N= 3 I= 1 D=  2.45D-03 Err=  6.27D-08
 Maximum DWI energy   std dev =  0.000001050 at pt    36
 Maximum DWI gradient std dev =  0.059597997 at pt    38
 CORRECTOR INTEGRATION CONVERGENCE:
   Recorrection delta-x convergence threshold:    0.010000
   Delta-x Convergence Met
 Point Number:   5          Path Number:   1
   CHANGE IN THE REACTION COORDINATE =    0.23517
   NET REACTION COORDINATE UP TO THIS POINT =    1.17573
  # OF POINTS ALONG THE PATH =   5
  # OF STEPS =   1

 Calculating another point on the path.
 IRC-IRC-IRC-IRC-IRC-IRC-IRC-IRC-IRC-IRC-IRC-IRC-IRC-IRC-IRC-IRC-IRC-IRC
                          Input orientation:                          
 ---------------------------------------------------------------------
 Center     Atomic      Atomic             Coordinates (Angstroms)
 Number     Number       Type             X           Y           Z
 ---------------------------------------------------------------------
      1          6           0        1.488137    1.116487   -0.020783
      2          6           0        0.178596    1.547076   -0.066422
      3          6           0       -1.101397    0.751406    0.035926
      4          6           0       -0.496932   -0.441649   -0.254149
      5          6           0        0.696653   -1.084308   -0.132551
      6          6           0        1.820172   -0.254199   -0.027223
      7          1           0        2.271679    1.866873    0.013918
      8          1           0       -0.074000    2.600496   -0.151911
      9          1           0        0.734588   -2.165100   -0.076065
     10          8           0       -2.626485   -1.640445   -0.053968
     11          8           0       -2.238396    1.194990    0.203019
     12          1           0       -2.943051   -0.716999   -0.098641
     13          1           0       -2.654279   -1.836257    0.890061
     14          6           0        3.219214   -0.786462    0.164361
     15          1           0        3.589447   -0.582632    1.174594
     16          1           0        3.256981   -1.866386    0.009451
     17          1           0        3.919208   -0.326198   -0.539303
 ---------------------------------------------------------------------
                    Distance matrix (angstroms):
                    1          2          3          4          5
     1  C    0.000000
     2  C    1.379271   0.000000
     3  C    2.615758   1.510612   0.000000
     4  C    2.534314   2.108698   1.368541   0.000000
     5  C    2.341461   2.682711   2.575115   1.361044   0.000000
     6  C    1.410344   2.437396   3.090436   2.335723   1.400881
     7  H    1.085459   2.118896   3.552801   3.614739   3.348377
     8  H    2.158645   1.086650   2.123668   3.073105   3.764580
     9  H    3.367448   3.753594   3.448100   2.125708   1.082931
    10  O    4.952969   4.246049   2.838120   2.451975   3.370269
    11  O    3.734073   2.457319   1.231849   2.433165   3.731263
    12  H    4.796161   3.856391   2.359239   2.466475   3.658348
    13  H    5.167974   4.515195   3.136397   2.812169   3.583282
    14  C    2.579170   3.839794   4.587942   3.755501   2.557378
    15  H    2.954900   4.208287   5.008018   4.331244   3.213809
    16  H    3.468033   4.597165   5.084191   4.023831   2.680874
    17  H    2.874074   4.210100   5.167068   4.426842   3.335421
                    6          7          8          9         10
     6  C    0.000000
     7  H    2.168985   0.000000
     8  H    3.428224   2.463314   0.000000
     9  H    2.198276   4.315964   4.834302   0.000000
    10  O    4.657805   6.024774   4.950794   3.401847   0.000000
    11  O    4.315685   4.563767   2.605002   4.495189   2.873386
    12  H    4.786185   5.820865   4.386350   3.952535   0.977222
    13  H    4.833738   6.224617   5.237206   3.539203   0.964524
    14  C    1.509081   2.821460   4.734635   2.851633   5.911781
    15  H    2.163924   3.013926   5.031179   3.495508   6.423874
    16  H    2.159840   3.861095   5.574451   2.541458   5.888144
    17  H    2.161796   2.798206   4.966016   3.706474   6.693944
                   11         12         13         14         15
    11  O    0.000000
    12  H    2.059912   0.000000
    13  H    3.135833   1.521072   0.000000
    14  C    5.806303   6.168266   6.010543   0.000000
    15  H    6.169899   6.656780   6.374688   1.095076   0.000000
    16  H    6.293541   6.306597   5.976568   1.091632   1.765253
    17  H    6.386011   6.887489   6.894497   1.094065   1.764070
                   16         17
    16  H    0.000000
    17  H    1.764045   0.000000
 Symmetry turned off by external request.
 Stoichiometry    C7H8O2
 Framework group  C1[X(C7H8O2)]
 Deg. of freedom    45
 Full point group                 C1      NOp   1
 Rotational constants (GHZ):           2.9991702           1.0747939           0.8026698
 Standard basis: 6-311G(d,p) (5D, 7F)
   210 basis functions,   352 primitive gaussians,   219 cartesian basis functions
    33 alpha electrons       33 beta electrons
       nuclear repulsion energy       409.2143034352 Hartrees.
 NAtoms=   17 NActive=   17 NUniq=   17 SFac= 1.00D+00 NAtFMM=   60 NAOKFM=F Big=F
 Integral buffers will be    131072 words long.
 Raffenetti 2 integral format.
 Two-electron integral symmetry is turned off.
 One-electron integrals computed using PRISM.
 NBasis=   210 RedAO= T EigKep=  3.77D-04  NBF=   210
 NBsUse=   210 1.00D-06 EigRej= -1.00D+00 NBFU=   210
 Initial guess from the checkpoint file:  "3-ts-4.chk"
 B after Tr=     0.000319    0.000302    0.000234
         Rot=    1.000000   -0.000287   -0.000056    0.000001 Ang=  -0.03 deg.
 Initial guess <Sx>= 0.0000 <Sy>= 0.0000 <Sz>= 0.0000 <S**2>= 0.0000 S= 0.0000
 ExpMin= 1.03D-01 ExpMax= 8.59D+03 ExpMxC= 1.30D+03 IAcc=2 IRadAn=         4 AccDes= 0.00D+00
 Harris functional with IExCor=  402 and IRadAn=       4 diagonalized for initial guess.
 HarFok:  IExCor=  402 AccDes= 0.00D+00 IRadAn=         4 IDoV= 1 UseB2=F ITyADJ=14
 ICtDFT=  3500011 ScaDFX=  1.000000  1.000000  1.000000  1.000000
 FoFCou: FMM=F IPFlag=           0 FMFlag=      100000 FMFlg1=           0
         NFxFlg=           0 DoJE=T BraDBF=F KetDBF=T FulRan=T
         wScrn=  0.000000 ICntrl=       500 IOpCl=  0 I1Cent=   200000004 NGrid=           0
         NMat0=    1 NMatS0=      1 NMatT0=    0 NMatD0=    1 NMtDS0=    0 NMtDT0=    0
 Symmetry not used in FoFCou.
 Requested convergence on RMS density matrix=1.00D-08 within 128 cycles.
 Requested convergence on MAX density matrix=1.00D-06.
 Requested convergence on             energy=1.00D-06.
 No special actions if energy rises.
 Integral accuracy reduced to 1.0D-05 until final iterations.
 Initial convergence to 1.0D-05 achieved.  Increase integral accuracy.
 SCF Done:  E(UB3LYP) =  -421.995953235     A.U. after   14 cycles
            NFock= 14  Conv=0.45D-08     -V/T= 2.0038
 <Sx>= 0.0000 <Sy>= 0.0000 <Sz>= 0.0000 <S**2>= 0.0000 S= 0.0000
 <L.S>= 0.000000000000E+00
 Annihilation of the first spin contaminant:
 S**2 before annihilation     0.0000,   after     0.0000
 DoSCS=F DFT=T ScalE2(SS,OS)=  1.000000  1.000000
 Range of M.O.s used for correlation:     1   210
 NBasis=   210 NAE=    33 NBE=    33 NFC=     0 NFV=     0
 NROrb=    210 NOA=    33 NOB=    33 NVA=   177 NVB=   177
 Symmetrizing basis deriv contribution to polar:
 IMax=3 JMax=2 DiffMx= 0.00D+00
 Calling FoFJK, ICntrl=      2147 FMM=F ISym2X=0 I1Cent= 0 IOpClX= 1 NMat=1 NMatS=1 NMatT=0.
 -------------------------------------------------------------------
 Center     Atomic                   Forces (Hartrees/Bohr)
 Number     Number              X              Y              Z
 -------------------------------------------------------------------
      1        6          -0.001605026   -0.000029633   -0.000187086
      2        6          -0.001039685    0.002445477    0.001411412
      3        6           0.002168885    0.000648812   -0.001852109
      4        6          -0.002559709   -0.004060911    0.003640575
      5        6          -0.001256299   -0.002713950    0.000670640
      6        6          -0.002227471   -0.000130195   -0.000236987
      7        1          -0.000046719   -0.000114404    0.000056800
      8        1           0.000158524   -0.000008907    0.000878933
      9        1           0.000216362   -0.000032636   -0.000320622
     10        8           0.006623449    0.004818609   -0.000329893
     11        8           0.000691721   -0.001999676   -0.002197552
     12        1           0.000371483    0.000467136    0.000141969
     13        1           0.000356772    0.000079718   -0.000141352
     14        6          -0.001506762    0.000471607   -0.001238513
     15        1          -0.000126329    0.000047486   -0.000097091
     16        1          -0.000070054    0.000040722   -0.000097748
     17        1          -0.000149143    0.000070744   -0.000101376
 -------------------------------------------------------------------
 Cartesian Forces:  Max     0.006623449 RMS     0.001732362
 IRC-IRC-IRC-IRC-IRC-IRC-IRC-IRC-IRC-IRC-IRC-IRC-IRC-IRC-IRC-IRC-IRC-IRC
 Pt  6 Step number   1 out of a maximum of  20
 Modified Bulirsch-Stoer Extrapolation Cycles:
    EPS =    0.000010000000000
      PEZero:  N= 2 I= 1 D=  1.23D-03 Err=  6.72D-05
      PEZero:  N= 3 I= 2 D=  1.23D-03 Err=  4.48D-05
      PEZero:  N= 3 I= 1 D=  2.45D-03 Err=  6.87D-08
 Maximum DWI energy   std dev =  0.000000846 at pt    36
 Maximum DWI gradient std dev =  0.038506250 at pt    38
 CORRECTOR INTEGRATION CONVERGENCE:
   Recorrection delta-x convergence threshold:    0.010000
   Delta-x Convergence Met
 Point Number:   6          Path Number:   1
   CHANGE IN THE REACTION COORDINATE =    0.23516
   NET REACTION COORDINATE UP TO THIS POINT =    1.41089
  # OF POINTS ALONG THE PATH =   6
  # OF STEPS =   1

 Calculating another point on the path.
 IRC-IRC-IRC-IRC-IRC-IRC-IRC-IRC-IRC-IRC-IRC-IRC-IRC-IRC-IRC-IRC-IRC-IRC
                          Input orientation:                          
 ---------------------------------------------------------------------
 Center     Atomic      Atomic             Coordinates (Angstroms)
 Number     Number       Type             X           Y           Z
 ---------------------------------------------------------------------
      1          6           0        1.483369    1.116253   -0.021242
      2          6           0        0.175938    1.553118   -0.062301
      3          6           0       -1.095691    0.753374    0.030712
      4          6           0       -0.503753   -0.453645   -0.243764
      5          6           0        0.692901   -1.091416   -0.130568
      6          6           0        1.813540   -0.254951   -0.027752
      7          1           0        2.270209    1.863085    0.016012
      8          1           0       -0.071592    2.609767   -0.122164
      9          1           0        0.741350   -2.172316   -0.087122
     10          8           0       -2.611349   -1.629213   -0.054861
     11          8           0       -2.237342    1.190618    0.198215
     12          1           0       -2.927726   -0.703597   -0.092641
     13          1           0       -2.640847   -1.833502    0.887560
     14          6           0        3.214641   -0.785150    0.160664
     15          1           0        3.584983   -0.580967    1.170847
     16          1           0        3.254362   -1.865017    0.005743
     17          1           0        3.913346   -0.323463   -0.543321
 ---------------------------------------------------------------------
                    Distance matrix (angstroms):
                    1          2          3          4          5
     1  C    0.000000
     2  C    1.379099   0.000000
     3  C    2.604982   1.505085   0.000000
     4  C    2.542194   2.126501   1.372088   0.000000
     5  C    2.347466   2.695454   2.574554   1.360715   0.000000
     6  C    1.410410   2.439682   3.079573   2.335806   1.402169
     7  H    1.085478   2.118534   3.544144   3.623477   3.352381
     8  H    2.158395   1.086904   2.125639   3.096134   3.779322
     9  H    3.371887   3.768178   3.456627   2.128061   1.082857
    10  O    4.930054   4.230396   2.825113   2.420662   3.348585
    11  O    3.727919   2.454220   1.233939   2.429873   3.728553
    12  H    4.772286   3.837501   2.344000   2.441508   3.641536
    13  H    5.151323   4.506185   3.132670   2.784074   3.563867
    14  C    2.577931   3.840694   4.578527   3.754984   2.556909
    15  H    2.952696   4.206728   4.998908   4.328405   3.212223
    16  H    3.467725   4.600540   5.077358   4.022145   2.679201
    17  H    2.872305   4.209650   5.155536   4.429158   3.336373
                    6          7          8          9         10
     6  C    0.000000
     7  H    2.167150   0.000000
     8  H    3.430633   2.461840   0.000000
     9  H    2.197590   4.316538   4.850816   0.000000
    10  O    4.633462   6.002564   4.942049   3.396556   0.000000
    11  O    4.307015   4.561077   2.609042   4.501483   2.855763
    12  H    4.762888   5.798120   4.374558   3.952124   0.978921
    13  H    4.813645   6.208286   5.230989   3.536108   0.964760
    14  C    1.509865   2.815319   4.733368   2.846540   5.890759
    15  H    2.163546   3.005938   5.022270   3.493011   6.402789
    16  H    2.160880   3.855828   5.576918   2.533433   5.870761
    17  H    2.163259   2.791728   4.965978   3.699720   6.671973
                   11         12         13         14         15
    11  O    0.000000
    12  H    2.036978   0.000000
    13  H    3.127829   1.523082   0.000000
    14  C    5.799068   6.148128   5.992842   0.000000
    15  H    6.163116   6.635271   6.356890   1.095132   0.000000
    16  H    6.287509   6.291008   5.960879   1.091646   1.765095
    17  H    6.377561   6.866432   6.876415   1.094047   1.764229
                   16         17
    16  H    0.000000
    17  H    1.764121   0.000000
 Symmetry turned off by external request.
 Stoichiometry    C7H8O2
 Framework group  C1[X(C7H8O2)]
 Deg. of freedom    45
 Full point group                 C1      NOp   1
 Rotational constants (GHZ):           3.0050723           1.0809543           0.8061643
 Standard basis: 6-311G(d,p) (5D, 7F)
   210 basis functions,   352 primitive gaussians,   219 cartesian basis functions
    33 alpha electrons       33 beta electrons
       nuclear repulsion energy       409.6131861349 Hartrees.
 NAtoms=   17 NActive=   17 NUniq=   17 SFac= 1.00D+00 NAtFMM=   60 NAOKFM=F Big=F
 Integral buffers will be    131072 words long.
 Raffenetti 2 integral format.
 Two-electron integral symmetry is turned off.
 One-electron integrals computed using PRISM.
 NBasis=   210 RedAO= T EigKep=  3.67D-04  NBF=   210
 NBsUse=   210 1.00D-06 EigRej= -1.00D+00 NBFU=   210
 Initial guess from the checkpoint file:  "3-ts-4.chk"
 B after Tr=     0.000343    0.000311    0.000235
         Rot=    1.000000   -0.000306   -0.000062    0.000002 Ang=  -0.04 deg.
 Initial guess <Sx>= 0.0000 <Sy>= 0.0000 <Sz>= 0.0000 <S**2>= 0.0000 S= 0.0000
 ExpMin= 1.03D-01 ExpMax= 8.59D+03 ExpMxC= 1.30D+03 IAcc=2 IRadAn=         4 AccDes= 0.00D+00
 Harris functional with IExCor=  402 and IRadAn=       4 diagonalized for initial guess.
 HarFok:  IExCor=  402 AccDes= 0.00D+00 IRadAn=         4 IDoV= 1 UseB2=F ITyADJ=14
 ICtDFT=  3500011 ScaDFX=  1.000000  1.000000  1.000000  1.000000
 FoFCou: FMM=F IPFlag=           0 FMFlag=      100000 FMFlg1=           0
         NFxFlg=           0 DoJE=T BraDBF=F KetDBF=T FulRan=T
         wScrn=  0.000000 ICntrl=       500 IOpCl=  0 I1Cent=   200000004 NGrid=           0
         NMat0=    1 NMatS0=      1 NMatT0=    0 NMatD0=    1 NMtDS0=    0 NMtDT0=    0
 Symmetry not used in FoFCou.
 Requested convergence on RMS density matrix=1.00D-08 within 128 cycles.
 Requested convergence on MAX density matrix=1.00D-06.
 Requested convergence on             energy=1.00D-06.
 No special actions if energy rises.
 Integral accuracy reduced to 1.0D-05 until final iterations.
 Initial convergence to 1.0D-05 achieved.  Increase integral accuracy.
 SCF Done:  E(UB3LYP) =  -421.996826148     A.U. after   14 cycles
            NFock= 14  Conv=0.48D-08     -V/T= 2.0038
 <Sx>= 0.0000 <Sy>= 0.0000 <Sz>= 0.0000 <S**2>= 0.0000 S= 0.0000
 <L.S>= 0.000000000000E+00
 Annihilation of the first spin contaminant:
 S**2 before annihilation     0.0000,   after     0.0000
 DoSCS=F DFT=T ScalE2(SS,OS)=  1.000000  1.000000
 Range of M.O.s used for correlation:     1   210
 NBasis=   210 NAE=    33 NBE=    33 NFC=     0 NFV=     0
 NROrb=    210 NOA=    33 NOB=    33 NVA=   177 NVB=   177
 Symmetrizing basis deriv contribution to polar:
 IMax=3 JMax=2 DiffMx= 0.00D+00
 Calling FoFJK, ICntrl=      2147 FMM=F ISym2X=0 I1Cent= 0 IOpClX= 1 NMat=1 NMatS=1 NMatT=0.
 -------------------------------------------------------------------
 Center     Atomic                   Forces (Hartrees/Bohr)
 Number     Number              X              Y              Z
 -------------------------------------------------------------------
      1        6          -0.001684916   -0.000160399   -0.000111229
      2        6          -0.001341012    0.002620665    0.001529235
      3        6           0.002418669    0.000753496   -0.001943591
      4        6          -0.002782006   -0.004345098    0.003786381
      5        6          -0.001413973   -0.002816922    0.000802215
      6        6          -0.002455499   -0.000280318   -0.000137125
      7        1          -0.000048960   -0.000121786    0.000069206
      8        1           0.000195196   -0.000233020    0.000844738
      9        1           0.000172917   -0.000011188   -0.000347450
     10        8           0.007834870    0.005648263   -0.000350588
     11        8           0.000364851   -0.002259700   -0.002362408
     12        1           0.000420941    0.000486128    0.000167673
     13        1           0.000407423    0.000094675   -0.000157610
     14        6          -0.001713303    0.000468175   -0.001444309
     15        1          -0.000126970    0.000044581   -0.000113582
     16        1          -0.000076219    0.000038251   -0.000112477
     17        1          -0.000172008    0.000074197   -0.000119081
 -------------------------------------------------------------------
 Cartesian Forces:  Max     0.007834870 RMS     0.001944980
 IRC-IRC-IRC-IRC-IRC-IRC-IRC-IRC-IRC-IRC-IRC-IRC-IRC-IRC-IRC-IRC-IRC-IRC
 Pt  7 Step number   1 out of a maximum of  20
 Modified Bulirsch-Stoer Extrapolation Cycles:
    EPS =    0.000010000000000
      PEZero:  N= 2 I= 1 D=  1.23D-03 Err=  5.71D-05
      PEZero:  N= 3 I= 2 D=  1.23D-03 Err=  3.80D-05
      PEZero:  N= 3 I= 1 D=  2.45D-03 Err=  9.99D-08
 Maximum DWI energy   std dev =  0.000000754 at pt    35
 Maximum DWI gradient std dev =  0.047454791 at pt    38
 CORRECTOR INTEGRATION CONVERGENCE:
   Recorrection delta-x convergence threshold:    0.010000
   Delta-x Convergence Met
 Point Number:   7          Path Number:   1
   CHANGE IN THE REACTION COORDINATE =    0.23517
   NET REACTION COORDINATE UP TO THIS POINT =    1.64606
  # OF POINTS ALONG THE PATH =   7
  # OF STEPS =   1

 Calculating another point on the path.
 IRC-IRC-IRC-IRC-IRC-IRC-IRC-IRC-IRC-IRC-IRC-IRC-IRC-IRC-IRC-IRC-IRC-IRC
                          Input orientation:                          
 ---------------------------------------------------------------------
 Center     Atomic      Atomic             Coordinates (Angstroms)
 Number     Number       Type             X           Y           Z
 ---------------------------------------------------------------------
      1          6           0        1.478597    1.115712   -0.021406
      2          6           0        0.172766    1.558786   -0.058132
      3          6           0       -1.089763    0.755747    0.025920
      4          6           0       -0.510799   -0.465516   -0.233984
      5          6           0        0.688903   -1.098196   -0.128487
      6          6           0        1.807015   -0.255804   -0.028028
      7          1           0        2.268545    1.859228    0.017810
      8          1           0       -0.068956    2.616695   -0.098849
      9          1           0        0.746774   -2.178854   -0.096765
     10          8           0       -2.595294   -1.617519   -0.055769
     11          8           0       -2.236652    1.185981    0.193512
     12          1           0       -2.912734   -0.690172   -0.086828
     13          1           0       -2.627653   -1.830625    0.884894
     14          6           0        3.210092   -0.784019    0.156836
     15          1           0        3.580948   -0.579678    1.166875
     16          1           0        3.251734   -1.863823    0.001816
     17          1           0        3.907410   -0.320907   -0.547560
 ---------------------------------------------------------------------
                    Distance matrix (angstroms):
                    1          2          3          4          5
     1  C    0.000000
     2  C    1.379442   0.000000
     3  C    2.593894   1.498638   0.000000
     4  C    2.550131   2.143825   1.376312   0.000000
     5  C    2.352971   2.707563   2.573830   1.360404   0.000000
     6  C    1.410304   2.442215   3.068790   2.336378   1.403529
     7  H    1.085528   2.118567   3.534964   3.632161   3.356044
     8  H    2.157283   1.085937   2.126203   3.116651   3.791523
     9  H    3.375709   3.781657   3.464074   2.129753   1.082672
    10  O    4.905947   4.213202   2.811706   2.388302   3.325798
    11  O    3.722123   2.451041   1.236342   2.426678   3.725590
    12  H    4.748608   3.818238   2.329510   2.416902   3.624914
    13  H    5.134547   4.496638   3.129259   2.756171   3.544423
    14  C    2.576591   3.841913   4.569110   3.754892   2.556660
    15  H    2.950633   4.205874   4.990058   4.326411   3.211035
    16  H    3.467302   4.604117   5.070634   4.020886   2.677923
    17  H    2.870512   4.209554   5.143909   4.431683   3.337452
                    6          7          8          9         10
     6  C    0.000000
     7  H    2.165287   0.000000
     8  H    3.431550   2.459935   0.000000
     9  H    2.197035   4.316830   4.864434   0.000000
    10  O    4.608185   5.979140   4.930802   3.389129   0.000000
    11  O    4.298729   4.558611   2.613680   4.506352   2.837319
    12  H    4.740060   5.775469   4.361489   3.950731   0.980666
    13  H    4.793722   6.191898   5.224302   3.531526   0.965043
    14  C    1.510566   2.809375   4.731003   2.842149   5.868767
    15  H    2.163221   2.998502   5.014046   3.490944   6.381061
    16  H    2.161904   3.850717   5.577828   2.526616   5.852497
    17  H    2.164673   2.785409   4.964104   3.693887   6.648926
                   11         12         13         14         15
    11  O    0.000000
    12  H    2.013859   0.000000
    13  H    3.119424   1.525171   0.000000
    14  C    5.792172   6.128391   5.975342   0.000000
    15  H    6.157065   6.614520   6.339645   1.095203   0.000000
    16  H    6.281754   6.275825   5.945429   1.091669   1.764872
    17  H    6.369410   6.845654   6.858441   1.094029   1.764321
                   16         17
    16  H    0.000000
    17  H    1.764175   0.000000
 Symmetry turned off by external request.
 Stoichiometry    C7H8O2
 Framework group  C1[X(C7H8O2)]
 Deg. of freedom    45
 Full point group                 C1      NOp   1
 Rotational constants (GHZ):           3.0119449           1.0872369           0.8098146
 Standard basis: 6-311G(d,p) (5D, 7F)
   210 basis functions,   352 primitive gaussians,   219 cartesian basis functions
    33 alpha electrons       33 beta electrons
       nuclear repulsion energy       410.0414334132 Hartrees.
 NAtoms=   17 NActive=   17 NUniq=   17 SFac= 1.00D+00 NAtFMM=   60 NAOKFM=F Big=F
 Integral buffers will be    131072 words long.
 Raffenetti 2 integral format.
 Two-electron integral symmetry is turned off.
 One-electron integrals computed using PRISM.
 NBasis=   210 RedAO= T EigKep=  3.56D-04  NBF=   210
 NBsUse=   210 1.00D-06 EigRej= -1.00D+00 NBFU=   210
 Initial guess from the checkpoint file:  "3-ts-4.chk"
 B after Tr=     0.000317    0.000271    0.000133
         Rot=    1.000000   -0.000245   -0.000062    0.000006 Ang=  -0.03 deg.
 Initial guess <Sx>= 0.0000 <Sy>= 0.0000 <Sz>= 0.0000 <S**2>= 0.0000 S= 0.0000
 ExpMin= 1.03D-01 ExpMax= 8.59D+03 ExpMxC= 1.30D+03 IAcc=2 IRadAn=         4 AccDes= 0.00D+00
 Harris functional with IExCor=  402 and IRadAn=       4 diagonalized for initial guess.
 HarFok:  IExCor=  402 AccDes= 0.00D+00 IRadAn=         4 IDoV= 1 UseB2=F ITyADJ=14
 ICtDFT=  3500011 ScaDFX=  1.000000  1.000000  1.000000  1.000000
 FoFCou: FMM=F IPFlag=           0 FMFlag=      100000 FMFlg1=           0
         NFxFlg=           0 DoJE=T BraDBF=F KetDBF=T FulRan=T
         wScrn=  0.000000 ICntrl=       500 IOpCl=  0 I1Cent=   200000004 NGrid=           0
         NMat0=    1 NMatS0=      1 NMatT0=    0 NMatD0=    1 NMtDS0=    0 NMtDT0=    0
 Symmetry not used in FoFCou.
 Requested convergence on RMS density matrix=1.00D-08 within 128 cycles.
 Requested convergence on MAX density matrix=1.00D-06.
 Requested convergence on             energy=1.00D-06.
 No special actions if energy rises.
 Integral accuracy reduced to 1.0D-05 until final iterations.
 Initial convergence to 1.0D-05 achieved.  Increase integral accuracy.
 SCF Done:  E(UB3LYP) =  -421.997781924     A.U. after   14 cycles
            NFock= 14  Conv=0.56D-08     -V/T= 2.0039
 <Sx>= 0.0000 <Sy>= 0.0000 <Sz>= 0.0000 <S**2>= 0.0000 S= 0.0000
 <L.S>= 0.000000000000E+00
 Annihilation of the first spin contaminant:
 S**2 before annihilation     0.0000,   after     0.0000
 DoSCS=F DFT=T ScalE2(SS,OS)=  1.000000  1.000000
 Range of M.O.s used for correlation:     1   210
 NBasis=   210 NAE=    33 NBE=    33 NFC=     0 NFV=     0
 NROrb=    210 NOA=    33 NOB=    33 NVA=   177 NVB=   177

 **** Warning!!: The smallest alpha delta epsilon is  0.98462707D-01


 **** Warning!!: The smallest beta delta epsilon is  0.98462707D-01

 Symmetrizing basis deriv contribution to polar:
 IMax=3 JMax=2 DiffMx= 0.00D+00
 Calling FoFJK, ICntrl=      2147 FMM=F ISym2X=0 I1Cent= 0 IOpClX= 1 NMat=1 NMatS=1 NMatT=0.
 -------------------------------------------------------------------
 Center     Atomic                   Forces (Hartrees/Bohr)
 Number     Number              X              Y              Z
 -------------------------------------------------------------------
      1        6          -0.001866663   -0.000189514   -0.000015493
      2        6          -0.001044069    0.002016688    0.001433009
      3        6           0.002023291    0.000383936   -0.001858549
      4        6          -0.003065432   -0.004043192    0.003925231
      5        6          -0.001706034   -0.003052776    0.000932510
      6        6          -0.002736836   -0.000344820   -0.000051300
      7        1          -0.000055482   -0.000141776    0.000063988
      8        1           0.000068241    0.000339744    0.000882929
      9        1           0.000204274   -0.000094263   -0.000345773
     10        8           0.009132116    0.006369385   -0.000331307
     11        8           0.000371376   -0.002616125   -0.002605252
     12        1           0.000500151    0.000656728    0.000179506
     13        1           0.000483784    0.000117520   -0.000206840
     14        6          -0.001876139    0.000432445   -0.001589202
     15        1          -0.000136520    0.000044132   -0.000134840
     16        1          -0.000091131    0.000039527   -0.000134591
     17        1          -0.000204927    0.000082361   -0.000144028
 -------------------------------------------------------------------
 Cartesian Forces:  Max     0.009132116 RMS     0.002107891
 IRC-IRC-IRC-IRC-IRC-IRC-IRC-IRC-IRC-IRC-IRC-IRC-IRC-IRC-IRC-IRC-IRC-IRC
 Pt  8 Step number   1 out of a maximum of  20
 Modified Bulirsch-Stoer Extrapolation Cycles:
    EPS =    0.000010000000000
      PEZero:  N= 2 I= 1 D=  1.23D-03 Err=  6.51D-05
      PEZero:  N= 3 I= 2 D=  1.23D-03 Err=  4.35D-05
      PEZero:  N= 3 I= 1 D=  2.45D-03 Err=  9.58D-08
 Maximum DWI energy   std dev =  0.000000713 at pt    33
 Maximum DWI gradient std dev =  0.029517069 at pt    58
 CORRECTOR INTEGRATION CONVERGENCE:
   Recorrection delta-x convergence threshold:    0.010000
   Delta-x Convergence Met
 Point Number:   8          Path Number:   1
   CHANGE IN THE REACTION COORDINATE =    0.23514
   NET REACTION COORDINATE UP TO THIS POINT =    1.88121
  # OF POINTS ALONG THE PATH =   8
  # OF STEPS =   1

 Calculating another point on the path.
 IRC-IRC-IRC-IRC-IRC-IRC-IRC-IRC-IRC-IRC-IRC-IRC-IRC-IRC-IRC-IRC-IRC-IRC
                          Input orientation:                          
 ---------------------------------------------------------------------
 Center     Atomic      Atomic             Coordinates (Angstroms)
 Number     Number       Type             X           Y           Z
 ---------------------------------------------------------------------
      1          6           0        1.474199    1.115155   -0.021391
      2          6           0        0.170346    1.563406   -0.054946
      3          6           0       -1.085609    0.756576    0.021580
      4          6           0       -0.517465   -0.475156   -0.224849
      5          6           0        0.684579   -1.104966   -0.126136
      6          6           0        1.800200   -0.257010   -0.027970
      7          1           0        2.267271    1.855216    0.020069
      8          1           0       -0.067130    2.624203   -0.071192
      9          1           0        0.751904   -2.185314   -0.107409
     10          8           0       -2.578080   -1.605187   -0.056557
     11          8           0       -2.236505    1.181240    0.188833
     12          1           0       -2.895240   -0.675243   -0.080360
     13          1           0       -2.612404   -1.827311    0.882133
     14          6           0        3.205369   -0.783052    0.152922
     15          1           0        3.576821   -0.578318    1.162706
     16          1           0        3.248967   -1.862764   -0.002239
     17          1           0        3.900905   -0.318329   -0.552149
 ---------------------------------------------------------------------
                    Distance matrix (angstroms):
                    1          2          3          4          5
     1  C    0.000000
     2  C    1.379162   0.000000
     3  C    2.585158   1.494742   0.000000
     4  C    2.556797   2.158167   1.378650   0.000000
     5  C    2.358688   2.718403   2.573077   1.360631   0.000000
     6  C    1.410374   2.443576   3.059036   2.336220   1.404734
     7  H    1.085529   2.118461   3.528288   3.639420   3.359906
     8  H    2.157638   1.087175   2.129305   3.135672   3.804575
     9  H    3.379675   3.793924   3.470995   2.133010   1.082605
    10  O    4.880826   4.194500   2.794906   2.356146   3.301516
    11  O    3.717242   2.449165   1.238094   2.422783   3.722724
    12  H    4.722394   3.796052   2.309819   2.390549   3.605810
    13  H    5.116130   4.485396   3.122199   2.728095   3.522568
    14  C    2.574980   3.841931   4.560722   3.754598   2.556537
    15  H    2.948042   4.204013   4.982204   4.324249   3.209911
    16  H    3.466723   4.606444   5.064588   4.020077   2.676881
    17  H    2.868010   4.207756   5.133216   4.433251   3.338418
                    6          7          8          9         10
     6  C    0.000000
     7  H    2.163784   0.000000
     8  H    3.433683   2.459491   0.000000
     9  H    2.196268   4.317229   4.878892   0.000000
    10  O    4.581238   5.954636   4.918621   3.380522   0.000000
    11  O    4.290752   4.557053   2.618386   4.511323   2.817990
    12  H    4.714321   5.750203   4.345646   3.947494   0.982830
    13  H    4.771290   6.173766   5.215671   3.525043   0.965224
    14  C    1.511271   2.803236   4.729573   2.837887   5.845346
    15  H    2.162713   2.990422   5.005699   3.489381   6.357976
    16  H    2.162876   3.845464   5.579796   2.520004   5.832990
    17  H    2.165983   2.778577   4.963378   3.687768   6.624112
                   11         12         13         14         15
    11  O    0.000000
    12  H    1.988196   0.000000
    13  H    3.110200   1.527630   0.000000
    14  C    5.785648   6.106020   5.955561   0.000000
    15  H    6.151360   6.591068   6.320222   1.095242   0.000000
    16  H    6.276374   6.258402   5.927819   1.091675   1.764762
    17  H    6.361255   6.821845   6.837937   1.094012   1.764469
                   16         17
    16  H    0.000000
    17  H    1.764285   0.000000
 Symmetry turned off by external request.
 Stoichiometry    C7H8O2
 Framework group  C1[X(C7H8O2)]
 Deg. of freedom    45
 Full point group                 C1      NOp   1
 Rotational constants (GHZ):           3.0208746           1.0936674           0.8137098
 Standard basis: 6-311G(d,p) (5D, 7F)
   210 basis functions,   352 primitive gaussians,   219 cartesian basis functions
    33 alpha electrons       33 beta electrons
       nuclear repulsion energy       410.5290156715 Hartrees.
 NAtoms=   17 NActive=   17 NUniq=   17 SFac= 1.00D+00 NAtFMM=   60 NAOKFM=F Big=F
 Integral buffers will be    131072 words long.
 Raffenetti 2 integral format.
 Two-electron integral symmetry is turned off.
 One-electron integrals computed using PRISM.
 NBasis=   210 RedAO= T EigKep=  3.48D-04  NBF=   210
 NBsUse=   210 1.00D-06 EigRej= -1.00D+00 NBFU=   210
 Initial guess from the checkpoint file:  "3-ts-4.chk"
 B after Tr=     0.000364    0.000311    0.000195
         Rot=    1.000000   -0.000300   -0.000069    0.000007 Ang=  -0.04 deg.
 Initial guess <Sx>= 0.0000 <Sy>= 0.0000 <Sz>= 0.0000 <S**2>= 0.0000 S= 0.0000
 ExpMin= 1.03D-01 ExpMax= 8.59D+03 ExpMxC= 1.30D+03 IAcc=2 IRadAn=         4 AccDes= 0.00D+00
 Harris functional with IExCor=  402 and IRadAn=       4 diagonalized for initial guess.
 HarFok:  IExCor=  402 AccDes= 0.00D+00 IRadAn=         4 IDoV= 1 UseB2=F ITyADJ=14
 ICtDFT=  3500011 ScaDFX=  1.000000  1.000000  1.000000  1.000000
 FoFCou: FMM=F IPFlag=           0 FMFlag=      100000 FMFlg1=           0
         NFxFlg=           0 DoJE=T BraDBF=F KetDBF=T FulRan=T
         wScrn=  0.000000 ICntrl=       500 IOpCl=  0 I1Cent=   200000004 NGrid=           0
         NMat0=    1 NMatS0=      1 NMatT0=    0 NMatD0=    1 NMtDS0=    0 NMtDT0=    0
 Symmetry not used in FoFCou.
 Requested convergence on RMS density matrix=1.00D-08 within 128 cycles.
 Requested convergence on MAX density matrix=1.00D-06.
 Requested convergence on             energy=1.00D-06.
 No special actions if energy rises.
 Integral accuracy reduced to 1.0D-05 until final iterations.
 Initial convergence to 1.0D-05 achieved.  Increase integral accuracy.
 SCF Done:  E(UB3LYP) =  -421.998817212     A.U. after   13 cycles
            NFock= 13  Conv=0.96D-08     -V/T= 2.0039
 <Sx>= 0.0000 <Sy>= 0.0000 <Sz>= 0.0000 <S**2>= 0.0000 S= 0.0000
 <L.S>= 0.000000000000E+00
 Annihilation of the first spin contaminant:
 S**2 before annihilation     0.0000,   after     0.0000
 DoSCS=F DFT=T ScalE2(SS,OS)=  1.000000  1.000000
 Range of M.O.s used for correlation:     1   210
 NBasis=   210 NAE=    33 NBE=    33 NFC=     0 NFV=     0
 NROrb=    210 NOA=    33 NOB=    33 NVA=   177 NVB=   177

 **** Warning!!: The smallest alpha delta epsilon is  0.96507042D-01


 **** Warning!!: The smallest beta delta epsilon is  0.96507042D-01

 Symmetrizing basis deriv contribution to polar:
 IMax=3 JMax=2 DiffMx= 0.00D+00
 Calling FoFJK, ICntrl=      2147 FMM=F ISym2X=0 I1Cent= 0 IOpClX= 1 NMat=1 NMatS=1 NMatT=0.
 -------------------------------------------------------------------
 Center     Atomic                   Forces (Hartrees/Bohr)
 Number     Number              X              Y              Z
 -------------------------------------------------------------------
      1        6          -0.001842590   -0.000418746    0.000070440
      2        6          -0.001784442    0.002744851    0.001706827
      3        6           0.002696654    0.000857994   -0.001951262
      4        6          -0.003260229   -0.004657550    0.003844155
      5        6          -0.001819886   -0.002888351    0.001031999
      6        6          -0.002873740   -0.000575612    0.000063084
      7        1          -0.000054519   -0.000140540    0.000085911
      8        1           0.000230966   -0.000526980    0.000701594
      9        1           0.000099172   -0.000041444   -0.000346020
     10        8           0.010335369    0.007247911   -0.000387519
     11        8          -0.000255634   -0.002845677   -0.002634550
     12        1           0.000525348    0.000573514    0.000212964
     13        1           0.000525009    0.000124005   -0.000172972
     14        6          -0.002079888    0.000399981   -0.001778970
     15        1          -0.000126169    0.000035954   -0.000146774
     16        1          -0.000092425    0.000031113   -0.000142668
     17        1          -0.000222995    0.000079578   -0.000156241
 -------------------------------------------------------------------
 Cartesian Forces:  Max     0.010335369 RMS     0.002350625
 IRC-IRC-IRC-IRC-IRC-IRC-IRC-IRC-IRC-IRC-IRC-IRC-IRC-IRC-IRC-IRC-IRC-IRC
 Pt  9 Step number   1 out of a maximum of  20
 Modified Bulirsch-Stoer Extrapolation Cycles:
    EPS =    0.000010000000000
      PEZero:  N= 2 I= 1 D=  1.23D-03 Err=  9.02D-05
      PEZero:  N= 3 I= 2 D=  1.23D-03 Err=  6.00D-05
      PEZero:  N= 3 I= 1 D=  2.45D-03 Err=  2.08D-07
 Maximum DWI energy   std dev =  0.000001199 at pt    29
 Maximum DWI gradient std dev =  0.061797201 at pt    38
 CORRECTOR INTEGRATION CONVERGENCE:
   Recorrection delta-x convergence threshold:    0.010000
   Delta-x Convergence Met
 Point Number:   9          Path Number:   1
   CHANGE IN THE REACTION COORDINATE =    0.23509
   NET REACTION COORDINATE UP TO THIS POINT =    2.11630
  # OF POINTS ALONG THE PATH =   9
  # OF STEPS =   1

 Calculating another point on the path.
 IRC-IRC-IRC-IRC-IRC-IRC-IRC-IRC-IRC-IRC-IRC-IRC-IRC-IRC-IRC-IRC-IRC-IRC
                          Input orientation:                          
 ---------------------------------------------------------------------
 Center     Atomic      Atomic             Coordinates (Angstroms)
 Number     Number       Type             X           Y           Z
 ---------------------------------------------------------------------
      1          6           0        1.469576    1.114118   -0.021081
      2          6           0        0.166632    1.568279   -0.050818
      3          6           0       -1.079790    0.759215    0.017656
      4          6           0       -0.524813   -0.486246   -0.216443
      5          6           0        0.680142   -1.111075   -0.123955
      6          6           0        1.793854   -0.258132   -0.027842
      7          1           0        2.265456    1.851206    0.021532
      8          1           0       -0.064390    2.627778   -0.057304
      9          1           0        0.755198   -2.190806   -0.114696
     10          8           0       -2.560450   -1.592739   -0.057427
     11          8           0       -2.236571    1.176177    0.184359
     12          1           0       -2.879672   -0.661203   -0.074323
     13          1           0       -2.598043   -1.824076    0.879288
     14          6           0        3.200827   -0.782292    0.149002
     15          1           0        3.573428   -0.577567    1.158432
     16          1           0        3.246257   -1.861911   -0.006477
     17          1           0        3.894596   -0.316056   -0.556785
 ---------------------------------------------------------------------
                    Distance matrix (angstroms):
                    1          2          3          4          5
     1  C    0.000000
     2  C    1.380148   0.000000
     3  C    2.574242   1.487562   0.000000
     4  C    2.564550   2.174075   1.383465   0.000000
     5  C    2.363318   2.729098   2.572042   1.360471   0.000000
     6  C    1.410061   2.446253   3.048752   2.337482   1.406095
     7  H    1.085606   2.119043   3.518967   3.647727   3.362959
     8  H    2.155350   1.084413   2.127953   3.151898   3.812846
     9  H    3.382547   3.805419   3.476683   2.134082   1.082377
    10  O    4.854843   4.174812   2.780231   2.322376   3.276868
    11  O    3.712355   2.446311   1.240883   2.419588   3.719381
    12  H    4.697931   3.775064   2.294695   2.365622   3.588471
    13  H    5.097958   4.473992   3.117836   2.699760   3.501624
    14  C    2.573427   3.843364   4.551613   3.755208   2.556650
    15  H    2.946055   4.203950   4.974011   4.323678   3.209400
    16  H    3.466058   4.610018   5.058218   4.019641   2.676285
    17  H    2.865850   4.207664   5.121592   4.435760   3.339477
                    6          7          8          9         10
     6  C    0.000000
     7  H    2.161979   0.000000
     8  H    3.432552   2.457125   0.000000
     9  H    2.195810   4.317094   4.888126   0.000000
    10  O    4.554340   5.929280   4.903374   3.369642   0.000000
    11  O    4.283292   4.555263   2.623722   4.514055   2.798259
    12  H    4.691105   5.726580   4.329376   3.943805   0.984859
    13  H    4.750140   6.156060   5.207265   3.516636   0.965591
    14  C    1.511818   2.797585   4.725758   2.834528   5.821662
    15  H    2.162445   2.983667   4.998597   3.487953   6.335088
    16  H    2.163803   3.840573   5.578556   2.515007   5.813166
    17  H    2.167084   2.772287   4.958751   3.683198   6.599007
                   11         12         13         14         15
    11  O    0.000000
    12  H    1.963787   0.000000
    13  H    3.100823   1.530021   0.000000
    14  C    5.779459   6.085803   5.936795   0.000000
    15  H    6.146586   6.570325   6.302282   1.095305   0.000000
    16  H    6.271188   6.242861   5.911164   1.091703   1.764538
    17  H    6.353523   6.800191   6.818416   1.093996   1.764513
                   16         17
    16  H    0.000000
    17  H    1.764327   0.000000
 Symmetry turned off by external request.
 Stoichiometry    C7H8O2
 Framework group  C1[X(C7H8O2)]
 Deg. of freedom    45
 Full point group                 C1      NOp   1
 Rotational constants (GHZ):           3.0297170           1.1001395           0.8176420
 Standard basis: 6-311G(d,p) (5D, 7F)
   210 basis functions,   352 primitive gaussians,   219 cartesian basis functions
    33 alpha electrons       33 beta electrons
       nuclear repulsion energy       411.0195962670 Hartrees.
 NAtoms=   17 NActive=   17 NUniq=   17 SFac= 1.00D+00 NAtFMM=   60 NAOKFM=F Big=F
 Integral buffers will be    131072 words long.
 Raffenetti 2 integral format.
 Two-electron integral symmetry is turned off.
 One-electron integrals computed using PRISM.
 NBasis=   210 RedAO= T EigKep=  3.38D-04  NBF=   210
 NBsUse=   210 1.00D-06 EigRej= -1.00D+00 NBFU=   210
 Initial guess from the checkpoint file:  "3-ts-4.chk"
 B after Tr=     0.000317    0.000232    0.000007
         Rot=    1.000000   -0.000165   -0.000067    0.000012 Ang=  -0.02 deg.
 Initial guess <Sx>= 0.0000 <Sy>= 0.0000 <Sz>= 0.0000 <S**2>= 0.0000 S= 0.0000
 ExpMin= 1.03D-01 ExpMax= 8.59D+03 ExpMxC= 1.30D+03 IAcc=2 IRadAn=         4 AccDes= 0.00D+00
 Harris functional with IExCor=  402 and IRadAn=       4 diagonalized for initial guess.
 HarFok:  IExCor=  402 AccDes= 0.00D+00 IRadAn=         4 IDoV= 1 UseB2=F ITyADJ=14
 ICtDFT=  3500011 ScaDFX=  1.000000  1.000000  1.000000  1.000000
 FoFCou: FMM=F IPFlag=           0 FMFlag=      100000 FMFlg1=           0
         NFxFlg=           0 DoJE=T BraDBF=F KetDBF=T FulRan=T
         wScrn=  0.000000 ICntrl=       500 IOpCl=  0 I1Cent=   200000004 NGrid=           0
         NMat0=    1 NMatS0=      1 NMatT0=    0 NMatD0=    1 NMtDS0=    0 NMtDT0=    0
 Symmetry not used in FoFCou.
 Requested convergence on RMS density matrix=1.00D-08 within 128 cycles.
 Requested convergence on MAX density matrix=1.00D-06.
 Requested convergence on             energy=1.00D-06.
 No special actions if energy rises.
 Integral accuracy reduced to 1.0D-05 until final iterations.
 Initial convergence to 1.0D-05 achieved.  Increase integral accuracy.
 SCF Done:  E(UB3LYP) =  -421.999933938     A.U. after   14 cycles
            NFock= 14  Conv=0.69D-08     -V/T= 2.0039
 <Sx>= 0.0000 <Sy>= 0.0000 <Sz>= 0.0000 <S**2>= 0.0000 S= 0.0000
 <L.S>= 0.000000000000E+00
 Annihilation of the first spin contaminant:
 S**2 before annihilation     0.0000,   after     0.0000
 DoSCS=F DFT=T ScalE2(SS,OS)=  1.000000  1.000000
 Range of M.O.s used for correlation:     1   210
 NBasis=   210 NAE=    33 NBE=    33 NFC=     0 NFV=     0
 NROrb=    210 NOA=    33 NOB=    33 NVA=   177 NVB=   177

 **** Warning!!: The smallest alpha delta epsilon is  0.94280361D-01


 **** Warning!!: The smallest beta delta epsilon is  0.94280361D-01

 Symmetrizing basis deriv contribution to polar:
 IMax=3 JMax=2 DiffMx= 0.00D+00
 Calling FoFJK, ICntrl=      2147 FMM=F ISym2X=0 I1Cent= 0 IOpClX= 1 NMat=1 NMatS=1 NMatT=0.
 -------------------------------------------------------------------
 Center     Atomic                   Forces (Hartrees/Bohr)
 Number     Number              X              Y              Z
 -------------------------------------------------------------------
      1        6          -0.002172311   -0.000313239    0.000201223
      2        6          -0.000689793    0.001034483    0.001319121
      3        6           0.001539853   -0.000159720   -0.001638282
      4        6          -0.003724260   -0.003627756    0.003962877
      5        6          -0.002205811   -0.003342993    0.001117971
      6        6          -0.003239306   -0.000543405    0.000116918
      7        1          -0.000064257   -0.000166097    0.000052898
      8        1          -0.000124975    0.001211759    0.000865646
      9        1           0.000197551   -0.000192105   -0.000298098
     10        8           0.011799857    0.007855704   -0.000293003
     11        8           0.000140073   -0.003324277   -0.002958711
     12        1           0.000615618    0.000929706    0.000202755
     13        1           0.000628151    0.000157283   -0.000285804
     14        6          -0.002200519    0.000327986   -0.001856355
     15        1          -0.000134289    0.000033599   -0.000164533
     16        1          -0.000111207    0.000033533   -0.000165619
     17        1          -0.000254374    0.000085538   -0.000179003
 -------------------------------------------------------------------
 Cartesian Forces:  Max     0.011799857 RMS     0.002495944
 IRC-IRC-IRC-IRC-IRC-IRC-IRC-IRC-IRC-IRC-IRC-IRC-IRC-IRC-IRC-IRC-IRC-IRC
 Pt 10 Step number   1 out of a maximum of  20
 Modified Bulirsch-Stoer Extrapolation Cycles:
    EPS =    0.000010000000000
      PEZero:  N= 2 I= 1 D=  1.23D-03 Err=  1.03D-04
      PEZero:  N= 3 I= 2 D=  1.23D-03 Err=  6.86D-05
      PEZero:  N= 3 I= 1 D=  2.45D-03 Err=  2.15D-07
 Maximum DWI energy   std dev =  0.000002973 at pt    26
 Maximum DWI gradient std dev =  0.082143715 at pt    58
 CORRECTOR INTEGRATION CONVERGENCE:
   Recorrection delta-x convergence threshold:    0.010000
   Delta-x Convergence NOT Met
 IRC-IRC-IRC-IRC-IRC-IRC-IRC-IRC-IRC-IRC-IRC-IRC-IRC-IRC-IRC-IRC-IRC-IRC
                          Input orientation:                          
 ---------------------------------------------------------------------
 Center     Atomic      Atomic             Coordinates (Angstroms)
 Number     Number       Type             X           Y           Z
 ---------------------------------------------------------------------
      1          6           0        1.469701    1.114233   -0.021070
      2          6           0        0.167122    1.567958   -0.051251
      3          6           0       -1.080511    0.758399    0.017767
      4          6           0       -0.524797   -0.485356   -0.216469
      5          6           0        0.680079   -1.111217   -0.123901
      6          6           0        1.793702   -0.258205   -0.027815
      7          1           0        2.265622    1.851207    0.021663
      8          1           0       -0.064770    2.629373   -0.054076
      9          1           0        0.755438   -2.190837   -0.115037
     10          8           0       -2.560219   -1.592615   -0.057387
     11          8           0       -2.236581    1.176160    0.184332
     12          1           0       -2.879080   -0.660545   -0.074323
     13          1           0       -2.597747   -1.823976    0.879119
     14          6           0        3.200781   -0.782287    0.148991
     15          1           0        3.573338   -0.577491    1.158421
     16          1           0        3.246231   -1.861904   -0.006458
     17          1           0        3.894545   -0.316045   -0.556787
 ---------------------------------------------------------------------
                    Distance matrix (angstroms):
                    1          2          3          4          5
     1  C    0.000000
     2  C    1.379669   0.000000
     3  C    2.575210   1.488871   0.000000
     4  C    2.564153   2.173050   1.382248   0.000000
     5  C    2.363620   2.728805   2.572005   1.360880   0.000000
     6  C    1.410180   2.445646   3.049043   2.337226   1.406065
     7  H    1.085564   2.118784   3.520064   3.647282   3.363197
     8  H    2.156696   1.086455   2.130126   3.152702   3.814667
     9  H    3.382675   3.805092   3.476542   2.134937   1.082284
    10  O    4.854749   4.174644   2.778930   2.322557   3.276537
    11  O    3.712485   2.446792   1.240470   2.418984   3.719409
    12  H    4.697293   3.774401   2.292757   2.365068   3.587920
    13  H    5.097797   4.473846   3.116503   2.699877   3.501173
    14  C    2.573392   3.842764   4.551966   3.755217   2.556679
    15  H    2.945915   4.203399   4.974334   4.323600   3.209387
    16  H    3.466073   4.609433   5.058386   4.019906   2.676278
    17  H    2.865756   4.206984   5.122082   4.435658   3.339533
                    6          7          8          9         10
     6  C    0.000000
     7  H    2.162123   0.000000
     8  H    3.434052   2.458049   0.000000
     9  H    2.195602   4.317113   4.889876   0.000000
    10  O    4.553916   5.929157   4.904331   3.369684   0.000000
    11  O    4.283175   4.555434   2.624010   4.514252   2.798086
    12  H    4.690302   5.725912   4.329470   3.943751   0.985248
    13  H    4.749631   6.155855   5.207604   3.516643   0.965391
    14  C    1.511884   2.797503   4.726995   2.834330   5.821369
    15  H    2.162453   2.983440   4.998995   3.487856   6.334760
    16  H    2.163827   3.840518   5.580015   2.514764   5.812914
    17  H    2.167186   2.772179   4.960280   3.682931   6.598712
                   11         12         13         14         15
    11  O    0.000000
    12  H    1.962955   0.000000
    13  H    3.100643   1.530284   0.000000
    14  C    5.779418   6.085179   5.936424   0.000000
    15  H    6.146487   6.569646   6.301906   1.095304   0.000000
    16  H    6.271161   6.242380   5.910818   1.091697   1.764557
    17  H    6.353474   6.799518   6.818030   1.093989   1.764502
                   16         17
    16  H    0.000000
    17  H    1.764328   0.000000
 Symmetry turned off by external request.
 Stoichiometry    C7H8O2
 Framework group  C1[X(C7H8O2)]
 Deg. of freedom    45
 Full point group                 C1      NOp   1
 Rotational constants (GHZ):           3.0302686           1.1001625           0.8176941
 Standard basis: 6-311G(d,p) (5D, 7F)
   210 basis functions,   352 primitive gaussians,   219 cartesian basis functions
    33 alpha electrons       33 beta electrons
       nuclear repulsion energy       411.0313332494 Hartrees.
 NAtoms=   17 NActive=   17 NUniq=   17 SFac= 1.00D+00 NAtFMM=   60 NAOKFM=F Big=F
 Integral buffers will be    131072 words long.
 Raffenetti 2 integral format.
 Two-electron integral symmetry is turned off.
 One-electron integrals computed using PRISM.
 NBasis=   210 RedAO= T EigKep=  3.39D-04  NBF=   210
 NBsUse=   210 1.00D-06 EigRej= -1.00D+00 NBFU=   210
 Initial guess from the checkpoint file:  "3-ts-4.chk"
 B after Tr=     0.000012    0.000036    0.000042
         Rot=    1.000000   -0.000033   -0.000001    0.000000 Ang=   0.00 deg.
 Initial guess <Sx>= 0.0000 <Sy>= 0.0000 <Sz>= 0.0000 <S**2>= 0.0000 S= 0.0000
 ExpMin= 1.03D-01 ExpMax= 8.59D+03 ExpMxC= 1.30D+03 IAcc=2 IRadAn=         4 AccDes= 0.00D+00
 Harris functional with IExCor=  402 and IRadAn=       4 diagonalized for initial guess.
 HarFok:  IExCor=  402 AccDes= 0.00D+00 IRadAn=         4 IDoV= 1 UseB2=F ITyADJ=14
 ICtDFT=  3500011 ScaDFX=  1.000000  1.000000  1.000000  1.000000
 FoFCou: FMM=F IPFlag=           0 FMFlag=      100000 FMFlg1=           0
         NFxFlg=           0 DoJE=T BraDBF=F KetDBF=T FulRan=T
         wScrn=  0.000000 ICntrl=       500 IOpCl=  0 I1Cent=   200000004 NGrid=           0
         NMat0=    1 NMatS0=      1 NMatT0=    0 NMatD0=    1 NMtDS0=    0 NMtDT0=    0
 Symmetry not used in FoFCou.
 Requested convergence on RMS density matrix=1.00D-08 within 128 cycles.
 Requested convergence on MAX density matrix=1.00D-06.
 Requested convergence on             energy=1.00D-06.
 No special actions if energy rises.
 Integral accuracy reduced to 1.0D-05 until final iterations.
 Initial convergence to 1.0D-05 achieved.  Increase integral accuracy.
 SCF Done:  E(UB3LYP) =  -421.999938617     A.U. after   11 cycles
            NFock= 11  Conv=0.76D-08     -V/T= 2.0039
 <Sx>= 0.0000 <Sy>= 0.0000 <Sz>= 0.0000 <S**2>= 0.0000 S= 0.0000
 <L.S>= 0.000000000000E+00
 Annihilation of the first spin contaminant:
 S**2 before annihilation     0.0000,   after     0.0000
 DoSCS=F DFT=T ScalE2(SS,OS)=  1.000000  1.000000
 Range of M.O.s used for correlation:     1   210
 NBasis=   210 NAE=    33 NBE=    33 NFC=     0 NFV=     0
 NROrb=    210 NOA=    33 NOB=    33 NVA=   177 NVB=   177

 **** Warning!!: The smallest alpha delta epsilon is  0.94618592D-01


 **** Warning!!: The smallest beta delta epsilon is  0.94618592D-01

 Symmetrizing basis deriv contribution to polar:
 IMax=3 JMax=2 DiffMx= 0.00D+00
 Calling FoFJK, ICntrl=      2147 FMM=F ISym2X=0 I1Cent= 0 IOpClX= 1 NMat=1 NMatS=1 NMatT=0.
 -------------------------------------------------------------------
 Center     Atomic                   Forces (Hartrees/Bohr)
 Number     Number              X              Y              Z
 -------------------------------------------------------------------
      1        6          -0.002026372   -0.000429707    0.000167343
      2        6          -0.001459518    0.002294554    0.001552841
      3        6           0.002180961    0.000512513   -0.001763431
      4        6          -0.003407889   -0.004428664    0.003865943
      5        6          -0.002201008   -0.002916627    0.001127741
      6        6          -0.003185173   -0.000699706    0.000127873
      7        1          -0.000051071   -0.000151195    0.000073932
      8        1           0.000130547   -0.000123289    0.000742404
      9        1           0.000130017   -0.000221785   -0.000318979
     10        8           0.011648220    0.008177873   -0.000498224
     11        8          -0.000309076   -0.003202529   -0.002832476
     12        1           0.000676517    0.000578476    0.000236859
     13        1           0.000605727    0.000127047   -0.000102844
     14        6          -0.002233260    0.000330906   -0.001869816
     15        1          -0.000135668    0.000034153   -0.000164206
     16        1          -0.000108245    0.000029616   -0.000161983
     17        1          -0.000254712    0.000088366   -0.000182975
 -------------------------------------------------------------------
 Cartesian Forces:  Max     0.011648220 RMS     0.002527074
 IRC-IRC-IRC-IRC-IRC-IRC-IRC-IRC-IRC-IRC-IRC-IRC-IRC-IRC-IRC-IRC-IRC-IRC
 Error in corrector energy =          -0.0000030793
 Magnitude of corrector gradient =     0.0179495560
 Magnitude of analytic gradient =      0.0180469163
 Magnitude of difference =             0.0011541977
 Angle between gradients (degrees)=    3.6618
 Pt 10 Step number   2 out of a maximum of  20
 Modified Bulirsch-Stoer Extrapolation Cycles:
    EPS =    0.000010000000000
      PEZero:  N= 2 I= 1 D=  1.23D-03 Err=  5.58D-05
      PEZero:  N= 3 I= 2 D=  1.23D-03 Err=  3.73D-05
      PEZero:  N= 3 I= 1 D=  2.45D-03 Err=  1.12D-07
 Maximum DWI energy   std dev =  0.000002397 at pt    29
 Maximum DWI gradient std dev =  0.053286181 at pt    29
 CORRECTOR INTEGRATION CONVERGENCE:
   Recorrection delta-x convergence threshold:    0.010000
   Delta-x Convergence Met
 Point Number:  10          Path Number:   1
   CHANGE IN THE REACTION COORDINATE =    0.23515
   NET REACTION COORDINATE UP TO THIS POINT =    2.35145
  # OF POINTS ALONG THE PATH =  10
  # OF STEPS =   2

 Maximum number of steps reached.
 Calculation of FORWARD path complete.
 Beginning calculation of the REVERSE path.
 
 Calculating another point on the path.
 IRC-IRC-IRC-IRC-IRC-IRC-IRC-IRC-IRC-IRC-IRC-IRC-IRC-IRC-IRC-IRC-IRC-IRC
                          Input orientation:                          
 ---------------------------------------------------------------------
 Center     Atomic      Atomic             Coordinates (Angstroms)
 Number     Number       Type             X           Y           Z
 ---------------------------------------------------------------------
      1          6           0        1.525293    1.115141   -0.011872
      2          6           0        0.199658    1.485396   -0.106564
      3          6           0       -1.162730    0.721872    0.077410
      4          6           0       -0.442603   -0.327321   -0.327486
      5          6           0        0.714024   -1.037754   -0.139339
      6          6           0        1.859018   -0.254591   -0.015877
      7          1           0        2.286448    1.888275    0.005009
      8          1           0       -0.100357    2.496206   -0.368060
      9          1           0        0.674333   -2.113167   -0.020382
     10          8           0       -2.698937   -1.698099   -0.047576
     11          8           0       -2.257378    1.219978    0.234758
     12          1           0       -3.023838   -0.789138   -0.133370
     13          1           0       -2.726072   -1.848854    0.903183
     14          6           0        3.245846   -0.798012    0.183160
     15          1           0        3.619771   -0.595775    1.191884
     16          1           0        3.272446   -1.878013    0.027751
     17          1           0        3.948807   -0.343878   -0.521636
 ---------------------------------------------------------------------
                    Distance matrix (angstroms):
                    1          2          3          4          5
     1  C    0.000000
     2  C    1.379624   0.000000
     3  C    2.718106   1.572551   0.000000
     4  C    2.460269   1.935781   1.335413   0.000000
     5  C    2.304206   2.575254   2.581757   1.370365   0.000000
     6  C    1.409806   2.406087   3.176971   2.323758   1.392695
     7  H    1.085071   2.128251   3.641781   3.530884   3.324906
     8  H    2.162625   1.086336   2.115500   2.844483   3.633786
     9  H    3.338590   3.630757   3.379616   2.128639   1.082700
    10  O    5.075403   4.305807   2.869114   2.654887   3.477467
    11  O    3.792152   2.494789   1.212898   2.450237   3.750538
    12  H    4.933116   3.945269   2.406512   2.629397   3.746126
    13  H    5.262765   4.549363   3.120026   3.007297   3.684969
    14  C    2.580405   3.818003   4.664415   3.753260   2.563514
    15  H    2.960253   4.208849   5.084345   4.345508   3.226588
    16  H    3.465989   4.557695   5.141269   4.041340   2.698050
    17  H    2.874373   4.192213   5.255710   4.395731   3.330381
                    6          7          8          9         10
     6  C    0.000000
     7  H    2.185179   0.000000
     8  H    3.395595   2.491104   0.000000
     9  H    2.204043   4.314058   4.686933   0.000000
    10  O    4.781180   6.141572   4.944444   3.398819   0.000000
    11  O    4.379713   4.598452   2.577767   4.446333   2.964771
    12  H    4.913434   5.948683   4.404010   3.929667   0.969088
    13  H    4.940586   6.316502   5.233543   3.533495   0.963019
    14  C    1.502735   2.858027   4.727873   2.895469   6.016963
    15  H    2.162254   3.058909   5.082630   3.528126   6.532798
    16  H    2.152947   3.893280   5.537712   2.609177   5.974567
    17  H    2.151972   2.832543   4.948272   3.755506   6.800820
                   11         12         13         14         15
    11  O    0.000000
    12  H    2.181634   0.000000
    13  H    3.175562   1.511987   0.000000
    14  C    5.861776   6.277675   6.106267   0.000000
    15  H    6.225265   6.777258   6.474818   1.094643   0.000000
    16  H    6.341872   6.391776   6.062132   1.091450   1.766345
    17  H    6.444727   6.997628   6.989211   1.094134   1.762914
                   16         17
    16  H    0.000000
    17  H    1.764330   0.000000
 Symmetry turned off by external request.
 Stoichiometry    C7H8O2
 Framework group  C1[X(C7H8O2)]
 Deg. of freedom    45
 Full point group                 C1      NOp   1
 Rotational constants (GHZ):           3.0006533           1.0380652           0.7848791
 Standard basis: 6-311G(d,p) (5D, 7F)
   210 basis functions,   352 primitive gaussians,   219 cartesian basis functions
    33 alpha electrons       33 beta electrons
       nuclear repulsion energy       407.7586087669 Hartrees.
 NAtoms=   17 NActive=   17 NUniq=   17 SFac= 1.00D+00 NAtFMM=   60 NAOKFM=F Big=F
 Integral buffers will be    131072 words long.
 Raffenetti 2 integral format.
 Two-electron integral symmetry is turned off.
 One-electron integrals computed using PRISM.
 NBasis=   210 RedAO= T EigKep=  4.47D-04  NBF=   210
 NBsUse=   210 1.00D-06 EigRej= -1.00D+00 NBFU=   210
 Initial guess from the checkpoint file:  "3-ts-4.chk"
 B after Tr=    -0.003518   -0.003552   -0.002883
         Rot=    0.999995    0.003106    0.000548    0.000013 Ang=   0.36 deg.
 Initial guess <Sx>= 0.0000 <Sy>= 0.0000 <Sz>= 0.0000 <S**2>= 0.0000 S= 0.0000
 ExpMin= 1.03D-01 ExpMax= 8.59D+03 ExpMxC= 1.30D+03 IAcc=2 IRadAn=         4 AccDes= 0.00D+00
 Harris functional with IExCor=  402 and IRadAn=       4 diagonalized for initial guess.
 HarFok:  IExCor=  402 AccDes= 0.00D+00 IRadAn=         4 IDoV= 1 UseB2=F ITyADJ=14
 ICtDFT=  3500011 ScaDFX=  1.000000  1.000000  1.000000  1.000000
 FoFCou: FMM=F IPFlag=           0 FMFlag=      100000 FMFlg1=           0
         NFxFlg=           0 DoJE=T BraDBF=F KetDBF=T FulRan=T
         wScrn=  0.000000 ICntrl=       500 IOpCl=  0 I1Cent=   200000004 NGrid=           0
         NMat0=    1 NMatS0=      1 NMatT0=    0 NMatD0=    1 NMtDS0=    0 NMtDT0=    0
 Symmetry not used in FoFCou.
 Requested convergence on RMS density matrix=1.00D-08 within 128 cycles.
 Requested convergence on MAX density matrix=1.00D-06.
 Requested convergence on             energy=1.00D-06.
 No special actions if energy rises.
 Integral accuracy reduced to 1.0D-05 until final iterations.
 Initial convergence to 1.0D-05 achieved.  Increase integral accuracy.
 SCF Done:  E(UB3LYP) =  -421.993182014     A.U. after   15 cycles
            NFock= 15  Conv=0.70D-08     -V/T= 2.0036
 <Sx>= 0.0000 <Sy>= 0.0000 <Sz>= 0.0000 <S**2>= 0.0000 S= 0.0000
 <L.S>= 0.000000000000E+00
 Annihilation of the first spin contaminant:
 S**2 before annihilation     0.0000,   after     0.0000
 DoSCS=F DFT=T ScalE2(SS,OS)=  1.000000  1.000000
 Range of M.O.s used for correlation:     1   210
 NBasis=   210 NAE=    33 NBE=    33 NFC=     0 NFV=     0
 NROrb=    210 NOA=    33 NOB=    33 NVA=   177 NVB=   177
 Symmetrizing basis deriv contribution to polar:
 IMax=3 JMax=2 DiffMx= 0.00D+00
 Calling FoFJK, ICntrl=      2147 FMM=F ISym2X=0 I1Cent= 0 IOpClX= 1 NMat=1 NMatS=1 NMatT=0.
 -------------------------------------------------------------------
 Center     Atomic                   Forces (Hartrees/Bohr)
 Number     Number              X              Y              Z
 -------------------------------------------------------------------
      1        6           0.000544411    0.000057813    0.000159508
      2        6           0.000330581   -0.000884635   -0.000756783
      3        6          -0.001139343   -0.000664119    0.000508241
      4        6           0.000820883    0.002036005   -0.000776500
      5        6           0.000028978    0.000365909   -0.000005879
      6        6           0.000357748    0.000009851    0.000204332
      7        1           0.000027770    0.000009049    0.000003904
      8        1           0.000026653   -0.000341805   -0.000148578
      9        1          -0.000041876    0.000089810    0.000017596
     10        8          -0.000809010   -0.000720381    0.000110820
     11        8          -0.000360729    0.000295695    0.000512873
     12        1          -0.000082501   -0.000035848   -0.000039661
     13        1          -0.000059335   -0.000013316    0.000010095
     14        6           0.000291365   -0.000161900    0.000162786
     15        1           0.000024382   -0.000012375    0.000010134
     16        1           0.000015167   -0.000011819    0.000014494
     17        1           0.000024855   -0.000017934    0.000012616
 -------------------------------------------------------------------
 Cartesian Forces:  Max     0.002036005 RMS     0.000474537
 IRC-IRC-IRC-IRC-IRC-IRC-IRC-IRC-IRC-IRC-IRC-IRC-IRC-IRC-IRC-IRC-IRC-IRC
 Pt 11 Step number   1 out of a maximum of  20
 Modified Bulirsch-Stoer Extrapolation Cycles:
    EPS =    0.000010000000000
      PEZero:  N= 2 I= 1 D=  6.13D-04 Err=  4.81D-03
      PEZero:  N= 3 I= 2 D=  6.13D-04 Err=  6.66D-04
      PEZero:  N= 3 I= 1 D=  1.23D-03 Err=  3.81D-03
      PEZero:  N= 4 I= 3 D=  3.06D-04 Err=  4.95D-04
      PEZero:  N= 4 I= 2 D=  9.19D-04 Err=  5.09D-06
      PEZero:  N= 4 I= 1 D=  1.53D-03 Err=  4.05D-04
 Maximum DWI energy   std dev =  0.000000707 at pt    75
 Maximum DWI gradient std dev =  0.142139502 at pt     2
 CORRECTOR INTEGRATION CONVERGENCE:
   Recorrection delta-x convergence threshold:    0.010000
   Delta-x Convergence Met
 Point Number:   1          Path Number:   2
   CHANGE IN THE REACTION COORDINATE =    0.23518
   NET REACTION COORDINATE UP TO THIS POINT =    0.23518
  # OF POINTS ALONG THE PATH =  11
  # OF STEPS =   1

 Calculating another point on the path.
 IRC-IRC-IRC-IRC-IRC-IRC-IRC-IRC-IRC-IRC-IRC-IRC-IRC-IRC-IRC-IRC-IRC-IRC
                          Input orientation:                          
 ---------------------------------------------------------------------
 Center     Atomic      Atomic             Coordinates (Angstroms)
 Number     Number       Type             X           Y           Z
 ---------------------------------------------------------------------
      1          6           0        1.530981    1.114937   -0.010220
      2          6           0        0.203326    1.474611   -0.113530
      3          6           0       -1.174212    0.715567    0.083061
      4          6           0       -0.433836   -0.307785   -0.336151
      5          6           0        0.715420   -1.032236   -0.139485
      6          6           0        1.863203   -0.255260   -0.013656
      7          1           0        2.289460    1.890611    0.004820
      8          1           0       -0.105489    2.477276   -0.395453
      9          1           0        0.665355   -2.106682   -0.016714
     10          8           0       -2.705078   -1.703477   -0.046780
     11          8           0       -2.261305    1.222853    0.238811
     12          1           0       -3.033339   -0.797091   -0.137524
     13          1           0       -2.733742   -1.849982    0.904451
     14          6           0        3.248700   -0.799735    0.184801
     15          1           0        3.623430   -0.597506    1.193173
     16          1           0        3.274248   -1.879733    0.029405
     17          1           0        3.951507   -0.345991   -0.520406
 ---------------------------------------------------------------------
                    Distance matrix (angstroms):
                    1          2          3          4          5
     1  C    0.000000
     2  C    1.379387   0.000000
     3  C    2.736105   1.585057   0.000000
     4  C    2.447627   1.905904   1.330844   0.000000
     5  C    2.300479   2.558749   2.583613   1.372696   0.000000
     6  C    1.409903   2.399505   3.190258   2.320161   1.391736
     7  H    1.084982   2.130497   3.658398   3.516468   3.322869
     8  H    2.163887   1.086362   2.115363   2.804977   3.613320
     9  H    3.335893   3.612271   3.370319   2.132202   1.082595
    10  O    5.088123   4.308539   2.865690   2.681461   3.486971
    11  O    3.801986   2.502385   1.209698   2.452158   3.753589
    12  H    4.950261   3.954391   2.406895   2.652601   3.756128
    13  H    5.274015   4.551436   3.112692   3.034309   3.695298
    14  C    2.579643   3.812604   4.676392   3.751596   2.564512
    15  H    2.959554   4.206929   5.096457   4.345592   3.228233
    16  H    3.465343   4.550013   5.150462   4.044074   2.700809
    17  H    2.872899   4.186765   5.269163   4.389378   3.329909
                    6          7          8          9         10
     6  C    0.000000
     7  H    2.187875   0.000000
     8  H    3.389435   2.498034   0.000000
     9  H    2.205132   4.314687   4.663723   0.000000
    10  O    4.792454   6.153498   4.935395   3.394598   0.000000
    11  O    4.388636   4.605444   2.573598   4.440319   2.973534
    12  H    4.927986   5.964578   4.400035   3.925553   0.968260
    13  H    4.951561   6.327237   5.227104   3.531048   0.962873
    14  C    1.501812   2.861903   4.725047   2.902135   6.026429
    15  H    2.161473   3.063068   5.087519   3.534352   6.542986
    16  H    2.152165   3.896909   5.530520   2.619151   5.982407
    17  H    2.150824   2.835604   4.944256   3.761985   6.810082
                   11         12         13         14         15
    11  O    0.000000
    12  H    2.194957   0.000000
    13  H    3.179401   1.511307   0.000000
    14  C    5.869747   6.290303   6.116414   0.000000
    15  H    6.233348   6.791404   6.485807   1.094593   0.000000
    16  H    6.349192   6.402002   6.071452   1.091420   1.766463
    17  H    6.452652   7.009863   6.998911   1.094138   1.762739
                   16         17
    16  H    0.000000
    17  H    1.764465   0.000000
 Symmetry turned off by external request.
 Stoichiometry    C7H8O2
 Framework group  C1[X(C7H8O2)]
 Deg. of freedom    45
 Full point group                 C1      NOp   1
 Rotational constants (GHZ):           3.0054204           1.0337514           0.7831332
 Standard basis: 6-311G(d,p) (5D, 7F)
   210 basis functions,   352 primitive gaussians,   219 cartesian basis functions
    33 alpha electrons       33 beta electrons
       nuclear repulsion energy       407.6961335630 Hartrees.
 NAtoms=   17 NActive=   17 NUniq=   17 SFac= 1.00D+00 NAtFMM=   60 NAOKFM=F Big=F
 Integral buffers will be    131072 words long.
 Raffenetti 2 integral format.
 Two-electron integral symmetry is turned off.
 One-electron integrals computed using PRISM.
 NBasis=   210 RedAO= T EigKep=  4.53D-04  NBF=   210
 NBsUse=   210 1.00D-06 EigRej= -1.00D+00 NBFU=   210
 Initial guess from the checkpoint file:  "3-ts-4.chk"
 B after Tr=    -0.000291   -0.000366   -0.000356
         Rot=    1.000000    0.000227    0.000027    0.000005 Ang=   0.03 deg.
 Initial guess <Sx>= 0.0000 <Sy>= 0.0000 <Sz>= 0.0000 <S**2>= 0.0000 S= 0.0000
 ExpMin= 1.03D-01 ExpMax= 8.59D+03 ExpMxC= 1.30D+03 IAcc=2 IRadAn=         4 AccDes= 0.00D+00
 Harris functional with IExCor=  402 and IRadAn=       4 diagonalized for initial guess.
 HarFok:  IExCor=  402 AccDes= 0.00D+00 IRadAn=         4 IDoV= 1 UseB2=F ITyADJ=14
 ICtDFT=  3500011 ScaDFX=  1.000000  1.000000  1.000000  1.000000
 FoFCou: FMM=F IPFlag=           0 FMFlag=      100000 FMFlg1=           0
         NFxFlg=           0 DoJE=T BraDBF=F KetDBF=T FulRan=T
         wScrn=  0.000000 ICntrl=       500 IOpCl=  0 I1Cent=   200000004 NGrid=           0
         NMat0=    1 NMatS0=      1 NMatT0=    0 NMatD0=    1 NMtDS0=    0 NMtDT0=    0
 Symmetry not used in FoFCou.
 Requested convergence on RMS density matrix=1.00D-08 within 128 cycles.
 Requested convergence on MAX density matrix=1.00D-06.
 Requested convergence on             energy=1.00D-06.
 No special actions if energy rises.
 Integral accuracy reduced to 1.0D-05 until final iterations.
 Initial convergence to 1.0D-05 achieved.  Increase integral accuracy.
 SCF Done:  E(UB3LYP) =  -421.993551750     A.U. after   13 cycles
            NFock= 13  Conv=0.36D-08     -V/T= 2.0036
 <Sx>= 0.0000 <Sy>= 0.0000 <Sz>= 0.0000 <S**2>= 0.0000 S= 0.0000
 <L.S>= 0.000000000000E+00
 Annihilation of the first spin contaminant:
 S**2 before annihilation     0.0000,   after     0.0000
 DoSCS=F DFT=T ScalE2(SS,OS)=  1.000000  1.000000
 Range of M.O.s used for correlation:     1   210
 NBasis=   210 NAE=    33 NBE=    33 NFC=     0 NFV=     0
 NROrb=    210 NOA=    33 NOB=    33 NVA=   177 NVB=   177
 Symmetrizing basis deriv contribution to polar:
 IMax=3 JMax=2 DiffMx= 0.00D+00
 Calling FoFJK, ICntrl=      2147 FMM=F ISym2X=0 I1Cent= 0 IOpClX= 1 NMat=1 NMatS=1 NMatT=0.
 -------------------------------------------------------------------
 Center     Atomic                   Forces (Hartrees/Bohr)
 Number     Number              X              Y              Z
 -------------------------------------------------------------------
      1        6           0.001158687    0.000133531    0.000335227
      2        6           0.000806662   -0.002004124   -0.001652185
      3        6          -0.002596470   -0.001497379    0.001054352
      4        6           0.001807121    0.004426388   -0.001544948
      5        6           0.000024943    0.000768122    0.000004679
      6        6           0.000725969   -0.000016520    0.000448081
      7        1           0.000063503    0.000018163    0.000011835
      8        1           0.000033404   -0.000652656   -0.000301930
      9        1          -0.000088840    0.000163086    0.000032333
     10        8          -0.001530077   -0.001392131    0.000219887
     11        8          -0.000829086    0.000602527    0.001067503
     12        1          -0.000169706   -0.000080568   -0.000083045
     13        1          -0.000117043   -0.000026754    0.000024514
     14        6           0.000581747   -0.000352524    0.000311449
     15        1           0.000051516   -0.000024781    0.000022981
     16        1           0.000030629   -0.000028637    0.000027910
     17        1           0.000047041   -0.000035744    0.000021357
 -------------------------------------------------------------------
 Cartesian Forces:  Max     0.004426388 RMS     0.001021651
 IRC-IRC-IRC-IRC-IRC-IRC-IRC-IRC-IRC-IRC-IRC-IRC-IRC-IRC-IRC-IRC-IRC-IRC
 Pt 12 Step number   1 out of a maximum of  20
 Modified Bulirsch-Stoer Extrapolation Cycles:
    EPS =    0.000010000000000
      PEZero:  N= 2 I= 1 D=  1.23D-03 Err=  4.45D-05
      PEZero:  N= 3 I= 2 D=  1.23D-03 Err=  2.97D-05
      PEZero:  N= 3 I= 1 D=  2.45D-03 Err=  1.12D-07
 Maximum DWI energy   std dev =  0.000002739 at pt    69
 Maximum DWI gradient std dev =  0.086416665 at pt    55
 CORRECTOR INTEGRATION CONVERGENCE:
   Recorrection delta-x convergence threshold:    0.010000
   Delta-x Convergence Met
 Point Number:   2          Path Number:   2
   CHANGE IN THE REACTION COORDINATE =    0.23513
   NET REACTION COORDINATE UP TO THIS POINT =    0.47031
  # OF POINTS ALONG THE PATH =  12
  # OF STEPS =   1

 Calculating another point on the path.
 IRC-IRC-IRC-IRC-IRC-IRC-IRC-IRC-IRC-IRC-IRC-IRC-IRC-IRC-IRC-IRC-IRC-IRC
                          Input orientation:                          
 ---------------------------------------------------------------------
 Center     Atomic      Atomic             Coordinates (Angstroms)
 Number     Number       Type             X           Y           Z
 ---------------------------------------------------------------------
      1          6           0        1.536787    1.114966   -0.008620
      2          6           0        0.207464    1.463549   -0.120938
      3          6           0       -1.186466    0.708539    0.088262
      4          6           0       -0.424780   -0.287487   -0.343738
      5          6           0        0.716433   -1.027306   -0.139429
      6          6           0        1.866818   -0.256022   -0.011416
      7          1           0        2.292982    1.892722    0.005185
      8          1           0       -0.110931    2.457753   -0.419944
      9          1           0        0.656782   -2.100768   -0.014524
     10          8           0       -2.710245   -1.708133   -0.046043
     11          8           0       -2.265330    1.225464    0.242713
     12          1           0       -3.042912   -0.804647   -0.141693
     13          1           0       -2.740961   -1.850950    0.905556
     14          6           0        3.251193   -0.801398    0.186201
     15          1           0        3.626645   -0.599062    1.194252
     16          1           0        3.275908   -1.881413    0.030943
     17          1           0        3.953833   -0.347967   -0.519380
 ---------------------------------------------------------------------
                    Distance matrix (angstroms):
                    1          2          3          4          5
     1  C    0.000000
     2  C    1.378850   0.000000
     3  C    2.755118   1.599014   0.000000
     4  C    2.434527   1.874966   1.326219   0.000000
     5  C    2.297699   2.542390   2.585735   1.375297   0.000000
     6  C    1.410154   2.392149   3.203569   2.315782   1.390918
     7  H    1.084862   2.132952   3.676377   3.501612   3.321593
     8  H    2.165004   1.085919   2.115372   2.764172   3.592889
     9  H    3.333975   3.594102   3.361597   2.136855   1.082350
    10  O    5.099860   4.310244   2.860113   2.707436   3.494906
    11  O    3.812017   2.510704   1.206240   2.453685   3.756583
    12  H    4.967522   3.963596   2.406035   2.676359   3.765934
    13  H    5.285026   4.553329   3.104095   3.061021   3.704586
    14  C    2.578680   3.806390   4.688530   3.749362   2.565556
    15  H    2.958428   4.204151   5.108724   4.344713   3.229772
    16  H    3.464735   4.541716   5.159837   4.046736   2.703597
    17  H    2.871091   4.180387   5.282812   4.382552   3.329658
                    6          7          8          9         10
     6  C    0.000000
     7  H    2.190660   0.000000
     8  H    3.382744   2.505752   0.000000
     9  H    2.206193   4.315728   4.640459   0.000000
    10  O    4.802013   6.164500   4.924514   3.389990   0.000000
    11  O    4.397048   4.613010   2.568868   4.434945   2.981161
    12  H    4.942005   5.980731   4.395133   3.922224   0.967524
    13  H    4.961478   6.337691   5.219093   3.528968   0.962746
    14  C    1.500994   2.865173   4.721584   2.908543   6.034472
    15  H    2.160625   3.066190   5.091092   3.540670   6.551682
    16  H    2.151563   3.900116   5.522892   2.628688   5.989155
    17  H    2.149910   2.838007   4.940067   3.767988   6.817920
                   11         12         13         14         15
    11  O    0.000000
    12  H    2.207658   0.000000
    13  H    3.182752   1.510846   0.000000
    14  C    5.877362   6.302641   6.125760   0.000000
    15  H    6.240969   6.805145   6.495920   1.094563   0.000000
    16  H    6.356324   6.412231   6.080180   1.091398   1.766559
    17  H    6.460222   7.021798   7.007829   1.094143   1.762565
                   16         17
    16  H    0.000000
    17  H    1.764623   0.000000
 Symmetry turned off by external request.
 Stoichiometry    C7H8O2
 Framework group  C1[X(C7H8O2)]
 Deg. of freedom    45
 Full point group                 C1      NOp   1
 Rotational constants (GHZ):           3.0111478           1.0297187           0.7815803
 Standard basis: 6-311G(d,p) (5D, 7F)
   210 basis functions,   352 primitive gaussians,   219 cartesian basis functions
    33 alpha electrons       33 beta electrons
       nuclear repulsion energy       407.6709637457 Hartrees.
 NAtoms=   17 NActive=   17 NUniq=   17 SFac= 1.00D+00 NAtFMM=   60 NAOKFM=F Big=F
 Integral buffers will be    131072 words long.
 Raffenetti 2 integral format.
 Two-electron integral symmetry is turned off.
 One-electron integrals computed using PRISM.
 NBasis=   210 RedAO= T EigKep=  4.58D-04  NBF=   210
 NBsUse=   210 1.00D-06 EigRej= -1.00D+00 NBFU=   210
 Initial guess from the checkpoint file:  "3-ts-4.chk"
 B after Tr=    -0.000297   -0.000381   -0.000346
         Rot=    1.000000    0.000204    0.000027    0.000006 Ang=   0.02 deg.
 Initial guess <Sx>= 0.0000 <Sy>= 0.0000 <Sz>= 0.0000 <S**2>= 0.0000 S= 0.0000
 ExpMin= 1.03D-01 ExpMax= 8.59D+03 ExpMxC= 1.30D+03 IAcc=2 IRadAn=         4 AccDes= 0.00D+00
 Harris functional with IExCor=  402 and IRadAn=       4 diagonalized for initial guess.
 HarFok:  IExCor=  402 AccDes= 0.00D+00 IRadAn=         4 IDoV= 1 UseB2=F ITyADJ=14
 ICtDFT=  3500011 ScaDFX=  1.000000  1.000000  1.000000  1.000000
 FoFCou: FMM=F IPFlag=           0 FMFlag=      100000 FMFlg1=           0
         NFxFlg=           0 DoJE=T BraDBF=F KetDBF=T FulRan=T
         wScrn=  0.000000 ICntrl=       500 IOpCl=  0 I1Cent=   200000004 NGrid=           0
         NMat0=    1 NMatS0=      1 NMatT0=    0 NMatD0=    1 NMtDS0=    0 NMtDT0=    0
 Symmetry not used in FoFCou.
 Requested convergence on RMS density matrix=1.00D-08 within 128 cycles.
 Requested convergence on MAX density matrix=1.00D-06.
 Requested convergence on             energy=1.00D-06.
 No special actions if energy rises.
 Integral accuracy reduced to 1.0D-05 until final iterations.
 Initial convergence to 1.0D-05 achieved.  Increase integral accuracy.
 SCF Done:  E(UB3LYP) =  -421.994213306     A.U. after   13 cycles
            NFock= 13  Conv=0.32D-08     -V/T= 2.0035
 <Sx>= 0.0000 <Sy>= 0.0000 <Sz>= 0.0000 <S**2>= 0.0000 S= 0.0000
 <L.S>= 0.000000000000E+00
 Annihilation of the first spin contaminant:
 S**2 before annihilation     0.0000,   after     0.0000
 DoSCS=F DFT=T ScalE2(SS,OS)=  1.000000  1.000000
 Range of M.O.s used for correlation:     1   210
 NBasis=   210 NAE=    33 NBE=    33 NFC=     0 NFV=     0
 NROrb=    210 NOA=    33 NOB=    33 NVA=   177 NVB=   177
 Symmetrizing basis deriv contribution to polar:
 IMax=3 JMax=2 DiffMx= 0.00D+00
 Calling FoFJK, ICntrl=      2147 FMM=F ISym2X=0 I1Cent= 0 IOpClX= 1 NMat=1 NMatS=1 NMatT=0.
 -------------------------------------------------------------------
 Center     Atomic                   Forces (Hartrees/Bohr)
 Number     Number              X              Y              Z
 -------------------------------------------------------------------
      1        6           0.001876502    0.000171732    0.000510911
      2        6           0.001502512   -0.003493321   -0.002626680
      3        6          -0.004371057   -0.002513236    0.001631890
      4        6           0.002998344    0.007056162   -0.002293635
      5        6           0.000097727    0.001345507    0.000025870
      6        6           0.001117114   -0.000154747    0.000735389
      7        1           0.000104706    0.000034922    0.000020928
      8        1          -0.000049308   -0.000743293   -0.000507791
      9        1          -0.000166735    0.000181132    0.000042677
     10        8          -0.002154861   -0.001981258    0.000321693
     11        8          -0.001542865    0.000987016    0.001676504
     12        1          -0.000258321   -0.000159200   -0.000120475
     13        1          -0.000175364   -0.000034443    0.000038090
     14        6           0.000839599   -0.000563838    0.000452321
     15        1           0.000077572   -0.000036967    0.000028542
     16        1           0.000044135   -0.000044733    0.000038700
     17        1           0.000060299   -0.000051434    0.000025066
 -------------------------------------------------------------------
 Cartesian Forces:  Max     0.007056162 RMS     0.001645222
 IRC-IRC-IRC-IRC-IRC-IRC-IRC-IRC-IRC-IRC-IRC-IRC-IRC-IRC-IRC-IRC-IRC-IRC
 Pt 13 Step number   1 out of a maximum of  20
 Modified Bulirsch-Stoer Extrapolation Cycles:
    EPS =    0.000010000000000
      PEZero:  N= 2 I= 1 D=  1.23D-03 Err=  4.18D-05
      PEZero:  N= 3 I= 2 D=  1.23D-03 Err=  2.79D-05
      PEZero:  N= 3 I= 1 D=  2.45D-03 Err=  1.06D-07
 Maximum DWI energy   std dev =  0.000002687 at pt    68
 Maximum DWI gradient std dev =  0.044795131 at pt    28
 CORRECTOR INTEGRATION CONVERGENCE:
   Recorrection delta-x convergence threshold:    0.010000
   Delta-x Convergence Met
 Point Number:   3          Path Number:   2
   CHANGE IN THE REACTION COORDINATE =    0.23517
   NET REACTION COORDINATE UP TO THIS POINT =    0.70548
  # OF POINTS ALONG THE PATH =  13
  # OF STEPS =   1

 Calculating another point on the path.
 IRC-IRC-IRC-IRC-IRC-IRC-IRC-IRC-IRC-IRC-IRC-IRC-IRC-IRC-IRC-IRC-IRC-IRC
                          Input orientation:                          
 ---------------------------------------------------------------------
 Center     Atomic      Atomic             Coordinates (Angstroms)
 Number     Number       Type             X           Y           Z
 ---------------------------------------------------------------------
      1          6           0        1.542670    1.115179   -0.007119
      2          6           0        0.212067    1.452458   -0.128571
      3          6           0       -1.199366    0.700946    0.093057
      4          6           0       -0.415579   -0.266775   -0.350470
      5          6           0        0.717224   -1.022764   -0.139277
      6          6           0        1.870068   -0.256877   -0.009189
      7          1           0        2.296898    1.894662    0.005949
      8          1           0       -0.116583    2.438471   -0.441526
      9          1           0        0.648603   -2.095327   -0.013356
     10          8           0       -2.714763   -1.712294   -0.045341
     11          8           0       -2.269454    1.227912    0.246495
     12          1           0       -3.052484   -0.811921   -0.145713
     13          1           0       -2.747533   -1.851843    0.906568
     14          6           0        3.253458   -0.803036    0.187449
     15          1           0        3.629576   -0.600477    1.195182
     16          1           0        3.277490   -1.883074    0.032383
     17          1           0        3.955866   -0.349836   -0.518522
 ---------------------------------------------------------------------
                    Distance matrix (angstroms):
                    1          2          3          4          5
     1  C    0.000000
     2  C    1.378047   0.000000
     3  C    2.774957   1.614320   0.000000
     4  C    2.421245   1.843622   1.321939   0.000000
     5  C    2.295567   2.526267   2.588141   1.378174   0.000000
     6  C    1.410578   2.384333   3.217033   2.311006   1.390164
     7  H    1.084723   2.135453   3.695457   3.486599   3.320818
     8  H    2.166318   1.085437   2.115937   2.723243   3.573058
     9  H    3.332678   3.576397   3.353425   2.142365   1.082107
    10  O    5.110949   4.311486   2.852948   2.732925   3.501830
    11  O    3.822215   2.519731   1.202633   2.455058   3.759602
    12  H    4.984814   3.973034   2.404127   2.700441   3.775605
    13  H    5.295648   4.555124   3.094408   3.087167   3.712911
    14  C    2.577634   3.799629   4.700905   3.746833   2.566615
    15  H    2.957055   4.200742   5.121236   4.343233   3.231239
    16  H    3.464199   4.533046   5.169437   4.049414   2.706393
    17  H    2.869027   4.173291   5.296658   4.375462   3.329484
                    6          7          8          9         10
     6  C    0.000000
     7  H    2.193520   0.000000
     8  H    3.376181   2.514130   0.000000
     9  H    2.207236   4.317089   4.617810   0.000000
    10  O    4.810428   6.174909   4.912877   3.385258   0.000000
    11  O    4.405180   4.621038   2.563920   4.430180   2.988022
    12  H    4.955626   5.997039   4.389997   3.919528   0.966851
    13  H    4.970389   6.347732   5.210188   3.526937   0.962642
    14  C    1.500241   2.868017   4.718066   2.914723   6.041573
    15  H    2.159731   3.068554   5.093891   3.547019   6.559396
    16  H    2.151065   3.903017   5.515439   2.637839   5.995191
    17  H    2.149097   2.839897   4.936134   3.773582   6.824770
                   11         12         13         14         15
    11  O    0.000000
    12  H    2.219883   0.000000
    13  H    3.185773   1.510539   0.000000
    14  C    5.884793   6.314743   6.134250   0.000000
    15  H    6.248326   6.818551   6.505132   1.094541   0.000000
    16  H    6.363385   6.422435   6.088193   1.091378   1.766669
    17  H    6.467546   7.033455   7.015873   1.094149   1.762404
                   16         17
    16  H    0.000000
    17  H    1.764797   0.000000
 Symmetry turned off by external request.
 Stoichiometry    C7H8O2
 Framework group  C1[X(C7H8O2)]
 Deg. of freedom    45
 Full point group                 C1      NOp   1
 Rotational constants (GHZ):           3.0172792           1.0258603           0.7801249
 Standard basis: 6-311G(d,p) (5D, 7F)
   210 basis functions,   352 primitive gaussians,   219 cartesian basis functions
    33 alpha electrons       33 beta electrons
       nuclear repulsion energy       407.6606156600 Hartrees.
 NAtoms=   17 NActive=   17 NUniq=   17 SFac= 1.00D+00 NAtFMM=   60 NAOKFM=F Big=F
 Integral buffers will be    131072 words long.
 Raffenetti 2 integral format.
 Two-electron integral symmetry is turned off.
 One-electron integrals computed using PRISM.
 NBasis=   210 RedAO= T EigKep=  4.61D-04  NBF=   210
 NBsUse=   210 1.00D-06 EigRej= -1.00D+00 NBFU=   210
 Initial guess from the checkpoint file:  "3-ts-4.chk"
 B after Tr=    -0.000288   -0.000376   -0.000314
         Rot=    1.000000    0.000177    0.000025    0.000005 Ang=   0.02 deg.
 Initial guess <Sx>= 0.0000 <Sy>= 0.0000 <Sz>= 0.0000 <S**2>= 0.0000 S= 0.0000
 ExpMin= 1.03D-01 ExpMax= 8.59D+03 ExpMxC= 1.30D+03 IAcc=2 IRadAn=         4 AccDes= 0.00D+00
 Harris functional with IExCor=  402 and IRadAn=       4 diagonalized for initial guess.
 HarFok:  IExCor=  402 AccDes= 0.00D+00 IRadAn=         4 IDoV= 1 UseB2=F ITyADJ=14
 ICtDFT=  3500011 ScaDFX=  1.000000  1.000000  1.000000  1.000000
 FoFCou: FMM=F IPFlag=           0 FMFlag=      100000 FMFlg1=           0
         NFxFlg=           0 DoJE=T BraDBF=F KetDBF=T FulRan=T
         wScrn=  0.000000 ICntrl=       500 IOpCl=  0 I1Cent=   200000004 NGrid=           0
         NMat0=    1 NMatS0=      1 NMatT0=    0 NMatD0=    1 NMtDS0=    0 NMtDT0=    0
 Symmetry not used in FoFCou.
 Requested convergence on RMS density matrix=1.00D-08 within 128 cycles.
 Requested convergence on MAX density matrix=1.00D-06.
 Requested convergence on             energy=1.00D-06.
 No special actions if energy rises.
 Integral accuracy reduced to 1.0D-05 until final iterations.
 Initial convergence to 1.0D-05 achieved.  Increase integral accuracy.
 SCF Done:  E(UB3LYP) =  -421.995197177     A.U. after   12 cycles
            NFock= 12  Conv=0.90D-08     -V/T= 2.0035
 <Sx>= 0.0000 <Sy>= 0.0000 <Sz>= 0.0000 <S**2>= 0.0000 S= 0.0000
 <L.S>= 0.000000000000E+00
 Annihilation of the first spin contaminant:
 S**2 before annihilation     0.0000,   after     0.0000
 DoSCS=F DFT=T ScalE2(SS,OS)=  1.000000  1.000000
 Range of M.O.s used for correlation:     1   210
 NBasis=   210 NAE=    33 NBE=    33 NFC=     0 NFV=     0
 NROrb=    210 NOA=    33 NOB=    33 NVA=   177 NVB=   177
 Symmetrizing basis deriv contribution to polar:
 IMax=3 JMax=2 DiffMx= 0.00D+00
 Calling FoFJK, ICntrl=      2147 FMM=F ISym2X=0 I1Cent= 0 IOpClX= 1 NMat=1 NMatS=1 NMatT=0.
 -------------------------------------------------------------------
 Center     Atomic                   Forces (Hartrees/Bohr)
 Number     Number              X              Y              Z
 -------------------------------------------------------------------
      1        6           0.002712293    0.000257293    0.000677744
      2        6           0.002353735   -0.005075169   -0.003764289
      3        6          -0.006398396   -0.003775781    0.002131605
      4        6           0.004298104    0.010018181   -0.002878552
      5        6           0.000142064    0.001881243    0.000071661
      6        6           0.001459581   -0.000329506    0.001045904
      7        1           0.000158555    0.000051576    0.000040465
      8        1          -0.000132663   -0.000859828   -0.000669982
      9        1          -0.000252905    0.000217070    0.000027943
     10        8          -0.002656758   -0.002491332    0.000423674
     11        8          -0.002382286    0.001359494    0.002325975
     12        1          -0.000369093   -0.000243739   -0.000161882
     13        1          -0.000232926   -0.000042269    0.000049558
     14        6           0.001065325   -0.000786942    0.000567204
     15        1           0.000103086   -0.000048896    0.000033580
     16        1           0.000059702   -0.000063000    0.000051121
     17        1           0.000072579   -0.000068394    0.000028271
 -------------------------------------------------------------------
 Cartesian Forces:  Max     0.010018181 RMS     0.002331484
 IRC-IRC-IRC-IRC-IRC-IRC-IRC-IRC-IRC-IRC-IRC-IRC-IRC-IRC-IRC-IRC-IRC-IRC
 Pt 14 Step number   1 out of a maximum of  20
 Modified Bulirsch-Stoer Extrapolation Cycles:
    EPS =    0.000010000000000
      PEZero:  N= 2 I= 1 D=  1.23D-03 Err=  3.72D-05
      PEZero:  N= 3 I= 2 D=  1.23D-03 Err=  2.47D-05
      PEZero:  N= 3 I= 1 D=  2.45D-03 Err=  1.22D-07
 Maximum DWI energy   std dev =  0.000002193 at pt    67
 Maximum DWI gradient std dev =  0.029190800 at pt    28
 CORRECTOR INTEGRATION CONVERGENCE:
   Recorrection delta-x convergence threshold:    0.010000
   Delta-x Convergence Met
 Point Number:   4          Path Number:   2
   CHANGE IN THE REACTION COORDINATE =    0.23518
   NET REACTION COORDINATE UP TO THIS POINT =    0.94066
  # OF POINTS ALONG THE PATH =  14
  # OF STEPS =   1

 Calculating another point on the path.
 IRC-IRC-IRC-IRC-IRC-IRC-IRC-IRC-IRC-IRC-IRC-IRC-IRC-IRC-IRC-IRC-IRC-IRC
                          Input orientation:                          
 ---------------------------------------------------------------------
 Center     Atomic      Atomic             Coordinates (Angstroms)
 Number     Number       Type             X           Y           Z
 ---------------------------------------------------------------------
      1          6           0        1.548640    1.115580   -0.005732
      2          6           0        0.217161    1.441451   -0.136458
      3          6           0       -1.212851    0.692834    0.097402
      4          6           0       -0.406316   -0.245764   -0.356321
      5          6           0        0.717816   -1.018548   -0.139053
      6          6           0        1.873001   -0.257823   -0.006972
      7          1           0        2.301210    1.896445    0.007119
      8          1           0       -0.122287    2.419727   -0.460085
      9          1           0        0.640748   -2.090275   -0.013142
     10          8           0       -2.718718   -1.716032   -0.044678
     11          8           0       -2.273670    1.230190    0.250202
     12          1           0       -3.062317   -0.819069   -0.149686
     13          1           0       -2.753657   -1.852687    0.907493
     14          6           0        3.255531   -0.804665    0.188563
     15          1           0        3.632284   -0.601782    1.195981
     16          1           0        3.279030   -1.884735    0.033751
     17          1           0        3.957660   -0.351630   -0.517807
 ---------------------------------------------------------------------
                    Distance matrix (angstroms):
                    1          2          3          4          5
     1  C    0.000000
     2  C    1.376996   0.000000
     3  C    2.795564   1.630966   0.000000
     4  C    2.407908   1.812114   1.318079   0.000000
     5  C    2.294024   2.510430   2.590795   1.381330   0.000000
     6  C    1.411186   2.376153   3.230654   2.305965   1.389460
     7  H    1.084563   2.137965   3.715568   3.471577   3.320495
     8  H    2.167771   1.084889   2.117139   2.682589   3.553951
     9  H    3.331941   3.559174   3.345706   2.148566   1.081847
    10  O    5.121512   4.312483   2.844374   2.757900   3.507871
    11  O    3.832582   2.529501   1.198931   2.456283   3.762623
    12  H    5.002451   3.983102   2.401548   2.725017   3.785408
    13  H    5.306066   4.557075   3.083830   3.112786   3.720507
    14  C    2.576542   3.792409   4.713517   3.744114   2.567698
    15  H    2.955507   4.196815   5.134028   4.341277   3.232667
    16  H    3.463769   4.524104   5.179276   4.052179   2.709235
    17  H    2.866759   4.165561   5.310703   4.368246   3.329388
                    6          7          8          9         10
     6  C    0.000000
     7  H    2.196459   0.000000
     8  H    3.369830   2.522982   0.000000
     9  H    2.208250   4.318736   4.595878   0.000000
    10  O    4.817850   6.184848   4.900869   3.380394   0.000000
    11  O    4.413072   4.629526   2.558897   4.425909   2.994203
    12  H    4.969178   6.013819   4.385193   3.917563   0.966245
    13  H    4.978534   6.357542   5.200759   3.525053   0.962561
    14  C    1.499553   2.870478   4.714562   2.920714   6.047862
    15  H    2.158815   3.070226   5.095966   3.553432   6.566279
    16  H    2.150678   3.905657   5.508286   2.646692   6.000633
    17  H    2.148385   2.841340   4.932516   3.778820   6.830774
                   11         12         13         14         15
    11  O    0.000000
    12  H    2.231891   0.000000
    13  H    3.188503   1.510386   0.000000
    14  C    5.892070   6.326912   6.142112   0.000000
    15  H    6.255471   6.831963   6.513695   1.094530   0.000000
    16  H    6.370407   6.432882   6.095717   1.091361   1.766787
    17  H    6.474679   7.045147   7.023277   1.094160   1.762247
                   16         17
    16  H    0.000000
    17  H    1.764983   0.000000
 Symmetry turned off by external request.
 Stoichiometry    C7H8O2
 Framework group  C1[X(C7H8O2)]
 Deg. of freedom    45
 Full point group                 C1      NOp   1
 Rotational constants (GHZ):           3.0236467           1.0221411           0.7787343
 Standard basis: 6-311G(d,p) (5D, 7F)
   210 basis functions,   352 primitive gaussians,   219 cartesian basis functions
    33 alpha electrons       33 beta electrons
       nuclear repulsion energy       407.6581555867 Hartrees.
 NAtoms=   17 NActive=   17 NUniq=   17 SFac= 1.00D+00 NAtFMM=   60 NAOKFM=F Big=F
 Integral buffers will be    131072 words long.
 Raffenetti 2 integral format.
 Two-electron integral symmetry is turned off.
 One-electron integrals computed using PRISM.
 NBasis=   210 RedAO= T EigKep=  4.63D-04  NBF=   210
 NBsUse=   210 1.00D-06 EigRej= -1.00D+00 NBFU=   210
 Initial guess from the checkpoint file:  "3-ts-4.chk"
 B after Tr=    -0.000282   -0.000368   -0.000279
         Rot=    1.000000    0.000148    0.000023    0.000005 Ang=   0.02 deg.
 Initial guess <Sx>= 0.0000 <Sy>= 0.0000 <Sz>= 0.0000 <S**2>= 0.0000 S= 0.0000
 ExpMin= 1.03D-01 ExpMax= 8.59D+03 ExpMxC= 1.30D+03 IAcc=2 IRadAn=         4 AccDes= 0.00D+00
 Harris functional with IExCor=  402 and IRadAn=       4 diagonalized for initial guess.
 HarFok:  IExCor=  402 AccDes= 0.00D+00 IRadAn=         4 IDoV= 1 UseB2=F ITyADJ=14
 ICtDFT=  3500011 ScaDFX=  1.000000  1.000000  1.000000  1.000000
 FoFCou: FMM=F IPFlag=           0 FMFlag=      100000 FMFlg1=           0
         NFxFlg=           0 DoJE=T BraDBF=F KetDBF=T FulRan=T
         wScrn=  0.000000 ICntrl=       500 IOpCl=  0 I1Cent=   200000004 NGrid=           0
         NMat0=    1 NMatS0=      1 NMatT0=    0 NMatD0=    1 NMtDS0=    0 NMtDT0=    0
 Symmetry not used in FoFCou.
 Requested convergence on RMS density matrix=1.00D-08 within 128 cycles.
 Requested convergence on MAX density matrix=1.00D-06.
 Requested convergence on             energy=1.00D-06.
 No special actions if energy rises.
 Integral accuracy reduced to 1.0D-05 until final iterations.
 Initial convergence to 1.0D-05 achieved.  Increase integral accuracy.
 SCF Done:  E(UB3LYP) =  -421.996528499     A.U. after   12 cycles
            NFock= 12  Conv=0.74D-08     -V/T= 2.0035
 <Sx>= 0.0000 <Sy>= 0.0000 <Sz>= 0.0000 <S**2>= 0.0000 S= 0.0000
 <L.S>= 0.000000000000E+00
 Annihilation of the first spin contaminant:
 S**2 before annihilation     0.0000,   after     0.0000
 DoSCS=F DFT=T ScalE2(SS,OS)=  1.000000  1.000000
 Range of M.O.s used for correlation:     1   210
 NBasis=   210 NAE=    33 NBE=    33 NFC=     0 NFV=     0
 NROrb=    210 NOA=    33 NOB=    33 NVA=   177 NVB=   177
 Symmetrizing basis deriv contribution to polar:
 IMax=3 JMax=2 DiffMx= 0.00D+00
 Calling FoFJK, ICntrl=      2147 FMM=F ISym2X=0 I1Cent= 0 IOpClX= 1 NMat=1 NMatS=1 NMatT=0.
 -------------------------------------------------------------------
 Center     Atomic                   Forces (Hartrees/Bohr)
 Number     Number              X              Y              Z
 -------------------------------------------------------------------
      1        6           0.003632403    0.000407763    0.000810499
      2        6           0.003415349   -0.006667079   -0.005031070
      3        6          -0.008689018   -0.005252235    0.002514716
      4        6           0.005669619    0.013199684   -0.003251501
      5        6           0.000151059    0.002369982    0.000133211
      6        6           0.001738052   -0.000541189    0.001366205
      7        1           0.000225277    0.000066364    0.000071074
      8        1          -0.000223455   -0.000970566   -0.000776698
      9        1          -0.000340698    0.000251378   -0.000008840
     10        8          -0.003041251   -0.002908145    0.000523600
     11        8          -0.003293896    0.001689415    0.003002146
     12        1          -0.000497520   -0.000344115   -0.000205349
     13        1          -0.000288640   -0.000050127    0.000057531
     14        6           0.001259188   -0.001023128    0.000663388
     15        1           0.000125814   -0.000059475    0.000037018
     16        1           0.000075788   -0.000082706    0.000064266
     17        1           0.000081930   -0.000085821    0.000029804
 -------------------------------------------------------------------
 Cartesian Forces:  Max     0.013199684 RMS     0.003064000
 IRC-IRC-IRC-IRC-IRC-IRC-IRC-IRC-IRC-IRC-IRC-IRC-IRC-IRC-IRC-IRC-IRC-IRC
 Pt 15 Step number   1 out of a maximum of  20
 Modified Bulirsch-Stoer Extrapolation Cycles:
    EPS =    0.000010000000000
      PEZero:  N= 2 I= 1 D=  1.23D-03 Err=  3.93D-05
      PEZero:  N= 3 I= 2 D=  1.23D-03 Err=  2.62D-05
      PEZero:  N= 3 I= 1 D=  2.45D-03 Err=  1.25D-07
 Maximum DWI energy   std dev =  0.000001636 at pt    65
 Maximum DWI gradient std dev =  0.021797759 at pt    28
 CORRECTOR INTEGRATION CONVERGENCE:
   Recorrection delta-x convergence threshold:    0.010000
   Delta-x Convergence Met
 Point Number:   5          Path Number:   2
   CHANGE IN THE REACTION COORDINATE =    0.23519
   NET REACTION COORDINATE UP TO THIS POINT =    1.17586
  # OF POINTS ALONG THE PATH =  15
  # OF STEPS =   1

 Calculating another point on the path.
 IRC-IRC-IRC-IRC-IRC-IRC-IRC-IRC-IRC-IRC-IRC-IRC-IRC-IRC-IRC-IRC-IRC-IRC
                          Input orientation:                          
 ---------------------------------------------------------------------
 Center     Atomic      Atomic             Coordinates (Angstroms)
 Number     Number       Type             X           Y           Z
 ---------------------------------------------------------------------
      1          6           0        1.554704    1.116178   -0.004487
      2          6           0        0.222799    1.430648   -0.144582
      3          6           0       -1.226897    0.684211    0.101256
      4          6           0       -0.397050   -0.224555   -0.361274
      5          6           0        0.718237   -1.014621   -0.138777
      6          6           0        1.875643   -0.258868   -0.004772
      7          1           0        2.305938    1.898074    0.008681
      8          1           0       -0.128002    2.401774   -0.475619
      9          1           0        0.633165   -2.085581   -0.013823
     10          8           0       -2.722175   -1.719393   -0.044048
     11          8           0       -2.277967    1.232293    0.253851
     12          1           0       -3.072574   -0.826207   -0.153644
     13          1           0       -2.759424   -1.853509    0.908336
     14          6           0        3.257426   -0.806295    0.189565
     15          1           0        3.634792   -0.602984    1.196669
     16          1           0        3.280540   -1.886406    0.035071
     17          1           0        3.959232   -0.353366   -0.517216
 ---------------------------------------------------------------------
                    Distance matrix (angstroms):
                    1          2          3          4          5
     1  C    0.000000
     2  C    1.375677   0.000000
     3  C    2.816927   1.649007   0.000000
     4  C    2.394620   1.780693   1.314700   0.000000
     5  C    2.293037   2.494962   2.593683   1.384765   0.000000
     6  C    1.412004   2.367679   3.244440   2.300740   1.388780
     7  H    1.084383   2.140431   3.736704   3.456670   3.320592
     8  H    2.169382   1.084311   2.119050   2.642549   3.535723
     9  H    3.331754   3.542509   3.338387   2.155338   1.081576
    10  O    5.131639   4.313437   2.834481   2.782333   3.513134
    11  O    3.843122   2.540064   1.195169   2.457364   3.765637
    12  H    5.020638   3.994116   2.398513   2.750187   3.795520
    13  H    5.316388   4.559384   3.072465   3.137867   3.727507
    14  C    2.575427   3.784776   4.726368   3.741261   2.568792
    15  H    2.953821   4.192411   5.147117   4.338910   3.234062
    16  H    3.463465   4.514964   5.189358   4.055059   2.712126
    17  H    2.864299   4.157222   5.324942   4.360975   3.329343
                    6          7          8          9         10
     6  C    0.000000
     7  H    2.199485   0.000000
     8  H    3.363823   2.532257   0.000000
     9  H    2.209234   4.320669   4.574821   0.000000
    10  O    4.824376   6.194414   4.888762   3.375398   0.000000
    11  O    4.420738   4.638487   2.553852   4.422062   2.999752
    12  H    4.982860   6.031289   4.381100   3.916386   0.965698
    13  H    4.986030   6.367232   5.191064   3.523336   0.962502
    14  C    1.498922   2.872570   4.711189   2.926548   6.053424
    15  H    2.157888   3.071231   5.097424   3.559936   6.572425
    16  H    2.150396   3.908048   5.501586   2.655306   6.005558
    17  H    2.147760   2.842346   4.929301   3.783741   6.836016
                   11         12         13         14         15
    11  O    0.000000
    12  H    2.243853   0.000000
    13  H    3.190976   1.510369   0.000000
    14  C    5.899199   6.339329   6.149453   0.000000
    15  H    6.262417   6.845578   6.521729   1.094532   0.000000
    16  H    6.377394   6.443733   6.102855   1.091349   1.766912
    17  H    6.481629   7.057058   7.030148   1.094174   1.762094
                   16         17
    16  H    0.000000
    17  H    1.765179   0.000000
 Symmetry turned off by external request.
 Stoichiometry    C7H8O2
 Framework group  C1[X(C7H8O2)]
 Deg. of freedom    45
 Full point group                 C1      NOp   1
 Rotational constants (GHZ):           3.0301137           1.0185381           0.7773852
 Standard basis: 6-311G(d,p) (5D, 7F)
   210 basis functions,   352 primitive gaussians,   219 cartesian basis functions
    33 alpha electrons       33 beta electrons
       nuclear repulsion energy       407.6580738936 Hartrees.
 NAtoms=   17 NActive=   17 NUniq=   17 SFac= 1.00D+00 NAtFMM=   60 NAOKFM=F Big=F
 Integral buffers will be    131072 words long.
 Raffenetti 2 integral format.
 Two-electron integral symmetry is turned off.
 One-electron integrals computed using PRISM.
 NBasis=   210 RedAO= T EigKep=  4.63D-04  NBF=   210
 NBsUse=   210 1.00D-06 EigRej= -1.00D+00 NBFU=   210
 Initial guess from the checkpoint file:  "3-ts-4.chk"
 B after Tr=    -0.000278   -0.000359   -0.000243
         Rot=    1.000000    0.000120    0.000022    0.000005 Ang=   0.01 deg.
 Initial guess <Sx>= 0.0000 <Sy>= 0.0000 <Sz>= 0.0000 <S**2>= 0.0000 S= 0.0000
 ExpMin= 1.03D-01 ExpMax= 8.59D+03 ExpMxC= 1.30D+03 IAcc=2 IRadAn=         4 AccDes= 0.00D+00
 Harris functional with IExCor=  402 and IRadAn=       4 diagonalized for initial guess.
 HarFok:  IExCor=  402 AccDes= 0.00D+00 IRadAn=         4 IDoV= 1 UseB2=F ITyADJ=14
 ICtDFT=  3500011 ScaDFX=  1.000000  1.000000  1.000000  1.000000
 FoFCou: FMM=F IPFlag=           0 FMFlag=      100000 FMFlg1=           0
         NFxFlg=           0 DoJE=T BraDBF=F KetDBF=T FulRan=T
         wScrn=  0.000000 ICntrl=       500 IOpCl=  0 I1Cent=   200000004 NGrid=           0
         NMat0=    1 NMatS0=      1 NMatT0=    0 NMatD0=    1 NMtDS0=    0 NMtDT0=    0
 Symmetry not used in FoFCou.
 Requested convergence on RMS density matrix=1.00D-08 within 128 cycles.
 Requested convergence on MAX density matrix=1.00D-06.
 Requested convergence on             energy=1.00D-06.
 No special actions if energy rises.
 Integral accuracy reduced to 1.0D-05 until final iterations.
 Initial convergence to 1.0D-05 achieved.  Increase integral accuracy.
 SCF Done:  E(UB3LYP) =  -421.998223141     A.U. after   12 cycles
            NFock= 12  Conv=0.65D-08     -V/T= 2.0035
 <Sx>= 0.0000 <Sy>= 0.0000 <Sz>= 0.0000 <S**2>= 0.0000 S= 0.0000
 <L.S>= 0.000000000000E+00
 Annihilation of the first spin contaminant:
 S**2 before annihilation     0.0000,   after     0.0000
 DoSCS=F DFT=T ScalE2(SS,OS)=  1.000000  1.000000
 Range of M.O.s used for correlation:     1   210
 NBasis=   210 NAE=    33 NBE=    33 NFC=     0 NFV=     0
 NROrb=    210 NOA=    33 NOB=    33 NVA=   177 NVB=   177
 Symmetrizing basis deriv contribution to polar:
 IMax=3 JMax=2 DiffMx= 0.00D+00
 Calling FoFJK, ICntrl=      2147 FMM=F ISym2X=0 I1Cent= 0 IOpClX= 1 NMat=1 NMatS=1 NMatT=0.
 -------------------------------------------------------------------
 Center     Atomic                   Forces (Hartrees/Bohr)
 Number     Number              X              Y              Z
 -------------------------------------------------------------------
      1        6           0.004621147    0.000622852    0.000888807
      2        6           0.004682919   -0.008139926   -0.006404591
      3        6          -0.011176449   -0.006922993    0.002736571
      4        6           0.007032066    0.016474465   -0.003368651
      5        6           0.000125016    0.002807320    0.000203450
      6        6           0.001954200   -0.000788199    0.001687663
      7        1           0.000304142    0.000077873    0.000111568
      8        1          -0.000306693   -0.001074357   -0.000804997
      9        1          -0.000425631    0.000284188   -0.000066728
     10        8          -0.003312116   -0.003235352    0.000619413
     11        8          -0.004257221    0.001958181    0.003693353
     12        1          -0.000646790   -0.000456235   -0.000251321
     13        1          -0.000342375   -0.000058981    0.000063762
     14        6           0.001421428   -0.001272961    0.000744643
     15        1           0.000145821   -0.000068513    0.000039046
     16        1           0.000092512   -0.000103677    0.000078273
     17        1           0.000088026   -0.000103683    0.000029740
 -------------------------------------------------------------------
 Cartesian Forces:  Max     0.016474465 RMS     0.003820168
 IRC-IRC-IRC-IRC-IRC-IRC-IRC-IRC-IRC-IRC-IRC-IRC-IRC-IRC-IRC-IRC-IRC-IRC
 Pt 16 Step number   1 out of a maximum of  20
 Modified Bulirsch-Stoer Extrapolation Cycles:
    EPS =    0.000010000000000
      PEZero:  N= 2 I= 1 D=  1.23D-03 Err=  4.06D-05
      PEZero:  N= 3 I= 2 D=  1.23D-03 Err=  2.71D-05
      PEZero:  N= 3 I= 1 D=  2.45D-03 Err=  1.25D-07
 Maximum DWI energy   std dev =  0.000001009 at pt    56
 Maximum DWI gradient std dev =  0.018268693 at pt    38
 CORRECTOR INTEGRATION CONVERGENCE:
   Recorrection delta-x convergence threshold:    0.010000
   Delta-x Convergence Met
 Point Number:   6          Path Number:   2
   CHANGE IN THE REACTION COORDINATE =    0.23520
   NET REACTION COORDINATE UP TO THIS POINT =    1.41106
  # OF POINTS ALONG THE PATH =  16
  # OF STEPS =   1

 Calculating another point on the path.
 IRC-IRC-IRC-IRC-IRC-IRC-IRC-IRC-IRC-IRC-IRC-IRC-IRC-IRC-IRC-IRC-IRC-IRC
                          Input orientation:                          
 ---------------------------------------------------------------------
 Center     Atomic      Atomic             Coordinates (Angstroms)
 Number     Number       Type             X           Y           Z
 ---------------------------------------------------------------------
      1          6           0        1.560876    1.116977   -0.003412
      2          6           0        0.229031    1.420187   -0.152941
      3          6           0       -1.241477    0.675080    0.104575
      4          6           0       -0.387853   -0.203250   -0.365319
      5          6           0        0.718510   -1.010939   -0.138464
      6          6           0        1.878025   -0.260022   -0.002589
      7          1           0        2.311102    1.899550    0.010620
      8          1           0       -0.133638    2.384853   -0.488042
      9          1           0        0.625813   -2.081198   -0.015358
     10          8           0       -2.725203   -1.722426   -0.043444
     11          8           0       -2.282343    1.234215    0.257463
     12          1           0       -3.083415   -0.833453   -0.157623
     13          1           0       -2.764929   -1.854335    0.909108
     14          6           0        3.259164   -0.807939    0.190477
     15          1           0        3.637129   -0.604094    1.197265
     16          1           0        3.282036   -1.888103    0.036368
     17          1           0        3.960604   -0.355064   -0.516734
 ---------------------------------------------------------------------
                    Distance matrix (angstroms):
                    1          2          3          4          5
     1  C    0.000000
     2  C    1.374084   0.000000
     3  C    2.839034   1.668500   0.000000
     4  C    2.381496   1.749629   1.311846   0.000000
     5  C    2.292563   2.479954   2.596782   1.388475   0.000000
     6  C    1.413050   2.359002   3.258403   2.295430   1.388097
     7  H    1.084185   2.142793   3.758853   3.442014   3.321072
     8  H    2.171118   1.083698   2.121751   2.603452   3.518488
     9  H    3.332088   3.526481   3.331400   2.162563   1.081297
    10  O    5.141428   4.314569   2.823365   2.806190   3.517727
    11  O    3.853846   2.551473   1.191389   2.458304   3.768633
    12  H    5.039583   4.006396   2.395236   2.776031   3.806114
    13  H    5.326722   4.562262   3.060411   3.162393   3.734042
    14  C    2.574311   3.776797   4.739462   3.738354   2.569890
    15  H    2.952039   4.187589   5.160528   4.336222   3.235433
    16  H    3.463305   4.505715   5.199686   4.058099   2.715078
    17  H    2.861660   4.148313   5.339370   4.353740   3.329329
                    6          7          8          9         10
     6  C    0.000000
     7  H    2.202608   0.000000
     8  H    3.358245   2.541837   0.000000
     9  H    2.210177   4.322873   4.554757   0.000000
    10  O    4.830114   6.203709   4.876845   3.370284   0.000000
    11  O    4.428209   4.647939   2.548858   4.418571   3.004729
    12  H    4.996873   6.049663   4.378111   3.916054   0.965207
    13  H    4.992999   6.376913   5.181354   3.521822   0.962462
    14  C    1.498344   2.874312   4.708016   2.932251   6.058355
    15  H    2.156962   3.071596   5.098308   3.566555   6.577940
    16  H    2.150213   3.910204   5.495451   2.663735   6.010054
    17  H    2.147211   2.842928   4.926539   3.788371   6.840592
                   11         12         13         14         15
    11  O    0.000000
    12  H    2.255940   0.000000
    13  H    3.193223   1.510479   0.000000
    14  C    5.906199   6.352175   6.156384   0.000000
    15  H    6.269191   6.859594   6.529355   1.094547   0.000000
    16  H    6.384362   6.455144   6.109714   1.091342   1.767046
    17  H    6.488419   7.069372   7.036592   1.094194   1.761943
                   16         17
    16  H    0.000000
    17  H    1.765385   0.000000
 Symmetry turned off by external request.
 Stoichiometry    C7H8O2
 Framework group  C1[X(C7H8O2)]
 Deg. of freedom    45
 Full point group                 C1      NOp   1
 Rotational constants (GHZ):           3.0365362           1.0150244           0.7760518
 Standard basis: 6-311G(d,p) (5D, 7F)
   210 basis functions,   352 primitive gaussians,   219 cartesian basis functions
    33 alpha electrons       33 beta electrons
       nuclear repulsion energy       407.6543022122 Hartrees.
 NAtoms=   17 NActive=   17 NUniq=   17 SFac= 1.00D+00 NAtFMM=   60 NAOKFM=F Big=F
 Integral buffers will be    131072 words long.
 Raffenetti 2 integral format.
 Two-electron integral symmetry is turned off.
 One-electron integrals computed using PRISM.
 NBasis=   210 RedAO= T EigKep=  4.63D-04  NBF=   210
 NBsUse=   210 1.00D-06 EigRej= -1.00D+00 NBFU=   210
 Initial guess from the checkpoint file:  "3-ts-4.chk"
 B after Tr=    -0.000277   -0.000349   -0.000206
         Rot=    1.000000    0.000092    0.000021    0.000005 Ang=   0.01 deg.
 Initial guess <Sx>= 0.0000 <Sy>= 0.0000 <Sz>= 0.0000 <S**2>= 0.0000 S= 0.0000
 ExpMin= 1.03D-01 ExpMax= 8.59D+03 ExpMxC= 1.30D+03 IAcc=2 IRadAn=         4 AccDes= 0.00D+00
 Harris functional with IExCor=  402 and IRadAn=       4 diagonalized for initial guess.
 HarFok:  IExCor=  402 AccDes= 0.00D+00 IRadAn=         4 IDoV= 1 UseB2=F ITyADJ=14
 ICtDFT=  3500011 ScaDFX=  1.000000  1.000000  1.000000  1.000000
 FoFCou: FMM=F IPFlag=           0 FMFlag=      100000 FMFlg1=           0
         NFxFlg=           0 DoJE=T BraDBF=F KetDBF=T FulRan=T
         wScrn=  0.000000 ICntrl=       500 IOpCl=  0 I1Cent=   200000004 NGrid=           0
         NMat0=    1 NMatS0=      1 NMatT0=    0 NMatD0=    1 NMtDS0=    0 NMtDT0=    0
 Symmetry not used in FoFCou.
 Requested convergence on RMS density matrix=1.00D-08 within 128 cycles.
 Requested convergence on MAX density matrix=1.00D-06.
 Requested convergence on             energy=1.00D-06.
 No special actions if energy rises.
 Integral accuracy reduced to 1.0D-05 until final iterations.
 Initial convergence to 1.0D-05 achieved.  Increase integral accuracy.
 SCF Done:  E(UB3LYP) =  -422.000285230     A.U. after   12 cycles
            NFock= 12  Conv=0.60D-08     -V/T= 2.0034
 <Sx>= 0.0000 <Sy>= 0.0000 <Sz>= 0.0000 <S**2>= 0.0000 S= 0.0000
 <L.S>= 0.000000000000E+00
 Annihilation of the first spin contaminant:
 S**2 before annihilation     0.0000,   after     0.0000
 DoSCS=F DFT=T ScalE2(SS,OS)=  1.000000  1.000000
 Range of M.O.s used for correlation:     1   210
 NBasis=   210 NAE=    33 NBE=    33 NFC=     0 NFV=     0
 NROrb=    210 NOA=    33 NOB=    33 NVA=   177 NVB=   177
 Symmetrizing basis deriv contribution to polar:
 IMax=3 JMax=2 DiffMx= 0.00D+00
 Calling FoFJK, ICntrl=      2147 FMM=F ISym2X=0 I1Cent= 0 IOpClX= 1 NMat=1 NMatS=1 NMatT=0.
 -------------------------------------------------------------------
 Center     Atomic                   Forces (Hartrees/Bohr)
 Number     Number              X              Y              Z
 -------------------------------------------------------------------
      1        6           0.005654370    0.000896387    0.000892894
      2        6           0.006152272   -0.009375827   -0.007832960
      3        6          -0.013782028   -0.008740406    0.002760776
      4        6           0.008300209    0.019685251   -0.003202763
      5        6           0.000071981    0.003194161    0.000275481
      6        6           0.002109400   -0.001070666    0.001999945
      7        1           0.000393719    0.000084790    0.000160160
      8        1          -0.000379250   -0.001146802   -0.000749492
      9        1          -0.000505228    0.000314398   -0.000143738
     10        8          -0.003477991   -0.003471061    0.000711133
     11        8          -0.005242177    0.002142098    0.004383814
     12        1          -0.000816526   -0.000582916   -0.000298857
     13        1          -0.000394263   -0.000069261    0.000067552
     14        6           0.001551979   -0.001536519    0.000814969
     15        1           0.000163198   -0.000075909    0.000039796
     16        1           0.000109821   -0.000125834    0.000093258
     17        1           0.000090513   -0.000121882    0.000028032
 -------------------------------------------------------------------
 Cartesian Forces:  Max     0.019685251 RMS     0.004572926
 IRC-IRC-IRC-IRC-IRC-IRC-IRC-IRC-IRC-IRC-IRC-IRC-IRC-IRC-IRC-IRC-IRC-IRC
 Pt 17 Step number   1 out of a maximum of  20
 Modified Bulirsch-Stoer Extrapolation Cycles:
    EPS =    0.000010000000000
      PEZero:  N= 2 I= 1 D=  1.23D-03 Err=  4.14D-05
      PEZero:  N= 3 I= 2 D=  1.23D-03 Err=  2.76D-05
      PEZero:  N= 3 I= 1 D=  2.45D-03 Err=  1.24D-07
 Maximum DWI energy   std dev =  0.000000891 at pt    35
 Maximum DWI gradient std dev =  0.016394699 at pt    38
 CORRECTOR INTEGRATION CONVERGENCE:
   Recorrection delta-x convergence threshold:    0.010000
   Delta-x Convergence Met
 Point Number:   7          Path Number:   2
   CHANGE IN THE REACTION COORDINATE =    0.23520
   NET REACTION COORDINATE UP TO THIS POINT =    1.64626
  # OF POINTS ALONG THE PATH =  17
  # OF STEPS =   1

 Calculating another point on the path.
 IRC-IRC-IRC-IRC-IRC-IRC-IRC-IRC-IRC-IRC-IRC-IRC-IRC-IRC-IRC-IRC-IRC-IRC
                          Input orientation:                          
 ---------------------------------------------------------------------
 Center     Atomic      Atomic             Coordinates (Angstroms)
 Number     Number       Type             X           Y           Z
 ---------------------------------------------------------------------
      1          6           0        1.567174    1.117972   -0.002536
      2          6           0        0.235900    1.410214   -0.161519
      3          6           0       -1.256564    0.665442    0.107322
      4          6           0       -0.378804   -0.181950   -0.368456
      5          6           0        0.718661   -1.007454   -0.138126
      6          6           0        1.880177   -0.261295   -0.000425
      7          1           0        2.316723    1.900869    0.012913
      8          1           0       -0.139111    2.369190   -0.497335
      9          1           0        0.618654   -2.077077   -0.017709
     10          8           0       -2.727867   -1.725177   -0.042861
     11          8           0       -2.286799    1.235947    0.261054
     12          1           0       -3.094974   -0.840923   -0.161651
     13          1           0       -2.770248   -1.855190    0.909817
     14          6           0        3.260766   -0.809613    0.191320
     15          1           0        3.639326   -0.605123    1.197785
     16          1           0        3.283537   -1.889840    0.037667
     17          1           0        3.961793   -0.356746   -0.516345
 ---------------------------------------------------------------------
                    Distance matrix (angstroms):
                    1          2          3          4          5
     1  C    0.000000
     2  C    1.372214   0.000000
     3  C    2.861879   1.689500   0.000000
     4  C    2.368655   1.719206   1.309543   0.000000
     5  C    2.292552   2.465506   2.600065   1.392457   0.000000
     6  C    1.414338   2.350221   3.272552   2.290139   1.387384
     7  H    1.083969   2.144992   3.782006   3.427746   3.321891
     8  H    2.172966   1.083070   2.125339   2.565614   3.502360
     9  H    3.332906   3.511179   3.324678   2.170127   1.081016
    10  O    5.150971   4.316094   2.811111   2.829427   3.521754
    11  O    3.864778   2.563776   1.187642   2.459097   3.771601
    12  H    5.059468   4.020241   2.391910   2.802605   3.817341
    13  H    5.337163   4.565911   3.047757   3.186333   3.740230
    14  C    2.573211   3.768546   4.752801   3.735476   2.570987
    15  H    2.950193   4.182415   5.174281   4.333307   3.236791
    16  H    3.463301   4.496456   5.210263   4.061350   2.718106
    17  H    2.858845   4.138880   5.353978   4.346632   3.329321
                    6          7          8          9         10
     6  C    0.000000
     7  H    2.205834   0.000000
     8  H    3.353191   2.551626   0.000000
     9  H    2.211065   4.325325   4.535806   0.000000
    10  O    4.835165   6.212826   4.865392   3.365065   0.000000
    11  O    4.435515   4.657908   2.544004   4.415370   3.009179
    12  H    5.011396   6.069131   4.376600   3.916609   0.964772
    13  H    4.999549   6.386680   5.171879   3.520538   0.962442
    14  C    1.497813   2.875719   4.705124   2.937843   6.062741
    15  H    2.156045   3.071352   5.098682   3.573309   6.582923
    16  H    2.150123   3.912138   5.489998   2.672027   6.014198
    17  H    2.146721   2.843096   4.924277   3.792725   6.844585
                   11         12         13         14         15
    11  O    0.000000
    12  H    2.268306   0.000000
    13  H    3.195269   1.510705   0.000000
    14  C    5.913092   6.365611   6.163002   0.000000
    15  H    6.275823   6.874188   6.536683   1.094575   0.000000
    16  H    6.391329   6.467252   6.116384   1.091339   1.767190
    17  H    6.495069   7.082245   7.042702   1.094220   1.761794
                   16         17
    16  H    0.000000
    17  H    1.765599   0.000000
 Symmetry turned off by external request.
 Stoichiometry    C7H8O2
 Framework group  C1[X(C7H8O2)]
 Deg. of freedom    45
 Full point group                 C1      NOp   1
 Rotational constants (GHZ):           3.0427767           1.0115745           0.7747100
 Standard basis: 6-311G(d,p) (5D, 7F)
   210 basis functions,   352 primitive gaussians,   219 cartesian basis functions
    33 alpha electrons       33 beta electrons
       nuclear repulsion energy       407.6407066132 Hartrees.
 NAtoms=   17 NActive=   17 NUniq=   17 SFac= 1.00D+00 NAtFMM=   60 NAOKFM=F Big=F
 Integral buffers will be    131072 words long.
 Raffenetti 2 integral format.
 Two-electron integral symmetry is turned off.
 One-electron integrals computed using PRISM.
 NBasis=   210 RedAO= T EigKep=  4.62D-04  NBF=   210
 NBsUse=   210 1.00D-06 EigRej= -1.00D+00 NBFU=   210
 Initial guess from the checkpoint file:  "3-ts-4.chk"
 B after Tr=    -0.000277   -0.000339   -0.000169
         Rot=    1.000000    0.000063    0.000020    0.000006 Ang=   0.01 deg.
 Initial guess <Sx>= 0.0000 <Sy>= 0.0000 <Sz>= 0.0000 <S**2>= 0.0000 S= 0.0000
 ExpMin= 1.03D-01 ExpMax= 8.59D+03 ExpMxC= 1.30D+03 IAcc=2 IRadAn=         4 AccDes= 0.00D+00
 Harris functional with IExCor=  402 and IRadAn=       4 diagonalized for initial guess.
 HarFok:  IExCor=  402 AccDes= 0.00D+00 IRadAn=         4 IDoV= 1 UseB2=F ITyADJ=14
 ICtDFT=  3500011 ScaDFX=  1.000000  1.000000  1.000000  1.000000
 FoFCou: FMM=F IPFlag=           0 FMFlag=      100000 FMFlg1=           0
         NFxFlg=           0 DoJE=T BraDBF=F KetDBF=T FulRan=T
         wScrn=  0.000000 ICntrl=       500 IOpCl=  0 I1Cent=   200000004 NGrid=           0
         NMat0=    1 NMatS0=      1 NMatT0=    0 NMatD0=    1 NMtDS0=    0 NMtDT0=    0
 Symmetry not used in FoFCou.
 Requested convergence on RMS density matrix=1.00D-08 within 128 cycles.
 Requested convergence on MAX density matrix=1.00D-06.
 Requested convergence on             energy=1.00D-06.
 No special actions if energy rises.
 Integral accuracy reduced to 1.0D-05 until final iterations.
 Initial convergence to 1.0D-05 achieved.  Increase integral accuracy.
 SCF Done:  E(UB3LYP) =  -422.002705374     A.U. after   12 cycles
            NFock= 12  Conv=0.59D-08     -V/T= 2.0034
 <Sx>= 0.0000 <Sy>= 0.0000 <Sz>= 0.0000 <S**2>= 0.0000 S= 0.0000
 <L.S>= 0.000000000000E+00
 Annihilation of the first spin contaminant:
 S**2 before annihilation     0.0000,   after     0.0000
 DoSCS=F DFT=T ScalE2(SS,OS)=  1.000000  1.000000
 Range of M.O.s used for correlation:     1   210
 NBasis=   210 NAE=    33 NBE=    33 NFC=     0 NFV=     0
 NROrb=    210 NOA=    33 NOB=    33 NVA=   177 NVB=   177
 Symmetrizing basis deriv contribution to polar:
 IMax=3 JMax=2 DiffMx= 0.00D+00
 Calling FoFJK, ICntrl=      2147 FMM=F ISym2X=0 I1Cent= 0 IOpClX= 1 NMat=1 NMatS=1 NMatT=0.
 -------------------------------------------------------------------
 Center     Atomic                   Forces (Hartrees/Bohr)
 Number     Number              X              Y              Z
 -------------------------------------------------------------------
      1        6           0.006708803    0.001213575    0.000806290
      2        6           0.007785885   -0.010241182   -0.009258138
      3        6          -0.016398346   -0.010642329    0.002560814
      4        6           0.009384821    0.022661430   -0.002744887
      5        6           0.000000554    0.003535531    0.000344365
      6        6           0.002209559   -0.001386500    0.002292609
      7        1           0.000492427    0.000086148    0.000214154
      8        1          -0.000430246   -0.001181728   -0.000605796
      9        1          -0.000577831    0.000341930   -0.000236926
     10        8          -0.003548903   -0.003615418    0.000798258
     11        8          -0.006223485    0.002220106    0.005055294
     12        1          -0.001005549   -0.000725341   -0.000347095
     13        1          -0.000444519   -0.000081649    0.000069510
     14        6           0.001651464   -0.001813015    0.000877819
     15        1           0.000178343   -0.000081856    0.000039511
     16        1           0.000127643   -0.000149136    0.000109395
     17        1           0.000089380   -0.000140566    0.000024823
 -------------------------------------------------------------------
 Cartesian Forces:  Max     0.022661430 RMS     0.005291390
 IRC-IRC-IRC-IRC-IRC-IRC-IRC-IRC-IRC-IRC-IRC-IRC-IRC-IRC-IRC-IRC-IRC-IRC
 Pt 18 Step number   1 out of a maximum of  20
 Modified Bulirsch-Stoer Extrapolation Cycles:
    EPS =    0.000010000000000
      PEZero:  N= 2 I= 1 D=  1.23D-03 Err=  4.17D-05
      PEZero:  N= 3 I= 2 D=  1.23D-03 Err=  2.78D-05
      PEZero:  N= 3 I= 1 D=  2.45D-03 Err=  1.21D-07
 Maximum DWI energy   std dev =  0.000001098 at pt    30
 Maximum DWI gradient std dev =  0.015297361 at pt    38
 CORRECTOR INTEGRATION CONVERGENCE:
   Recorrection delta-x convergence threshold:    0.010000
   Delta-x Convergence Met
 Point Number:   8          Path Number:   2
   CHANGE IN THE REACTION COORDINATE =    0.23520
   NET REACTION COORDINATE UP TO THIS POINT =    1.88146
  # OF POINTS ALONG THE PATH =  18
  # OF STEPS =   1

 Calculating another point on the path.
 IRC-IRC-IRC-IRC-IRC-IRC-IRC-IRC-IRC-IRC-IRC-IRC-IRC-IRC-IRC-IRC-IRC-IRC
                          Input orientation:                          
 ---------------------------------------------------------------------
 Center     Atomic      Atomic             Coordinates (Angstroms)
 Number     Number       Type             X           Y           Z
 ---------------------------------------------------------------------
      1          6           0        1.573624    1.119154   -0.001887
      2          6           0        0.243442    1.400881   -0.170300
      3          6           0       -1.272123    0.655304    0.109461
      4          6           0       -0.369983   -0.160757   -0.370684
      5          6           0        0.718711   -1.004120   -0.137770
      6          6           0        1.882133   -0.262699    0.001724
      7          1           0        2.322825    1.902023    0.015529
      8          1           0       -0.144305    2.354979   -0.503488
      9          1           0        0.611648   -2.073164   -0.020841
     10          8           0       -2.730219   -1.727683   -0.042289
     11          8           0       -2.291341    1.237474    0.264643
     12          1           0       -3.107389   -0.848734   -0.165759
     13          1           0       -2.775460   -1.856098    0.910471
     14          6           0        3.262253   -0.811333    0.192114
     15          1           0        3.641417   -0.606087    1.198244
     16          1           0        3.285057   -1.891637    0.038990
     17          1           0        3.962817   -0.358435   -0.516040
 ---------------------------------------------------------------------
                    Distance matrix (angstroms):
                    1          2          3          4          5
     1  C    0.000000
     2  C    1.370079   0.000000
     3  C    2.885451   1.712042   0.000000
     4  C    2.356224   1.689722   1.307804   0.000000
     5  C    2.292953   2.451727   2.603503   1.396697   0.000000
     6  C    1.415877   2.341452   3.286893   2.284974   1.386620
     7  H    1.083739   2.146977   3.806150   3.414006   3.323003
     8  H    2.174890   1.082435   2.129924   2.529328   3.487419
     9  H    3.334165   3.496699   3.318148   2.177909   1.080736
    10  O    5.160347   4.318213   2.797803   2.851984   3.525305
    11  O    3.875950   2.577014   1.183980   2.459737   3.774532
    12  H    5.080484   4.035946   2.388740   2.829964   3.829356
    13  H    5.347808   4.570531   3.034597   3.209651   3.746185
    14  C    2.572137   3.760114   4.766384   3.732711   2.572080
    15  H    2.948312   4.176968   5.188394   4.330264   3.238144
    16  H    3.463458   4.487304   5.221088   4.064861   2.721224
    17  H    2.855848   4.128980   5.368753   4.339742   3.329297
                    6          7          8          9         10
     6  C    0.000000
     7  H    2.209167   0.000000
     8  H    3.348720   2.561499   0.000000
     9  H    2.211883   4.327998   4.518060   0.000000
    10  O    4.839619   6.221846   4.854667   3.359745   0.000000
    11  O    4.442694   4.668427   2.539411   4.412388   3.013134
    12  H    5.026611   6.089890   4.376952   3.918094   0.964393
    13  H    5.005789   6.396632   5.162890   3.519511   0.962439
    14  C    1.497324   2.876806   4.702556   2.943344   6.066660
    15  H    2.155146   3.070523   5.098578   3.580221   6.587461
    16  H    2.150122   3.913860   5.485303   2.680233   6.018059
    17  H    2.146273   2.842853   4.922522   3.796821   6.848066
                   11         12         13         14         15
    11  O    0.000000
    12  H    2.281106   0.000000
    13  H    3.197132   1.511036   0.000000
    14  C    5.919905   6.379797   6.169404   0.000000
    15  H    6.282352   6.889541   6.543826   1.094618   0.000000
    16  H    6.398318   6.480196   6.122957   1.091340   1.767343
    17  H    6.501606   7.095837   7.048567   1.094253   1.761647
                   16         17
    16  H    0.000000
    17  H    1.765821   0.000000
 Symmetry turned off by external request.
 Stoichiometry    C7H8O2
 Framework group  C1[X(C7H8O2)]
 Deg. of freedom    45
 Full point group                 C1      NOp   1
 Rotational constants (GHZ):           3.0487081           1.0081635           0.7733373
 Standard basis: 6-311G(d,p) (5D, 7F)
   210 basis functions,   352 primitive gaussians,   219 cartesian basis functions
    33 alpha electrons       33 beta electrons
       nuclear repulsion energy       407.6110832893 Hartrees.
 NAtoms=   17 NActive=   17 NUniq=   17 SFac= 1.00D+00 NAtFMM=   60 NAOKFM=F Big=F
 Integral buffers will be    131072 words long.
 Raffenetti 2 integral format.
 Two-electron integral symmetry is turned off.
 One-electron integrals computed using PRISM.
 NBasis=   210 RedAO= T EigKep=  4.61D-04  NBF=   210
 NBsUse=   210 1.00D-06 EigRej= -1.00D+00 NBFU=   210
 Initial guess from the checkpoint file:  "3-ts-4.chk"
 B after Tr=    -0.000279   -0.000328   -0.000131
         Rot=    1.000000    0.000036    0.000019    0.000007 Ang=   0.00 deg.
 Initial guess <Sx>= 0.0000 <Sy>= 0.0000 <Sz>= 0.0000 <S**2>= 0.0000 S= 0.0000
 ExpMin= 1.03D-01 ExpMax= 8.59D+03 ExpMxC= 1.30D+03 IAcc=2 IRadAn=         4 AccDes= 0.00D+00
 Harris functional with IExCor=  402 and IRadAn=       4 diagonalized for initial guess.
 HarFok:  IExCor=  402 AccDes= 0.00D+00 IRadAn=         4 IDoV= 1 UseB2=F ITyADJ=14
 ICtDFT=  3500011 ScaDFX=  1.000000  1.000000  1.000000  1.000000
 FoFCou: FMM=F IPFlag=           0 FMFlag=      100000 FMFlg1=           0
         NFxFlg=           0 DoJE=T BraDBF=F KetDBF=T FulRan=T
         wScrn=  0.000000 ICntrl=       500 IOpCl=  0 I1Cent=   200000004 NGrid=           0
         NMat0=    1 NMatS0=      1 NMatT0=    0 NMatD0=    1 NMtDS0=    0 NMtDT0=    0
 Symmetry not used in FoFCou.
 Requested convergence on RMS density matrix=1.00D-08 within 128 cycles.
 Requested convergence on MAX density matrix=1.00D-06.
 Requested convergence on             energy=1.00D-06.
 No special actions if energy rises.
 Integral accuracy reduced to 1.0D-05 until final iterations.
 Initial convergence to 1.0D-05 achieved.  Increase integral accuracy.
 SCF Done:  E(UB3LYP) =  -422.005459747     A.U. after   12 cycles
            NFock= 12  Conv=0.65D-08     -V/T= 2.0034
 <Sx>= 0.0000 <Sy>= 0.0000 <Sz>= 0.0000 <S**2>= 0.0000 S= 0.0000
 <L.S>= 0.000000000000E+00
 Annihilation of the first spin contaminant:
 S**2 before annihilation     0.0000,   after     0.0000
 DoSCS=F DFT=T ScalE2(SS,OS)=  1.000000  1.000000
 Range of M.O.s used for correlation:     1   210
 NBasis=   210 NAE=    33 NBE=    33 NFC=     0 NFV=     0
 NROrb=    210 NOA=    33 NOB=    33 NVA=   177 NVB=   177
 Symmetrizing basis deriv contribution to polar:
 IMax=3 JMax=2 DiffMx= 0.00D+00
 Calling FoFJK, ICntrl=      2147 FMM=F ISym2X=0 I1Cent= 0 IOpClX= 1 NMat=1 NMatS=1 NMatT=0.
 -------------------------------------------------------------------
 Center     Atomic                   Forces (Hartrees/Bohr)
 Number     Number              X              Y              Z
 -------------------------------------------------------------------
      1        6           0.007759099    0.001550920    0.000617593
      2        6           0.009525708   -0.010625741   -0.010606060
      3        6          -0.018899749   -0.012546533    0.002125299
      4        6           0.010200383    0.025232686   -0.002008041
      5        6          -0.000081840    0.003838281    0.000407274
      6        6           0.002263866   -0.001729371    0.002554372
      7        1           0.000597684    0.000080781    0.000270057
      8        1          -0.000453654   -0.001167144   -0.000382220
      9        1          -0.000641523    0.000367053   -0.000341918
     10        8          -0.003536700   -0.003667337    0.000880918
     11        8          -0.007174414    0.002170463    0.005685942
     12        1          -0.001209776   -0.000885817   -0.000394568
     13        1          -0.000493258   -0.000096545    0.000069539
     14        6           0.001722165   -0.002101585    0.000936511
     15        1           0.000191613   -0.000086703    0.000038326
     16        1           0.000145641   -0.000173425    0.000126748
     17        1           0.000084754   -0.000159984    0.000020229
 -------------------------------------------------------------------
 Cartesian Forces:  Max     0.025232686 RMS     0.005943689
 IRC-IRC-IRC-IRC-IRC-IRC-IRC-IRC-IRC-IRC-IRC-IRC-IRC-IRC-IRC-IRC-IRC-IRC
 Pt 19 Step number   1 out of a maximum of  20
 Modified Bulirsch-Stoer Extrapolation Cycles:
    EPS =    0.000010000000000
      PEZero:  N= 2 I= 1 D=  1.23D-03 Err=  4.18D-05
      PEZero:  N= 3 I= 2 D=  1.23D-03 Err=  2.78D-05
      PEZero:  N= 3 I= 1 D=  2.45D-03 Err=  1.17D-07
 Maximum DWI energy   std dev =  0.000001954 at pt    49
 Maximum DWI gradient std dev =  0.014581764 at pt    38
 CORRECTOR INTEGRATION CONVERGENCE:
   Recorrection delta-x convergence threshold:    0.010000
   Delta-x Convergence Met
 Point Number:   9          Path Number:   2
   CHANGE IN THE REACTION COORDINATE =    0.23520
   NET REACTION COORDINATE UP TO THIS POINT =    2.11666
  # OF POINTS ALONG THE PATH =  19
  # OF STEPS =   1

 Calculating another point on the path.
 IRC-IRC-IRC-IRC-IRC-IRC-IRC-IRC-IRC-IRC-IRC-IRC-IRC-IRC-IRC-IRC-IRC-IRC
                          Input orientation:                          
 ---------------------------------------------------------------------
 Center     Atomic      Atomic             Coordinates (Angstroms)
 Number     Number       Type             X           Y           Z
 ---------------------------------------------------------------------
      1          6           0        1.580255    1.120506   -0.001495
      2          6           0        0.251676    1.392350   -0.179257
      3          6           0       -1.288111    0.644679    0.110958
      4          6           0       -0.361476   -0.139774   -0.372010
      5          6           0        0.718677   -1.000888   -0.137402
      6          6           0        1.883926   -0.264244    0.003857
      7          1           0        2.329440    1.902995    0.018436
      8          1           0       -0.149091    2.342390   -0.506549
      9          1           0        0.604760   -2.069402   -0.024719
     10          8           0       -2.732304   -1.729977   -0.041723
     11          8           0       -2.295984    1.238775    0.268243
     12          1           0       -3.120791   -0.857011   -0.169975
     13          1           0       -2.780637   -1.857088    0.911074
     14          6           0        3.263644   -0.813122    0.192876
     15          1           0        3.643434   -0.607002    1.198652
     16          1           0        3.286611   -1.893514    0.040360
     17          1           0        3.963689   -0.360161   -0.515811
 ---------------------------------------------------------------------
                    Distance matrix (angstroms):
                    1          2          3          4          5
     1  C    0.000000
     2  C    1.367706   0.000000
     3  C    2.909739   1.736140   0.000000
     4  C    2.344335   1.661479   1.306628   0.000000
     5  C    2.293708   2.438735   2.607062   1.401175   0.000000
     6  C    1.417666   2.332825   3.301429   2.280044   1.385786
     7  H    1.083497   2.148708   3.831266   3.400939   3.324362
     8  H    2.176860   1.081810   2.135628   2.494865   3.473730
     9  H    3.335812   3.483142   3.311737   2.185792   1.080462
    10  O    5.169626   4.321109   2.783522   2.873788   3.528456
    11  O    3.887412   2.591218   1.180464   2.460211   3.777409
    12  H    5.102822   4.053794   2.385941   2.858158   3.842302
    13  H    5.358752   4.576307   3.021035   3.232307   3.752010
    14  C    2.571088   3.751605   4.780206   3.730146   2.573168
    15  H    2.946412   4.171338   5.202876   4.327192   3.239504
    16  H    3.463772   4.478388   5.232159   4.068685   2.724457
    17  H    2.852657   4.118689   5.383674   4.333164   3.329238
                    6          7          8          9         10
     6  C    0.000000
     7  H    2.212606   0.000000
     8  H    3.344879   2.571341   0.000000
     9  H    2.212618   4.330858   4.501596   0.000000
    10  O    4.843556   6.230840   4.844918   3.354325   0.000000
    11  O    4.449788   4.679545   2.535235   4.409555   3.016611
    12  H    5.042696   6.112132   4.379550   3.920551   0.964074
    13  H    5.011820   6.406865   5.154639   3.518764   0.962453
    14  C    1.496869   2.877579   4.700342   2.948771   6.070178
    15  H    2.154272   3.069133   5.098026   3.587310   6.591635
    16  H    2.150204   3.915372   5.481427   2.688401   6.021696
    17  H    2.145849   2.842194   4.921263   3.800669   6.851094
                   11         12         13         14         15
    11  O    0.000000
    12  H    2.294485   0.000000
    13  H    3.198826   1.511464   0.000000
    14  C    5.926670   6.394889   6.175679   0.000000
    15  H    6.288818   6.905823   6.550886   1.094674   0.000000
    16  H    6.405352   6.494104   6.129516   1.091346   1.767506
    17  H    6.508060   7.110297   7.054270   1.094292   1.761499
                   16         17
    16  H    0.000000
    17  H    1.766050   0.000000
 Symmetry turned off by external request.
 Stoichiometry    C7H8O2
 Framework group  C1[X(C7H8O2)]
 Deg. of freedom    45
 Full point group                 C1      NOp   1
 Rotational constants (GHZ):           3.0542165           1.0047680           0.7719131
 Standard basis: 6-311G(d,p) (5D, 7F)
   210 basis functions,   352 primitive gaussians,   219 cartesian basis functions
    33 alpha electrons       33 beta electrons
       nuclear repulsion energy       407.5592384516 Hartrees.
 NAtoms=   17 NActive=   17 NUniq=   17 SFac= 1.00D+00 NAtFMM=   60 NAOKFM=F Big=F
 Integral buffers will be    131072 words long.
 Raffenetti 2 integral format.
 Two-electron integral symmetry is turned off.
 One-electron integrals computed using PRISM.
 NBasis=   210 RedAO= T EigKep=  4.60D-04  NBF=   210
 NBsUse=   210 1.00D-06 EigRej= -1.00D+00 NBFU=   210
 Initial guess from the checkpoint file:  "3-ts-4.chk"
 B after Tr=    -0.000280   -0.000317   -0.000093
         Rot=    1.000000    0.000008    0.000019    0.000008 Ang=   0.00 deg.
 Initial guess <Sx>= 0.0000 <Sy>= 0.0000 <Sz>= 0.0000 <S**2>= 0.0000 S= 0.0000
 ExpMin= 1.03D-01 ExpMax= 8.59D+03 ExpMxC= 1.30D+03 IAcc=2 IRadAn=         4 AccDes= 0.00D+00
 Harris functional with IExCor=  402 and IRadAn=       4 diagonalized for initial guess.
 HarFok:  IExCor=  402 AccDes= 0.00D+00 IRadAn=         4 IDoV= 1 UseB2=F ITyADJ=14
 ICtDFT=  3500011 ScaDFX=  1.000000  1.000000  1.000000  1.000000
 FoFCou: FMM=F IPFlag=           0 FMFlag=      100000 FMFlg1=           0
         NFxFlg=           0 DoJE=T BraDBF=F KetDBF=T FulRan=T
         wScrn=  0.000000 ICntrl=       500 IOpCl=  0 I1Cent=   200000004 NGrid=           0
         NMat0=    1 NMatS0=      1 NMatT0=    0 NMatD0=    1 NMtDS0=    0 NMtDT0=    0
 Symmetry not used in FoFCou.
 Requested convergence on RMS density matrix=1.00D-08 within 128 cycles.
 Requested convergence on MAX density matrix=1.00D-06.
 Requested convergence on             energy=1.00D-06.
 No special actions if energy rises.
 Integral accuracy reduced to 1.0D-05 until final iterations.
 Initial convergence to 1.0D-05 achieved.  Increase integral accuracy.
 SCF Done:  E(UB3LYP) =  -422.008510072     A.U. after   12 cycles
            NFock= 12  Conv=0.72D-08     -V/T= 2.0033
 <Sx>= 0.0000 <Sy>= 0.0000 <Sz>= 0.0000 <S**2>= 0.0000 S= 0.0000
 <L.S>= 0.000000000000E+00
 Annihilation of the first spin contaminant:
 S**2 before annihilation     0.0000,   after     0.0000
 DoSCS=F DFT=T ScalE2(SS,OS)=  1.000000  1.000000
 Range of M.O.s used for correlation:     1   210
 NBasis=   210 NAE=    33 NBE=    33 NFC=     0 NFV=     0
 NROrb=    210 NOA=    33 NOB=    33 NVA=   177 NVB=   177
 Symmetrizing basis deriv contribution to polar:
 IMax=3 JMax=2 DiffMx= 0.00D+00
 Calling FoFJK, ICntrl=      2147 FMM=F ISym2X=0 I1Cent= 0 IOpClX= 1 NMat=1 NMatS=1 NMatT=0.
 -------------------------------------------------------------------
 Center     Atomic                   Forces (Hartrees/Bohr)
 Number     Number              X              Y              Z
 -------------------------------------------------------------------
      1        6           0.008780690    0.001877847    0.000322409
      2        6           0.011280942   -0.010445553   -0.011798265
      3        6          -0.021147248   -0.014351732    0.001462075
      4        6           0.010678915    0.027242683   -0.001028835
      5        6          -0.000171436    0.004111371    0.000463400
      6        6           0.002284126   -0.002086963    0.002773487
      7        1           0.000706619    0.000067753    0.000323797
      8        1          -0.000440861   -0.001100927   -0.000093612
      9        1          -0.000694699    0.000389821   -0.000452813
     10        8          -0.003453650   -0.003626742    0.000959119
     11        8          -0.008071088    0.001972805    0.006251442
     12        1          -0.001423254   -0.001065132   -0.000439662
     13        1          -0.000540387   -0.000114238    0.000067801
     14        6           0.001767518   -0.002400781    0.000993501
     15        1           0.000203359   -0.000091017    0.000036381
     16        1           0.000163297   -0.000198568    0.000145320
     17        1           0.000077156   -0.000180628    0.000014457
 -------------------------------------------------------------------
 Cartesian Forces:  Max     0.027242683 RMS     0.006498843
 IRC-IRC-IRC-IRC-IRC-IRC-IRC-IRC-IRC-IRC-IRC-IRC-IRC-IRC-IRC-IRC-IRC-IRC
 Pt 20 Step number   1 out of a maximum of  20
 Modified Bulirsch-Stoer Extrapolation Cycles:
    EPS =    0.000010000000000
      PEZero:  N= 2 I= 1 D=  1.23D-03 Err=  4.16D-05
      PEZero:  N= 3 I= 2 D=  1.23D-03 Err=  2.77D-05
      PEZero:  N= 3 I= 1 D=  2.45D-03 Err=  1.09D-07
 Maximum DWI energy   std dev =  0.000002972 at pt    36
 Maximum DWI gradient std dev =  0.014101110 at pt    38
 CORRECTOR INTEGRATION CONVERGENCE:
   Recorrection delta-x convergence threshold:    0.010000
   Delta-x Convergence Met
 Point Number:  10          Path Number:   2
   CHANGE IN THE REACTION COORDINATE =    0.23520
   NET REACTION COORDINATE UP TO THIS POINT =    2.35185
  # OF POINTS ALONG THE PATH =  20
  # OF STEPS =   1

 Maximum number of steps reached.
 Calculation of REVERSE path complete.
 Reaction path calculation complete.
 
 Energies reported relative to the TS energy of        -421.993067
 --------------------------------------------------------------------------
    Summary of reaction path following
 --------------------------------------------------------------------------
                        Energy    RxCoord
   1                   -0.01544  -2.35185
   2                   -0.01239  -2.11666
   3                   -0.00964  -1.88146
   4                   -0.00722  -1.64626
   5                   -0.00516  -1.41106
   6                   -0.00346  -1.17586
   7                   -0.00213  -0.94066
   8                   -0.00115  -0.70548
   9                   -0.00049  -0.47031
  10                   -0.00012  -0.23518
  11                    0.00000   0.00000
  12                   -0.00010   0.23513
  13                   -0.00039   0.47023
  14                   -0.00084   0.70540
  15                   -0.00141   0.94056
  16                   -0.00210   1.17573
  17                   -0.00289   1.41089
  18                   -0.00376   1.64606
  19                   -0.00472   1.88121
  20                   -0.00575   2.11630
  21                   -0.00687   2.35145
 --------------------------------------------------------------------------
 
 Total number of points:                   20
 Total number of gradient calculations:    22
 Total number of Hessian calculations:      1
 IRC-IRC-IRC-IRC-IRC-IRC-IRC-IRC-IRC-IRC-IRC-IRC-IRC-IRC-IRC-IRC-IRC-IRC
                          Input orientation:                          
 ---------------------------------------------------------------------
 Center     Atomic      Atomic             Coordinates (Angstroms)
 Number     Number       Type             X           Y           Z
 ---------------------------------------------------------------------
      1          6           0        1.580255    1.120506   -0.001495
      2          6           0        0.251676    1.392350   -0.179257
      3          6           0       -1.288111    0.644679    0.110958
      4          6           0       -0.361476   -0.139774   -0.372010
      5          6           0        0.718677   -1.000888   -0.137402
      6          6           0        1.883926   -0.264244    0.003857
      7          1           0        2.329440    1.902995    0.018436
      8          1           0       -0.149091    2.342390   -0.506549
      9          1           0        0.604760   -2.069402   -0.024719
     10          8           0       -2.732304   -1.729977   -0.041723
     11          8           0       -2.295984    1.238775    0.268243
     12          1           0       -3.120791   -0.857011   -0.169975
     13          1           0       -2.780637   -1.857088    0.911074
     14          6           0        3.263644   -0.813122    0.192876
     15          1           0        3.643434   -0.607002    1.198652
     16          1           0        3.286611   -1.893514    0.040360
     17          1           0        3.963689   -0.360161   -0.515811
 ---------------------------------------------------------------------
                    Distance matrix (angstroms):
                    1          2          3          4          5
     1  C    0.000000
     2  C    1.367706   0.000000
     3  C    2.909739   1.736140   0.000000
     4  C    2.344335   1.661479   1.306628   0.000000
     5  C    2.293708   2.438735   2.607062   1.401175   0.000000
     6  C    1.417666   2.332825   3.301429   2.280044   1.385786
     7  H    1.083497   2.148708   3.831266   3.400939   3.324362
     8  H    2.176860   1.081810   2.135628   2.494865   3.473730
     9  H    3.335812   3.483142   3.311737   2.185792   1.080462
    10  O    5.169626   4.321109   2.783522   2.873788   3.528456
    11  O    3.887412   2.591218   1.180464   2.460211   3.777409
    12  H    5.102822   4.053794   2.385941   2.858158   3.842302
    13  H    5.358752   4.576307   3.021035   3.232307   3.752010
    14  C    2.571088   3.751605   4.780206   3.730146   2.573168
    15  H    2.946412   4.171338   5.202876   4.327192   3.239504
    16  H    3.463772   4.478388   5.232159   4.068685   2.724457
    17  H    2.852657   4.118689   5.383674   4.333164   3.329238
                    6          7          8          9         10
     6  C    0.000000
     7  H    2.212606   0.000000
     8  H    3.344879   2.571341   0.000000
     9  H    2.212618   4.330858   4.501596   0.000000
    10  O    4.843556   6.230840   4.844918   3.354325   0.000000
    11  O    4.449788   4.679545   2.535235   4.409555   3.016611
    12  H    5.042696   6.112132   4.379550   3.920551   0.964074
    13  H    5.011820   6.406865   5.154639   3.518764   0.962453
    14  C    1.496869   2.877579   4.700342   2.948771   6.070178
    15  H    2.154272   3.069133   5.098026   3.587310   6.591635
    16  H    2.150204   3.915372   5.481427   2.688401   6.021696
    17  H    2.145849   2.842194   4.921263   3.800669   6.851094
                   11         12         13         14         15
    11  O    0.000000
    12  H    2.294485   0.000000
    13  H    3.198826   1.511464   0.000000
    14  C    5.926670   6.394889   6.175679   0.000000
    15  H    6.288818   6.905823   6.550886   1.094674   0.000000
    16  H    6.405352   6.494104   6.129516   1.091346   1.767506
    17  H    6.508060   7.110297   7.054270   1.094292   1.761499
                   16         17
    16  H    0.000000
    17  H    1.766050   0.000000
 Symmetry turned off by external request.
 Stoichiometry    C7H8O2
 Framework group  C1[X(C7H8O2)]
 Deg. of freedom    45
 Full point group                 C1      NOp   1
 Rotational constants (GHZ):           3.0542165           1.0047680           0.7719131

 **********************************************************************

            Population analysis using the SCF density.

 **********************************************************************

 Alpha  occ. eigenvalues --  -19.15039 -19.10894 -10.30271 -10.21906 -10.21143
 Alpha  occ. eigenvalues --  -10.19353 -10.19138 -10.18431 -10.17724  -1.09669
 Alpha  occ. eigenvalues --   -1.00669  -0.90834  -0.80789  -0.73801  -0.71977
 Alpha  occ. eigenvalues --   -0.60348  -0.56568  -0.53320  -0.52485  -0.49353
 Alpha  occ. eigenvalues --   -0.47851  -0.45795  -0.43395  -0.43011  -0.42132
 Alpha  occ. eigenvalues --   -0.39540  -0.38197  -0.37645  -0.35899  -0.31786
 Alpha  occ. eigenvalues --   -0.29938  -0.25583  -0.24155
 Alpha virt. eigenvalues --   -0.04208  -0.00375   0.02786   0.04256   0.05740
 Alpha virt. eigenvalues --    0.06897   0.07632   0.09662   0.10641   0.11886
 Alpha virt. eigenvalues --    0.12424   0.13119   0.13862   0.17783   0.20585
 Alpha virt. eigenvalues --    0.25783   0.28016   0.29115   0.30746   0.33342
 Alpha virt. eigenvalues --    0.34398   0.36421   0.38123   0.40339   0.41524
 Alpha virt. eigenvalues --    0.41977   0.42616   0.43079   0.43840   0.45419
 Alpha virt. eigenvalues --    0.46024   0.48113   0.51002   0.51705   0.53297
 Alpha virt. eigenvalues --    0.54087   0.56143   0.56674   0.58652   0.59181
 Alpha virt. eigenvalues --    0.59521   0.60904   0.62287   0.63750   0.65586
 Alpha virt. eigenvalues --    0.67780   0.69358   0.73586   0.77001   0.78084
 Alpha virt. eigenvalues --    0.80993   0.82092   0.83719   0.86618   0.88606
 Alpha virt. eigenvalues --    0.89547   0.90682   0.92718   0.95564   0.97600
 Alpha virt. eigenvalues --    0.99930   1.03068   1.04412   1.09487   1.13026
 Alpha virt. eigenvalues --    1.17328   1.17894   1.21638   1.28327   1.31108
 Alpha virt. eigenvalues --    1.32108   1.33841   1.37496   1.40016   1.41201
 Alpha virt. eigenvalues --    1.42378   1.44747   1.46172   1.49953   1.51133
 Alpha virt. eigenvalues --    1.51300   1.52732   1.53459   1.55712   1.56546
 Alpha virt. eigenvalues --    1.58965   1.59280   1.62144   1.66762   1.68227
 Alpha virt. eigenvalues --    1.69802   1.72236   1.73286   1.76431   1.80337
 Alpha virt. eigenvalues --    1.82503   1.85550   1.92284   1.93405   1.94099
 Alpha virt. eigenvalues --    1.96326   2.00286   2.02543   2.05392   2.08865
 Alpha virt. eigenvalues --    2.09628   2.11956   2.13830   2.15638   2.21214
 Alpha virt. eigenvalues --    2.28955   2.30932   2.34770   2.35310   2.36745
 Alpha virt. eigenvalues --    2.37995   2.42772   2.44392   2.49154   2.51336
 Alpha virt. eigenvalues --    2.52110   2.52579   2.53416   2.59574   2.60299
 Alpha virt. eigenvalues --    2.62137   2.64642   2.67857   2.70802   2.75986
 Alpha virt. eigenvalues --    2.78181   2.81085   2.82785   2.84898   2.85462
 Alpha virt. eigenvalues --    2.86647   2.89646   2.95469   2.99853   3.07088
 Alpha virt. eigenvalues --    3.10945   3.13631   3.16219   3.17603   3.29600
 Alpha virt. eigenvalues --    3.32331   3.35377   3.40897   3.46259   3.51810
 Alpha virt. eigenvalues --    3.55839   3.59338   3.61643   3.66993   3.77955
 Alpha virt. eigenvalues --    3.79164   3.81803   3.84317   3.99243   4.01950
 Alpha virt. eigenvalues --    4.31319   4.54043   4.91013   4.95508   5.00211
 Alpha virt. eigenvalues --    5.24682   5.58648   5.61263  23.47383  23.65164
 Alpha virt. eigenvalues --   23.89465  23.93758  24.11189  24.15562  24.61518
 Alpha virt. eigenvalues --   49.84813  49.98447
  Beta  occ. eigenvalues --  -19.15039 -19.10894 -10.30271 -10.21906 -10.21143
  Beta  occ. eigenvalues --  -10.19353 -10.19138 -10.18431 -10.17724  -1.09669
  Beta  occ. eigenvalues --   -1.00669  -0.90834  -0.80789  -0.73801  -0.71977
  Beta  occ. eigenvalues --   -0.60348  -0.56568  -0.53320  -0.52485  -0.49353
  Beta  occ. eigenvalues --   -0.47851  -0.45795  -0.43395  -0.43011  -0.42132
  Beta  occ. eigenvalues --   -0.39540  -0.38197  -0.37645  -0.35899  -0.31786
  Beta  occ. eigenvalues --   -0.29938  -0.25583  -0.24155
  Beta virt. eigenvalues --   -0.04208  -0.00375   0.02786   0.04256   0.05740
  Beta virt. eigenvalues --    0.06897   0.07632   0.09662   0.10641   0.11886
  Beta virt. eigenvalues --    0.12424   0.13119   0.13862   0.17783   0.20585
  Beta virt. eigenvalues --    0.25783   0.28016   0.29115   0.30746   0.33342
  Beta virt. eigenvalues --    0.34398   0.36421   0.38123   0.40339   0.41524
  Beta virt. eigenvalues --    0.41977   0.42616   0.43079   0.43840   0.45419
  Beta virt. eigenvalues --    0.46024   0.48113   0.51002   0.51705   0.53297
  Beta virt. eigenvalues --    0.54087   0.56143   0.56674   0.58652   0.59181
  Beta virt. eigenvalues --    0.59521   0.60904   0.62287   0.63750   0.65586
  Beta virt. eigenvalues --    0.67780   0.69358   0.73586   0.77001   0.78084
  Beta virt. eigenvalues --    0.80993   0.82092   0.83719   0.86618   0.88606
  Beta virt. eigenvalues --    0.89547   0.90682   0.92718   0.95564   0.97600
  Beta virt. eigenvalues --    0.99930   1.03068   1.04412   1.09487   1.13026
  Beta virt. eigenvalues --    1.17328   1.17894   1.21638   1.28327   1.31108
  Beta virt. eigenvalues --    1.32108   1.33841   1.37496   1.40016   1.41201
  Beta virt. eigenvalues --    1.42378   1.44747   1.46172   1.49953   1.51133
  Beta virt. eigenvalues --    1.51300   1.52732   1.53459   1.55712   1.56546
  Beta virt. eigenvalues --    1.58965   1.59280   1.62144   1.66762   1.68227
  Beta virt. eigenvalues --    1.69802   1.72236   1.73286   1.76431   1.80337
  Beta virt. eigenvalues --    1.82503   1.85550   1.92284   1.93405   1.94099
  Beta virt. eigenvalues --    1.96326   2.00286   2.02543   2.05392   2.08865
  Beta virt. eigenvalues --    2.09628   2.11956   2.13830   2.15638   2.21214
  Beta virt. eigenvalues --    2.28955   2.30932   2.34770   2.35310   2.36745
  Beta virt. eigenvalues --    2.37995   2.42772   2.44392   2.49154   2.51336
  Beta virt. eigenvalues --    2.52110   2.52579   2.53416   2.59574   2.60299
  Beta virt. eigenvalues --    2.62137   2.64642   2.67857   2.70802   2.75986
  Beta virt. eigenvalues --    2.78181   2.81085   2.82785   2.84898   2.85462
  Beta virt. eigenvalues --    2.86647   2.89646   2.95469   2.99853   3.07088
  Beta virt. eigenvalues --    3.10945   3.13631   3.16219   3.17603   3.29600
  Beta virt. eigenvalues --    3.32331   3.35377   3.40897   3.46259   3.51810
  Beta virt. eigenvalues --    3.55839   3.59338   3.61643   3.66993   3.77955
  Beta virt. eigenvalues --    3.79164   3.81803   3.84317   3.99243   4.01950
  Beta virt. eigenvalues --    4.31319   4.54043   4.91013   4.95508   5.00211
  Beta virt. eigenvalues --    5.24682   5.58648   5.61263  23.47383  23.65164
  Beta virt. eigenvalues --   23.89465  23.93758  24.11189  24.15562  24.61518
  Beta virt. eigenvalues --   49.84813  49.98447
          Condensed to atoms (all electrons):
               1          2          3          4          5          6
     1  C    4.922092   0.455131  -0.021128  -0.093962  -0.064174   0.501139
     2  C    0.455131   5.371426   0.049799   0.173124  -0.106369  -0.065307
     3  C   -0.021128   0.049799   4.857688   0.252781  -0.054428  -0.011277
     4  C   -0.093962   0.173124   0.252781   5.425692   0.503759  -0.089122
     5  C   -0.064174  -0.106369  -0.054428   0.503759   4.893476   0.535418
     6  C    0.501139  -0.065307  -0.011277  -0.089122   0.535418   5.077795
     7  H    0.409585  -0.033044   0.001138   0.005284   0.006114  -0.041932
     8  H   -0.013563   0.380256  -0.008464  -0.025788   0.004336   0.003942
     9  H    0.005614   0.006101   0.000940  -0.039347   0.414995  -0.037294
    10  O   -0.000049   0.002648   0.015107   0.006738   0.002444   0.000398
    11  O    0.002539  -0.040019   0.668017  -0.090582   0.001351  -0.000039
    12  H   -0.000095  -0.000200  -0.004450  -0.007126  -0.000598  -0.000177
    13  H    0.000052  -0.000346   0.002055  -0.000042   0.000511  -0.000028
    14  C   -0.055993   0.007315  -0.000177   0.006290  -0.052116   0.352229
    15  H   -0.003710   0.000251   0.000128  -0.000007  -0.000900  -0.037217
    16  H    0.006438  -0.000375  -0.000036   0.000212  -0.006499  -0.033640
    17  H   -0.006039   0.000088  -0.000057  -0.000493   0.003033  -0.038615
               7          8          9         10         11         12
     1  C    0.409585  -0.013563   0.005614  -0.000049   0.002539  -0.000095
     2  C   -0.033044   0.380256   0.006101   0.002648  -0.040019  -0.000200
     3  C    0.001138  -0.008464   0.000940   0.015107   0.668017  -0.004450
     4  C    0.005284  -0.025788  -0.039347   0.006738  -0.090582  -0.007126
     5  C    0.006114   0.004336   0.414995   0.002444   0.001351  -0.000598
     6  C   -0.041932   0.003942  -0.037294   0.000398  -0.000039  -0.000177
     7  H    0.561345  -0.005302  -0.000233   0.000000  -0.000048   0.000002
     8  H   -0.005302   0.508320  -0.000137  -0.000010   0.002580  -0.000039
     9  H   -0.000233  -0.000137   0.533140   0.004715   0.000039  -0.000419
    10  O    0.000000  -0.000010   0.004715   7.807746  -0.007088   0.316730
    11  O   -0.000048   0.002580   0.000039  -0.007088   7.738123   0.018787
    12  H    0.000002  -0.000039  -0.000419   0.316730   0.018787   0.462611
    13  H    0.000000  -0.000002  -0.000516   0.309992   0.000042  -0.039067
    14  C   -0.001062  -0.000336  -0.003450   0.000000   0.000002   0.000000
    15  H   -0.000066  -0.000013  -0.000099   0.000000  -0.000001   0.000000
    16  H   -0.000114   0.000011   0.002241  -0.000001   0.000000   0.000001
    17  H    0.001711   0.000022   0.000014   0.000000   0.000000   0.000000
              13         14         15         16         17
     1  C    0.000052  -0.055993  -0.003710   0.006438  -0.006039
     2  C   -0.000346   0.007315   0.000251  -0.000375   0.000088
     3  C    0.002055  -0.000177   0.000128  -0.000036  -0.000057
     4  C   -0.000042   0.006290  -0.000007   0.000212  -0.000493
     5  C    0.000511  -0.052116  -0.000900  -0.006499   0.003033
     6  C   -0.000028   0.352229  -0.037217  -0.033640  -0.038615
     7  H    0.000000  -0.001062  -0.000066  -0.000114   0.001711
     8  H   -0.000002  -0.000336  -0.000013   0.000011   0.000022
     9  H   -0.000516  -0.003450  -0.000099   0.002241   0.000014
    10  O    0.309992   0.000000   0.000000  -0.000001   0.000000
    11  O    0.000042   0.000002  -0.000001   0.000000   0.000000
    12  H   -0.039067   0.000000   0.000000   0.000001   0.000000
    13  H    0.485857  -0.000001   0.000000   0.000001   0.000000
    14  C   -0.000001   4.783876   0.402082   0.407757   0.405883
    15  H    0.000000   0.402082   0.571886  -0.026110  -0.031816
    16  H    0.000001   0.407757  -0.026110   0.563885  -0.026804
    17  H    0.000000   0.405883  -0.031816  -0.026804   0.570332
          Atomic-Atomic Spin Densities.
               1          2          3          4          5          6
     1  C    0.000000   0.000000   0.000000   0.000000   0.000000   0.000000
     2  C    0.000000   0.000000   0.000000   0.000000   0.000000   0.000000
     3  C    0.000000   0.000000   0.000000   0.000000   0.000000   0.000000
     4  C    0.000000   0.000000   0.000000   0.000000   0.000000   0.000000
     5  C    0.000000   0.000000   0.000000   0.000000   0.000000   0.000000
     6  C    0.000000   0.000000   0.000000   0.000000   0.000000   0.000000
     7  H    0.000000   0.000000   0.000000   0.000000   0.000000   0.000000
     8  H    0.000000   0.000000   0.000000   0.000000   0.000000   0.000000
     9  H    0.000000   0.000000   0.000000   0.000000   0.000000   0.000000
    10  O    0.000000   0.000000   0.000000   0.000000   0.000000   0.000000
    11  O    0.000000   0.000000   0.000000   0.000000   0.000000   0.000000
    12  H    0.000000   0.000000   0.000000   0.000000   0.000000   0.000000
    13  H    0.000000   0.000000   0.000000   0.000000   0.000000   0.000000
    14  C    0.000000   0.000000   0.000000   0.000000   0.000000   0.000000
    15  H    0.000000   0.000000   0.000000   0.000000   0.000000   0.000000
    16  H    0.000000   0.000000   0.000000   0.000000   0.000000   0.000000
    17  H    0.000000   0.000000   0.000000   0.000000   0.000000   0.000000
               7          8          9         10         11         12
     1  C    0.000000   0.000000   0.000000   0.000000   0.000000   0.000000
     2  C    0.000000   0.000000   0.000000   0.000000   0.000000   0.000000
     3  C    0.000000   0.000000   0.000000   0.000000   0.000000   0.000000
     4  C    0.000000   0.000000   0.000000   0.000000   0.000000   0.000000
     5  C    0.000000   0.000000   0.000000   0.000000   0.000000   0.000000
     6  C    0.000000   0.000000   0.000000   0.000000   0.000000   0.000000
     7  H    0.000000   0.000000   0.000000   0.000000   0.000000   0.000000
     8  H    0.000000   0.000000   0.000000   0.000000   0.000000   0.000000
     9  H    0.000000   0.000000   0.000000   0.000000   0.000000   0.000000
    10  O    0.000000   0.000000   0.000000   0.000000   0.000000   0.000000
    11  O    0.000000   0.000000   0.000000   0.000000   0.000000   0.000000
    12  H    0.000000   0.000000   0.000000   0.000000   0.000000   0.000000
    13  H    0.000000   0.000000   0.000000   0.000000   0.000000   0.000000
    14  C    0.000000   0.000000   0.000000   0.000000   0.000000   0.000000
    15  H    0.000000   0.000000   0.000000   0.000000   0.000000   0.000000
    16  H    0.000000   0.000000   0.000000   0.000000   0.000000   0.000000
    17  H    0.000000   0.000000   0.000000   0.000000   0.000000   0.000000
              13         14         15         16         17
     1  C    0.000000   0.000000   0.000000   0.000000   0.000000
     2  C    0.000000   0.000000   0.000000   0.000000   0.000000
     3  C    0.000000   0.000000   0.000000   0.000000   0.000000
     4  C    0.000000   0.000000   0.000000   0.000000   0.000000
     5  C    0.000000   0.000000   0.000000   0.000000   0.000000
     6  C    0.000000   0.000000   0.000000   0.000000   0.000000
     7  H    0.000000   0.000000   0.000000   0.000000   0.000000
     8  H    0.000000   0.000000   0.000000   0.000000   0.000000
     9  H    0.000000   0.000000   0.000000   0.000000   0.000000
    10  O    0.000000   0.000000   0.000000   0.000000   0.000000
    11  O    0.000000   0.000000   0.000000   0.000000   0.000000
    12  H    0.000000   0.000000   0.000000   0.000000   0.000000
    13  H    0.000000   0.000000   0.000000   0.000000   0.000000
    14  C    0.000000   0.000000   0.000000   0.000000   0.000000
    15  H    0.000000   0.000000   0.000000   0.000000   0.000000
    16  H    0.000000   0.000000   0.000000   0.000000   0.000000
    17  H    0.000000   0.000000   0.000000   0.000000   0.000000
 Mulliken charges and spin densities:
               1          2
     1  C   -0.043878   0.000000
     2  C   -0.200480   0.000000
     3  C    0.252365   0.000000
     4  C   -0.027411   0.000000
     5  C   -0.080352   0.000000
     6  C   -0.116274   0.000000
     7  H    0.096622   0.000000
     8  H    0.154186   0.000000
     9  H    0.113695   0.000000
    10  O   -0.459371   0.000000
    11  O   -0.293704   0.000000
    12  H    0.254039   0.000000
    13  H    0.241494   0.000000
    14  C   -0.252299   0.000000
    15  H    0.125593   0.000000
    16  H    0.113035   0.000000
    17  H    0.122741   0.000000
 Sum of Mulliken charges =   0.00000   0.00000
 Mulliken charges and spin densities with hydrogens summed into heavy atoms:
               1          2
     1  C    0.052743   0.000000
     2  C   -0.046294   0.000000
     3  C    0.252365   0.000000
     4  C   -0.027411   0.000000
     5  C    0.033343   0.000000
     6  C   -0.116274   0.000000
    10  O    0.036162   0.000000
    11  O   -0.293704   0.000000
    14  C    0.109070   0.000000
 APT charges:
               1
     1  C   -0.556331
     2  C   -0.523266
     3  C   -0.425786
     4  C   -0.208403
     5  C   -0.519750
     6  C    0.084731
     7  H    0.582813
     8  H    0.516410
     9  H    0.433030
    10  O   -0.806919
    11  O    0.505173
    12  H    0.315671
    13  H    0.527187
    14  C   -1.313487
    15  H    0.450488
    16  H    0.413358
    17  H    0.525082
 Sum of APT charges =   0.00000
 APT charges with hydrogens summed into heavy atoms:
               1
     1  C    0.026482
     2  C   -0.006856
     3  C   -0.425786
     4  C   -0.208403
     5  C   -0.086721
     6  C    0.084731
    10  O    0.035939
    11  O    0.505173
    14  C    0.075441
 Electronic spatial extent (au):  <R**2>=           1453.7591
 Charge=              0.0000 electrons
 Dipole moment (field-independent basis, Debye):
    X=              2.2191    Y=              0.1574    Z=              1.2651  Tot=              2.5592
 Quadrupole moment (field-independent basis, Debye-Ang):
   XX=            -51.1778   YY=            -52.5101   ZZ=            -53.9867
   XY=              0.4375   XZ=             -2.6201   YZ=             -4.7676
 Traceless Quadrupole moment (field-independent basis, Debye-Ang):
   XX=              1.3804   YY=              0.0481   ZZ=             -1.4285
   XY=              0.4375   XZ=             -2.6201   YZ=             -4.7676
 Octapole moment (field-independent basis, Debye-Ang**2):
  XXX=            -15.9510  YYY=              6.2090  ZZZ=              4.5569  XYY=              5.6733
  XXY=             -2.0414  XXZ=              9.3141  XZZ=            -16.6863  YZZ=             -2.9526
  YYZ=              3.7558  XYZ=             10.1923
 Hexadecapole moment (field-independent basis, Debye-Ang**3):
 XXXX=          -1277.0287 YYYY=           -435.9858 ZZZZ=            -77.1052 XXXY=             20.4604
 XXXZ=            -24.0773 YYYX=             -3.6661 YYYZ=            -18.4563 ZZZX=             -4.5402
 ZZZY=             -1.7970 XXYY=           -325.2933 XXZZ=           -221.5118 YYZZ=            -88.1660
 XXYZ=            -27.6532 YYXZ=            -16.3030 ZZXY=             10.5253
 N-N= 4.075592384516D+02 E-N=-1.800721769706D+03  KE= 4.206101247974D+02
  Exact polarizability:   0.000   0.000   0.000   0.000   0.000   0.000
 Approx polarizability: 197.564 -19.549 144.366  -4.761   5.876  76.115
                          Isotropic Fermi Contact Couplings
        Atom                 a.u.       MegaHertz       Gauss      10(-4) cm-1
     1  C(13)              0.00000       0.00000       0.00000       0.00000
     2  C(13)              0.00000       0.00000       0.00000       0.00000
     3  C(13)              0.00000       0.00000       0.00000       0.00000
     4  C(13)              0.00000       0.00000       0.00000       0.00000
     5  C(13)              0.00000       0.00000       0.00000       0.00000
     6  C(13)              0.00000       0.00000       0.00000       0.00000
     7  H(1)               0.00000       0.00000       0.00000       0.00000
     8  H(1)               0.00000       0.00000       0.00000       0.00000
     9  H(1)               0.00000       0.00000       0.00000       0.00000
    10  O(17)              0.00000       0.00000       0.00000       0.00000
    11  O(17)              0.00000       0.00000       0.00000       0.00000
    12  H(1)               0.00000       0.00000       0.00000       0.00000
    13  H(1)               0.00000       0.00000       0.00000       0.00000
    14  C(13)              0.00000       0.00000       0.00000       0.00000
    15  H(1)               0.00000       0.00000       0.00000       0.00000
    16  H(1)               0.00000       0.00000       0.00000       0.00000
    17  H(1)               0.00000       0.00000       0.00000       0.00000
 --------------------------------------------------------
       Center         ----  Spin Dipole Couplings  ----
                      3XX-RR        3YY-RR        3ZZ-RR
 --------------------------------------------------------
     1   Atom        0.000000      0.000000      0.000000
     2   Atom        0.000000      0.000000      0.000000
     3   Atom        0.000000      0.000000      0.000000
     4   Atom        0.000000      0.000000      0.000000
     5   Atom        0.000000      0.000000      0.000000
     6   Atom        0.000000      0.000000      0.000000
     7   Atom        0.000000      0.000000      0.000000
     8   Atom        0.000000      0.000000      0.000000
     9   Atom        0.000000      0.000000      0.000000
    10   Atom        0.000000      0.000000      0.000000
    11   Atom        0.000000      0.000000      0.000000
    12   Atom        0.000000      0.000000      0.000000
    13   Atom        0.000000      0.000000      0.000000
    14   Atom        0.000000      0.000000      0.000000
    15   Atom        0.000000      0.000000      0.000000
    16   Atom        0.000000      0.000000      0.000000
    17   Atom        0.000000      0.000000      0.000000
 --------------------------------------------------------
                        XY            XZ            YZ
 --------------------------------------------------------
     1   Atom        0.000000      0.000000      0.000000
     2   Atom        0.000000      0.000000      0.000000
     3   Atom        0.000000      0.000000      0.000000
     4   Atom        0.000000      0.000000      0.000000
     5   Atom        0.000000      0.000000      0.000000
     6   Atom        0.000000      0.000000      0.000000
     7   Atom        0.000000      0.000000      0.000000
     8   Atom        0.000000      0.000000      0.000000
     9   Atom        0.000000      0.000000      0.000000
    10   Atom        0.000000      0.000000      0.000000
    11   Atom        0.000000      0.000000      0.000000
    12   Atom        0.000000      0.000000      0.000000
    13   Atom        0.000000      0.000000      0.000000
    14   Atom        0.000000      0.000000      0.000000
    15   Atom        0.000000      0.000000      0.000000
    16   Atom        0.000000      0.000000      0.000000
    17   Atom        0.000000      0.000000      0.000000
 --------------------------------------------------------


 ---------------------------------------------------------------------------------
              Anisotropic Spin Dipole Couplings in Principal Axis System
 ---------------------------------------------------------------------------------

       Atom             a.u.   MegaHertz   Gauss  10(-4) cm-1        Axes

              Baa     0.0000     0.000     0.000     0.000  1.0000  0.0000  0.0000
     1 C(13)  Bbb     0.0000     0.000     0.000     0.000  0.0000  1.0000  0.0000
              Bcc     0.0000     0.000     0.000     0.000  0.0000  0.0000  1.0000
 
              Baa     0.0000     0.000     0.000     0.000  1.0000  0.0000  0.0000
     2 C(13)  Bbb     0.0000     0.000     0.000     0.000  0.0000  1.0000  0.0000
              Bcc     0.0000     0.000     0.000     0.000  0.0000  0.0000  1.0000
 
              Baa     0.0000     0.000     0.000     0.000  1.0000  0.0000  0.0000
     3 C(13)  Bbb     0.0000     0.000     0.000     0.000  0.0000  1.0000  0.0000
              Bcc     0.0000     0.000     0.000     0.000  0.0000  0.0000  1.0000
 
              Baa     0.0000     0.000     0.000     0.000  1.0000  0.0000  0.0000
     4 C(13)  Bbb     0.0000     0.000     0.000     0.000  0.0000  1.0000  0.0000
              Bcc     0.0000     0.000     0.000     0.000  0.0000  0.0000  1.0000
 
              Baa     0.0000     0.000     0.000     0.000  1.0000  0.0000  0.0000
     5 C(13)  Bbb     0.0000     0.000     0.000     0.000  0.0000  1.0000  0.0000
              Bcc     0.0000     0.000     0.000     0.000  0.0000  0.0000  1.0000
 
              Baa     0.0000     0.000     0.000     0.000  1.0000  0.0000  0.0000
     6 C(13)  Bbb     0.0000     0.000     0.000     0.000  0.0000  1.0000  0.0000
              Bcc     0.0000     0.000     0.000     0.000  0.0000  0.0000  1.0000
 
              Baa     0.0000     0.000     0.000     0.000  1.0000  0.0000  0.0000
     7 H(1)   Bbb     0.0000     0.000     0.000     0.000  0.0000  1.0000  0.0000
              Bcc     0.0000     0.000     0.000     0.000  0.0000  0.0000  1.0000
 
              Baa     0.0000     0.000     0.000     0.000  1.0000  0.0000  0.0000
     8 H(1)   Bbb     0.0000     0.000     0.000     0.000  0.0000  1.0000  0.0000
              Bcc     0.0000     0.000     0.000     0.000  0.0000  0.0000  1.0000
 
              Baa     0.0000     0.000     0.000     0.000  1.0000  0.0000  0.0000
     9 H(1)   Bbb     0.0000     0.000     0.000     0.000  0.0000  1.0000  0.0000
              Bcc     0.0000     0.000     0.000     0.000  0.0000  0.0000  1.0000
 
              Baa     0.0000     0.000     0.000     0.000  1.0000  0.0000  0.0000
    10 O(17)  Bbb     0.0000     0.000     0.000     0.000  0.0000  1.0000  0.0000
              Bcc     0.0000     0.000     0.000     0.000  0.0000  0.0000  1.0000
 
              Baa     0.0000     0.000     0.000     0.000  1.0000  0.0000  0.0000
    11 O(17)  Bbb     0.0000     0.000     0.000     0.000  0.0000  1.0000  0.0000
              Bcc     0.0000     0.000     0.000     0.000  0.0000  0.0000  1.0000
 
              Baa     0.0000     0.000     0.000     0.000  1.0000  0.0000  0.0000
    12 H(1)   Bbb     0.0000     0.000     0.000     0.000  0.0000  1.0000  0.0000
              Bcc     0.0000     0.000     0.000     0.000  0.0000  0.0000  1.0000
 
              Baa     0.0000     0.000     0.000     0.000  1.0000  0.0000  0.0000
    13 H(1)   Bbb     0.0000     0.000     0.000     0.000  0.0000  1.0000  0.0000
              Bcc     0.0000     0.000     0.000     0.000  0.0000  0.0000  1.0000
 
              Baa     0.0000     0.000     0.000     0.000  1.0000  0.0000  0.0000
    14 C(13)  Bbb     0.0000     0.000     0.000     0.000  0.0000  1.0000  0.0000
              Bcc     0.0000     0.000     0.000     0.000  0.0000  0.0000  1.0000
 
              Baa     0.0000     0.000     0.000     0.000  1.0000  0.0000  0.0000
    15 H(1)   Bbb     0.0000     0.000     0.000     0.000  0.0000  1.0000  0.0000
              Bcc     0.0000     0.000     0.000     0.000  0.0000  0.0000  1.0000
 
              Baa     0.0000     0.000     0.000     0.000  1.0000  0.0000  0.0000
    16 H(1)   Bbb     0.0000     0.000     0.000     0.000  0.0000  1.0000  0.0000
              Bcc     0.0000     0.000     0.000     0.000  0.0000  0.0000  1.0000
 
              Baa     0.0000     0.000     0.000     0.000  1.0000  0.0000  0.0000
    17 H(1)   Bbb     0.0000     0.000     0.000     0.000  0.0000  1.0000  0.0000
              Bcc     0.0000     0.000     0.000     0.000  0.0000  0.0000  1.0000
 

 ---------------------------------------------------------------------------------


 This type of calculation cannot be archived.


       THE DEATH-KNELL OF THE ATOM

 SO THE ATOMS IN TURN, WE NOW CLEARLY DISCERN,
 FLY TO BITS WITH THE UTMOST FACILITY;
 THEY WEND ON THEIR WAY, AND, IN SPLITTING, DISPLAY
 AN ABSOLUTE LACK OF STABILITY.

          SIR WM. RAMSAY, 1905
 Job cpu time:       0 days  0 hours 11 minutes 30.0 seconds.
 Elapsed time:       0 days  0 hours 11 minutes 22.1 seconds.
 File lengths (MBytes):  RWF=    157 Int=      0 D2E=      0 Chk=      8 Scr=      1
 Normal termination of Gaussian 16 at Mon Jan 12 21:36:15 2026.
