 Entering Link 1 = D:\Gaussian\G16W\l1.exe PID=     47820.
  
 Copyright (c) 1988,1990,1992,1993,1995,1998,2003,2009,2016,
            Gaussian, Inc.  All Rights Reserved.
  
 This is part of the Gaussian(R) 16 program.  It is based on
 the Gaussian(R) 09 system (copyright 2009, Gaussian, Inc.),
 the Gaussian(R) 03 system (copyright 2003, Gaussian, Inc.),
 the Gaussian(R) 98 system (copyright 1998, Gaussian, Inc.),
 the Gaussian(R) 94 system (copyright 1995, Gaussian, Inc.),
 the Gaussian 92(TM) system (copyright 1992, Gaussian, Inc.),
 the Gaussian 90(TM) system (copyright 1990, Gaussian, Inc.),
 the Gaussian 88(TM) system (copyright 1988, Gaussian, Inc.),
 the Gaussian 86(TM) system (copyright 1986, Carnegie Mellon
 University), and the Gaussian 82(TM) system (copyright 1983,
 Carnegie Mellon University). Gaussian is a federally registered
 trademark of Gaussian, Inc.
  
 This software contains proprietary and confidential information,
 including trade secrets, belonging to Gaussian, Inc.
  
 This software is provided under written license and may be
 used, copied, transmitted, or stored only in accord with that
 written license.
  
 The following legend is applicable only to US Government
 contracts under FAR:
  
                    RESTRICTED RIGHTS LEGEND
  
 Use, reproduction and disclosure by the US Government is
 subject to restrictions as set forth in subparagraphs (a)
 and (c) of the Commercial Computer Software - Restricted
 Rights clause in FAR 52.227-19.
  
 Gaussian, Inc.
 340 Quinnipiac St., Bldg. 40, Wallingford CT 06492
  
  
 ---------------------------------------------------------------
 Warning -- This program may not be used in any manner that
 competes with the business of Gaussian, Inc. or will provide
 assistance to any competitor of Gaussian, Inc.  The licensee
 of this program is prohibited from giving any competitor of
 Gaussian, Inc. access to this program.  By using this program,
 the user acknowledges that Gaussian, Inc. is engaged in the
 business of creating and licensing software in the field of
 computational chemistry and represents and warrants to the
 licensee that it is not a competitor of Gaussian, Inc. and that
 it will not use this program in any manner prohibited above.
 ---------------------------------------------------------------
  

 Cite this work as:
 Gaussian 16, Revision A.03,
 M. J. Frisch, G. W. Trucks, H. B. Schlegel, G. E. Scuseria, 
 M. A. Robb, J. R. Cheeseman, G. Scalmani, V. Barone, 
 G. A. Petersson, H. Nakatsuji, X. Li, M. Caricato, A. V. Marenich, 
 J. Bloino, B. G. Janesko, R. Gomperts, B. Mennucci, H. P. Hratchian, 
 J. V. Ortiz, A. F. Izmaylov, J. L. Sonnenberg, D. Williams-Young, 
 F. Ding, F. Lipparini, F. Egidi, J. Goings, B. Peng, A. Petrone, 
 T. Henderson, D. Ranasinghe, V. G. Zakrzewski, J. Gao, N. Rega, 
 G. Zheng, W. Liang, M. Hada, M. Ehara, K. Toyota, R. Fukuda, 
 J. Hasegawa, M. Ishida, T. Nakajima, Y. Honda, O. Kitao, H. Nakai, 
 T. Vreven, K. Throssell, J. A. Montgomery, Jr., J. E. Peralta, 
 F. Ogliaro, M. J. Bearpark, J. J. Heyd, E. N. Brothers, K. N. Kudin, 
 V. N. Staroverov, T. A. Keith, R. Kobayashi, J. Normand, 
 K. Raghavachari, A. P. Rendell, J. C. Burant, S. S. Iyengar, 
 J. Tomasi, M. Cossi, J. M. Millam, M. Klene, C. Adamo, R. Cammi, 
 J. W. Ochterski, R. L. Martin, K. Morokuma, O. Farkas, 
 J. B. Foresman, and D. J. Fox, Gaussian, Inc., Wallingford CT, 2016.
 
 ******************************************
 Gaussian 16:  EM64W-G16RevA.03 17-Dec-2016
                12-Jan-2026 
 ******************************************
 %nprocshared=16
 Will use up to   16 processors via shared memory.
 %mem=80GB
 %chk=5-ts-6.chk
 ----------------------------------------------------------------------
 # irc=(calcfc,recalc=5,stepsize=5) ub3lyp/6-311g(d,p) geom=connectivit
 y
 ----------------------------------------------------------------------
 1/10=4,18=10,26=3,38=1,39=5,44=3,57=2,71=5,172=1/1,23;
 2/12=2,17=6,18=5,29=1,40=1/2;
 3/5=4,6=6,7=101,11=2,25=1,30=1,71=2,74=-5,116=2,140=1/1,2,3;
 4//1;
 5/5=2,38=5/2;
 8/6=4,10=90,11=11/1;
 11/6=1,8=1,9=11,15=111,16=1/1,2,10;
 10/6=1,13=1/2;
 6/7=2,8=2,9=2,10=2,28=1/1;
 7/10=1,18=20,25=1/1,2,3,16;
 1/10=4,18=10,26=3,39=5,44=3,71=5/23(2);
 2/29=1/2;
 99/5=20/99;
 2/29=1/2;
 3/5=4,6=6,7=101,11=2,25=1,30=1,71=2,74=-5,116=2,140=1/1,2,3;
 4/5=5,16=3,69=1/1;
 5/5=2,38=5/2;
 8/6=4,10=90,11=11/1;
 11/6=1,8=1,9=11,15=111,16=1/1,2,10;
 10/6=1,13=1/2;
 7/10=1,18=20,25=1/1,2,3,16;
 1/18=10,26=3,39=5,44=3,71=5/23(-8);
 2/29=1/2;
 6/7=2,8=2,9=2,10=2,19=2,28=1/1;
 99/5=20,9=1/99;
 -------------------
 Title Card Required
 -------------------
 Symbolic Z-matrix:
 Charge =  0 Multiplicity = 2
 C                     1.03169   1.18745  -0.37214 
 C                    -0.2294    1.62579  -0.07602 
 C                    -1.51515  -0.38215  -0.23182 
 C                    -0.97627   0.58531   0.7014 
 C                     0.01926  -0.60554   0.62767 
 C                     1.23128  -0.14842   0.07676 
 H                     1.76388   1.75378  -0.93511 
 H                    -0.67626   2.56638  -0.36441 
 O                    -2.49473  -0.97636  -0.55641 
 H                    -0.10225  -1.50059   1.22331 
 H                    -1.50915   0.86105   1.61901 
 C                     2.45958  -0.97563  -0.13963 
 H                     2.451    -1.44971  -1.12945 
 H                     3.36511  -0.3659   -0.08014 
 H                     2.53955  -1.77496   0.60074 
 
 IRC-IRC-IRC-IRC-IRC-IRC-IRC-IRC-IRC-IRC-IRC-IRC-IRC-IRC-IRC-IRC-IRC-IRC
 ------------------------------------------------------------------------
 INPUT DATA FOR L123
 ------------------------------------------------------------------------
 GENERAL PARAMETERS:
 Follow reaction path in both directions.
 Maximum points per path      =  10
 Step size                    =   0.050 bohr
 Integration scheme           = HPC                                 
    Redo corrector integration= Yes                                 
    DWI Weight Power          =  2
    DWI will use Hessian update vectors when possible.
    Max correction cycles     =  20
 Initial Hessian              = CalcFC
 Hessian evaluation           = Analytic every   5 predictor steps
                              = Update at all corrector steps
 Hessian updating method      = Bofill                              
 ------------------------------------------------------------------------
 IRC-IRC-IRC-IRC-IRC-IRC-IRC-IRC-IRC-IRC-IRC-IRC-IRC-IRC-IRC-IRC-IRC-IRC
                          Input orientation:                          
 ---------------------------------------------------------------------
 Center     Atomic      Atomic             Coordinates (Angstroms)
 Number     Number       Type             X           Y           Z
 ---------------------------------------------------------------------
      1          6           0        1.031685    1.187450   -0.372139
      2          6           0       -0.229395    1.625791   -0.076020
      3          6           0       -1.515154   -0.382154   -0.231817
      4          6           0       -0.976265    0.585306    0.701395
      5          6           0        0.019262   -0.605538    0.627669
      6          6           0        1.231277   -0.148415    0.076763
      7          1           0        1.763881    1.753780   -0.935105
      8          1           0       -0.676259    2.566383   -0.364409
      9          8           0       -2.494730   -0.976364   -0.556409
     10          1           0       -0.102253   -1.500593    1.223310
     11          1           0       -1.509149    0.861051    1.619011
     12          6           0        2.459584   -0.975630   -0.139632
     13          1           0        2.450995   -1.449712   -1.129451
     14          1           0        3.365113   -0.365904   -0.080135
     15          1           0        2.539546   -1.774959    0.600737
 ---------------------------------------------------------------------
                    Distance matrix (angstroms):
                    1          2          3          4          5
     1  C    0.000000
     2  C    1.367535   0.000000
     3  C    2.994952   2.389412   0.000000
     4  C    2.355189   1.498265   1.448194   0.000000
     5  C    2.288978   2.352836   1.772865   1.553904   0.000000
     6  C    1.423336   2.303196   2.773579   2.408683   1.407636
     7  H    1.083407   2.174295   3.976041   3.398803   3.324506
     8  H    2.195128   1.080541   3.068419   2.269495   3.395446
     9  O    4.141455   3.483350   1.190804   2.515277   2.803517
    10  H    3.325184   3.388023   2.316158   2.321049   1.081979
    11  H    3.244542   2.257372   2.229610   1.096367   2.338735
    12  C    2.602282   3.741931   4.019857   3.866382   2.584742
    13  H    3.089108   4.213422   4.204256   4.386275   3.116637
    14  H    2.818344   4.109423   4.882651   4.512555   3.428284
    15  H    3.463524   4.437357   4.367338   4.235789   2.778507
                    6          7          8          9         10
     6  C    0.000000
     7  H    2.219435   0.000000
     8  H    3.347156   2.634445   0.000000
     9  O    3.869048   5.072757   3.986823   0.000000
    10  H    2.218391   4.328066   4.403479   3.027567   0.000000
    11  H    3.302648   4.246551   2.745144   3.013290   2.777282
    12  C    1.496613   2.926851   4.736021   4.971814   2.948933
    13  H    2.153146   3.282112   5.147235   5.001263   3.472341
    14  H    2.150622   2.790695   5.001181   5.910775   3.874160
    15  H    2.152153   3.925871   5.488184   5.226918   2.727998
                   11         12         13         14         15
    11  H    0.000000
    12  C    4.713498   0.000000
    13  H    5.345691   1.097529   0.000000
    14  H    5.305746   1.093292   1.763892   0.000000
    15  H    4.937344   1.092459   1.762719   1.769346   0.000000
 Symmetry turned off by external request.
 Stoichiometry    C7H7O(2)
 Framework group  C1[X(C7H7O)]
 Deg. of freedom    39
 Full point group                 C1      NOp   1
 Rotational constants (GHZ):           3.9330842           1.6985525           1.3432638
 Standard basis: 6-311G(d,p) (5D, 7F)
   186 basis functions,   312 primitive gaussians,   194 cartesian basis functions
    29 alpha electrons       28 beta electrons
       nuclear repulsion energy       334.4590078009 Hartrees.
 NAtoms=   15 NActive=   15 NUniq=   15 SFac= 1.00D+00 NAtFMM=   60 NAOKFM=F Big=F
 Integral buffers will be    131072 words long.
 Raffenetti 2 integral format.
 Two-electron integral symmetry is turned off.
 One-electron integrals computed using PRISM.
 NBasis=   186 RedAO= T EigKep=  4.92D-04  NBF=   186
 NBsUse=   186 1.00D-06 EigRej= -1.00D+00 NBFU=   186
 ExpMin= 1.03D-01 ExpMax= 8.59D+03 ExpMxC= 1.30D+03 IAcc=3 IRadAn=         5 AccDes= 0.00D+00
 Harris functional with IExCor=  402 and IRadAn=       5 diagonalized for initial guess.
 HarFok:  IExCor=  402 AccDes= 0.00D+00 IRadAn=         5 IDoV= 1 UseB2=F ITyADJ=14
 ICtDFT=  3500011 ScaDFX=  1.000000  1.000000  1.000000  1.000000
 FoFCou: FMM=F IPFlag=           0 FMFlag=      100000 FMFlg1=           0
         NFxFlg=           0 DoJE=T BraDBF=F KetDBF=T FulRan=T
         wScrn=  0.000000 ICntrl=       500 IOpCl=  0 I1Cent=   200000004 NGrid=           0
         NMat0=    1 NMatS0=      1 NMatT0=    0 NMatD0=    1 NMtDS0=    0 NMtDT0=    0
 Symmetry not used in FoFCou.
 Initial guess <Sx>= 0.0000 <Sy>= 0.0000 <Sz>= 0.5000 <S**2>= 0.7500 S= 0.5000
 Requested convergence on RMS density matrix=1.00D-08 within 128 cycles.
 Requested convergence on MAX density matrix=1.00D-06.
 Requested convergence on             energy=1.00D-06.
 No special actions if energy rises.
 Integral accuracy reduced to 1.0D-05 until final iterations.
 Initial convergence to 1.0D-05 achieved.  Increase integral accuracy.
 SCF Done:  E(UB3LYP) =  -346.144783666     A.U. after   21 cycles
            NFock= 21  Conv=0.93D-08     -V/T= 2.0040
 <Sx>= 0.0000 <Sy>= 0.0000 <Sz>= 0.5000 <S**2>= 0.7758 S= 0.5128
 <L.S>= 0.000000000000E+00
 Annihilation of the first spin contaminant:
 S**2 before annihilation     0.7758,   after     0.7503
 DoSCS=F DFT=T ScalE2(SS,OS)=  1.000000  1.000000
 Range of M.O.s used for correlation:     1   186
 NBasis=   186 NAE=    29 NBE=    28 NFC=     0 NFV=     0
 NROrb=    186 NOA=    29 NOB=    28 NVA=   157 NVB=   158
 Symmetrizing basis deriv contribution to polar:
 IMax=3 JMax=2 DiffMx= 0.00D+00
 G2DrvN: will do    16 centers at a time, making    1 passes.
 Calling FoFCou, ICntrl=  3107 FMM=F I1Cent=   0 AccDes= 0.00D+00.
 End of G2Drv F.D. properties file   721 does not exist.
 End of G2Drv F.D. properties file   722 does not exist.
 End of G2Drv F.D. properties file   788 does not exist.
          IDoAtm=111111111111111
          Differentiating once with respect to nuclear coordinates.
 Keep R1 and R2 ints in memory in canonical form, NReq=318758034.
          There are    48 degrees of freedom in the 1st order CPHF.  IDoFFX=6 NUNeed=     0.
     42 vectors produced by pass  0 Test12= 1.87D-14 2.08D-09 XBig12= 4.59D-01 3.90D-01.
 AX will form    42 AO Fock derivatives at one time.
     42 vectors produced by pass  1 Test12= 1.87D-14 2.08D-09 XBig12= 1.89D-01 9.31D-02.
     42 vectors produced by pass  2 Test12= 1.87D-14 2.08D-09 XBig12= 7.56D-03 1.91D-02.
     42 vectors produced by pass  3 Test12= 1.87D-14 2.08D-09 XBig12= 8.69D-05 1.58D-03.
     42 vectors produced by pass  4 Test12= 1.87D-14 2.08D-09 XBig12= 9.83D-07 1.83D-04.
     42 vectors produced by pass  5 Test12= 1.87D-14 2.08D-09 XBig12= 5.12D-09 1.01D-05.
     33 vectors produced by pass  6 Test12= 1.87D-14 2.08D-09 XBig12= 2.21D-11 3.96D-07.
     13 vectors produced by pass  7 Test12= 1.87D-14 2.08D-09 XBig12= 9.04D-14 2.68D-08.
      1 vectors produced by pass  8 Test12= 1.87D-14 2.08D-09 XBig12= 3.48D-16 2.21D-09.
 InvSVY:  IOpt=1 It=  1 EMax= 4.00D-15
 Solved reduced A of dimension   299 with    42 vectors.
 End of Minotr F.D. properties file   721 does not exist.
 End of Minotr F.D. properties file   722 does not exist.
 End of Minotr F.D. properties file   788 does not exist.

 **********************************************************************

            Population analysis using the SCF density.

 **********************************************************************

 Alpha  occ. eigenvalues --  -19.14293 -10.27181 -10.21350 -10.20334 -10.19375
 Alpha  occ. eigenvalues --  -10.19164 -10.18204 -10.17817  -1.07449  -0.90574
 Alpha  occ. eigenvalues --   -0.79041  -0.74898  -0.68089  -0.59543  -0.56635
 Alpha  occ. eigenvalues --   -0.53819  -0.51018  -0.47396  -0.44564  -0.43275
 Alpha  occ. eigenvalues --   -0.42754  -0.41396  -0.40156  -0.38182  -0.37304
 Alpha  occ. eigenvalues --   -0.35561  -0.30002  -0.25813  -0.15992
 Alpha virt. eigenvalues --   -0.04926   0.00802   0.04429   0.06063   0.07530
 Alpha virt. eigenvalues --    0.09065   0.09560   0.11195   0.11702   0.13177
 Alpha virt. eigenvalues --    0.15139   0.18115   0.19323   0.23599   0.25181
 Alpha virt. eigenvalues --    0.26752   0.28021   0.30456   0.32717   0.35179
 Alpha virt. eigenvalues --    0.38141   0.38979   0.39933   0.41587   0.42155
 Alpha virt. eigenvalues --    0.42942   0.45111   0.46263   0.47761   0.50300
 Alpha virt. eigenvalues --    0.52950   0.53827   0.55177   0.55827   0.56860
 Alpha virt. eigenvalues --    0.57760   0.59461   0.60562   0.62302   0.62922
 Alpha virt. eigenvalues --    0.64671   0.66359   0.66770   0.68902   0.74928
 Alpha virt. eigenvalues --    0.77271   0.78205   0.80497   0.82413   0.85427
 Alpha virt. eigenvalues --    0.88082   0.91258   0.93864   0.95242   1.00106
 Alpha virt. eigenvalues --    1.03510   1.06384   1.10958   1.14806   1.21718
 Alpha virt. eigenvalues --    1.24528   1.27162   1.31870   1.33697   1.39854
 Alpha virt. eigenvalues --    1.42284   1.43204   1.44929   1.47228   1.48405
 Alpha virt. eigenvalues --    1.49578   1.50950   1.52372   1.53586   1.54630
 Alpha virt. eigenvalues --    1.56223   1.59170   1.60793   1.62353   1.63772
 Alpha virt. eigenvalues --    1.65417   1.73041   1.74144   1.76356   1.77393
 Alpha virt. eigenvalues --    1.80183   1.84880   1.88456   1.90466   1.91920
 Alpha virt. eigenvalues --    1.94948   1.96539   1.97859   2.03727   2.05370
 Alpha virt. eigenvalues --    2.09421   2.11405   2.15791   2.17882   2.22211
 Alpha virt. eigenvalues --    2.25576   2.30706   2.34127   2.36488   2.40091
 Alpha virt. eigenvalues --    2.46208   2.47161   2.48456   2.50703   2.51390
 Alpha virt. eigenvalues --    2.54006   2.56762   2.60170   2.61963   2.63137
 Alpha virt. eigenvalues --    2.66292   2.69011   2.71952   2.77319   2.79613
 Alpha virt. eigenvalues --    2.80552   2.82382   2.82681   2.86083   2.88250
 Alpha virt. eigenvalues --    2.96951   3.01823   3.05015   3.11472   3.14545
 Alpha virt. eigenvalues --    3.28780   3.29768   3.34010   3.36661   3.44584
 Alpha virt. eigenvalues --    3.53303   3.59267   3.65029   3.77793   3.80368
 Alpha virt. eigenvalues --    3.93299   4.00572   4.03849   4.10982   4.31099
 Alpha virt. eigenvalues --    4.56613   4.95983   4.99340   5.56997  23.60832
 Alpha virt. eigenvalues --   23.75705  23.87310  23.91572  23.99100  24.07535
 Alpha virt. eigenvalues --   24.17953  49.93527
  Beta  occ. eigenvalues --  -19.13669 -10.26570 -10.21210 -10.20535 -10.18859
  Beta  occ. eigenvalues --  -10.18829 -10.18341 -10.17849  -1.06271  -0.90006
  Beta  occ. eigenvalues --   -0.78242  -0.74547  -0.67811  -0.58987  -0.56163
  Beta  occ. eigenvalues --   -0.53006  -0.50417  -0.46621  -0.43907  -0.42548
  Beta  occ. eigenvalues --   -0.41606  -0.40525  -0.39876  -0.37647  -0.36263
  Beta  occ. eigenvalues --   -0.35179  -0.28898  -0.24358
  Beta virt. eigenvalues --   -0.07170  -0.02496   0.01856   0.04473   0.06297
  Beta virt. eigenvalues --    0.07597   0.09288   0.09893   0.11428   0.11760
  Beta virt. eigenvalues --    0.13769   0.15331   0.18671   0.19797   0.24091
  Beta virt. eigenvalues --    0.25633   0.26853   0.28146   0.30928   0.33083
  Beta virt. eigenvalues --    0.35527   0.38494   0.39254   0.40671   0.42143
  Beta virt. eigenvalues --    0.42579   0.43383   0.45560   0.46879   0.48222
  Beta virt. eigenvalues --    0.51235   0.53148   0.54110   0.55574   0.56136
  Beta virt. eigenvalues --    0.57043   0.57809   0.59738   0.61314   0.62575
  Beta virt. eigenvalues --    0.62954   0.65010   0.66811   0.67290   0.69245
  Beta virt. eigenvalues --    0.75310   0.77644   0.78439   0.81045   0.83123
  Beta virt. eigenvalues --    0.85771   0.88351   0.91614   0.94303   0.96111
  Beta virt. eigenvalues --    1.00495   1.03945   1.07074   1.11387   1.15511
  Beta virt. eigenvalues --    1.22220   1.24877   1.27535   1.32367   1.34308
  Beta virt. eigenvalues --    1.40594   1.42911   1.43889   1.45145   1.47676
  Beta virt. eigenvalues --    1.48713   1.49871   1.51145   1.53038   1.54021
  Beta virt. eigenvalues --    1.54841   1.56830   1.59521   1.61312   1.63066
  Beta virt. eigenvalues --    1.64576   1.65769   1.73352   1.74714   1.76472
  Beta virt. eigenvalues --    1.77723   1.80508   1.85316   1.88705   1.91048
  Beta virt. eigenvalues --    1.92551   1.95670   1.96725   1.98402   2.04209
  Beta virt. eigenvalues --    2.05620   2.09836   2.11766   2.16254   2.18250
  Beta virt. eigenvalues --    2.22453   2.26022   2.31306   2.34470   2.36715
  Beta virt. eigenvalues --    2.40369   2.46449   2.47423   2.48671   2.51271
  Beta virt. eigenvalues --    2.51787   2.54183   2.57537   2.60414   2.62398
  Beta virt. eigenvalues --    2.63901   2.66337   2.69517   2.72334   2.77706
  Beta virt. eigenvalues --    2.79978   2.81343   2.82807   2.84286   2.87535
  Beta virt. eigenvalues --    2.89839   2.97666   3.02961   3.05334   3.11723
  Beta virt. eigenvalues --    3.14791   3.29158   3.30101   3.34605   3.37870
  Beta virt. eigenvalues --    3.44865   3.53660   3.59392   3.65913   3.77990
  Beta virt. eigenvalues --    3.80408   3.93626   4.00981   4.04144   4.11305
  Beta virt. eigenvalues --    4.31603   4.57098   4.96372   5.01904   5.57622
  Beta virt. eigenvalues --   23.61063  23.75930  23.87583  23.91553  23.99512
  Beta virt. eigenvalues --   24.07689  24.18096  49.94146
          Condensed to atoms (all electrons):
               1          2          3          4          5          6
     1  C    4.859458   0.550267  -0.010632  -0.064356  -0.065834   0.481446
     2  C    0.550267   5.035884  -0.016259   0.346777  -0.094186  -0.089971
     3  C   -0.010632  -0.016259   5.127550   0.054441   0.127316  -0.076307
     4  C   -0.064356   0.346777   0.054441   5.507215   0.132390  -0.036409
     5  C   -0.065834  -0.094186   0.127316   0.132390   5.345265   0.441058
     6  C    0.481446  -0.089971  -0.076307  -0.036409   0.441058   5.085608
     7  H    0.416617  -0.038710   0.000127   0.007096   0.008009  -0.045109
     8  H   -0.033901   0.417452   0.001346  -0.045057   0.005719   0.006982
     9  O   -0.000023  -0.001263   0.582673  -0.044810  -0.024439   0.003021
    10  H    0.006149   0.005845  -0.005365  -0.032533   0.401270  -0.020448
    11  H    0.004770  -0.026636  -0.003734   0.329484  -0.005929  -0.000629
    12  C   -0.052287   0.005164  -0.000955   0.005128  -0.058094   0.365119
    13  H   -0.004089   0.000491   0.002272  -0.000944  -0.001248  -0.039430
    14  H   -0.005496   0.000292  -0.000156  -0.000358   0.005816  -0.037564
    15  H    0.006146  -0.000422  -0.000648   0.000565  -0.007808  -0.034445
               7          8          9         10         11         12
     1  C    0.416617  -0.033901  -0.000023   0.006149   0.004770  -0.052287
     2  C   -0.038710   0.417452  -0.001263   0.005845  -0.026636   0.005164
     3  C    0.000127   0.001346   0.582673  -0.005365  -0.003734  -0.000955
     4  C    0.007096  -0.045057  -0.044810  -0.032533   0.329484   0.005128
     5  C    0.008009   0.005719  -0.024439   0.401270  -0.005929  -0.058094
     6  C   -0.045109   0.006982   0.003021  -0.020448  -0.000629   0.365119
     7  H    0.563978  -0.004388  -0.000001  -0.000284  -0.000189  -0.001530
     8  H   -0.004388   0.540076   0.000226  -0.000225  -0.000208  -0.000272
     9  O   -0.000001   0.000226   7.726418   0.000083   0.000437   0.000023
    10  H   -0.000284  -0.000225   0.000083   0.517681  -0.000838  -0.004252
    11  H   -0.000189  -0.000208   0.000437  -0.000838   0.575180  -0.000228
    12  C   -0.001530  -0.000272   0.000023  -0.004252  -0.000228   4.784265
    13  H    0.000246   0.000035  -0.000043   0.000614   0.000081   0.391894
    14  H    0.001622  -0.000035   0.000000  -0.000181  -0.000009   0.405491
    15  H   -0.000166   0.000015   0.000002   0.001808  -0.000070   0.407328
              13         14         15
     1  C   -0.004089  -0.005496   0.006146
     2  C    0.000491   0.000292  -0.000422
     3  C    0.002272  -0.000156  -0.000648
     4  C   -0.000944  -0.000358   0.000565
     5  C   -0.001248   0.005816  -0.007808
     6  C   -0.039430  -0.037564  -0.034445
     7  H    0.000246   0.001622  -0.000166
     8  H    0.000035  -0.000035   0.000015
     9  O   -0.000043   0.000000   0.000002
    10  H    0.000614  -0.000181   0.001808
    11  H    0.000081  -0.000009  -0.000070
    12  C    0.391894   0.405491   0.407328
    13  H    0.583732  -0.031791  -0.031247
    14  H   -0.031791   0.572660  -0.026494
    15  H   -0.031247  -0.026494   0.570591
          Atomic-Atomic Spin Densities.
               1          2          3          4          5          6
     1  C   -0.107456  -0.017712  -0.005096   0.001945   0.000109   0.016670
     2  C   -0.017712   0.315372   0.057849  -0.058938   0.009585  -0.033156
     3  C   -0.005096   0.057849   0.614497  -0.214774   0.098645  -0.067235
     4  C    0.001945  -0.058938  -0.214774   0.348234  -0.060476   0.046403
     5  C    0.000109   0.009585   0.098645  -0.060476  -0.145068  -0.036932
     6  C    0.016670  -0.033156  -0.067235   0.046403  -0.036932   0.438651
     7  H    0.000421  -0.000109   0.000355  -0.000437   0.000224  -0.000181
     8  H   -0.000315   0.001689   0.001767  -0.002471   0.000551  -0.000446
     9  O    0.000109  -0.002267  -0.124726   0.006679  -0.003571   0.002346
    10  H   -0.000195   0.000277   0.002755  -0.003237   0.002858  -0.000680
    11  H    0.000344  -0.008355   0.015626  -0.070796   0.013352  -0.002137
    12  C    0.001714  -0.000451  -0.000991   0.000929  -0.000682  -0.008578
    13  H   -0.001677   0.000872   0.002323  -0.001277   0.002683  -0.013123
    14  H    0.000609  -0.000086  -0.000221   0.000279  -0.000583  -0.005734
    15  H    0.000161  -0.000092  -0.000559   0.000536  -0.000421  -0.003254
               7          8          9         10         11         12
     1  C    0.000421  -0.000315   0.000109  -0.000195   0.000344   0.001714
     2  C   -0.000109   0.001689  -0.002267   0.000277  -0.008355  -0.000451
     3  C    0.000355   0.001767  -0.124726   0.002755   0.015626  -0.000991
     4  C   -0.000437  -0.002471   0.006679  -0.003237  -0.070796   0.000929
     5  C    0.000224   0.000551  -0.003571   0.002858   0.013352  -0.000682
     6  C   -0.000181  -0.000446   0.002346  -0.000680  -0.002137  -0.008578
     7  H    0.003776   0.000247  -0.000006   0.000004   0.000084  -0.000054
     8  H    0.000247  -0.015078  -0.000019   0.000014   0.001308  -0.000009
     9  O   -0.000006  -0.000019   0.309805  -0.000445   0.003361   0.000010
    10  H    0.000004   0.000014  -0.000445   0.004556   0.000864   0.000101
    11  H    0.000084   0.001308   0.003361   0.000864   0.113114  -0.000085
    12  C   -0.000054  -0.000009   0.000010   0.000101  -0.000085  -0.027351
    13  H    0.000185   0.000022  -0.000081   0.000168   0.000103  -0.003250
    14  H   -0.000166  -0.000012   0.000002  -0.000026  -0.000045   0.005743
    15  H   -0.000035  -0.000005   0.000012  -0.000170  -0.000088   0.003454
              13         14         15
     1  C   -0.001677   0.000609   0.000161
     2  C    0.000872  -0.000086  -0.000092
     3  C    0.002323  -0.000221  -0.000559
     4  C   -0.001277   0.000279   0.000536
     5  C    0.002683  -0.000583  -0.000421
     6  C   -0.013123  -0.005734  -0.003254
     7  H    0.000185  -0.000166  -0.000035
     8  H    0.000022  -0.000012  -0.000005
     9  O   -0.000081   0.000002   0.000012
    10  H    0.000168  -0.000026  -0.000170
    11  H    0.000103  -0.000045  -0.000088
    12  C   -0.003250   0.005743   0.003454
    13  H    0.048893  -0.006875  -0.006269
    14  H   -0.006875   0.011643   0.002426
    15  H   -0.006269   0.002426   0.008100
 Mulliken charges and spin densities:
               1          2
     1  C   -0.088236  -0.110370
     2  C   -0.094724   0.264477
     3  C    0.218332   0.380214
     4  C   -0.158629  -0.007402
     5  C   -0.209304  -0.119729
     6  C   -0.002924   0.332613
     7  H    0.092682   0.004309
     8  H    0.112234  -0.012757
     9  O   -0.242305   0.191207
    10  H    0.130677   0.006844
    11  H    0.128516   0.066648
    12  C   -0.246793  -0.029502
    13  H    0.129427   0.022696
    14  H    0.116204   0.006954
    15  H    0.114844   0.003796
 Sum of Mulliken charges =   0.00000   1.00000
 Mulliken charges and spin densities with hydrogens summed into heavy atoms:
               1          2
     1  C    0.004446  -0.106061
     2  C    0.017509   0.251720
     3  C    0.218332   0.380214
     4  C   -0.030113   0.059246
     5  C   -0.078627  -0.112885
     6  C   -0.002924   0.332613
     9  O   -0.242305   0.191207
    12  C    0.113681   0.003944
 APT charges:
               1
     1  C   -0.515975
     2  C   -0.521247
     3  C   -0.599427
     4  C   -0.463194
     5  C   -0.490516
     6  C    0.001961
     7  H    0.516341
     8  H    0.546289
     9  O    0.543755
    10  H    0.430508
    11  H    0.460140
    12  C   -1.172050
    13  H    0.355114
    14  H    0.503283
    15  H    0.405019
 Sum of APT charges =   0.00000
 APT charges with hydrogens summed into heavy atoms:
               1
     1  C    0.000365
     2  C    0.025042
     3  C   -0.599427
     4  C   -0.003054
     5  C   -0.060008
     6  C    0.001961
     9  O    0.543755
    12  C    0.091366
 Electronic spatial extent (au):  <R**2>=            920.0956
 Charge=              0.0000 electrons
 Dipole moment (field-independent basis, Debye):
    X=              2.3079    Y=              1.0558    Z=              1.0813  Tot=              2.7587
 Quadrupole moment (field-independent basis, Debye-Ang):
   XX=            -50.4062   YY=            -45.3403   ZZ=            -47.2606
   XY=             -4.3738   XZ=             -4.2186   YZ=             -2.7844
 Traceless Quadrupole moment (field-independent basis, Debye-Ang):
   XX=             -2.7372   YY=              2.3287   ZZ=              0.4085
   XY=             -4.3738   XZ=             -4.2186   YZ=             -2.7844
 Octapole moment (field-independent basis, Debye-Ang**2):
  XXX=             16.3833  YYY=             -0.0751  ZZZ=             -0.5902  XYY=              0.0015
  XXY=              8.3374  XXZ=              3.4212  XZZ=             -3.7106  YZZ=             -2.6301
  YYZ=             -0.4718  XYZ=              0.4077
 Hexadecapole moment (field-independent basis, Debye-Ang**3):
 XXXX=           -790.5934 YYYY=           -327.4538 ZZZZ=           -124.2129 XXXY=            -12.0045
 XXXZ=            -14.5314 YYYX=             -1.0023 YYYZ=            -12.1569 ZZZX=             -1.0360
 ZZZY=              2.0899 XXYY=           -185.1996 XXZZ=           -145.6250 YYZZ=            -75.1580
 XXYZ=             -8.1486 YYXZ=             -4.1646 ZZXY=              0.1293
 N-N= 3.344590078009D+02 E-N=-1.474844547260D+03  KE= 3.447569673665D+02
  Exact polarizability:   0.000   0.000   0.000   0.000   0.000   0.000
 Approx polarizability: 186.506  18.408 130.931   4.761  -1.178  86.098
                          Isotropic Fermi Contact Couplings
        Atom                 a.u.       MegaHertz       Gauss      10(-4) cm-1
     1  C(13)             -0.01794     -20.16502      -7.19538      -6.72633
     2  C(13)              0.01699      19.09832       6.81475       6.37051
     3  C(13)              0.10122     113.78586      40.60162      37.95488
     4  C(13)              0.07124      80.08541      28.57647      26.71362
     5  C(13)             -0.02557     -28.74947     -10.25853      -9.58979
     6  C(13)              0.02768      31.11567      11.10284      10.37907
     7  H(1)               0.00096       4.28281       1.52821       1.42859
     8  H(1)              -0.00364     -16.28403      -5.81055      -5.43177
     9  O(17)              0.03521     -21.34606      -7.61681      -7.12028
    10  H(1)               0.00230      10.27162       3.66517       3.42624
    11  H(1)               0.02362     105.58184      37.67423      35.21831
    12  C(13)             -0.01108     -12.45555      -4.44445      -4.15472
    13  H(1)               0.01001      44.76014      15.97153      14.93038
    14  H(1)               0.00399      17.84714       6.36830       5.95316
    15  H(1)               0.00179       8.00295       2.85565       2.66950
 --------------------------------------------------------
       Center         ----  Spin Dipole Couplings  ----
                      3XX-RR        3YY-RR        3ZZ-RR
 --------------------------------------------------------
     1   Atom        0.029398      0.032211     -0.061609
     2   Atom       -0.105337     -0.070753      0.176090
     3   Atom        0.128174     -0.205393      0.077219
     4   Atom       -0.025041      0.025273     -0.000232
     5   Atom        0.056347      0.029458     -0.085805
     6   Atom       -0.098642     -0.140768      0.239410
     7   Atom        0.000929      0.003476     -0.004406
     8   Atom       -0.012653      0.016334     -0.003680
     9   Atom        0.146462     -0.502187      0.355725
    10   Atom        0.006185     -0.005577     -0.000608
    11   Atom       -0.001293     -0.004798      0.006090
    12   Atom        0.004799     -0.002050     -0.002750
    13   Atom        0.002258     -0.000685     -0.001573
    14   Atom        0.006325     -0.003088     -0.003237
    15   Atom        0.001065      0.002036     -0.003101
 --------------------------------------------------------
                        XY            XZ            YZ
 --------------------------------------------------------
     1   Atom       -0.016217     -0.038891     -0.037308
     2   Atom        0.048584      0.110089      0.140703
     3   Atom       -0.117455     -0.331177      0.130167
     4   Atom        0.047445      0.042145      0.065758
     5   Atom       -0.026604     -0.054483     -0.065340
     6   Atom        0.080366      0.214864      0.173243
     7   Atom       -0.000962     -0.000369     -0.002039
     8   Atom       -0.008996      0.008922     -0.002695
     9   Atom       -0.245737     -0.770211      0.388956
    10   Atom       -0.004658      0.001792     -0.002442
    11   Atom        0.001668     -0.005530      0.005925
    12   Atom       -0.004342      0.002048      0.002494
    13   Atom       -0.004288     -0.002482      0.002625
    14   Atom       -0.001422     -0.000977      0.000132
    15   Atom       -0.004149      0.001677     -0.001253
 --------------------------------------------------------


 ---------------------------------------------------------------------------------
              Anisotropic Spin Dipole Couplings in Principal Axis System
 ---------------------------------------------------------------------------------

       Atom             a.u.   MegaHertz   Gauss  10(-4) cm-1        Axes

              Baa    -0.0895   -12.013    -4.286    -4.007  0.3336  0.3166  0.8880
     1 C(13)  Bbb     0.0424     5.685     2.028     1.896  0.7294  0.5100 -0.4559
              Bcc     0.0472     6.328     2.258     2.111 -0.5972  0.7998 -0.0608
 
              Baa    -0.1433   -19.227    -6.861    -6.414  0.9464 -0.0075 -0.3229
     2 C(13)  Bbb    -0.1344   -18.029    -6.433    -6.014 -0.1204  0.9195 -0.3741
              Bcc     0.2776    37.256    13.294    12.427  0.2997  0.3929  0.8694
 
              Baa    -0.2580   -34.625   -12.355   -11.550 -0.1613  0.8557 -0.4916
     3 C(13)  Bbb    -0.2214   -29.706   -10.600    -9.909  0.6883  0.4545  0.5653
              Bcc     0.4794    64.331    22.955    21.459  0.7072 -0.2472 -0.6624
 
              Baa    -0.0568    -7.626    -2.721    -2.544 -0.6768 -0.1805  0.7137
     4 C(13)  Bbb    -0.0526    -7.057    -2.518    -2.354 -0.6000  0.6971 -0.3926
              Bcc     0.1094    14.683     5.239     4.898  0.4267  0.6939  0.5801
 
              Baa    -0.1345   -18.054    -6.442    -6.022  0.3026  0.3947  0.8675
     5 C(13)  Bbb     0.0588     7.887     2.814     2.631  0.0976  0.8926 -0.4402
              Bcc     0.0758    10.168     3.628     3.392  0.9481 -0.2179 -0.2316
 
              Baa    -0.2088   -28.013    -9.996    -9.344  0.3129  0.8258 -0.4692
     6 C(13)  Bbb    -0.2012   -27.001    -9.635    -9.006  0.8562 -0.4591 -0.2370
              Bcc     0.4100    55.014    19.630    18.351  0.4111  0.3276  0.8507
 
              Baa    -0.0050    -2.647    -0.944    -0.883  0.1003  0.2445  0.9645
     7 H(1)   Bbb     0.0008     0.409     0.146     0.136  0.9620  0.2235 -0.1567
              Bcc     0.0042     2.238     0.799     0.747 -0.2539  0.9435 -0.2128
 
              Baa    -0.0193   -10.310    -3.679    -3.439  0.8671  0.1838 -0.4629
     8 H(1)   Bbb    -0.0007    -0.389    -0.139    -0.130  0.3861  0.3391  0.8579
              Bcc     0.0201    10.700     3.818     3.569 -0.3146  0.9226 -0.2231
 
              Baa    -0.6615    47.865    17.080    15.966 -0.1870  0.8620 -0.4712
     9 O(17)  Bbb    -0.4919    35.596    12.702    11.874  0.7572  0.4321  0.4898
              Bcc     1.1534   -83.461   -29.781   -27.840 -0.6258  0.2652  0.7335
 
              Baa    -0.0076    -4.078    -1.455    -1.360  0.2798  0.9268  0.2504
    10 H(1)   Bbb    -0.0009    -0.459    -0.164    -0.153 -0.3357 -0.1500  0.9300
              Bcc     0.0085     4.537     1.619     1.513  0.8995 -0.3442  0.2691
 
              Baa    -0.0094    -5.015    -1.789    -1.673 -0.4672  0.7572 -0.4565
    11 H(1)   Bbb    -0.0011    -0.563    -0.201    -0.188  0.8026  0.5798  0.1403
              Bcc     0.0105     5.577     1.990     1.860 -0.3709  0.3008  0.8786
 
              Baa    -0.0067    -0.897    -0.320    -0.299  0.3708  0.6849 -0.6272
    12 C(13)  Bbb    -0.0003    -0.038    -0.014    -0.013  0.2008  0.6003  0.7742
              Bcc     0.0070     0.935     0.334     0.312  0.9067 -0.4130  0.0851
 
              Baa    -0.0041    -2.207    -0.788    -0.736  0.3513  0.8028 -0.4818
    13 H(1)   Bbb    -0.0027    -1.434    -0.512    -0.478  0.5813  0.2165  0.7844
              Bcc     0.0068     3.641     1.299     1.215  0.7340 -0.5556 -0.3906
 
              Baa    -0.0033    -1.782    -0.636    -0.594  0.1362  0.2709  0.9529
    14 H(1)   Bbb    -0.0033    -1.758    -0.627    -0.586  0.1116  0.9516 -0.2865
              Bcc     0.0066     3.539     1.263     1.181  0.9844 -0.1454 -0.0994
 
              Baa    -0.0037    -1.979    -0.706    -0.660 -0.3968 -0.0873  0.9137
    15 H(1)   Bbb    -0.0025    -1.319    -0.471    -0.440  0.6413  0.6858  0.3441
              Bcc     0.0062     3.298     1.177     1.100 -0.6567  0.7225 -0.2162
 

 ---------------------------------------------------------------------------------

 Calling FoFJK, ICntrl=    100147 FMM=F ISym2X=0 I1Cent= 0 IOpClX= 1 NMat=1 NMatS=1 NMatT=0.
 -------------------------------------------------------------------
 Center     Atomic                   Forces (Hartrees/Bohr)
 Number     Number              X              Y              Z
 -------------------------------------------------------------------
      1        6          -0.000000607    0.000001635   -0.000000092
      2        6           0.000000521   -0.000000528    0.000000177
      3        6           0.000000298    0.000002210   -0.000002988
      4        6          -0.000001122   -0.000000048    0.000001459
      5        6          -0.000003934   -0.000000798   -0.000002258
      6        6          -0.000010049    0.000007166    0.000004002
      7        1           0.000000285   -0.000000433    0.000000123
      8        1           0.000000550    0.000000304    0.000000310
      9        8           0.000001594   -0.000000310    0.000002066
     10        1           0.000000507    0.000000675    0.000001013
     11        1           0.000000524    0.000000229   -0.000000674
     12        6           0.000010596   -0.000003714    0.000003790
     13        1           0.000000323   -0.000003972   -0.000006749
     14        1           0.000000540   -0.000000307   -0.000000799
     15        1          -0.000000028   -0.000002109    0.000000621
 -------------------------------------------------------------------
 Cartesian Forces:  Max     0.000010596 RMS     0.000003085
 IRC-IRC-IRC-IRC-IRC-IRC-IRC-IRC-IRC-IRC-IRC-IRC-IRC-IRC-IRC-IRC-IRC-IRC
          ******** Start new reaction path calculation ********
 Supplied step size of   0.0500 bohr.
    Integration on MW PES will use step size of   0.1529 sqrt(amu)*bohr.
 Point Number:   0          Path Number:   1
 Calculating another point on the path.
 IRC-IRC-IRC-IRC-IRC-IRC-IRC-IRC-IRC-IRC-IRC-IRC-IRC-IRC-IRC-IRC-IRC-IRC
                          Input orientation:                          
 ---------------------------------------------------------------------
 Center     Atomic      Atomic             Coordinates (Angstroms)
 Number     Number       Type             X           Y           Z
 ---------------------------------------------------------------------
      1          6           0        1.102887    1.189255   -0.363695
      2          6           0       -0.157233    1.624859   -0.067506
      3          6           0       -1.447176   -0.374347   -0.236637
      4          6           0       -0.901230    0.580628    0.709045
      5          6           0        0.101497   -0.601392    0.645104
      6          6           0        1.303272   -0.149006    0.088145
      7          1           0        1.834433    1.754236   -0.928799
      8          1           0       -0.605674    2.564817   -0.355722
      9          8           0       -2.426806   -0.976883   -0.544665
     10          1           0       -0.029438   -1.505060    1.225072
     11          1           0       -1.433415    0.854291    1.628079
     12          6           0        2.532341   -0.974809   -0.131070
     13          1           0        2.523144   -1.445686   -1.122161
     14          1           0        3.437546   -0.364749   -0.070389
     15          1           0        2.612412   -1.775598    0.607475
 ---------------------------------------------------------------------
                    Distance matrix (angstroms):
                    1          2          3          4          5
     1  C    0.000000
     2  C    1.365790   0.000000
     3  C    2.993963   2.385243   0.000000
     4  C    2.353229   1.498994   1.450637   0.000000
     5  C    2.286236   2.351797   1.796498   1.551361   0.000000
     6  C    1.426624   2.303020   2.778709   2.403687   1.399686
     7  H    1.083377   2.173775   3.972268   3.397609   3.321028
     8  H    2.193494   1.080597   3.059574   2.271143   3.395089
     9  O    4.145315   3.485355   1.190632   2.514956   2.819372
    10  H    3.326512   3.388729   2.329181   2.318706   1.081722
    11  H    3.242251   2.257748   2.233138   1.096693   2.332639
    12  C    2.603964   3.741140   4.025947   3.861941   2.578931
    13  H    3.087931   4.210103   4.206585   4.380137   3.114552
    14  H    2.819856   4.108648   4.887559   4.508462   3.420110
    15  H    3.465861   4.437302   4.376789   4.231761   2.772160
                    6          7          8          9         10
     6  C    0.000000
     7  H    2.222305   0.000000
     8  H    3.347526   2.634309   0.000000
     9  O    3.872894   5.075897   3.986961   0.000000
    10  H    2.215311   4.328532   4.403960   3.026270   0.000000
    11  H    3.296582   4.245746   2.747094   3.010122   2.774905
    12  C    1.496869   2.927650   4.735669   4.976364   2.946693
    13  H    2.152744   3.278905   5.144033   5.005525   3.468243
    14  H    2.151000   2.792299   5.001140   5.915257   3.872791
    15  H    2.151594   3.927483   5.488446   5.230592   2.726534
                   11         12         13         14         15
    11  H    0.000000
    12  C    4.708230   0.000000
    13  H    5.339295   1.097302   0.000000
    14  H    5.300670   1.093276   1.763740   0.000000
    15  H    4.932206   1.092302   1.763080   1.769419   0.000000
 Symmetry turned off by external request.
 Stoichiometry    C7H7O(2)
 Framework group  C1[X(C7H7O)]
 Deg. of freedom    39
 Full point group                 C1      NOp   1
 Rotational constants (GHZ):           3.9353902           1.6952881           1.3423986
 Standard basis: 6-311G(d,p) (5D, 7F)
   186 basis functions,   312 primitive gaussians,   194 cartesian basis functions
    29 alpha electrons       28 beta electrons
       nuclear repulsion energy       334.3659324222 Hartrees.
 NAtoms=   15 NActive=   15 NUniq=   15 SFac= 1.00D+00 NAtFMM=   60 NAOKFM=F Big=F
 Integral buffers will be    131072 words long.
 Raffenetti 2 integral format.
 Two-electron integral symmetry is turned off.
 One-electron integrals computed using PRISM.
 NBasis=   186 RedAO= T EigKep=  4.86D-04  NBF=   186
 NBsUse=   186 1.00D-06 EigRej= -1.00D+00 NBFU=   186
 Initial guess from the checkpoint file:  "5-ts-6.chk"
 B after Tr=     0.136946    0.001271    0.016130
         Rot=    1.000000   -0.000109   -0.000026   -0.000029 Ang=  -0.01 deg.
 Initial guess <Sx>= 0.0000 <Sy>= 0.0000 <Sz>= 0.5000 <S**2>= 0.7760 S= 0.5129
 ExpMin= 1.03D-01 ExpMax= 8.59D+03 ExpMxC= 1.30D+03 IAcc=2 IRadAn=         4 AccDes= 0.00D+00
 Harris functional with IExCor=  402 and IRadAn=       4 diagonalized for initial guess.
 HarFok:  IExCor=  402 AccDes= 0.00D+00 IRadAn=         4 IDoV= 1 UseB2=F ITyADJ=14
 ICtDFT=  3500011 ScaDFX=  1.000000  1.000000  1.000000  1.000000
 FoFCou: FMM=F IPFlag=           0 FMFlag=      100000 FMFlg1=           0
         NFxFlg=           0 DoJE=T BraDBF=F KetDBF=T FulRan=T
         wScrn=  0.000000 ICntrl=       500 IOpCl=  0 I1Cent=   200000004 NGrid=           0
         NMat0=    1 NMatS0=      1 NMatT0=    0 NMatD0=    1 NMtDS0=    0 NMtDT0=    0
 Symmetry not used in FoFCou.
 Requested convergence on RMS density matrix=1.00D-08 within 128 cycles.
 Requested convergence on MAX density matrix=1.00D-06.
 Requested convergence on             energy=1.00D-06.
 No special actions if energy rises.
 Integral accuracy reduced to 1.0D-05 until final iterations.
 Initial convergence to 1.0D-05 achieved.  Increase integral accuracy.
 SCF Done:  E(UB3LYP) =  -346.144966229     A.U. after   19 cycles
            NFock= 19  Conv=0.43D-08     -V/T= 2.0040
 <Sx>= 0.0000 <Sy>= 0.0000 <Sz>= 0.5000 <S**2>= 0.7723 S= 0.5111
 <L.S>= 0.000000000000E+00
 Annihilation of the first spin contaminant:
 S**2 before annihilation     0.7723,   after     0.7502
 DoSCS=F DFT=T ScalE2(SS,OS)=  1.000000  1.000000
 Range of M.O.s used for correlation:     1   186
 NBasis=   186 NAE=    29 NBE=    28 NFC=     0 NFV=     0
 NROrb=    186 NOA=    29 NOB=    28 NVA=   157 NVB=   158
 Symmetrizing basis deriv contribution to polar:
 IMax=3 JMax=2 DiffMx= 0.00D+00
 Calling FoFJK, ICntrl=      2147 FMM=F ISym2X=0 I1Cent= 0 IOpClX= 1 NMat=1 NMatS=1 NMatT=0.
 -------------------------------------------------------------------
 Center     Atomic                   Forces (Hartrees/Bohr)
 Number     Number              X              Y              Z
 -------------------------------------------------------------------
      1        6          -0.000464589    0.000416625   -0.000101163
      2        6          -0.000065878   -0.000512168    0.000069172
      3        6          -0.001836155    0.002291200   -0.005024673
      4        6           0.001034968   -0.001880926   -0.000354927
      5        6           0.003172525    0.001019847    0.003377217
      6        6          -0.000124374   -0.000485641    0.000828799
      7        1          -0.000053807   -0.000010366   -0.000061695
      8        1          -0.000043902   -0.000057744    0.000012383
      9        8          -0.001880187   -0.000543086    0.001619152
     10        1           0.000056193   -0.000052500   -0.000235825
     11        1           0.000105227   -0.000251035   -0.000041386
     12        6           0.000109695   -0.000002755   -0.000026251
     13        1          -0.000012489    0.000096748   -0.000038599
     14        1          -0.000006146    0.000014205    0.000032133
     15        1           0.000008919   -0.000042405   -0.000054337
 -------------------------------------------------------------------
 Cartesian Forces:  Max     0.005024673 RMS     0.001241455
 IRC-IRC-IRC-IRC-IRC-IRC-IRC-IRC-IRC-IRC-IRC-IRC-IRC-IRC-IRC-IRC-IRC-IRC
 Pt  1 Step number   1 out of a maximum of  20
 Modified Bulirsch-Stoer Extrapolation Cycles:
    EPS =    0.000010000000000
      PEZero:  N= 2 I= 1 D=  3.98D-04 Err=  7.04D-04
      PEZero:  N= 3 I= 2 D=  3.98D-04 Err=  4.69D-04
      PEZero:  N= 3 I= 1 D=  7.96D-04 Err=  5.69D-08
 Maximum DWI energy   std dev =  0.000000421 at pt    32
 Maximum DWI gradient std dev =  0.050389903 at pt     2
 CORRECTOR INTEGRATION CONVERGENCE:
   Recorrection delta-x convergence threshold:    0.010000
   Delta-x Convergence Met
 Point Number:   1          Path Number:   1
   CHANGE IN THE REACTION COORDINATE =    0.15285
   NET REACTION COORDINATE UP TO THIS POINT =    0.15285
  # OF POINTS ALONG THE PATH =   1
  # OF STEPS =   1

 Calculating another point on the path.
 IRC-IRC-IRC-IRC-IRC-IRC-IRC-IRC-IRC-IRC-IRC-IRC-IRC-IRC-IRC-IRC-IRC-IRC
                          Input orientation:                          
 ---------------------------------------------------------------------
 Center     Atomic      Atomic             Coordinates (Angstroms)
 Number     Number       Type             X           Y           Z
 ---------------------------------------------------------------------
      1          6           0        1.101611    1.190338   -0.363956
      2          6           0       -0.157357    1.623470   -0.067270
      3          6           0       -1.451616   -0.367560   -0.250482
      4          6           0       -0.898499    0.575268    0.707875
      5          6           0        0.110828   -0.598122    0.654207
      6          6           0        1.302635   -0.150463    0.090586
      7          1           0        1.832650    1.753971   -0.930994
      8          1           0       -0.607188    2.562954   -0.355073
      9          8           0       -2.431183   -0.978309   -0.541363
     10          1           0       -0.028742   -1.509735    1.219075
     11          1           0       -1.430573    0.846423    1.627908
     12          6           0        2.532580   -0.974807   -0.131169
     13          1           0        2.522887   -1.442556   -1.123482
     14          1           0        3.437375   -0.364293   -0.069280
     15          1           0        2.612719   -1.776977    0.605643
 ---------------------------------------------------------------------
                    Distance matrix (angstroms):
                    1          2          3          4          5
     1  C    0.000000
     2  C    1.364048   0.000000
     3  C    2.993141   2.381780   0.000000
     4  C    2.351079   1.499623   1.453723   0.000000
     5  C    2.284053   2.351154   1.820125   1.548698   0.000000
     6  C    1.429954   2.302898   2.783767   2.398483   1.392290
     7  H    1.083343   2.173287   3.968677   3.396234   3.318113
     8  H    2.191836   1.080652   3.051543   2.272800   3.395085
     9  O    4.149113   3.487736   1.190452   2.514620   2.834740
    10  H    3.327774   3.389425   2.342804   2.316255   1.081477
    11  H    3.240025   2.257989   2.236638   1.096855   2.326097
    12  C    2.605708   3.740440   4.031972   3.857334   2.573633
    13  H    3.086914   4.207114   4.208850   4.373941   3.113081
    14  H    2.821260   4.107713   4.892349   4.504059   3.412334
    15  H    3.468217   4.437249   4.386140   4.227548   2.766137
                    6          7          8          9         10
     6  C    0.000000
     7  H    2.225177   0.000000
     8  H    3.347936   2.634188   0.000000
     9  O    3.876350   5.079118   3.987757   0.000000
    10  H    2.212164   4.328897   4.404468   3.025438   0.000000
    11  H    3.290528   4.245027   2.748938   3.006094   2.771959
    12  C    1.497158   2.928455   4.735402   4.980684   2.944431
    13  H    2.152319   3.275860   5.141200   5.009711   3.464519
    14  H    2.151370   2.793696   5.000894   5.919447   3.871157
    15  H    2.151081   3.929040   5.488696   5.233970   2.724891
                   11         12         13         14         15
    11  H    0.000000
    12  C    4.702958   0.000000
    13  H    5.332863   1.097072   0.000000
    14  H    5.295584   1.093258   1.763599   0.000000
    15  H    4.927014   1.092150   1.763457   1.769535   0.000000
 Symmetry turned off by external request.
 Stoichiometry    C7H7O(2)
 Framework group  C1[X(C7H7O)]
 Deg. of freedom    39
 Full point group                 C1      NOp   1
 Rotational constants (GHZ):           3.9367212           1.6921340           1.3415215
 Standard basis: 6-311G(d,p) (5D, 7F)
   186 basis functions,   312 primitive gaussians,   194 cartesian basis functions
    29 alpha electrons       28 beta electrons
       nuclear repulsion energy       334.2641738352 Hartrees.
 NAtoms=   15 NActive=   15 NUniq=   15 SFac= 1.00D+00 NAtFMM=   60 NAOKFM=F Big=F
 Integral buffers will be    131072 words long.
 Raffenetti 2 integral format.
 Two-electron integral symmetry is turned off.
 One-electron integrals computed using PRISM.
 NBasis=   186 RedAO= T EigKep=  4.80D-04  NBF=   186
 NBsUse=   186 1.00D-06 EigRej= -1.00D+00 NBFU=   186
 Initial guess from the checkpoint file:  "5-ts-6.chk"
 B after Tr=     0.000001   -0.000212   -0.000156
         Rot=    1.000000   -0.000109   -0.000024   -0.000029 Ang=  -0.01 deg.
 Initial guess <Sx>= 0.0000 <Sy>= 0.0000 <Sz>= 0.5000 <S**2>= 0.7724 S= 0.5111
 ExpMin= 1.03D-01 ExpMax= 8.59D+03 ExpMxC= 1.30D+03 IAcc=2 IRadAn=         4 AccDes= 0.00D+00
 Harris functional with IExCor=  402 and IRadAn=       4 diagonalized for initial guess.
 HarFok:  IExCor=  402 AccDes= 0.00D+00 IRadAn=         4 IDoV= 1 UseB2=F ITyADJ=14
 ICtDFT=  3500011 ScaDFX=  1.000000  1.000000  1.000000  1.000000
 FoFCou: FMM=F IPFlag=           0 FMFlag=      100000 FMFlg1=           0
         NFxFlg=           0 DoJE=T BraDBF=F KetDBF=T FulRan=T
         wScrn=  0.000000 ICntrl=       500 IOpCl=  0 I1Cent=   200000004 NGrid=           0
         NMat0=    1 NMatS0=      1 NMatT0=    0 NMatD0=    1 NMtDS0=    0 NMtDT0=    0
 Symmetry not used in FoFCou.
 Requested convergence on RMS density matrix=1.00D-08 within 128 cycles.
 Requested convergence on MAX density matrix=1.00D-06.
 Requested convergence on             energy=1.00D-06.
 No special actions if energy rises.
 Integral accuracy reduced to 1.0D-05 until final iterations.
 Initial convergence to 1.0D-05 achieved.  Increase integral accuracy.
 SCF Done:  E(UB3LYP) =  -346.145515749     A.U. after   19 cycles
            NFock= 19  Conv=0.47D-08     -V/T= 2.0040
 <Sx>= 0.0000 <Sy>= 0.0000 <Sz>= 0.5000 <S**2>= 0.7680 S= 0.5090
 <L.S>= 0.000000000000E+00
 Annihilation of the first spin contaminant:
 S**2 before annihilation     0.7680,   after     0.7502
 DoSCS=F DFT=T ScalE2(SS,OS)=  1.000000  1.000000
 Range of M.O.s used for correlation:     1   186
 NBasis=   186 NAE=    29 NBE=    28 NFC=     0 NFV=     0
 NROrb=    186 NOA=    29 NOB=    28 NVA=   157 NVB=   158
 Symmetrizing basis deriv contribution to polar:
 IMax=3 JMax=2 DiffMx= 0.00D+00
 Calling FoFJK, ICntrl=      2147 FMM=F ISym2X=0 I1Cent= 0 IOpClX= 1 NMat=1 NMatS=1 NMatT=0.
 -------------------------------------------------------------------
 Center     Atomic                   Forces (Hartrees/Bohr)
 Number     Number              X              Y              Z
 -------------------------------------------------------------------
      1        6          -0.000906058    0.000809923   -0.000230674
      2        6          -0.000052986   -0.000861225    0.000318820
      3        6          -0.003692837    0.004409371   -0.010156229
      4        6           0.002143193   -0.003707166   -0.000807836
      5        6           0.006079482    0.002013529    0.006820535
      6        6          -0.000206881   -0.000961763    0.001494098
      7        1          -0.000102817   -0.000016997   -0.000118157
      8        1          -0.000077338   -0.000098639    0.000049478
      9        8          -0.003617603   -0.001121470    0.003346557
     10        1           0.000120407   -0.000101326   -0.000414172
     11        1           0.000174233   -0.000504654   -0.000120284
     12        6           0.000162590   -0.000003720   -0.000076494
     13        1          -0.000020797    0.000192410   -0.000064946
     14        1          -0.000018839    0.000032226    0.000065744
     15        1           0.000016251   -0.000080499   -0.000106440
 -------------------------------------------------------------------
 Cartesian Forces:  Max     0.010156229 RMS     0.002469857
 IRC-IRC-IRC-IRC-IRC-IRC-IRC-IRC-IRC-IRC-IRC-IRC-IRC-IRC-IRC-IRC-IRC-IRC
 Pt  2 Step number   1 out of a maximum of  20
 Modified Bulirsch-Stoer Extrapolation Cycles:
    EPS =    0.000010000000000
      PEZero:  N= 2 I= 1 D=  7.96D-04 Err=  1.22D-05
      PEZero:  N= 3 I= 2 D=  7.96D-04 Err=  8.13D-06
      PEZero:  N= 3 I= 1 D=  1.59D-03 Err=  4.14D-08
 Maximum DWI energy   std dev =  0.000000861 at pt    41
 Maximum DWI gradient std dev =  0.036324319 at pt    55
 CORRECTOR INTEGRATION CONVERGENCE:
   Recorrection delta-x convergence threshold:    0.010000
   Delta-x Convergence Met
 Point Number:   2          Path Number:   1
   CHANGE IN THE REACTION COORDINATE =    0.15280
   NET REACTION COORDINATE UP TO THIS POINT =    0.30565
  # OF POINTS ALONG THE PATH =   2
  # OF STEPS =   1

 Calculating another point on the path.
 IRC-IRC-IRC-IRC-IRC-IRC-IRC-IRC-IRC-IRC-IRC-IRC-IRC-IRC-IRC-IRC-IRC-IRC
                          Input orientation:                          
 ---------------------------------------------------------------------
 Center     Atomic      Atomic             Coordinates (Angstroms)
 Number     Number       Type             X           Y           Z
 ---------------------------------------------------------------------
      1          6           0        1.100352    1.191457   -0.364297
      2          6           0       -0.157337    1.622359   -0.066708
      3          6           0       -1.456182   -0.361062   -0.264672
      4          6           0       -0.895542    0.569962    0.706515
      5          6           0        0.119645   -0.594983    0.663614
      6          6           0        1.302036   -0.151905    0.092736
      7          1           0        1.830947    1.753807   -0.933098
      8          1           0       -0.608478    2.561440   -0.353945
      9          8           0       -2.435388   -0.979766   -0.537888
     10          1           0       -0.027509   -1.513829    1.213948
     11          1           0       -1.428313    0.838166    1.626917
     12          6           0        2.532796   -0.974808   -0.131293
     13          1           0        2.522684   -1.439421   -1.124791
     14          1           0        3.437127   -0.363769   -0.068137
     15          1           0        2.612960   -1.778333    0.603821
 ---------------------------------------------------------------------
                    Distance matrix (angstroms):
                    1          2          3          4          5
     1  C    0.000000
     2  C    1.362357   0.000000
     3  C    2.992675   2.379106   0.000000
     4  C    2.348720   1.500119   1.457507   0.000000
     5  C    2.282489   2.350892   1.843818   1.545814   0.000000
     6  C    1.433240   2.302868   2.789131   2.393149   1.385737
     7  H    1.083301   2.172829   3.965436   3.394637   3.315850
     8  H    2.190219   1.080698   3.044272   2.274416   3.395378
     9  O    4.152806   3.490356   1.190078   2.514224   2.849536
    10  H    3.328888   3.390075   2.357179   2.313688   1.081110
    11  H    3.237885   2.258032   2.239874   1.096777   2.319060
    12  C    2.607469   3.739821   4.038121   3.852497   2.568938
    13  H    3.085919   4.204348   4.211180   4.367558   3.112244
    14  H    2.822580   4.106687   4.897255   4.499329   3.405086
    15  H    3.470575   4.437213   4.395549   4.223105   2.760528
                    6          7          8          9         10
     6  C    0.000000
     7  H    2.227963   0.000000
     8  H    3.348407   2.634100   0.000000
     9  O    3.879611   5.082345   3.988932   0.000000
    10  H    2.208991   4.329100   4.404955   3.025233   0.000000
    11  H    3.284625   4.244391   2.750568   3.000909   2.768515
    12  C    1.497374   2.929305   4.735212   4.984797   2.942002
    13  H    2.151755   3.272912   5.138605   5.013802   3.461028
    14  H    2.151600   2.795014   5.000546   5.923390   3.869119
    15  H    2.150581   3.930608   5.488954   5.237082   2.722920
                   11         12         13         14         15
    11  H    0.000000
    12  C    4.697719   0.000000
    13  H    5.326319   1.096816   0.000000
    14  H    5.290592   1.093239   1.763448   0.000000
    15  H    4.921858   1.092003   1.763833   1.769681   0.000000
 Symmetry turned off by external request.
 Stoichiometry    C7H7O(2)
 Framework group  C1[X(C7H7O)]
 Deg. of freedom    39
 Full point group                 C1      NOp   1
 Rotational constants (GHZ):           3.9372979           1.6890120           1.3406117
 Standard basis: 6-311G(d,p) (5D, 7F)
   186 basis functions,   312 primitive gaussians,   194 cartesian basis functions
    29 alpha electrons       28 beta electrons
       nuclear repulsion energy       334.1544521456 Hartrees.
 NAtoms=   15 NActive=   15 NUniq=   15 SFac= 1.00D+00 NAtFMM=   60 NAOKFM=F Big=F
 Integral buffers will be    131072 words long.
 Raffenetti 2 integral format.
 Two-electron integral symmetry is turned off.
 One-electron integrals computed using PRISM.
 NBasis=   186 RedAO= T EigKep=  4.75D-04  NBF=   186
 NBsUse=   186 1.00D-06 EigRej= -1.00D+00 NBFU=   186
 Initial guess from the checkpoint file:  "5-ts-6.chk"
 B after Tr=     0.000005   -0.000204   -0.000149
         Rot=    1.000000   -0.000110   -0.000021   -0.000031 Ang=  -0.01 deg.
 Initial guess <Sx>= 0.0000 <Sy>= 0.0000 <Sz>= 0.5000 <S**2>= 0.7682 S= 0.5090
 ExpMin= 1.03D-01 ExpMax= 8.59D+03 ExpMxC= 1.30D+03 IAcc=2 IRadAn=         4 AccDes= 0.00D+00
 Harris functional with IExCor=  402 and IRadAn=       4 diagonalized for initial guess.
 HarFok:  IExCor=  402 AccDes= 0.00D+00 IRadAn=         4 IDoV= 1 UseB2=F ITyADJ=14
 ICtDFT=  3500011 ScaDFX=  1.000000  1.000000  1.000000  1.000000
 FoFCou: FMM=F IPFlag=           0 FMFlag=      100000 FMFlg1=           0
         NFxFlg=           0 DoJE=T BraDBF=F KetDBF=T FulRan=T
         wScrn=  0.000000 ICntrl=       500 IOpCl=  0 I1Cent=   200000004 NGrid=           0
         NMat0=    1 NMatS0=      1 NMatT0=    0 NMatD0=    1 NMtDS0=    0 NMtDT0=    0
 Symmetry not used in FoFCou.
 Requested convergence on RMS density matrix=1.00D-08 within 128 cycles.
 Requested convergence on MAX density matrix=1.00D-06.
 Requested convergence on             energy=1.00D-06.
 No special actions if energy rises.
 Integral accuracy reduced to 1.0D-05 until final iterations.
 Initial convergence to 1.0D-05 achieved.  Increase integral accuracy.
 SCF Done:  E(UB3LYP) =  -346.146416252     A.U. after   19 cycles
            NFock= 19  Conv=0.50D-08     -V/T= 2.0039
 <Sx>= 0.0000 <Sy>= 0.0000 <Sz>= 0.5000 <S**2>= 0.7638 S= 0.5069
 <L.S>= 0.000000000000E+00
 Annihilation of the first spin contaminant:
 S**2 before annihilation     0.7638,   after     0.7501
 DoSCS=F DFT=T ScalE2(SS,OS)=  1.000000  1.000000
 Range of M.O.s used for correlation:     1   186
 NBasis=   186 NAE=    29 NBE=    28 NFC=     0 NFV=     0
 NROrb=    186 NOA=    29 NOB=    28 NVA=   157 NVB=   158
 Symmetrizing basis deriv contribution to polar:
 IMax=3 JMax=2 DiffMx= 0.00D+00
 Calling FoFJK, ICntrl=      2147 FMM=F ISym2X=0 I1Cent= 0 IOpClX= 1 NMat=1 NMatS=1 NMatT=0.
 -------------------------------------------------------------------
 Center     Atomic                   Forces (Hartrees/Bohr)
 Number     Number              X              Y              Z
 -------------------------------------------------------------------
      1        6          -0.001283268    0.001140443   -0.000385506
      2        6           0.000047003   -0.001037163    0.000736680
      3        6          -0.005247816    0.006327031   -0.014943041
      4        6           0.003214872   -0.005406858   -0.001392818
      5        6           0.008652489    0.003013676    0.009965979
      6        6          -0.000353259   -0.001379199    0.002030373
      7        1          -0.000141268   -0.000015654   -0.000167944
      8        1          -0.000100831   -0.000119236    0.000111422
      9        8          -0.005312049   -0.001784160    0.005008010
     10        1           0.000162931   -0.000209703   -0.000464861
     11        1           0.000175910   -0.000723184   -0.000199250
     12        6           0.000210443   -0.000000428   -0.000140473
     13        1          -0.000017741    0.000265097   -0.000102924
     14        1          -0.000028402    0.000047387    0.000096978
     15        1           0.000020986   -0.000118049   -0.000152625
 -------------------------------------------------------------------
 Cartesian Forces:  Max     0.014943041 RMS     0.003602935
 IRC-IRC-IRC-IRC-IRC-IRC-IRC-IRC-IRC-IRC-IRC-IRC-IRC-IRC-IRC-IRC-IRC-IRC
 Pt  3 Step number   1 out of a maximum of  20
 Modified Bulirsch-Stoer Extrapolation Cycles:
    EPS =    0.000010000000000
      PEZero:  N= 2 I= 1 D=  7.96D-04 Err=  1.31D-05
      PEZero:  N= 3 I= 2 D=  7.96D-04 Err=  8.73D-06
      PEZero:  N= 3 I= 1 D=  1.59D-03 Err=  4.53D-08
 Maximum DWI energy   std dev =  0.000001215 at pt    37
 Maximum DWI gradient std dev =  0.023555093 at pt    28
 CORRECTOR INTEGRATION CONVERGENCE:
   Recorrection delta-x convergence threshold:    0.010000
   Delta-x Convergence Met
 Point Number:   3          Path Number:   1
   CHANGE IN THE REACTION COORDINATE =    0.15281
   NET REACTION COORDINATE UP TO THIS POINT =    0.45846
  # OF POINTS ALONG THE PATH =   3
  # OF STEPS =   1

 Calculating another point on the path.
 IRC-IRC-IRC-IRC-IRC-IRC-IRC-IRC-IRC-IRC-IRC-IRC-IRC-IRC-IRC-IRC-IRC-IRC
                          Input orientation:                          
 ---------------------------------------------------------------------
 Center     Atomic      Atomic             Coordinates (Angstroms)
 Number     Number       Type             X           Y           Z
 ---------------------------------------------------------------------
      1          6           0        1.099125    1.192562   -0.364695
      2          6           0       -0.157207    1.621453   -0.065875
      3          6           0       -1.460867   -0.354796   -0.279086
      4          6           0       -0.892441    0.564687    0.704982
      5          6           0        0.128079   -0.591922    0.673188
      6          6           0        1.301526   -0.153283    0.094697
      7          1           0        1.829327    1.753721   -0.935097
      8          1           0       -0.609609    2.560192   -0.352391
      9          8           0       -2.439486   -0.981239   -0.534272
     10          1           0       -0.025949   -1.517449    1.209697
     11          1           0       -1.426797    0.829812    1.625102
     12          6           0        2.533007   -0.974814   -0.131447
     13          1           0        2.522555   -1.436373   -1.126092
     14          1           0        3.436863   -0.363236   -0.067002
     15          1           0        2.613171   -1.779674    0.602012
 ---------------------------------------------------------------------
                    Distance matrix (angstroms):
                    1          2          3          4          5
     1  C    0.000000
     2  C    1.360740   0.000000
     3  C    2.992525   2.377088   0.000000
     4  C    2.346225   1.500514   1.461830   0.000000
     5  C    2.281340   2.350878   1.867566   1.542795   0.000000
     6  C    1.436421   2.302905   2.794841   2.387765   1.379867
     7  H    1.083260   2.172409   3.962521   3.392887   3.314040
     8  H    2.188684   1.080736   3.037625   2.275977   3.395852
     9  O    4.156433   3.493164   1.189641   2.513759   2.863899
    10  H    3.329964   3.390725   2.372178   2.311025   1.080818
    11  H    3.235917   2.257865   2.242852   1.096562   2.311948
    12  C    2.609203   3.739271   4.044410   3.847515   2.564707
    13  H    3.084992   4.201843   4.213655   4.361109   3.111917
    14  H    2.823853   4.105646   4.902327   4.494427   3.398269
    15  H    3.472901   4.437198   4.405042   4.218524   2.755268
                    6          7          8          9         10
     6  C    0.000000
     7  H    2.230631   0.000000
     8  H    3.348920   2.634075   0.000000
     9  O    3.882818   5.085610   3.990396   0.000000
    10  H    2.205983   4.329289   4.405443   3.025576   0.000000
    11  H    3.279079   4.243886   2.751815   2.994719   2.764881
    12  C    1.497531   2.930174   4.735094   4.988787   2.939621
    13  H    2.151176   3.270129   5.136302   5.017893   3.457942
    14  H    2.151718   2.796295   5.000181   5.927203   3.866941
    15  H    2.150100   3.932174   5.489228   5.240036   2.720845
                   11         12         13         14         15
    11  H    0.000000
    12  C    4.692779   0.000000
    13  H    5.319966   1.096570   0.000000
    14  H    5.285997   1.093222   1.763307   0.000000
    15  H    4.917058   1.091873   1.764202   1.769842   0.000000
 Symmetry turned off by external request.
 Stoichiometry    C7H7O(2)
 Framework group  C1[X(C7H7O)]
 Deg. of freedom    39
 Full point group                 C1      NOp   1
 Rotational constants (GHZ):           3.9373340           1.6858690           1.3396500
 Standard basis: 6-311G(d,p) (5D, 7F)
   186 basis functions,   312 primitive gaussians,   194 cartesian basis functions
    29 alpha electrons       28 beta electrons
       nuclear repulsion energy       334.0357468861 Hartrees.
 NAtoms=   15 NActive=   15 NUniq=   15 SFac= 1.00D+00 NAtFMM=   60 NAOKFM=F Big=F
 Integral buffers will be    131072 words long.
 Raffenetti 2 integral format.
 Two-electron integral symmetry is turned off.
 One-electron integrals computed using PRISM.
 NBasis=   186 RedAO= T EigKep=  4.72D-04  NBF=   186
 NBsUse=   186 1.00D-06 EigRej= -1.00D+00 NBFU=   186
 Initial guess from the checkpoint file:  "5-ts-6.chk"
 B after Tr=     0.000002   -0.000193   -0.000139
         Rot=    1.000000   -0.000106   -0.000018   -0.000032 Ang=  -0.01 deg.
 Initial guess <Sx>= 0.0000 <Sy>= 0.0000 <Sz>= 0.5000 <S**2>= 0.7639 S= 0.5069
 ExpMin= 1.03D-01 ExpMax= 8.59D+03 ExpMxC= 1.30D+03 IAcc=2 IRadAn=         4 AccDes= 0.00D+00
 Harris functional with IExCor=  402 and IRadAn=       4 diagonalized for initial guess.
 HarFok:  IExCor=  402 AccDes= 0.00D+00 IRadAn=         4 IDoV= 1 UseB2=F ITyADJ=14
 ICtDFT=  3500011 ScaDFX=  1.000000  1.000000  1.000000  1.000000
 FoFCou: FMM=F IPFlag=           0 FMFlag=      100000 FMFlg1=           0
         NFxFlg=           0 DoJE=T BraDBF=F KetDBF=T FulRan=T
         wScrn=  0.000000 ICntrl=       500 IOpCl=  0 I1Cent=   200000004 NGrid=           0
         NMat0=    1 NMatS0=      1 NMatT0=    0 NMatD0=    1 NMtDS0=    0 NMtDT0=    0
 Symmetry not used in FoFCou.
 Requested convergence on RMS density matrix=1.00D-08 within 128 cycles.
 Requested convergence on MAX density matrix=1.00D-06.
 Requested convergence on             energy=1.00D-06.
 No special actions if energy rises.
 Integral accuracy reduced to 1.0D-05 until final iterations.
 Initial convergence to 1.0D-05 achieved.  Increase integral accuracy.
 SCF Done:  E(UB3LYP) =  -346.147628280     A.U. after   19 cycles
            NFock= 19  Conv=0.49D-08     -V/T= 2.0039
 <Sx>= 0.0000 <Sy>= 0.0000 <Sz>= 0.5000 <S**2>= 0.7601 S= 0.5050
 <L.S>= 0.000000000000E+00
 Annihilation of the first spin contaminant:
 S**2 before annihilation     0.7601,   after     0.7501
 DoSCS=F DFT=T ScalE2(SS,OS)=  1.000000  1.000000
 Range of M.O.s used for correlation:     1   186
 NBasis=   186 NAE=    29 NBE=    28 NFC=     0 NFV=     0
 NROrb=    186 NOA=    29 NOB=    28 NVA=   157 NVB=   158
 Symmetrizing basis deriv contribution to polar:
 IMax=3 JMax=2 DiffMx= 0.00D+00
 Calling FoFJK, ICntrl=      2147 FMM=F ISym2X=0 I1Cent= 0 IOpClX= 1 NMat=1 NMatS=1 NMatT=0.
 -------------------------------------------------------------------
 Center     Atomic                   Forces (Hartrees/Bohr)
 Number     Number              X              Y              Z
 -------------------------------------------------------------------
      1        6          -0.001571920    0.001403833   -0.000563778
      2        6           0.000219839   -0.001033452    0.001299080
      3        6          -0.006695485    0.007795887   -0.019159717
      4        6           0.004236093   -0.006846597   -0.002067805
      5        6           0.010557583    0.003799016    0.012795729
      6        6          -0.000375687   -0.001667317    0.002352029
      7        1          -0.000171989   -0.000009248   -0.000208041
      8        1          -0.000115196   -0.000125256    0.000192078
      9        8          -0.006674714   -0.002348368    0.006556926
     10        1           0.000226482   -0.000272488   -0.000457845
     11        1           0.000124484   -0.000927956   -0.000318999
     12        6           0.000260391   -0.000002651   -0.000213153
     13        1          -0.000010170    0.000326089   -0.000137326
     14        1          -0.000034401    0.000059710    0.000124913
     15        1           0.000024691   -0.000151201   -0.000194093
 -------------------------------------------------------------------
 Cartesian Forces:  Max     0.019159717 RMS     0.004575954
 IRC-IRC-IRC-IRC-IRC-IRC-IRC-IRC-IRC-IRC-IRC-IRC-IRC-IRC-IRC-IRC-IRC-IRC
 Pt  4 Step number   1 out of a maximum of  20
 Modified Bulirsch-Stoer Extrapolation Cycles:
    EPS =    0.000010000000000
      PEZero:  N= 2 I= 1 D=  7.96D-04 Err=  1.44D-05
      PEZero:  N= 3 I= 2 D=  7.96D-04 Err=  9.56D-06
      PEZero:  N= 3 I= 1 D=  1.59D-03 Err=  4.67D-08
 Maximum DWI energy   std dev =  0.000002492 at pt    36
 Maximum DWI gradient std dev =  0.018361703 at pt    38
 CORRECTOR INTEGRATION CONVERGENCE:
   Recorrection delta-x convergence threshold:    0.010000
   Delta-x Convergence Met
 Point Number:   4          Path Number:   1
   CHANGE IN THE REACTION COORDINATE =    0.15282
   NET REACTION COORDINATE UP TO THIS POINT =    0.61127
  # OF POINTS ALONG THE PATH =   4
  # OF STEPS =   1

 Calculating another point on the path.
 IRC-IRC-IRC-IRC-IRC-IRC-IRC-IRC-IRC-IRC-IRC-IRC-IRC-IRC-IRC-IRC-IRC-IRC
                          Input orientation:                          
 ---------------------------------------------------------------------
 Center     Atomic      Atomic             Coordinates (Angstroms)
 Number     Number       Type             X           Y           Z
 ---------------------------------------------------------------------
      1          6           0        1.097946    1.193634   -0.365156
      2          6           0       -0.156961    1.620759   -0.064758
      3          6           0       -1.465712   -0.348777   -0.293670
      4          6           0       -0.889202    0.559434    0.703233
      5          6           0        0.136114   -0.588947    0.682926
      6          6           0        1.301149   -0.154569    0.096469
      7          1           0        1.827762    1.753712   -0.937035
      8          1           0       -0.610633    2.559179   -0.350392
      9          8           0       -2.443482   -0.982709   -0.530524
     10          1           0       -0.024012   -1.520619    1.206366
     11          1           0       -1.426155    0.821276    1.622379
     12          6           0        2.533223   -0.974822   -0.131628
     13          1           0        2.522528   -1.433372   -1.127411
     14          1           0        3.436610   -0.362716   -0.065841
     15          1           0        2.613362   -1.781034    0.600182
 ---------------------------------------------------------------------
                    Distance matrix (angstroms):
                    1          2          3          4          5
     1  C    0.000000
     2  C    1.359215   0.000000
     3  C    2.992738   2.375774   0.000000
     4  C    2.343591   1.500799   1.466638   0.000000
     5  C    2.280611   2.351111   1.891367   1.539631   0.000000
     6  C    1.439458   2.303013   2.800972   2.382352   1.374745
     7  H    1.083220   2.172019   3.959968   3.390969   3.312702
     8  H    2.187276   1.080758   3.031598   2.277434   3.396480
     9  O    4.159992   3.496164   1.189119   2.513195   2.877817
    10  H    3.331012   3.391413   2.387848   2.308315   1.080575
    11  H    3.234197   2.257533   2.245403   1.096225   2.304774
    12  C    2.610892   3.738797   4.050885   3.842386   2.560963
    13  H    3.084092   4.199596   4.216340   4.354587   3.112128
    14  H    2.825095   4.104622   4.907632   4.489374   3.391917
    15  H    3.475199   4.437231   4.414654   4.213829   2.750395
                    6          7          8          9         10
     6  C    0.000000
     7  H    2.233156   0.000000
     8  H    3.349481   2.634140   0.000000
     9  O    3.886027   5.088888   3.992087   0.000000
    10  H    2.203183   4.329489   4.405948   3.026544   0.000000
    11  H    3.273968   4.243585   2.752673   2.987358   2.761077
    12  C    1.497615   2.931085   4.735067   4.992673   2.937273
    13  H    2.150578   3.267483   5.134288   5.022014   3.455284
    14  H    2.151711   2.797613   4.999861   5.930919   3.864603
    15  H    2.149655   3.933781   5.489552   5.242851   2.718642
                   11         12         13         14         15
    11  H    0.000000
    12  C    4.688196   0.000000
    13  H    5.313838   1.096342   0.000000
    14  H    5.281894   1.093210   1.763174   0.000000
    15  H    4.912698   1.091762   1.764567   1.770014   0.000000
 Symmetry turned off by external request.
 Stoichiometry    C7H7O(2)
 Framework group  C1[X(C7H7O)]
 Deg. of freedom    39
 Full point group                 C1      NOp   1
 Rotational constants (GHZ):           3.9368849           1.6826824           1.3386244
 Standard basis: 6-311G(d,p) (5D, 7F)
   186 basis functions,   312 primitive gaussians,   194 cartesian basis functions
    29 alpha electrons       28 beta electrons
       nuclear repulsion energy       333.9077860614 Hartrees.
 NAtoms=   15 NActive=   15 NUniq=   15 SFac= 1.00D+00 NAtFMM=   60 NAOKFM=F Big=F
 Integral buffers will be    131072 words long.
 Raffenetti 2 integral format.
 Two-electron integral symmetry is turned off.
 One-electron integrals computed using PRISM.
 NBasis=   186 RedAO= T EigKep=  4.70D-04  NBF=   186
 NBsUse=   186 1.00D-06 EigRej= -1.00D+00 NBFU=   186
 Initial guess from the checkpoint file:  "5-ts-6.chk"
 B after Tr=    -0.000002   -0.000184   -0.000131
         Rot=    1.000000   -0.000102   -0.000015   -0.000033 Ang=  -0.01 deg.
 Initial guess <Sx>= 0.0000 <Sy>= 0.0000 <Sz>= 0.5000 <S**2>= 0.7601 S= 0.5051
 ExpMin= 1.03D-01 ExpMax= 8.59D+03 ExpMxC= 1.30D+03 IAcc=2 IRadAn=         4 AccDes= 0.00D+00
 Harris functional with IExCor=  402 and IRadAn=       4 diagonalized for initial guess.
 HarFok:  IExCor=  402 AccDes= 0.00D+00 IRadAn=         4 IDoV= 1 UseB2=F ITyADJ=14
 ICtDFT=  3500011 ScaDFX=  1.000000  1.000000  1.000000  1.000000
 FoFCou: FMM=F IPFlag=           0 FMFlag=      100000 FMFlg1=           0
         NFxFlg=           0 DoJE=T BraDBF=F KetDBF=T FulRan=T
         wScrn=  0.000000 ICntrl=       500 IOpCl=  0 I1Cent=   200000004 NGrid=           0
         NMat0=    1 NMatS0=      1 NMatT0=    0 NMatD0=    1 NMtDS0=    0 NMtDT0=    0
 Symmetry not used in FoFCou.
 Requested convergence on RMS density matrix=1.00D-08 within 128 cycles.
 Requested convergence on MAX density matrix=1.00D-06.
 Requested convergence on             energy=1.00D-06.
 No special actions if energy rises.
 Integral accuracy reduced to 1.0D-05 until final iterations.
 Initial convergence to 1.0D-05 achieved.  Increase integral accuracy.
 SCF Done:  E(UB3LYP) =  -346.149098396     A.U. after   19 cycles
            NFock= 19  Conv=0.45D-08     -V/T= 2.0039
 <Sx>= 0.0000 <Sy>= 0.0000 <Sz>= 0.5000 <S**2>= 0.7573 S= 0.5036
 <L.S>= 0.000000000000E+00
 Annihilation of the first spin contaminant:
 S**2 before annihilation     0.7573,   after     0.7500
 DoSCS=F DFT=T ScalE2(SS,OS)=  1.000000  1.000000
 Range of M.O.s used for correlation:     1   186
 NBasis=   186 NAE=    29 NBE=    28 NFC=     0 NFV=     0
 NROrb=    186 NOA=    29 NOB=    28 NVA=   157 NVB=   158
 Symmetrizing basis deriv contribution to polar:
 IMax=3 JMax=2 DiffMx= 0.00D+00
 G2DrvN: will do    16 centers at a time, making    1 passes.
 Calling FoFCou, ICntrl=  3107 FMM=F I1Cent=   0 AccDes= 0.00D+00.
 End of G2Drv F.D. properties file   721 does not exist.
 End of G2Drv F.D. properties file   722 does not exist.
 End of G2Drv F.D. properties file   788 does not exist.
          IDoAtm=111111111111111
          Differentiating once with respect to nuclear coordinates.
 Keep R1 and R2 ints in memory in canonical form, NReq=318758034.
          There are    48 degrees of freedom in the 1st order CPHF.  IDoFFX=6 NUNeed=     0.
     42 vectors produced by pass  0 Test12= 1.87D-14 2.08D-09 XBig12= 4.54D-01 4.15D-01.
 AX will form    42 AO Fock derivatives at one time.
     42 vectors produced by pass  1 Test12= 1.87D-14 2.08D-09 XBig12= 1.38D-01 7.66D-02.
     42 vectors produced by pass  2 Test12= 1.87D-14 2.08D-09 XBig12= 6.39D-03 1.32D-02.
     42 vectors produced by pass  3 Test12= 1.87D-14 2.08D-09 XBig12= 5.77D-05 1.12D-03.
     42 vectors produced by pass  4 Test12= 1.87D-14 2.08D-09 XBig12= 5.97D-07 7.56D-05.
     42 vectors produced by pass  5 Test12= 1.87D-14 2.08D-09 XBig12= 3.45D-09 5.04D-06.
     31 vectors produced by pass  6 Test12= 1.87D-14 2.08D-09 XBig12= 1.57D-11 4.84D-07.
     12 vectors produced by pass  7 Test12= 1.87D-14 2.08D-09 XBig12= 6.73D-14 2.25D-08.
 InvSVY:  IOpt=1 It=  1 EMax= 2.55D-15
 Solved reduced A of dimension   295 with    42 vectors.
 End of Minotr F.D. properties file   721 does not exist.
 End of Minotr F.D. properties file   722 does not exist.
 End of Minotr F.D. properties file   788 does not exist.
 Calling FoFJK, ICntrl=    100147 FMM=F ISym2X=0 I1Cent= 0 IOpClX= 1 NMat=1 NMatS=1 NMatT=0.
 -------------------------------------------------------------------
 Center     Atomic                   Forces (Hartrees/Bohr)
 Number     Number              X              Y              Z
 -------------------------------------------------------------------
      1        6          -0.001754354    0.001574202   -0.000753957
      2        6           0.000440567   -0.000892099    0.001958177
      3        6          -0.007980018    0.008784689   -0.022579424
      4        6           0.005126012   -0.007988346   -0.002790356
      5        6           0.011819971    0.004373054    0.015116680
      6        6          -0.000282467   -0.001813896    0.002503630
      7        1          -0.000193245    0.000001200   -0.000236794
      8        1          -0.000122252   -0.000116491    0.000284033
      9        8          -0.007687189   -0.002778312    0.007901796
     10        1           0.000298227   -0.000301758   -0.000387833
     11        1           0.000016609   -0.001096952   -0.000471332
     12        6           0.000322227   -0.000003912   -0.000296523
     13        1           0.000004078    0.000372165   -0.000166580
     14        1          -0.000034485    0.000065606    0.000149063
     15        1           0.000026317   -0.000179151   -0.000230580
 -------------------------------------------------------------------
 Cartesian Forces:  Max     0.022579424 RMS     0.005350337
 IRC-IRC-IRC-IRC-IRC-IRC-IRC-IRC-IRC-IRC-IRC-IRC-IRC-IRC-IRC-IRC-IRC-IRC
 Pt  5 Step number   1 out of a maximum of  20
 Modified Bulirsch-Stoer Extrapolation Cycles:
    EPS =    0.000010000000000
      PEZero:  N= 2 I= 1 D=  7.96D-04 Err=  1.65D-05
      PEZero:  N= 3 I= 2 D=  7.96D-04 Err=  1.10D-05
      PEZero:  N= 3 I= 1 D=  1.59D-03 Err=  5.46D-08
 Maximum DWI energy   std dev =  0.000003869 at pt    33
 Maximum DWI gradient std dev =  0.010961504 at pt    64
 CORRECTOR INTEGRATION CONVERGENCE:
   Recorrection delta-x convergence threshold:    0.010000
   Delta-x Convergence Met
 Point Number:   5          Path Number:   1
   CHANGE IN THE REACTION COORDINATE =    0.15282
   NET REACTION COORDINATE UP TO THIS POINT =    0.76409
  # OF POINTS ALONG THE PATH =   5
  # OF STEPS =   1

 Calculating another point on the path.
 IRC-IRC-IRC-IRC-IRC-IRC-IRC-IRC-IRC-IRC-IRC-IRC-IRC-IRC-IRC-IRC-IRC-IRC
                          Input orientation:                          
 ---------------------------------------------------------------------
 Center     Atomic      Atomic             Coordinates (Angstroms)
 Number     Number       Type             X           Y           Z
 ---------------------------------------------------------------------
      1          6           0        1.096830    1.194646   -0.365682
      2          6           0       -0.156593    1.620283   -0.063317
      3          6           0       -1.470800   -0.343066   -0.308441
      4          6           0       -0.885816    0.554222    0.701249
      5          6           0        0.143699   -0.586063    0.692793
      6          6           0        1.300952   -0.155730    0.098049
      7          1           0        1.826309    1.753798   -0.938824
      8          1           0       -0.611514    2.558430   -0.347907
      9          8           0       -2.447332   -0.984153   -0.526604
     10          1           0       -0.021662   -1.523205    1.204251
     11          1           0       -1.426683    0.812796    1.618491
     12          6           0        2.533455   -0.974832   -0.131844
     13          1           0        2.522622   -1.430537   -1.128708
     14          1           0        3.436404   -0.362240   -0.064707
     15          1           0        2.613543   -1.782371    0.598378
 ---------------------------------------------------------------------
                    Distance matrix (angstroms):
                    1          2          3          4          5
     1  C    0.000000
     2  C    1.357814   0.000000
     3  C    2.993419   2.375282   0.000000
     4  C    2.340806   1.500938   1.472008   0.000000
     5  C    2.280297   2.351562   1.915234   1.536302   0.000000
     6  C    1.442300   2.303193   2.807657   2.376939   1.370453
     7  H    1.083182   2.171690   3.957922   3.388871   3.311843
     8  H    2.186015   1.080770   3.026319   2.278776   3.397240
     9  O    4.163430   3.499316   1.188361   2.512480   2.891166
    10  H    3.332031   3.392117   2.404364   2.305532   1.080356
    11  H    3.232781   2.256911   2.247450   1.095778   2.297786
    12  C    2.612509   3.738405   4.057631   3.837117   2.557754
    13  H    3.083290   4.197708   4.219342   4.348042   3.112921
    14  H    2.826320   4.103660   4.913291   4.484215   3.386121
    15  H    3.477422   4.437291   4.424453   4.209011   2.745943
                    6          7          8          9         10
     6  C    0.000000
     7  H    2.235487   0.000000
     8  H    3.350085   2.634312   0.000000
     9  O    3.889230   5.092181   3.994003   0.000000
    10  H    2.200677   4.329725   4.406457   3.028252   0.000000
    11  H    3.269523   4.243502   2.752901   2.978621   2.757277
    12  C    1.497612   2.932011   4.735130   4.996415   2.935044
    13  H    2.150010   3.265103   5.132672   5.026155   3.453211
    14  H    2.151579   2.798946   4.999616   5.934515   3.862165
    15  H    2.149230   3.935381   5.489901   5.245493   2.716350
                   11         12         13         14         15
    11  H    0.000000
    12  C    4.684226   0.000000
    13  H    5.308169   1.096140   0.000000
    14  H    5.278587   1.093203   1.763053   0.000000
    15  H    4.909068   1.091677   1.764902   1.770185   0.000000
 Symmetry turned off by external request.
 Stoichiometry    C7H7O(2)
 Framework group  C1[X(C7H7O)]
 Deg. of freedom    39
 Full point group                 C1      NOp   1
 Rotational constants (GHZ):           3.9359994           1.6794463           1.3375272
 Standard basis: 6-311G(d,p) (5D, 7F)
   186 basis functions,   312 primitive gaussians,   194 cartesian basis functions
    29 alpha electrons       28 beta electrons
       nuclear repulsion energy       333.7714389307 Hartrees.
 NAtoms=   15 NActive=   15 NUniq=   15 SFac= 1.00D+00 NAtFMM=   60 NAOKFM=F Big=F
 Integral buffers will be    131072 words long.
 Raffenetti 2 integral format.
 Two-electron integral symmetry is turned off.
 One-electron integrals computed using PRISM.
 NBasis=   186 RedAO= T EigKep=  4.69D-04  NBF=   186
 NBsUse=   186 1.00D-06 EigRej= -1.00D+00 NBFU=   186
 Initial guess from the checkpoint file:  "5-ts-6.chk"
 B after Tr=    -0.000008   -0.000166   -0.000116
         Rot=    1.000000   -0.000092   -0.000010   -0.000033 Ang=  -0.01 deg.
 Initial guess <Sx>= 0.0000 <Sy>= 0.0000 <Sz>= 0.5000 <S**2>= 0.7573 S= 0.5037
 ExpMin= 1.03D-01 ExpMax= 8.59D+03 ExpMxC= 1.30D+03 IAcc=2 IRadAn=         4 AccDes= 0.00D+00
 Harris functional with IExCor=  402 and IRadAn=       4 diagonalized for initial guess.
 HarFok:  IExCor=  402 AccDes= 0.00D+00 IRadAn=         4 IDoV= 1 UseB2=F ITyADJ=14
 ICtDFT=  3500011 ScaDFX=  1.000000  1.000000  1.000000  1.000000
 FoFCou: FMM=F IPFlag=           0 FMFlag=      100000 FMFlg1=           0
         NFxFlg=           0 DoJE=T BraDBF=F KetDBF=T FulRan=T
         wScrn=  0.000000 ICntrl=       500 IOpCl=  0 I1Cent=   200000004 NGrid=           0
         NMat0=    1 NMatS0=      1 NMatT0=    0 NMatD0=    1 NMtDS0=    0 NMtDT0=    0
 Symmetry not used in FoFCou.
 Requested convergence on RMS density matrix=1.00D-08 within 128 cycles.
 Requested convergence on MAX density matrix=1.00D-06.
 Requested convergence on             energy=1.00D-06.
 No special actions if energy rises.
 Integral accuracy reduced to 1.0D-05 until final iterations.
 Initial convergence to 1.0D-05 achieved.  Increase integral accuracy.
 SCF Done:  E(UB3LYP) =  -346.150766025     A.U. after   19 cycles
            NFock= 19  Conv=0.40D-08     -V/T= 2.0038
 <Sx>= 0.0000 <Sy>= 0.0000 <Sz>= 0.5000 <S**2>= 0.7554 S= 0.5027
 <L.S>= 0.000000000000E+00
 Annihilation of the first spin contaminant:
 S**2 before annihilation     0.7554,   after     0.7500
 DoSCS=F DFT=T ScalE2(SS,OS)=  1.000000  1.000000
 Range of M.O.s used for correlation:     1   186
 NBasis=   186 NAE=    29 NBE=    28 NFC=     0 NFV=     0
 NROrb=    186 NOA=    29 NOB=    28 NVA=   157 NVB=   158

 **** Warning!!: The largest alpha MO coefficient is  0.10075402D+02


 **** Warning!!: The largest beta MO coefficient is  0.10227743D+02

 Symmetrizing basis deriv contribution to polar:
 IMax=3 JMax=2 DiffMx= 0.00D+00
 Calling FoFJK, ICntrl=      2147 FMM=F ISym2X=0 I1Cent= 0 IOpClX= 1 NMat=1 NMatS=1 NMatT=0.
 -------------------------------------------------------------------
 Center     Atomic                   Forces (Hartrees/Bohr)
 Number     Number              X              Y              Z
 -------------------------------------------------------------------
      1        6          -0.001831808    0.001655638   -0.000936546
      2        6           0.000705120   -0.000660290    0.002635082
      3        6          -0.008832489    0.009464965   -0.025018244
      4        6           0.005783863   -0.008823451   -0.003569437
      5        6           0.012575168    0.004788253    0.016821062
      6        6          -0.000157343   -0.001855544    0.002561255
      7        1          -0.000208905    0.000015151   -0.000259388
      8        1          -0.000125377   -0.000100692    0.000384244
      9        8          -0.008568210   -0.003185407    0.008941915
     10        1           0.000365800   -0.000322670   -0.000269878
     11        1          -0.000133017   -0.001238167   -0.000623515
     12        6           0.000404155   -0.000011583   -0.000380228
     13        1           0.000021860    0.000407772   -0.000191368
     14        1          -0.000025978    0.000065170    0.000168293
     15        1           0.000027162   -0.000199143   -0.000263247
 -------------------------------------------------------------------
 Cartesian Forces:  Max     0.025018244 RMS     0.005912614
 IRC-IRC-IRC-IRC-IRC-IRC-IRC-IRC-IRC-IRC-IRC-IRC-IRC-IRC-IRC-IRC-IRC-IRC
 Pt  6 Step number   1 out of a maximum of  20
 Modified Bulirsch-Stoer Extrapolation Cycles:
    EPS =    0.000010000000000
      PEZero:  N= 2 I= 1 D=  7.96D-04 Err=  1.34D-05
      PEZero:  N= 3 I= 2 D=  7.96D-04 Err=  8.92D-06
      PEZero:  N= 3 I= 1 D=  1.59D-03 Err=  3.55D-08
 Maximum DWI energy   std dev =  0.000001548 at pt    21
 Maximum DWI gradient std dev =  0.006132346 at pt    38
 CORRECTOR INTEGRATION CONVERGENCE:
   Recorrection delta-x convergence threshold:    0.010000
   Delta-x Convergence Met
 Point Number:   6          Path Number:   1
   CHANGE IN THE REACTION COORDINATE =    0.15282
   NET REACTION COORDINATE UP TO THIS POINT =    0.91692
  # OF POINTS ALONG THE PATH =   6
  # OF STEPS =   1

 Calculating another point on the path.
 IRC-IRC-IRC-IRC-IRC-IRC-IRC-IRC-IRC-IRC-IRC-IRC-IRC-IRC-IRC-IRC-IRC-IRC
                          Input orientation:                          
 ---------------------------------------------------------------------
 Center     Atomic      Atomic             Coordinates (Angstroms)
 Number     Number       Type             X           Y           Z
 ---------------------------------------------------------------------
      1          6           0        1.095771    1.195616   -0.366263
      2          6           0       -0.156112    1.619967   -0.061645
      3          6           0       -1.475949   -0.337516   -0.323219
      4          6           0       -0.882396    0.549015    0.699024
      5          6           0        0.151053   -0.583223    0.702714
      6          6           0        1.300850   -0.156812    0.099538
      7          1           0        1.824867    1.753942   -0.940633
      8          1           0       -0.612348    2.557849   -0.345008
      9          8           0       -2.451187   -0.985610   -0.522610
     10          1           0       -0.019054   -1.525529    1.202883
     11          1           0       -1.428055    0.804082    1.613889
     12          6           0        2.533716   -0.974840   -0.132085
     13          1           0        2.522830   -1.427665   -1.130061
     14          1           0        3.436268   -0.361819   -0.063511
     15          1           0        2.613707   -1.783766    0.596496
 ---------------------------------------------------------------------
                    Distance matrix (angstroms):
                    1          2          3          4          5
     1  C    0.000000
     2  C    1.356494   0.000000
     3  C    2.994343   2.375317   0.000000
     4  C    2.337963   1.501015   1.477573   0.000000
     5  C    2.280235   2.352157   1.939084   1.532969   0.000000
     6  C    1.445022   2.303402   2.814603   2.371527   1.366632
     7  H    1.083148   2.171369   3.956106   3.386679   3.311281
     8  H    2.184903   1.080772   3.021492   2.279987   3.398063
     9  O    4.166906   3.502698   1.187802   2.511687   2.904306
    10  H    3.333119   3.392928   2.421344   2.302817   1.080298
    11  H    3.231718   2.256308   2.248983   1.095345   2.290947
    12  C    2.614078   3.738069   4.064495   3.831801   2.554865
    13  H    3.082448   4.195986   4.222517   4.341472   3.114076
    14  H    2.827576   4.102764   4.919138   4.479055   3.380644
    15  H    3.479619   4.437391   4.434276   4.204178   2.741760
                    6          7          8          9         10
     6  C    0.000000
     7  H    2.237750   0.000000
     8  H    3.350721   2.634588   0.000000
     9  O    3.892526   5.095540   3.996120   0.000000
    10  H    2.198386   4.330084   4.407032   3.030530   0.000000
    11  H    3.265502   4.243739   2.752881   2.968910   2.753416
    12  C    1.497590   2.932996   4.735287   5.000188   2.932922
    13  H    2.149468   3.262768   5.131273   5.030433   3.451576
    14  H    2.151423   2.800428   4.999499   5.938183   3.859692
    15  H    2.148846   3.937055   5.490307   5.248105   2.714005
                   11         12         13         14         15
    11  H    0.000000
    12  C    4.680664   0.000000
    13  H    5.302777   1.095958   0.000000
    14  H    5.275854   1.093206   1.762931   0.000000
    15  H    4.905903   1.091599   1.765237   1.770352   0.000000
 Symmetry turned off by external request.
 Stoichiometry    C7H7O(2)
 Framework group  C1[X(C7H7O)]
 Deg. of freedom    39
 Full point group                 C1      NOp   1
 Rotational constants (GHZ):           3.9347759           1.6761299           1.3363511
 Standard basis: 6-311G(d,p) (5D, 7F)
   186 basis functions,   312 primitive gaussians,   194 cartesian basis functions
    29 alpha electrons       28 beta electrons
       nuclear repulsion energy       333.6241532499 Hartrees.
 NAtoms=   15 NActive=   15 NUniq=   15 SFac= 1.00D+00 NAtFMM=   60 NAOKFM=F Big=F
 Integral buffers will be    131072 words long.
 Raffenetti 2 integral format.
 Two-electron integral symmetry is turned off.
 One-electron integrals computed using PRISM.
 NBasis=   186 RedAO= T EigKep=  4.69D-04  NBF=   186
 NBsUse=   186 1.00D-06 EigRej= -1.00D+00 NBFU=   186
 Initial guess from the checkpoint file:  "5-ts-6.chk"
 B after Tr=    -0.000014   -0.000164   -0.000112
         Rot=    1.000000   -0.000092   -0.000007   -0.000034 Ang=  -0.01 deg.
 Initial guess <Sx>= 0.0000 <Sy>= 0.0000 <Sz>= 0.5000 <S**2>= 0.7554 S= 0.5027
 ExpMin= 1.03D-01 ExpMax= 8.59D+03 ExpMxC= 1.30D+03 IAcc=2 IRadAn=         4 AccDes= 0.00D+00
 Harris functional with IExCor=  402 and IRadAn=       4 diagonalized for initial guess.
 HarFok:  IExCor=  402 AccDes= 0.00D+00 IRadAn=         4 IDoV= 1 UseB2=F ITyADJ=14
 ICtDFT=  3500011 ScaDFX=  1.000000  1.000000  1.000000  1.000000
 FoFCou: FMM=F IPFlag=           0 FMFlag=      100000 FMFlg1=           0
         NFxFlg=           0 DoJE=T BraDBF=F KetDBF=T FulRan=T
         wScrn=  0.000000 ICntrl=       500 IOpCl=  0 I1Cent=   200000004 NGrid=           0
         NMat0=    1 NMatS0=      1 NMatT0=    0 NMatD0=    1 NMtDS0=    0 NMtDT0=    0
 Symmetry not used in FoFCou.
 Requested convergence on RMS density matrix=1.00D-08 within 128 cycles.
 Requested convergence on MAX density matrix=1.00D-06.
 Requested convergence on             energy=1.00D-06.
 No special actions if energy rises.
 Integral accuracy reduced to 1.0D-05 until final iterations.
 Initial convergence to 1.0D-05 achieved.  Increase integral accuracy.
 SCF Done:  E(UB3LYP) =  -346.152567917     A.U. after   18 cycles
            NFock= 18  Conv=0.84D-08     -V/T= 2.0038
 <Sx>= 0.0000 <Sy>= 0.0000 <Sz>= 0.5000 <S**2>= 0.7543 S= 0.5021
 <L.S>= 0.000000000000E+00
 Annihilation of the first spin contaminant:
 S**2 before annihilation     0.7543,   after     0.7500
 DoSCS=F DFT=T ScalE2(SS,OS)=  1.000000  1.000000
 Range of M.O.s used for correlation:     1   186
 NBasis=   186 NAE=    29 NBE=    28 NFC=     0 NFV=     0
 NROrb=    186 NOA=    29 NOB=    28 NVA=   157 NVB=   158

 **** Warning!!: The largest alpha MO coefficient is  0.10369799D+02


 **** Warning!!: The largest beta MO coefficient is  0.10436379D+02

 Symmetrizing basis deriv contribution to polar:
 IMax=3 JMax=2 DiffMx= 0.00D+00
 Calling FoFJK, ICntrl=      2147 FMM=F ISym2X=0 I1Cent= 0 IOpClX= 1 NMat=1 NMatS=1 NMatT=0.
 -------------------------------------------------------------------
 Center     Atomic                   Forces (Hartrees/Bohr)
 Number     Number              X              Y              Z
 -------------------------------------------------------------------
      1        6          -0.001798982    0.001613215   -0.001101362
      2        6           0.000948212   -0.000360175    0.003318140
      3        6          -0.009910988    0.009476492   -0.026606492
      4        6           0.006277088   -0.009328739   -0.004271941
      5        6           0.012640304    0.004880267    0.017997522
      6        6           0.000242219   -0.001701569    0.002445716
      7        1          -0.000214692    0.000027003   -0.000268596
      8        1          -0.000123027   -0.000080587    0.000481490
      9        8          -0.008749722   -0.003201852    0.009765582
     10        1           0.000459084   -0.000249546   -0.000144629
     11        1          -0.000312271   -0.001338205   -0.000836763
     12        6           0.000483237   -0.000000206   -0.000463546
     13        1           0.000044856    0.000426718   -0.000211468
     14        1          -0.000015026    0.000058925    0.000185622
     15        1           0.000029708   -0.000221741   -0.000289276
 -------------------------------------------------------------------
 Cartesian Forces:  Max     0.026606492 RMS     0.006258195
 IRC-IRC-IRC-IRC-IRC-IRC-IRC-IRC-IRC-IRC-IRC-IRC-IRC-IRC-IRC-IRC-IRC-IRC
 Pt  7 Step number   1 out of a maximum of  20
 Modified Bulirsch-Stoer Extrapolation Cycles:
    EPS =    0.000010000000000
      PEZero:  N= 2 I= 1 D=  7.96D-04 Err=  1.51D-05
      PEZero:  N= 3 I= 2 D=  7.96D-04 Err=  1.00D-05
      PEZero:  N= 3 I= 1 D=  1.59D-03 Err=  4.25D-08
 Maximum DWI energy   std dev =  0.000003803 at pt    47
 Maximum DWI gradient std dev =  0.010949067 at pt    29
 CORRECTOR INTEGRATION CONVERGENCE:
   Recorrection delta-x convergence threshold:    0.010000
   Delta-x Convergence Met
 Point Number:   7          Path Number:   1
   CHANGE IN THE REACTION COORDINATE =    0.15282
   NET REACTION COORDINATE UP TO THIS POINT =    1.06974
  # OF POINTS ALONG THE PATH =   7
  # OF STEPS =   1

 Calculating another point on the path.
 IRC-IRC-IRC-IRC-IRC-IRC-IRC-IRC-IRC-IRC-IRC-IRC-IRC-IRC-IRC-IRC-IRC-IRC
                          Input orientation:                          
 ---------------------------------------------------------------------
 Center     Atomic      Atomic             Coordinates (Angstroms)
 Number     Number       Type             X           Y           Z
 ---------------------------------------------------------------------
      1          6           0        1.094799    1.196500   -0.366910
      2          6           0       -0.155509    1.619839   -0.059664
      3          6           0       -1.481391   -0.332259   -0.338015
      4          6           0       -0.878901    0.543807    0.696488
      5          6           0        0.158028   -0.580483    0.712712
      6          6           0        1.300992   -0.157734    0.100889
      7          1           0        1.823464    1.754168   -0.942407
      8          1           0       -0.613130    2.557463   -0.341571
      9          8           0       -2.454940   -0.987003   -0.518501
     10          1           0       -0.015941   -1.527345    1.202620
     11          1           0       -1.430729    0.795178    1.608074
     12          6           0        2.534022   -0.974842   -0.132365
     13          1           0        2.523200   -1.424795   -1.131475
     14          1           0        3.436247   -0.361490   -0.062251
     15          1           0        2.613871   -1.785239    0.594511
 ---------------------------------------------------------------------
                    Distance matrix (angstroms):
                    1          2          3          4          5
     1  C    0.000000
     2  C    1.355318   0.000000
     3  C    2.995779   2.376159   0.000000
     4  C    2.335019   1.500969   1.483470   0.000000
     5  C    2.280524   2.352932   1.962991   1.529546   0.000000
     6  C    1.447515   2.303679   2.822188   2.366184   1.363602
     7  H    1.083117   2.171085   3.954811   3.384335   3.311146
     8  H    2.184006   1.080752   3.017347   2.281011   3.398956
     9  O    4.170289   3.506215   1.187040   2.510673   2.916976
    10  H    3.334142   3.393761   2.439125   2.300118   1.080196
    11  H    3.231085   2.255571   2.249654   1.094847   2.284352
    12  C    2.615550   3.737812   4.071701   3.826400   2.552455
    13  H    3.081570   4.194528   4.226105   4.334874   3.115755
    14  H    2.828873   4.101997   4.925450   4.473896   3.375684
    15  H    3.481763   4.437564   4.444313   4.199322   2.737987
                    6          7          8          9         10
     6  C    0.000000
     7  H    2.239824   0.000000
     8  H    3.351406   2.635009   0.000000
     9  O    3.895941   5.098868   3.998351   0.000000
    10  H    2.196351   4.330460   4.407587   3.033636   0.000000
    11  H    3.262199   4.244335   2.752314   2.957617   2.749570
    12  C    1.497478   2.934035   4.735559   5.003898   2.930829
    13  H    2.148944   3.260550   5.130194   5.034807   3.450472
    14  H    2.151150   2.802098   4.999575   5.941845   3.857035
    15  H    2.148508   3.938815   5.490796   5.250602   2.711497
                   11         12         13         14         15
    11  H    0.000000
    12  C    4.677751   0.000000
    13  H    5.297827   1.095808   0.000000
    14  H    5.274023   1.093218   1.762814   0.000000
    15  H    4.903534   1.091544   1.765551   1.770509   0.000000
 Symmetry turned off by external request.
 Stoichiometry    C7H7O(2)
 Framework group  C1[X(C7H7O)]
 Deg. of freedom    39
 Full point group                 C1      NOp   1
 Rotational constants (GHZ):           3.9333206           1.6727096           1.3350785
 Standard basis: 6-311G(d,p) (5D, 7F)
   186 basis functions,   312 primitive gaussians,   194 cartesian basis functions
    29 alpha electrons       28 beta electrons
       nuclear repulsion energy       333.4689787200 Hartrees.
 NAtoms=   15 NActive=   15 NUniq=   15 SFac= 1.00D+00 NAtFMM=   60 NAOKFM=F Big=F
 Integral buffers will be    131072 words long.
 Raffenetti 2 integral format.
 Two-electron integral symmetry is turned off.
 One-electron integrals computed using PRISM.
 NBasis=   186 RedAO= T EigKep=  4.71D-04  NBF=   186
 NBsUse=   186 1.00D-06 EigRej= -1.00D+00 NBFU=   186
 Initial guess from the checkpoint file:  "5-ts-6.chk"
 B after Tr=    -0.000021   -0.000159   -0.000107
         Rot=    1.000000   -0.000089   -0.000003   -0.000036 Ang=  -0.01 deg.
 Initial guess <Sx>= 0.0000 <Sy>= 0.0000 <Sz>= 0.5000 <S**2>= 0.7543 S= 0.5021
 ExpMin= 1.03D-01 ExpMax= 8.59D+03 ExpMxC= 1.30D+03 IAcc=2 IRadAn=         4 AccDes= 0.00D+00
 Harris functional with IExCor=  402 and IRadAn=       4 diagonalized for initial guess.
 HarFok:  IExCor=  402 AccDes= 0.00D+00 IRadAn=         4 IDoV= 1 UseB2=F ITyADJ=14
 ICtDFT=  3500011 ScaDFX=  1.000000  1.000000  1.000000  1.000000
 FoFCou: FMM=F IPFlag=           0 FMFlag=      100000 FMFlg1=           0
         NFxFlg=           0 DoJE=T BraDBF=F KetDBF=T FulRan=T
         wScrn=  0.000000 ICntrl=       500 IOpCl=  0 I1Cent=   200000004 NGrid=           0
         NMat0=    1 NMatS0=      1 NMatT0=    0 NMatD0=    1 NMtDS0=    0 NMtDT0=    0
 Symmetry not used in FoFCou.
 Requested convergence on RMS density matrix=1.00D-08 within 128 cycles.
 Requested convergence on MAX density matrix=1.00D-06.
 Requested convergence on             energy=1.00D-06.
 No special actions if energy rises.
 Integral accuracy reduced to 1.0D-05 until final iterations.
 Initial convergence to 1.0D-05 achieved.  Increase integral accuracy.
 SCF Done:  E(UB3LYP) =  -346.154446409     A.U. after   17 cycles
            NFock= 17  Conv=0.65D-08     -V/T= 2.0038
 <Sx>= 0.0000 <Sy>= 0.0000 <Sz>= 0.5000 <S**2>= 0.7537 S= 0.5019
 <L.S>= 0.000000000000E+00
 Annihilation of the first spin contaminant:
 S**2 before annihilation     0.7537,   after     0.7500
 DoSCS=F DFT=T ScalE2(SS,OS)=  1.000000  1.000000
 Range of M.O.s used for correlation:     1   186
 NBasis=   186 NAE=    29 NBE=    28 NFC=     0 NFV=     0
 NROrb=    186 NOA=    29 NOB=    28 NVA=   157 NVB=   158

 **** Warning!!: The largest alpha MO coefficient is  0.10563176D+02


 **** Warning!!: The largest beta MO coefficient is  0.10621081D+02

 Symmetrizing basis deriv contribution to polar:
 IMax=3 JMax=2 DiffMx= 0.00D+00
 Calling FoFJK, ICntrl=      2147 FMM=F ISym2X=0 I1Cent= 0 IOpClX= 1 NMat=1 NMatS=1 NMatT=0.
 -------------------------------------------------------------------
 Center     Atomic                   Forces (Hartrees/Bohr)
 Number     Number              X              Y              Z
 -------------------------------------------------------------------
      1        6          -0.001693008    0.001516827   -0.001237523
      2        6           0.001192639   -0.000080495    0.003920132
      3        6          -0.010540057    0.009285155   -0.027280609
      4        6           0.006486092   -0.009564899   -0.004914840
      5        6           0.012466469    0.004905989    0.018466048
      6        6           0.000560932   -0.001513361    0.002360918
      7        1          -0.000211276    0.000039483   -0.000268681
      8        1          -0.000115934   -0.000052380    0.000567448
      9        8          -0.008871769   -0.003202847    0.010262672
     10        1           0.000526183   -0.000210117    0.000025903
     11        1          -0.000502234   -0.001382142   -0.001015316
     12        6           0.000598253    0.000014704   -0.000547868
     13        1           0.000070256    0.000436468   -0.000224980
     14        1           0.000005431    0.000043537    0.000198494
     15        1           0.000028022   -0.000235925   -0.000311799
 -------------------------------------------------------------------
 Cartesian Forces:  Max     0.027280609 RMS     0.006413113
 IRC-IRC-IRC-IRC-IRC-IRC-IRC-IRC-IRC-IRC-IRC-IRC-IRC-IRC-IRC-IRC-IRC-IRC
 Pt  8 Step number   1 out of a maximum of  20
 Modified Bulirsch-Stoer Extrapolation Cycles:
    EPS =    0.000010000000000
      PEZero:  N= 2 I= 1 D=  7.96D-04 Err=  1.55D-05
      PEZero:  N= 3 I= 2 D=  7.96D-04 Err=  1.03D-05
      PEZero:  N= 3 I= 1 D=  1.59D-03 Err=  3.89D-08
 Maximum DWI energy   std dev =  0.000003570 at pt    47
 Maximum DWI gradient std dev =  0.009170720 at pt    29
 CORRECTOR INTEGRATION CONVERGENCE:
   Recorrection delta-x convergence threshold:    0.010000
   Delta-x Convergence Met
 Point Number:   8          Path Number:   1
   CHANGE IN THE REACTION COORDINATE =    0.15283
   NET REACTION COORDINATE UP TO THIS POINT =    1.22257
  # OF POINTS ALONG THE PATH =   8
  # OF STEPS =   1

 Calculating another point on the path.
 IRC-IRC-IRC-IRC-IRC-IRC-IRC-IRC-IRC-IRC-IRC-IRC-IRC-IRC-IRC-IRC-IRC-IRC
                          Input orientation:                          
 ---------------------------------------------------------------------
 Center     Atomic      Atomic             Coordinates (Angstroms)
 Number     Number       Type             X           Y           Z
 ---------------------------------------------------------------------
      1          6           0        1.093914    1.197304   -0.367611
      2          6           0       -0.154788    1.619860   -0.057410
      3          6           0       -1.487058   -0.327248   -0.352781
      4          6           0       -0.875397    0.538607    0.693661
      5          6           0        0.164728   -0.577813    0.722696
      6          6           0        1.301324   -0.158522    0.102169
      7          1           0        1.822118    1.754465   -0.944131
      8          1           0       -0.613840    2.557252   -0.337655
      9          8           0       -2.458647   -0.988353   -0.514295
     10          1           0       -0.012422   -1.528728    1.203402
     11          1           0       -1.434584    0.786205    1.601196
     12          6           0        2.534391   -0.974834   -0.132685
     13          1           0        2.523726   -1.421921   -1.132947
     14          1           0        3.436372   -0.361275   -0.060934
     15          1           0        2.614025   -1.786781    0.592422
 ---------------------------------------------------------------------
                    Distance matrix (angstroms):
                    1          2          3          4          5
     1  C    0.000000
     2  C    1.354266   0.000000
     3  C    2.997648   2.377691   0.000000
     4  C    2.332031   1.500831   1.489588   0.000000
     5  C    2.281052   2.353810   1.986915   1.526138   0.000000
     6  C    1.449820   2.303990   2.830286   2.360925   1.361143
     7  H    1.083090   2.170841   3.953969   3.381902   3.311310
     8  H    2.183295   1.080726   3.013814   2.281875   3.399874
     9  O    4.173643   3.509883   1.186226   2.509470   2.929298
    10  H    3.335163   3.394631   2.457603   2.297485   1.080139
    11  H    3.230868   2.254735   2.249568   1.094356   2.278180
    12  C    2.616935   3.737618   4.079198   3.820995   2.550413
    13  H    3.080656   4.193287   4.230054   4.328303   3.117820
    14  H    2.830252   4.101383   4.932189   4.468842   3.371145
    15  H    3.483844   4.437771   4.454495   4.194490   2.734526
                    6          7          8          9         10
     6  C    0.000000
     7  H    2.241760   0.000000
     8  H    3.352122   2.635559   0.000000
     9  O    3.899490   5.102230   4.000728   0.000000
    10  H    2.194563   4.330911   4.408151   3.037517   0.000000
    11  H    3.259568   4.245271   2.751249   2.945007   2.745852
    12  C    1.497323   2.935106   4.735926   5.007617   2.928853
    13  H    2.148478   3.258425   5.129389   5.039320   3.449925
    14  H    2.150847   2.803962   4.999859   5.945587   3.854305
    15  H    2.148200   3.940626   5.491337   5.253029   2.708895
                   11         12         13         14         15
    11  H    0.000000
    12  C    4.675506   0.000000
    13  H    5.293352   1.095685   0.000000
    14  H    5.273101   1.093239   1.762698   0.000000
    15  H    4.901951   1.091504   1.765836   1.770649   0.000000
 Symmetry turned off by external request.
 Stoichiometry    C7H7O(2)
 Framework group  C1[X(C7H7O)]
 Deg. of freedom    39
 Full point group                 C1      NOp   1
 Rotational constants (GHZ):           3.9316919           1.6691754           1.3337047
 Standard basis: 6-311G(d,p) (5D, 7F)
   186 basis functions,   312 primitive gaussians,   194 cartesian basis functions
    29 alpha electrons       28 beta electrons
       nuclear repulsion energy       333.3050952829 Hartrees.
 NAtoms=   15 NActive=   15 NUniq=   15 SFac= 1.00D+00 NAtFMM=   60 NAOKFM=F Big=F
 Integral buffers will be    131072 words long.
 Raffenetti 2 integral format.
 Two-electron integral symmetry is turned off.
 One-electron integrals computed using PRISM.
 NBasis=   186 RedAO= T EigKep=  4.73D-04  NBF=   186
 NBsUse=   186 1.00D-06 EigRej= -1.00D+00 NBFU=   186
 Initial guess from the checkpoint file:  "5-ts-6.chk"
 B after Tr=    -0.000026   -0.000152   -0.000102
         Rot=    1.000000   -0.000085    0.000001   -0.000038 Ang=  -0.01 deg.
 Initial guess <Sx>= 0.0000 <Sy>= 0.0000 <Sz>= 0.5000 <S**2>= 0.7537 S= 0.5019
 ExpMin= 1.03D-01 ExpMax= 8.59D+03 ExpMxC= 1.30D+03 IAcc=2 IRadAn=         4 AccDes= 0.00D+00
 Harris functional with IExCor=  402 and IRadAn=       4 diagonalized for initial guess.
 HarFok:  IExCor=  402 AccDes= 0.00D+00 IRadAn=         4 IDoV= 1 UseB2=F ITyADJ=14
 ICtDFT=  3500011 ScaDFX=  1.000000  1.000000  1.000000  1.000000
 FoFCou: FMM=F IPFlag=           0 FMFlag=      100000 FMFlg1=           0
         NFxFlg=           0 DoJE=T BraDBF=F KetDBF=T FulRan=T
         wScrn=  0.000000 ICntrl=       500 IOpCl=  0 I1Cent=   200000004 NGrid=           0
         NMat0=    1 NMatS0=      1 NMatT0=    0 NMatD0=    1 NMtDS0=    0 NMtDT0=    0
 Symmetry not used in FoFCou.
 Requested convergence on RMS density matrix=1.00D-08 within 128 cycles.
 Requested convergence on MAX density matrix=1.00D-06.
 Requested convergence on             energy=1.00D-06.
 No special actions if energy rises.
 Integral accuracy reduced to 1.0D-05 until final iterations.
 Initial convergence to 1.0D-05 achieved.  Increase integral accuracy.
 SCF Done:  E(UB3LYP) =  -346.156348168     A.U. after   17 cycles
            NFock= 17  Conv=0.38D-08     -V/T= 2.0038
 <Sx>= 0.0000 <Sy>= 0.0000 <Sz>= 0.5000 <S**2>= 0.7535 S= 0.5017
 <L.S>= 0.000000000000E+00
 Annihilation of the first spin contaminant:
 S**2 before annihilation     0.7535,   after     0.7500
 DoSCS=F DFT=T ScalE2(SS,OS)=  1.000000  1.000000
 Range of M.O.s used for correlation:     1   186
 NBasis=   186 NAE=    29 NBE=    28 NFC=     0 NFV=     0
 NROrb=    186 NOA=    29 NOB=    28 NVA=   157 NVB=   158

 **** Warning!!: The largest alpha MO coefficient is  0.11079158D+02


 **** Warning!!: The largest beta MO coefficient is  0.11330852D+02

 Symmetrizing basis deriv contribution to polar:
 IMax=3 JMax=2 DiffMx= 0.00D+00
 Calling FoFJK, ICntrl=      2147 FMM=F ISym2X=0 I1Cent= 0 IOpClX= 1 NMat=1 NMatS=1 NMatT=0.
 -------------------------------------------------------------------
 Center     Atomic                   Forces (Hartrees/Bohr)
 Number     Number              X              Y              Z
 -------------------------------------------------------------------
      1        6          -0.001523064    0.001369806   -0.001331320
      2        6           0.001415157    0.000169369    0.004408237
      3        6          -0.010935639    0.008848291   -0.027169941
      4        6           0.006446655   -0.009548489   -0.005461383
      5        6           0.012013483    0.004798684    0.018372418
      6        6           0.000899108   -0.001271046    0.002273434
      7        1          -0.000201418    0.000050181   -0.000261026
      8        1          -0.000104143   -0.000025294    0.000640511
      9        8          -0.008799095   -0.003097311    0.010485284
     10        1           0.000586603   -0.000157377    0.000198404
     11        1          -0.000679411   -0.001390093   -0.001177571
     12        6           0.000730293    0.000036765   -0.000620552
     13        1           0.000094523    0.000439609   -0.000234241
     14        1           0.000031045    0.000023473    0.000208177
     15        1           0.000025903   -0.000246570   -0.000330431
 -------------------------------------------------------------------
 Cartesian Forces:  Max     0.027169941 RMS     0.006397292
 IRC-IRC-IRC-IRC-IRC-IRC-IRC-IRC-IRC-IRC-IRC-IRC-IRC-IRC-IRC-IRC-IRC-IRC
 Pt  9 Step number   1 out of a maximum of  20
 Modified Bulirsch-Stoer Extrapolation Cycles:
    EPS =    0.000010000000000
      PEZero:  N= 2 I= 1 D=  7.96D-04 Err=  1.56D-05
      PEZero:  N= 3 I= 2 D=  7.96D-04 Err=  1.04D-05
      PEZero:  N= 3 I= 1 D=  1.59D-03 Err=  3.62D-08
 Maximum DWI energy   std dev =  0.000003228 at pt    35
 Maximum DWI gradient std dev =  0.008008827 at pt    29
 CORRECTOR INTEGRATION CONVERGENCE:
   Recorrection delta-x convergence threshold:    0.010000
   Delta-x Convergence Met
 Point Number:   9          Path Number:   1
   CHANGE IN THE REACTION COORDINATE =    0.15283
   NET REACTION COORDINATE UP TO THIS POINT =    1.37539
  # OF POINTS ALONG THE PATH =   9
  # OF STEPS =   1

 Calculating another point on the path.
 IRC-IRC-IRC-IRC-IRC-IRC-IRC-IRC-IRC-IRC-IRC-IRC-IRC-IRC-IRC-IRC-IRC-IRC
                          Input orientation:                          
 ---------------------------------------------------------------------
 Center     Atomic      Atomic             Coordinates (Angstroms)
 Number     Number       Type             X           Y           Z
 ---------------------------------------------------------------------
      1          6           0        1.093126    1.198027   -0.368359
      2          6           0       -0.153946    1.620007   -0.054897
      3          6           0       -1.492961   -0.322474   -0.367473
      4          6           0       -0.871931    0.533414    0.690528
      5          6           0        0.171190   -0.575212    0.732620
      6          6           0        1.301857   -0.159173    0.103415
      7          1           0        1.820837    1.754827   -0.945804
      8          1           0       -0.614468    2.557201   -0.333259
      9          8           0       -2.462328   -0.989652   -0.509998
     10          1           0       -0.008462   -1.529669    1.205248
     11          1           0       -1.439600    0.777166    1.593259
     12          6           0        2.534839   -0.974810   -0.133043
     13          1           0        2.524409   -1.419004   -1.134489
     14          1           0        3.436678   -0.361196   -0.059544
     15          1           0        2.614172   -1.788413    0.590199
 ---------------------------------------------------------------------
                    Distance matrix (angstroms):
                    1          2          3          4          5
     1  C    0.000000
     2  C    1.353334   0.000000
     3  C    2.999962   2.379894   0.000000
     4  C    2.329034   1.500615   1.495858   0.000000
     5  C    2.281775   2.354757   2.010840   1.522801   0.000000
     6  C    1.451941   2.304324   2.838910   2.355787   1.359190
     7  H    1.083067   2.170636   3.953594   3.379413   3.311726
     8  H    2.182765   1.080694   3.010889   2.282574   3.400789
     9  O    4.176991   3.513696   1.185374   2.508058   2.941305
    10  H    3.336174   3.395525   2.476793   2.294957   1.080111
    11  H    3.231063   2.253820   2.248673   1.093886   2.272502
    12  C    2.618231   3.737478   4.087012   3.815637   2.548703
    13  H    3.079671   4.192217   4.234377   4.321776   3.120212
    14  H    2.831745   4.100947   4.939398   4.463971   3.367007
    15  H    3.485862   4.438012   4.464824   4.189732   2.731355
                    6          7          8          9         10
     6  C    0.000000
     7  H    2.243568   0.000000
     8  H    3.352861   2.636233   0.000000
     9  O    3.903211   5.105643   4.003248   0.000000
    10  H    2.192996   4.331429   4.408714   3.042227   0.000000
    11  H    3.257599   4.246541   2.749699   2.931094   2.742297
    12  C    1.497137   2.936205   4.736383   5.011386   2.926990
    13  H    2.148071   3.256350   5.128813   5.043994   3.449935
    14  H    2.150541   2.806057   5.000374   5.949465   3.851495
    15  H    2.147918   3.942491   5.491926   5.255407   2.706186
                   11         12         13         14         15
    11  H    0.000000
    12  C    4.673939   0.000000
    13  H    5.289342   1.095587   0.000000
    14  H    5.273112   1.093269   1.762583   0.000000
    15  H    4.901162   1.091477   1.766089   1.770771   0.000000
 Symmetry turned off by external request.
 Stoichiometry    C7H7O(2)
 Framework group  C1[X(C7H7O)]
 Deg. of freedom    39
 Full point group                 C1      NOp   1
 Rotational constants (GHZ):           3.9299704           1.6655073           1.3322179
 Standard basis: 6-311G(d,p) (5D, 7F)
   186 basis functions,   312 primitive gaussians,   194 cartesian basis functions
    29 alpha electrons       28 beta electrons
       nuclear repulsion energy       333.1326308838 Hartrees.
 NAtoms=   15 NActive=   15 NUniq=   15 SFac= 1.00D+00 NAtFMM=   60 NAOKFM=F Big=F
 Integral buffers will be    131072 words long.
 Raffenetti 2 integral format.
 Two-electron integral symmetry is turned off.
 One-electron integrals computed using PRISM.
 NBasis=   186 RedAO= T EigKep=  4.77D-04  NBF=   186
 NBsUse=   186 1.00D-06 EigRej= -1.00D+00 NBFU=   186
 Initial guess from the checkpoint file:  "5-ts-6.chk"
 B after Tr=    -0.000030   -0.000146   -0.000097
         Rot=    1.000000   -0.000082    0.000005   -0.000039 Ang=  -0.01 deg.
 Initial guess <Sx>= 0.0000 <Sy>= 0.0000 <Sz>= 0.5000 <S**2>= 0.7535 S= 0.5017
 ExpMin= 1.03D-01 ExpMax= 8.59D+03 ExpMxC= 1.30D+03 IAcc=2 IRadAn=         4 AccDes= 0.00D+00
 Harris functional with IExCor=  402 and IRadAn=       4 diagonalized for initial guess.
 HarFok:  IExCor=  402 AccDes= 0.00D+00 IRadAn=         4 IDoV= 1 UseB2=F ITyADJ=14
 ICtDFT=  3500011 ScaDFX=  1.000000  1.000000  1.000000  1.000000
 FoFCou: FMM=F IPFlag=           0 FMFlag=      100000 FMFlg1=           0
         NFxFlg=           0 DoJE=T BraDBF=F KetDBF=T FulRan=T
         wScrn=  0.000000 ICntrl=       500 IOpCl=  0 I1Cent=   200000004 NGrid=           0
         NMat0=    1 NMatS0=      1 NMatT0=    0 NMatD0=    1 NMtDS0=    0 NMtDT0=    0
 Symmetry not used in FoFCou.
 Requested convergence on RMS density matrix=1.00D-08 within 128 cycles.
 Requested convergence on MAX density matrix=1.00D-06.
 Requested convergence on             energy=1.00D-06.
 No special actions if energy rises.
 Integral accuracy reduced to 1.0D-05 until final iterations.
 Initial convergence to 1.0D-05 achieved.  Increase integral accuracy.
 SCF Done:  E(UB3LYP) =  -346.158227764     A.U. after   17 cycles
            NFock= 17  Conv=0.70D-08     -V/T= 2.0038
 <Sx>= 0.0000 <Sy>= 0.0000 <Sz>= 0.5000 <S**2>= 0.7534 S= 0.5017
 <L.S>= 0.000000000000E+00
 Annihilation of the first spin contaminant:
 S**2 before annihilation     0.7534,   after     0.7500
 DoSCS=F DFT=T ScalE2(SS,OS)=  1.000000  1.000000
 Range of M.O.s used for correlation:     1   186
 NBasis=   186 NAE=    29 NBE=    28 NFC=     0 NFV=     0
 NROrb=    186 NOA=    29 NOB=    28 NVA=   157 NVB=   158

 **** Warning!!: The largest alpha MO coefficient is  0.10687073D+02


 **** Warning!!: The largest beta MO coefficient is  0.10830910D+02

 Symmetrizing basis deriv contribution to polar:
 IMax=3 JMax=2 DiffMx= 0.00D+00
 G2DrvN: will do    16 centers at a time, making    1 passes.
 Calling FoFCou, ICntrl=  3107 FMM=F I1Cent=   0 AccDes= 0.00D+00.
 End of G2Drv F.D. properties file   721 does not exist.
 End of G2Drv F.D. properties file   722 does not exist.
 End of G2Drv F.D. properties file   788 does not exist.
          IDoAtm=111111111111111
          Differentiating once with respect to nuclear coordinates.
 Keep R1 and R2 ints in memory in canonical form, NReq=318758048.
          There are    48 degrees of freedom in the 1st order CPHF.  IDoFFX=6 NUNeed=     0.
     42 vectors produced by pass  0 Test12= 1.87D-14 2.08D-09 XBig12= 3.99D-01 2.71D-01.
 AX will form    42 AO Fock derivatives at one time.
     42 vectors produced by pass  1 Test12= 1.87D-14 2.08D-09 XBig12= 1.16D-01 6.54D-02.
     42 vectors produced by pass  2 Test12= 1.87D-14 2.08D-09 XBig12= 4.95D-03 1.29D-02.
     42 vectors produced by pass  3 Test12= 1.87D-14 2.08D-09 XBig12= 4.50D-05 1.29D-03.
     42 vectors produced by pass  4 Test12= 1.87D-14 2.08D-09 XBig12= 2.86D-07 7.95D-05.
     42 vectors produced by pass  5 Test12= 1.87D-14 2.08D-09 XBig12= 2.12D-09 4.70D-06.
     30 vectors produced by pass  6 Test12= 1.87D-14 2.08D-09 XBig12= 1.42D-11 4.76D-07.
     10 vectors produced by pass  7 Test12= 1.87D-14 2.08D-09 XBig12= 6.18D-14 2.21D-08.
 InvSVY:  IOpt=1 It=  1 EMax= 2.44D-15
 Solved reduced A of dimension   292 with    42 vectors.
 End of Minotr F.D. properties file   721 does not exist.
 End of Minotr F.D. properties file   722 does not exist.
 End of Minotr F.D. properties file   788 does not exist.
 Calling FoFJK, ICntrl=    100147 FMM=F ISym2X=0 I1Cent= 0 IOpClX= 1 NMat=1 NMatS=1 NMatT=0.
 -------------------------------------------------------------------
 Center     Atomic                   Forces (Hartrees/Bohr)
 Number     Number              X              Y              Z
 -------------------------------------------------------------------
      1        6          -0.001307434    0.001197342   -0.001376105
      2        6           0.001606341    0.000365198    0.004755801
      3        6          -0.011101538    0.008238938   -0.026403795
      4        6           0.006181627   -0.009316547   -0.005885928
      5        6           0.011374461    0.004593266    0.017782488
      6        6           0.001223037   -0.001005712    0.002209167
      7        1          -0.000185595    0.000058668   -0.000246139
      8        1          -0.000087614   -0.000000480    0.000695391
      9        8          -0.008589876   -0.002915588    0.010463023
     10        1           0.000635880   -0.000101781    0.000362682
     11        1          -0.000826678   -0.001364685   -0.001309679
     12        6           0.000878232    0.000066299   -0.000677099
     13        1           0.000115581    0.000439006   -0.000239159
     14        1           0.000060248    0.000000116    0.000214947
     15        1           0.000023328   -0.000254038   -0.000345596
 -------------------------------------------------------------------
 Cartesian Forces:  Max     0.026403795 RMS     0.006238373
 IRC-IRC-IRC-IRC-IRC-IRC-IRC-IRC-IRC-IRC-IRC-IRC-IRC-IRC-IRC-IRC-IRC-IRC
 Reaction path inflection point has been passed.
   Previous lowest Hessian eigenvalue=   -0.0011567862
   Current lowest Hessian eigenvalue =    0.0002549588
 Pt 10 Step number   1 out of a maximum of  20
 Modified Bulirsch-Stoer Extrapolation Cycles:
    EPS =    0.000010000000000
      PEZero:  N= 2 I= 1 D=  7.96D-04 Err=  1.42D-05
      PEZero:  N= 3 I= 2 D=  7.96D-04 Err=  9.47D-06
      PEZero:  N= 3 I= 1 D=  1.59D-03 Err=  3.57D-08
 Maximum DWI energy   std dev =  0.000003140 at pt    33
 Maximum DWI gradient std dev =  0.005213748 at pt    43
 CORRECTOR INTEGRATION CONVERGENCE:
   Recorrection delta-x convergence threshold:    0.010000
   Delta-x Convergence Met
 Point Number:  10          Path Number:   1
   CHANGE IN THE REACTION COORDINATE =    0.15283
   NET REACTION COORDINATE UP TO THIS POINT =    1.52822
  # OF POINTS ALONG THE PATH =  10
  # OF STEPS =   1

 Maximum number of steps reached.
 Calculation of FORWARD path complete.
 Beginning calculation of the REVERSE path.
 
 Calculating another point on the path.
 IRC-IRC-IRC-IRC-IRC-IRC-IRC-IRC-IRC-IRC-IRC-IRC-IRC-IRC-IRC-IRC-IRC-IRC
                          Input orientation:                          
 ---------------------------------------------------------------------
 Center     Atomic      Atomic             Coordinates (Angstroms)
 Number     Number       Type             X           Y           Z
 ---------------------------------------------------------------------
      1          6           0        1.105423    1.187221   -0.363323
      2          6           0       -0.156617    1.628299   -0.067274
      3          6           0       -1.438192   -0.388384   -0.209737
      4          6           0       -0.906359    0.591561    0.711005
      5          6           0        0.081967   -0.608107    0.627494
      6          6           0        1.304222   -0.146248    0.082641
      7          1           0        1.838269    1.754900   -0.924151
      8          1           0       -0.601903    2.569525   -0.355836
      9          8           0       -2.417714   -0.974269   -0.550894
     10          1           0       -0.030127   -1.494550    1.238807
     11          1           0       -1.439943    0.869388    1.627203
     12          6           0        2.531768   -0.974874   -0.130934
     13          1           0        2.523786   -1.452161   -1.119481
     14          1           0        3.437621   -0.365482   -0.072621
     15          1           0        2.611620   -1.772743    0.611258
 ---------------------------------------------------------------------
                    Distance matrix (angstroms):
                    1          2          3          4          5
     1  C    0.000000
     2  C    1.369284   0.000000
     3  C    2.996014   2.393688   0.000000
     4  C    2.357172   1.497551   1.445996   0.000000
     5  C    2.291808   2.353962   1.749319   1.556588   0.000000
     6  C    1.420051   2.303376   2.768565   2.413685   1.415658
     7  H    1.083444   2.174818   3.979856   3.400011   3.328063
     8  H    2.196767   1.080488   3.077329   2.267859   3.395875
     9  O    4.137598   3.481352   1.191265   2.515632   2.787665
    10  H    3.323882   3.387334   2.303156   2.323406   1.082612
    11  H    3.246860   2.257017   2.226284   1.096046   2.344914
    12  C    2.600600   3.742723   4.013821   3.870826   2.590609
    13  H    3.090286   4.216744   4.201967   4.392423   3.118786
    14  H    2.816832   4.110199   4.877794   4.516654   3.436486
    15  H    3.461189   4.437412   4.357920   4.239819   2.784921
                    6          7          8          9         10
     6  C    0.000000
     7  H    2.216574   0.000000
     8  H    3.346789   2.634585   0.000000
     9  O    3.865203   5.069623   3.986689   0.000000
    10  H    2.221515   4.327611   4.403013   3.028909   0.000000
    11  H    3.308720   4.247377   2.743213   3.016490   2.779682
    12  C    1.496364   2.926056   4.736374   4.967266   2.951197
    13  H    2.153565   3.285321   5.150442   4.997009   3.476463
    14  H    2.150246   2.789095   5.001223   5.906294   3.875553
    15  H    2.152722   3.924261   5.487923   5.223252   2.729476
                   11         12         13         14         15
    11  H    0.000000
    12  C    4.718775   0.000000
    13  H    5.352104   1.097767   0.000000
    14  H    5.310832   1.093311   1.764052   0.000000
    15  H    4.942486   1.092621   1.762370   1.769280   0.000000
 Symmetry turned off by external request.
 Stoichiometry    C7H7O(2)
 Framework group  C1[X(C7H7O)]
 Deg. of freedom    39
 Full point group                 C1      NOp   1
 Rotational constants (GHZ):           3.9305205           1.7017708           1.3441035
 Standard basis: 6-311G(d,p) (5D, 7F)
   186 basis functions,   312 primitive gaussians,   194 cartesian basis functions
    29 alpha electrons       28 beta electrons
       nuclear repulsion energy       334.5447016118 Hartrees.
 NAtoms=   15 NActive=   15 NUniq=   15 SFac= 1.00D+00 NAtFMM=   60 NAOKFM=F Big=F
 Integral buffers will be    131072 words long.
 Raffenetti 2 integral format.
 Two-electron integral symmetry is turned off.
 One-electron integrals computed using PRISM.
 NBasis=   186 RedAO= T EigKep=  4.98D-04  NBF=   186
 NBsUse=   186 1.00D-06 EigRej= -1.00D+00 NBFU=   186
 Initial guess from the checkpoint file:  "5-ts-6.chk"
 B after Tr=     0.000101    0.002025    0.001448
         Rot=    0.999999    0.001100    0.000146    0.000353 Ang=   0.13 deg.
 Initial guess <Sx>= 0.0000 <Sy>= 0.0000 <Sz>= 0.5000 <S**2>= 0.7533 S= 0.5017
 ExpMin= 1.03D-01 ExpMax= 8.59D+03 ExpMxC= 1.30D+03 IAcc=2 IRadAn=         4 AccDes= 0.00D+00
 Harris functional with IExCor=  402 and IRadAn=       4 diagonalized for initial guess.
 HarFok:  IExCor=  402 AccDes= 0.00D+00 IRadAn=         4 IDoV= 1 UseB2=F ITyADJ=14
 ICtDFT=  3500011 ScaDFX=  1.000000  1.000000  1.000000  1.000000
 FoFCou: FMM=F IPFlag=           0 FMFlag=      100000 FMFlg1=           0
         NFxFlg=           0 DoJE=T BraDBF=F KetDBF=T FulRan=T
         wScrn=  0.000000 ICntrl=       500 IOpCl=  0 I1Cent=   200000004 NGrid=           0
         NMat0=    1 NMatS0=      1 NMatT0=    0 NMatD0=    1 NMtDS0=    0 NMtDT0=    0
 Symmetry not used in FoFCou.
 Requested convergence on RMS density matrix=1.00D-08 within 128 cycles.
 Requested convergence on MAX density matrix=1.00D-06.
 Requested convergence on             energy=1.00D-06.
 No special actions if energy rises.
 Integral accuracy reduced to 1.0D-05 until final iterations.
 Initial convergence to 1.0D-05 achieved.  Increase integral accuracy.
 SCF Done:  E(UB3LYP) =  -346.144958282     A.U. after   22 cycles
            NFock= 22  Conv=0.76D-08     -V/T= 2.0041
 <Sx>= 0.0000 <Sy>= 0.0000 <Sz>= 0.5000 <S**2>= 0.7780 S= 0.5139
 <L.S>= 0.000000000000E+00
 Annihilation of the first spin contaminant:
 S**2 before annihilation     0.7780,   after     0.7504
 DoSCS=F DFT=T ScalE2(SS,OS)=  1.000000  1.000000
 Range of M.O.s used for correlation:     1   186
 NBasis=   186 NAE=    29 NBE=    28 NFC=     0 NFV=     0
 NROrb=    186 NOA=    29 NOB=    28 NVA=   157 NVB=   158
 Symmetrizing basis deriv contribution to polar:
 IMax=3 JMax=2 DiffMx= 0.00D+00
 Calling FoFJK, ICntrl=      2147 FMM=F ISym2X=0 I1Cent= 0 IOpClX= 1 NMat=1 NMatS=1 NMatT=0.
 -------------------------------------------------------------------
 Center     Atomic                   Forces (Hartrees/Bohr)
 Number     Number              X              Y              Z
 -------------------------------------------------------------------
      1        6           0.000401145   -0.000265156    0.000027748
      2        6           0.000147817    0.000661717    0.000137138
      3        6           0.001298484   -0.002527799    0.004224757
      4        6          -0.000751957    0.001901746    0.000340301
      5        6          -0.003495708   -0.001277794   -0.002700468
      6        6           0.000131172    0.000424518   -0.001050795
      7        1           0.000058212    0.000008736    0.000073732
      8        1           0.000067259    0.000080517    0.000007337
      9        8           0.002291747    0.000638356   -0.001240734
     10        1           0.000030894    0.000248943    0.000153246
     11        1          -0.000076623    0.000187941   -0.000056191
     12        6          -0.000087849   -0.000027286    0.000020889
     13        1           0.000005115   -0.000090073    0.000040539
     14        1          -0.000004311   -0.000006845   -0.000033143
     15        1          -0.000015398    0.000042479    0.000055645
 -------------------------------------------------------------------
 Cartesian Forces:  Max     0.004224757 RMS     0.001161937
 IRC-IRC-IRC-IRC-IRC-IRC-IRC-IRC-IRC-IRC-IRC-IRC-IRC-IRC-IRC-IRC-IRC-IRC
 Pt 11 Step number   1 out of a maximum of  20
 Modified Bulirsch-Stoer Extrapolation Cycles:
    EPS =    0.000010000000000
      PEZero:  N= 2 I= 1 D=  3.98D-04 Err=  6.68D-04
      PEZero:  N= 3 I= 2 D=  3.98D-04 Err=  4.45D-04
      PEZero:  N= 3 I= 1 D=  7.96D-04 Err=  6.75D-08
 Maximum DWI energy   std dev =  0.000000628 at pt     1
 Maximum DWI gradient std dev =  0.051355098 at pt     1
 CORRECTOR INTEGRATION CONVERGENCE:
   Recorrection delta-x convergence threshold:    0.010000
   Delta-x Convergence Met
 Point Number:   1          Path Number:   2
   CHANGE IN THE REACTION COORDINATE =    0.15285
   NET REACTION COORDINATE UP TO THIS POINT =    0.15285
  # OF POINTS ALONG THE PATH =  11
  # OF STEPS =   1

 Calculating another point on the path.
 IRC-IRC-IRC-IRC-IRC-IRC-IRC-IRC-IRC-IRC-IRC-IRC-IRC-IRC-IRC-IRC-IRC-IRC
                          Input orientation:                          
 ---------------------------------------------------------------------
 Center     Atomic      Atomic             Coordinates (Angstroms)
 Number     Number       Type             X           Y           Z
 ---------------------------------------------------------------------
      1          6           0        1.106662    1.186289   -0.363201
      2          6           0       -0.156116    1.630363   -0.066808
      3          6           0       -1.433574   -0.395595   -0.196769
      4          6           0       -0.908779    0.597186    0.711835
      5          6           0        0.071815   -0.611519    0.619012
      6          6           0        1.304410   -0.145023    0.079552
      7          1           0        1.840376    1.755287   -0.921620
      8          1           0       -0.599531    2.572457   -0.355261
      9          8           0       -2.412942   -0.973130   -0.553793
     10          1           0       -0.030225   -1.488716    1.246470
     11          1           0       -1.443526    0.876732    1.626269
     12          6           0        2.531392   -0.974946   -0.130893
     13          1           0        2.524138   -1.455623   -1.118058
     14          1           0        3.437445   -0.365709   -0.073811
     15          1           0        2.611128   -1.771180    0.613308
 ---------------------------------------------------------------------
                    Distance matrix (angstroms):
                    1          2          3          4          5
     1  C    0.000000
     2  C    1.371007   0.000000
     3  C    2.997141   2.398602   0.000000
     4  C    2.358971   1.496743   1.444502   0.000000
     5  C    2.295160   2.355490   1.725781   1.559214   0.000000
     6  C    1.416871   2.303595   2.763276   2.418441   1.424052
     7  H    1.083479   2.175383   3.983774   3.401063   3.332135
     8  H    2.198322   1.080446   3.087083   2.266280   3.396707
     9  O    4.133646   3.479740   1.191711   2.515992   2.771327
    10  H    3.322530   3.386621   2.290686   2.325657   1.083324
    11  H    3.249196   2.256522   2.223147   1.095577   2.350684
    12  C    2.598992   3.743586   4.007611   3.875121   2.596912
    13  H    3.091722   4.220450   4.199514   4.398573   3.121508
    14  H    2.815136   4.110721   4.872662   4.520405   3.444980
    15  H    3.458845   4.437419   4.348341   4.243655   2.791586
                    6          7          8          9         10
     6  C    0.000000
     7  H    2.213771   0.000000
     8  H    3.346453   2.634706   0.000000
     9  O    3.860776   5.066584   3.987363   0.000000
    10  H    2.224513   4.327045   4.402588   3.030531   0.000000
    11  H    3.314734   4.248248   2.741217   3.019011   2.781548
    12  C    1.496177   2.925222   4.736780   4.962388   2.953468
    13  H    2.153992   3.288778   5.154086   4.992590   3.480928
    14  H    2.149898   2.787119   5.000921   5.901387   3.876728
    15  H    2.153322   3.922503   5.487590   5.219223   2.730829
                   11         12         13         14         15
    11  H    0.000000
    12  C    4.724013   0.000000
    13  H    5.358504   1.097998   0.000000
    14  H    5.315807   1.093325   1.764227   0.000000
    15  H    4.947499   1.092786   1.762037   1.769260   0.000000
 Symmetry turned off by external request.
 Stoichiometry    C7H7O(2)
 Framework group  C1[X(C7H7O)]
 Deg. of freedom    39
 Full point group                 C1      NOp   1
 Rotational constants (GHZ):           3.9268690           1.7051813           1.3449671
 Standard basis: 6-311G(d,p) (5D, 7F)
   186 basis functions,   312 primitive gaussians,   194 cartesian basis functions
    29 alpha electrons       28 beta electrons
       nuclear repulsion energy       334.6241001554 Hartrees.
 NAtoms=   15 NActive=   15 NUniq=   15 SFac= 1.00D+00 NAtFMM=   60 NAOKFM=F Big=F
 Integral buffers will be    131072 words long.
 Raffenetti 2 integral format.
 Two-electron integral symmetry is turned off.
 One-electron integrals computed using PRISM.
 NBasis=   186 RedAO= T EigKep=  5.04D-04  NBF=   186
 NBsUse=   186 1.00D-06 EigRej= -1.00D+00 NBFU=   186
 Initial guess from the checkpoint file:  "5-ts-6.chk"
 B after Tr=     0.000009    0.000243    0.000194
         Rot=    1.000000    0.000111    0.000028    0.000030 Ang=   0.01 deg.
 Initial guess <Sx>= 0.0000 <Sy>= 0.0000 <Sz>= 0.5000 <S**2>= 0.7777 S= 0.5138
 ExpMin= 1.03D-01 ExpMax= 8.59D+03 ExpMxC= 1.30D+03 IAcc=2 IRadAn=         4 AccDes= 0.00D+00
 Harris functional with IExCor=  402 and IRadAn=       4 diagonalized for initial guess.
 HarFok:  IExCor=  402 AccDes= 0.00D+00 IRadAn=         4 IDoV= 1 UseB2=F ITyADJ=14
 ICtDFT=  3500011 ScaDFX=  1.000000  1.000000  1.000000  1.000000
 FoFCou: FMM=F IPFlag=           0 FMFlag=      100000 FMFlg1=           0
         NFxFlg=           0 DoJE=T BraDBF=F KetDBF=T FulRan=T
         wScrn=  0.000000 ICntrl=       500 IOpCl=  0 I1Cent=   200000004 NGrid=           0
         NMat0=    1 NMatS0=      1 NMatT0=    0 NMatD0=    1 NMtDS0=    0 NMtDT0=    0
 Symmetry not used in FoFCou.
 Requested convergence on RMS density matrix=1.00D-08 within 128 cycles.
 Requested convergence on MAX density matrix=1.00D-06.
 Requested convergence on             energy=1.00D-06.
 No special actions if energy rises.
 Integral accuracy reduced to 1.0D-05 until final iterations.
 Initial convergence to 1.0D-05 achieved.  Increase integral accuracy.
 SCF Done:  E(UB3LYP) =  -346.145452465     A.U. after   18 cycles
            NFock= 18  Conv=0.56D-08     -V/T= 2.0041
 <Sx>= 0.0000 <Sy>= 0.0000 <Sz>= 0.5000 <S**2>= 0.7788 S= 0.5143
 <L.S>= 0.000000000000E+00
 Annihilation of the first spin contaminant:
 S**2 before annihilation     0.7788,   after     0.7505
 DoSCS=F DFT=T ScalE2(SS,OS)=  1.000000  1.000000
 Range of M.O.s used for correlation:     1   186
 NBasis=   186 NAE=    29 NBE=    28 NFC=     0 NFV=     0
 NROrb=    186 NOA=    29 NOB=    28 NVA=   157 NVB=   158
 Symmetrizing basis deriv contribution to polar:
 IMax=3 JMax=2 DiffMx= 0.00D+00
 Calling FoFJK, ICntrl=      2147 FMM=F ISym2X=0 I1Cent= 0 IOpClX= 1 NMat=1 NMatS=1 NMatT=0.
 -------------------------------------------------------------------
 Center     Atomic                   Forces (Hartrees/Bohr)
 Number     Number              X              Y              Z
 -------------------------------------------------------------------
      1        6           0.000719375   -0.000431842    0.000028190
      2        6           0.000366381    0.001366937    0.000387071
      3        6           0.002513712   -0.004734396    0.007651755
      4        6          -0.001379915    0.003618920    0.000562913
      5        6          -0.006536239   -0.002402478   -0.004845366
      6        6           0.000044480    0.000645790   -0.002088368
      7        1           0.000113462    0.000016229    0.000143569
      8        1           0.000144782    0.000171201    0.000035161
      9        8           0.004373979    0.001053682   -0.002199794
     10        1           0.000062053    0.000504173    0.000268601
     11        1          -0.000142830    0.000336725   -0.000103853
     12        6          -0.000234997   -0.000066554    0.000020841
     13        1           0.000008083   -0.000164230    0.000094795
     14        1          -0.000018370   -0.000006158   -0.000062831
     15        1          -0.000033957    0.000092001    0.000107315
 -------------------------------------------------------------------
 Cartesian Forces:  Max     0.007651755 RMS     0.002149793
 IRC-IRC-IRC-IRC-IRC-IRC-IRC-IRC-IRC-IRC-IRC-IRC-IRC-IRC-IRC-IRC-IRC-IRC
 Pt 12 Step number   1 out of a maximum of  20
 Modified Bulirsch-Stoer Extrapolation Cycles:
    EPS =    0.000010000000000
      PEZero:  N= 2 I= 1 D=  7.96D-04 Err=  1.43D-05
      PEZero:  N= 3 I= 2 D=  7.96D-04 Err=  9.52D-06
      PEZero:  N= 3 I= 1 D=  1.59D-03 Err=  3.92D-08
 Maximum DWI energy   std dev =  0.000002504 at pt    36
 Maximum DWI gradient std dev =  0.035521050 at pt    27
 CORRECTOR INTEGRATION CONVERGENCE:
   Recorrection delta-x convergence threshold:    0.010000
   Delta-x Convergence Met
 Point Number:   2          Path Number:   2
   CHANGE IN THE REACTION COORDINATE =    0.15280
   NET REACTION COORDINATE UP TO THIS POINT =    0.30564
  # OF POINTS ALONG THE PATH =  12
  # OF STEPS =   1

 Calculating another point on the path.
 IRC-IRC-IRC-IRC-IRC-IRC-IRC-IRC-IRC-IRC-IRC-IRC-IRC-IRC-IRC-IRC-IRC-IRC
                          Input orientation:                          
 ---------------------------------------------------------------------
 Center     Atomic      Atomic             Coordinates (Angstroms)
 Number     Number       Type             X           Y           Z
 ---------------------------------------------------------------------
      1          6           0        1.107843    1.185484   -0.363141
      2          6           0       -0.155442    1.632741   -0.066052
      3          6           0       -1.428877   -0.402971   -0.184261
      4          6           0       -0.911060    0.602995    0.712563
      5          6           0        0.061367   -0.615008    0.610920
      6          6           0        1.304232   -0.144031    0.076095
      7          1           0        1.842685    1.755730   -0.918855
      8          1           0       -0.596614    2.575974   -0.354143
      9          8           0       -2.407879   -0.972150   -0.556514
     10          1           0       -0.030028   -1.482348    1.254534
     11          1           0       -1.447130    0.883839    1.625064
     12          6           0        2.530902   -0.975042   -0.130863
     13          1           0        2.524482   -1.459268   -1.116494
     14          1           0        3.437002   -0.365741   -0.075064
     15          1           0        2.610512   -1.769411    0.615563
 ---------------------------------------------------------------------
                    Distance matrix (angstroms):
                    1          2          3          4          5
     1  C    0.000000
     2  C    1.372657   0.000000
     3  C    2.998356   2.404108   0.000000
     4  C    2.360594   1.495854   1.443744   0.000000
     5  C    2.299060   2.357472   1.702381   1.561883   0.000000
     6  C    1.413898   2.303861   2.757666   2.422944   1.432680
     7  H    1.083509   2.175985   3.987824   3.401975   3.336720
     8  H    2.199708   1.080424   3.097683   2.264815   3.398037
     9  O    4.129537   3.478431   1.192049   2.516368   2.754565
    10  H    3.320987   3.385773   2.278588   2.327790   1.083915
    11  H    3.251436   2.255922   2.220331   1.094943   2.355970
    12  C    2.597485   3.744487   4.001246   3.879262   2.603550
    13  H    3.093400   4.224446   4.196889   4.404694   3.124687
    14  H    2.813231   4.110920   4.867246   4.523764   3.453638
    15  H    3.456485   4.437313   4.338611   4.247257   2.798358
                    6          7          8          9         10
     6  C    0.000000
     7  H    2.211096   0.000000
     8  H    3.346154   2.634744   0.000000
     9  O    3.855612   5.063587   3.988837   0.000000
    10  H    2.227120   4.326179   4.402140   3.032222   0.000000
    11  H    3.320514   4.249070   2.739336   3.021095   2.782860
    12  C    1.496039   2.924327   4.737186   4.957091   2.955512
    13  H    2.154328   3.292434   5.158061   4.987890   3.485374
    14  H    2.149583   2.784684   5.000162   5.895944   3.877491
    15  H    2.153893   3.920538   5.487108   5.214752   2.731875
                   11         12         13         14         15
    11  H    0.000000
    12  C    4.729002   0.000000
    13  H    5.364699   1.098173   0.000000
    14  H    5.320397   1.093333   1.764390   0.000000
    15  H    4.952099   1.092937   1.761707   1.769277   0.000000
 Symmetry turned off by external request.
 Stoichiometry    C7H7O(2)
 Framework group  C1[X(C7H7O)]
 Deg. of freedom    39
 Full point group                 C1      NOp   1
 Rotational constants (GHZ):           3.9220837           1.7088305           1.3458861
 Standard basis: 6-311G(d,p) (5D, 7F)
   186 basis functions,   312 primitive gaussians,   194 cartesian basis functions
    29 alpha electrons       28 beta electrons
       nuclear repulsion energy       334.7002107153 Hartrees.
 NAtoms=   15 NActive=   15 NUniq=   15 SFac= 1.00D+00 NAtFMM=   60 NAOKFM=F Big=F
 Integral buffers will be    131072 words long.
 Raffenetti 2 integral format.
 Two-electron integral symmetry is turned off.
 One-electron integrals computed using PRISM.
 NBasis=   186 RedAO= T EigKep=  5.10D-04  NBF=   186
 NBsUse=   186 1.00D-06 EigRej= -1.00D+00 NBFU=   186
 Initial guess from the checkpoint file:  "5-ts-6.chk"
 B after Tr=     0.000019    0.000265    0.000215
         Rot=    1.000000    0.000111    0.000030    0.000031 Ang=   0.01 deg.
 Initial guess <Sx>= 0.0000 <Sy>= 0.0000 <Sz>= 0.5000 <S**2>= 0.7786 S= 0.5142
 ExpMin= 1.03D-01 ExpMax= 8.59D+03 ExpMxC= 1.30D+03 IAcc=2 IRadAn=         4 AccDes= 0.00D+00
 Harris functional with IExCor=  402 and IRadAn=       4 diagonalized for initial guess.
 HarFok:  IExCor=  402 AccDes= 0.00D+00 IRadAn=         4 IDoV= 1 UseB2=F ITyADJ=14
 ICtDFT=  3500011 ScaDFX=  1.000000  1.000000  1.000000  1.000000
 FoFCou: FMM=F IPFlag=           0 FMFlag=      100000 FMFlg1=           0
         NFxFlg=           0 DoJE=T BraDBF=F KetDBF=T FulRan=T
         wScrn=  0.000000 ICntrl=       500 IOpCl=  0 I1Cent=   200000004 NGrid=           0
         NMat0=    1 NMatS0=      1 NMatT0=    0 NMatD0=    1 NMtDS0=    0 NMtDT0=    0
 Symmetry not used in FoFCou.
 Requested convergence on RMS density matrix=1.00D-08 within 128 cycles.
 Requested convergence on MAX density matrix=1.00D-06.
 Requested convergence on             energy=1.00D-06.
 No special actions if energy rises.
 Integral accuracy reduced to 1.0D-05 until final iterations.
 Initial convergence to 1.0D-05 achieved.  Increase integral accuracy.
 SCF Done:  E(UB3LYP) =  -346.146205929     A.U. after   17 cycles
            NFock= 17  Conv=0.92D-08     -V/T= 2.0041
 <Sx>= 0.0000 <Sy>= 0.0000 <Sz>= 0.5000 <S**2>= 0.7786 S= 0.5142
 <L.S>= 0.000000000000E+00
 Annihilation of the first spin contaminant:
 S**2 before annihilation     0.7786,   after     0.7505
 DoSCS=F DFT=T ScalE2(SS,OS)=  1.000000  1.000000
 Range of M.O.s used for correlation:     1   186
 NBasis=   186 NAE=    29 NBE=    28 NFC=     0 NFV=     0
 NROrb=    186 NOA=    29 NOB=    28 NVA=   157 NVB=   158
 Symmetrizing basis deriv contribution to polar:
 IMax=3 JMax=2 DiffMx= 0.00D+00
 Calling FoFJK, ICntrl=      2147 FMM=F ISym2X=0 I1Cent= 0 IOpClX= 1 NMat=1 NMatS=1 NMatT=0.
 -------------------------------------------------------------------
 Center     Atomic                   Forces (Hartrees/Bohr)
 Number     Number              X              Y              Z
 -------------------------------------------------------------------
      1        6           0.000932251   -0.000529384    0.000015089
      2        6           0.000630553    0.002062051    0.000707279
      3        6           0.003694836   -0.006336129    0.010162166
      4        6          -0.001871242    0.004994933    0.000635907
      5        6          -0.008802204   -0.003178075   -0.006392220
      6        6          -0.000337159    0.000667996   -0.003030215
      7        1           0.000163196    0.000023219    0.000202408
      8        1           0.000225255    0.000262741    0.000085744
      9        8           0.006010670    0.001138818   -0.002897194
     10        1           0.000066540    0.000652765    0.000404383
     11        1          -0.000207298    0.000453636   -0.000110477
     12        6          -0.000427967   -0.000113093    0.000017503
     13        1           0.000014994   -0.000239252    0.000131823
     14        1          -0.000040570    0.000002599   -0.000088770
     15        1          -0.000051857    0.000137173    0.000156576
 -------------------------------------------------------------------
 Cartesian Forces:  Max     0.010162166 RMS     0.002896741
 IRC-IRC-IRC-IRC-IRC-IRC-IRC-IRC-IRC-IRC-IRC-IRC-IRC-IRC-IRC-IRC-IRC-IRC
 Pt 13 Step number   1 out of a maximum of  20
 Modified Bulirsch-Stoer Extrapolation Cycles:
    EPS =    0.000010000000000
      PEZero:  N= 2 I= 1 D=  7.96D-04 Err=  1.76D-05
      PEZero:  N= 3 I= 2 D=  7.96D-04 Err=  1.17D-05
      PEZero:  N= 3 I= 1 D=  1.59D-03 Err=  3.05D-08
 Maximum DWI energy   std dev =  0.000003851 at pt    36
 Maximum DWI gradient std dev =  0.023855771 at pt    28
 CORRECTOR INTEGRATION CONVERGENCE:
   Recorrection delta-x convergence threshold:    0.010000
   Delta-x Convergence Met
 Point Number:   3          Path Number:   2
   CHANGE IN THE REACTION COORDINATE =    0.15281
   NET REACTION COORDINATE UP TO THIS POINT =    0.45846
  # OF POINTS ALONG THE PATH =  13
  # OF STEPS =   1

 Calculating another point on the path.
 IRC-IRC-IRC-IRC-IRC-IRC-IRC-IRC-IRC-IRC-IRC-IRC-IRC-IRC-IRC-IRC-IRC-IRC
                          Input orientation:                          
 ---------------------------------------------------------------------
 Center     Atomic      Atomic             Coordinates (Angstroms)
 Number     Number       Type             X           Y           Z
 ---------------------------------------------------------------------
      1          6           0        1.108952    1.184790   -0.363121
      2          6           0       -0.154615    1.635381   -0.065076
      3          6           0       -1.424062   -0.410392   -0.172081
      4          6           0       -0.913301    0.608980    0.713219
      5          6           0        0.050843   -0.618526    0.603155
      6          6           0        1.303622   -0.143303    0.072316
      7          1           0        1.845147    1.756156   -0.915937
      8          1           0       -0.593209    2.580000   -0.352537
      9          8           0       -2.402541   -0.971351   -0.559131
     10          1           0       -0.029731   -1.475710    1.262593
     11          1           0       -1.450598    0.890714    1.623887
     12          6           0        2.530277   -0.975173   -0.130842
     13          1           0        2.524831   -1.463090   -1.114814
     14          1           0        3.436272   -0.365587   -0.076357
     15          1           0        2.609777   -1.767465    0.618001
 ---------------------------------------------------------------------
                    Distance matrix (angstroms):
                    1          2          3          4          5
     1  C    0.000000
     2  C    1.374214   0.000000
     3  C    2.999544   2.410007   0.000000
     4  C    2.362112   1.494941   1.443520   0.000000
     5  C    2.303309   2.359839   1.679183   1.564755   0.000000
     6  C    1.411146   2.304137   2.751604   2.427228   1.441208
     7  H    1.083535   2.176603   3.991864   3.402822   3.341598
     8  H    2.200926   1.080419   3.108911   2.263452   3.399812
     9  O    4.125281   3.477400   1.192436   2.516774   2.737606
    10  H    3.319308   3.384847   2.266573   2.329902   1.084489
    11  H    3.253611   2.255371   2.217901   1.094249   2.360938
    12  C    2.596066   3.745392   3.994681   3.883325   2.610276
    13  H    3.095323   4.228700   4.194124   4.410888   3.128150
    14  H    2.811106   4.110774   4.861483   4.526809   3.462201
    15  H    3.454111   4.437095   4.328710   4.250722   2.805071
                    6          7          8          9         10
     6  C    0.000000
     7  H    2.208583   0.000000
     8  H    3.345870   2.634714   0.000000
     9  O    3.849679   5.060579   3.991048   0.000000
    10  H    2.229327   4.325057   4.401698   3.033692   0.000000
    11  H    3.326003   4.249898   2.737710   3.023086   2.783768
    12  C    1.495983   2.923343   4.737570   4.951378   2.957337
    13  H    2.154639   3.296220   5.162347   4.982930   3.489701
    14  H    2.149351   2.781791   4.998947   5.889971   3.877929
    15  H    2.154464   3.918358   5.486485   5.209872   2.732694
                   11         12         13         14         15
    11  H    0.000000
    12  C    4.733707   0.000000
    13  H    5.370747   1.098314   0.000000
    14  H    5.324530   1.093339   1.764548   0.000000
    15  H    4.956246   1.093075   1.761393   1.769319   0.000000
 Symmetry turned off by external request.
 Stoichiometry    C7H7O(2)
 Framework group  C1[X(C7H7O)]
 Deg. of freedom    39
 Full point group                 C1      NOp   1
 Rotational constants (GHZ):           3.9162623           1.7127341           1.3468774
 Standard basis: 6-311G(d,p) (5D, 7F)
   186 basis functions,   312 primitive gaussians,   194 cartesian basis functions
    29 alpha electrons       28 beta electrons
       nuclear repulsion energy       334.7744257138 Hartrees.
 NAtoms=   15 NActive=   15 NUniq=   15 SFac= 1.00D+00 NAtFMM=   60 NAOKFM=F Big=F
 Integral buffers will be    131072 words long.
 Raffenetti 2 integral format.
 Two-electron integral symmetry is turned off.
 One-electron integrals computed using PRISM.
 NBasis=   186 RedAO= T EigKep=  5.15D-04  NBF=   186
 NBsUse=   186 1.00D-06 EigRej= -1.00D+00 NBFU=   186
 Initial guess from the checkpoint file:  "5-ts-6.chk"
 B after Tr=     0.000027    0.000276    0.000229
         Rot=    1.000000    0.000107    0.000031    0.000033 Ang=   0.01 deg.
 Initial guess <Sx>= 0.0000 <Sy>= 0.0000 <Sz>= 0.5000 <S**2>= 0.7783 S= 0.5141
 ExpMin= 1.03D-01 ExpMax= 8.59D+03 ExpMxC= 1.30D+03 IAcc=2 IRadAn=         4 AccDes= 0.00D+00
 Harris functional with IExCor=  402 and IRadAn=       4 diagonalized for initial guess.
 HarFok:  IExCor=  402 AccDes= 0.00D+00 IRadAn=         4 IDoV= 1 UseB2=F ITyADJ=14
 ICtDFT=  3500011 ScaDFX=  1.000000  1.000000  1.000000  1.000000
 FoFCou: FMM=F IPFlag=           0 FMFlag=      100000 FMFlg1=           0
         NFxFlg=           0 DoJE=T BraDBF=F KetDBF=T FulRan=T
         wScrn=  0.000000 ICntrl=       500 IOpCl=  0 I1Cent=   200000004 NGrid=           0
         NMat0=    1 NMatS0=      1 NMatT0=    0 NMatD0=    1 NMtDS0=    0 NMtDT0=    0
 Symmetry not used in FoFCou.
 Requested convergence on RMS density matrix=1.00D-08 within 128 cycles.
 Requested convergence on MAX density matrix=1.00D-06.
 Requested convergence on             energy=1.00D-06.
 No special actions if energy rises.
 Integral accuracy reduced to 1.0D-05 until final iterations.
 Initial convergence to 1.0D-05 achieved.  Increase integral accuracy.
 SCF Done:  E(UB3LYP) =  -346.147142448     A.U. after   17 cycles
            NFock= 17  Conv=0.69D-08     -V/T= 2.0041
 <Sx>= 0.0000 <Sy>= 0.0000 <Sz>= 0.5000 <S**2>= 0.7777 S= 0.5138
 <L.S>= 0.000000000000E+00
 Annihilation of the first spin contaminant:
 S**2 before annihilation     0.7777,   after     0.7505
 DoSCS=F DFT=T ScalE2(SS,OS)=  1.000000  1.000000
 Range of M.O.s used for correlation:     1   186
 NBasis=   186 NAE=    29 NBE=    28 NFC=     0 NFV=     0
 NROrb=    186 NOA=    29 NOB=    28 NVA=   157 NVB=   158
 Symmetrizing basis deriv contribution to polar:
 IMax=3 JMax=2 DiffMx= 0.00D+00
 Calling FoFJK, ICntrl=      2147 FMM=F ISym2X=0 I1Cent= 0 IOpClX= 1 NMat=1 NMatS=1 NMatT=0.
 -------------------------------------------------------------------
 Center     Atomic                   Forces (Hartrees/Bohr)
 Number     Number              X              Y              Z
 -------------------------------------------------------------------
      1        6           0.001015401   -0.000526640   -0.000017836
      2        6           0.000900559    0.002687161    0.001066068
      3        6           0.004515750   -0.007368696    0.011538814
      4        6          -0.002173022    0.006002533    0.000641271
      5        6          -0.010235573   -0.003667198   -0.007164734
      6        6          -0.000921234    0.000482828   -0.003867994
      7        1           0.000206003    0.000026506    0.000251918
      8        1           0.000308147    0.000353730    0.000149348
      9        8           0.007351707    0.001007952   -0.003257624
     10        1           0.000067602    0.000746414    0.000504656
     11        1          -0.000249115    0.000530185   -0.000105193
     12        6          -0.000663262   -0.000169518    0.000005553
     13        1           0.000021391   -0.000304292    0.000163748
     14        1          -0.000073465    0.000019673   -0.000109645
     15        1          -0.000070887    0.000179361    0.000201651
 -------------------------------------------------------------------
 Cartesian Forces:  Max     0.011538814 RMS     0.003376211
 IRC-IRC-IRC-IRC-IRC-IRC-IRC-IRC-IRC-IRC-IRC-IRC-IRC-IRC-IRC-IRC-IRC-IRC
 Pt 14 Step number   1 out of a maximum of  20
 Modified Bulirsch-Stoer Extrapolation Cycles:
    EPS =    0.000010000000000
      PEZero:  N= 2 I= 1 D=  7.96D-04 Err=  2.22D-05
      PEZero:  N= 3 I= 2 D=  7.96D-04 Err=  1.48D-05
      PEZero:  N= 3 I= 1 D=  1.59D-03 Err=  4.21D-08
 Maximum DWI energy   std dev =  0.000004656 at pt    71
 Maximum DWI gradient std dev =  0.019275212 at pt    38
 CORRECTOR INTEGRATION CONVERGENCE:
   Recorrection delta-x convergence threshold:    0.010000
   Delta-x Convergence Met
 Point Number:   4          Path Number:   2
   CHANGE IN THE REACTION COORDINATE =    0.15281
   NET REACTION COORDINATE UP TO THIS POINT =    0.61127
  # OF POINTS ALONG THE PATH =  14
  # OF STEPS =   1

 Calculating another point on the path.
 IRC-IRC-IRC-IRC-IRC-IRC-IRC-IRC-IRC-IRC-IRC-IRC-IRC-IRC-IRC-IRC-IRC-IRC
                          Input orientation:                          
 ---------------------------------------------------------------------
 Center     Atomic      Atomic             Coordinates (Angstroms)
 Number     Number       Type             X           Y           Z
 ---------------------------------------------------------------------
      1          6           0        1.109967    1.184211   -0.363140
      2          6           0       -0.153611    1.638324   -0.063840
      3          6           0       -1.419118   -0.417803   -0.160294
      4          6           0       -0.915530    0.615176    0.713804
      5          6           0        0.040339   -0.622047    0.595794
      6          6           0        1.302452   -0.142916    0.068140
      7          1           0        1.847819    1.756548   -0.912785
      8          1           0       -0.589171    2.584679   -0.350281
      9          8           0       -2.396851   -0.970801   -0.561640
     10          1           0       -0.029395   -1.468826    1.270682
     11          1           0       -1.453967    0.897502    1.622769
     12          6           0        2.529461   -0.975350   -0.130840
     13          1           0        2.525197   -1.467245   -1.112958
     14          1           0        3.435156   -0.365193   -0.077752
     15          1           0        2.608897   -1.765247    0.620720
 ---------------------------------------------------------------------
                    Distance matrix (angstroms):
                    1          2          3          4          5
     1  C    0.000000
     2  C    1.375656   0.000000
     3  C    3.000644   2.416292   0.000000
     4  C    2.363524   1.494015   1.443847   0.000000
     5  C    2.307862   2.362627   1.656321   1.567907   0.000000
     6  C    1.408658   2.304420   2.744939   2.431261   1.449453
     7  H    1.083561   2.177247   3.995863   3.403618   3.346716
     8  H    2.201941   1.080439   3.120866   2.262239   3.402121
     9  O    4.120831   3.476702   1.192831   2.517219   2.720510
    10  H    3.317548   3.383897   2.254701   2.332041   1.085068
    11  H    3.255732   2.254859   2.215977   1.093544   2.365724
    12  C    2.594731   3.746286   3.987857   3.887308   2.616974
    13  H    3.097631   4.233345   4.191243   4.417255   3.131887
    14  H    2.808665   4.110172   4.855261   4.529476   3.470507
    15  H    3.451677   4.436707   4.318622   4.254018   2.811587
                    6          7          8          9         10
     6  C    0.000000
     7  H    2.206264   0.000000
     8  H    3.345607   2.634602   0.000000
     9  O    3.842767   5.057564   3.994223   0.000000
    10  H    2.231135   4.323714   4.401338   3.034845   0.000000
    11  H    3.331243   4.250739   2.736305   3.025099   2.784399
    12  C    1.496026   2.922216   4.737914   4.945115   2.958974
    13  H    2.154982   3.300265   5.167112   4.977646   3.493949
    14  H    2.149213   2.778255   4.997121   5.883299   3.878065
    15  H    2.155018   3.915855   5.485648   5.204482   2.733295
                   11         12         13         14         15
    11  H    0.000000
    12  C    4.738187   0.000000
    13  H    5.376799   1.098424   0.000000
    14  H    5.328197   1.093340   1.764708   0.000000
    15  H    4.959959   1.093201   1.761094   1.769384   0.000000
 Symmetry turned off by external request.
 Stoichiometry    C7H7O(2)
 Framework group  C1[X(C7H7O)]
 Deg. of freedom    39
 Full point group                 C1      NOp   1
 Rotational constants (GHZ):           3.9092282           1.7169739           1.3479715
 Standard basis: 6-311G(d,p) (5D, 7F)
   186 basis functions,   312 primitive gaussians,   194 cartesian basis functions
    29 alpha electrons       28 beta electrons
       nuclear repulsion energy       334.8479226183 Hartrees.
 NAtoms=   15 NActive=   15 NUniq=   15 SFac= 1.00D+00 NAtFMM=   60 NAOKFM=F Big=F
 Integral buffers will be    131072 words long.
 Raffenetti 2 integral format.
 Two-electron integral symmetry is turned off.
 One-electron integrals computed using PRISM.
 NBasis=   186 RedAO= T EigKep=  5.20D-04  NBF=   186
 NBsUse=   186 1.00D-06 EigRej= -1.00D+00 NBFU=   186
 Initial guess from the checkpoint file:  "5-ts-6.chk"
 B after Tr=     0.000035    0.000292    0.000250
         Rot=    1.000000    0.000104    0.000033    0.000035 Ang=   0.01 deg.
 Initial guess <Sx>= 0.0000 <Sy>= 0.0000 <Sz>= 0.5000 <S**2>= 0.7775 S= 0.5137
 ExpMin= 1.03D-01 ExpMax= 8.59D+03 ExpMxC= 1.30D+03 IAcc=2 IRadAn=         4 AccDes= 0.00D+00
 Harris functional with IExCor=  402 and IRadAn=       4 diagonalized for initial guess.
 HarFok:  IExCor=  402 AccDes= 0.00D+00 IRadAn=         4 IDoV= 1 UseB2=F ITyADJ=14
 ICtDFT=  3500011 ScaDFX=  1.000000  1.000000  1.000000  1.000000
 FoFCou: FMM=F IPFlag=           0 FMFlag=      100000 FMFlg1=           0
         NFxFlg=           0 DoJE=T BraDBF=F KetDBF=T FulRan=T
         wScrn=  0.000000 ICntrl=       500 IOpCl=  0 I1Cent=   200000004 NGrid=           0
         NMat0=    1 NMatS0=      1 NMatT0=    0 NMatD0=    1 NMtDS0=    0 NMtDT0=    0
 Symmetry not used in FoFCou.
 Requested convergence on RMS density matrix=1.00D-08 within 128 cycles.
 Requested convergence on MAX density matrix=1.00D-06.
 Requested convergence on             energy=1.00D-06.
 No special actions if energy rises.
 Integral accuracy reduced to 1.0D-05 until final iterations.
 Initial convergence to 1.0D-05 achieved.  Increase integral accuracy.
 SCF Done:  E(UB3LYP) =  -346.148182445     A.U. after   17 cycles
            NFock= 17  Conv=0.59D-08     -V/T= 2.0041
 <Sx>= 0.0000 <Sy>= 0.0000 <Sz>= 0.5000 <S**2>= 0.7766 S= 0.5132
 <L.S>= 0.000000000000E+00
 Annihilation of the first spin contaminant:
 S**2 before annihilation     0.7766,   after     0.7505
 DoSCS=F DFT=T ScalE2(SS,OS)=  1.000000  1.000000
 Range of M.O.s used for correlation:     1   186
 NBasis=   186 NAE=    29 NBE=    28 NFC=     0 NFV=     0
 NROrb=    186 NOA=    29 NOB=    28 NVA=   157 NVB=   158
 Symmetrizing basis deriv contribution to polar:
 IMax=3 JMax=2 DiffMx= 0.00D+00
 G2DrvN: will do    16 centers at a time, making    1 passes.
 Calling FoFCou, ICntrl=  3107 FMM=F I1Cent=   0 AccDes= 0.00D+00.
 End of G2Drv F.D. properties file   721 does not exist.
 End of G2Drv F.D. properties file   722 does not exist.
 End of G2Drv F.D. properties file   788 does not exist.
          IDoAtm=111111111111111
          Differentiating once with respect to nuclear coordinates.
 Keep R1 and R2 ints in memory in canonical form, NReq=318758034.
          There are    48 degrees of freedom in the 1st order CPHF.  IDoFFX=6 NUNeed=     0.
     42 vectors produced by pass  0 Test12= 1.87D-14 2.08D-09 XBig12= 4.66D-01 2.25D-01.
 AX will form    42 AO Fock derivatives at one time.
     42 vectors produced by pass  1 Test12= 1.87D-14 2.08D-09 XBig12= 2.53D-01 1.12D-01.
     42 vectors produced by pass  2 Test12= 1.87D-14 2.08D-09 XBig12= 7.59D-03 1.17D-02.
     42 vectors produced by pass  3 Test12= 1.87D-14 2.08D-09 XBig12= 7.40D-05 1.47D-03.
     42 vectors produced by pass  4 Test12= 1.87D-14 2.08D-09 XBig12= 8.70D-07 1.93D-04.
     42 vectors produced by pass  5 Test12= 1.87D-14 2.08D-09 XBig12= 5.07D-09 1.21D-05.
     34 vectors produced by pass  6 Test12= 1.87D-14 2.08D-09 XBig12= 1.76D-11 5.50D-07.
     13 vectors produced by pass  7 Test12= 1.87D-14 2.08D-09 XBig12= 8.79D-14 2.90D-08.
 InvSVY:  IOpt=1 It=  1 EMax= 2.89D-15
 Solved reduced A of dimension   299 with    42 vectors.
 End of Minotr F.D. properties file   721 does not exist.
 End of Minotr F.D. properties file   722 does not exist.
 End of Minotr F.D. properties file   788 does not exist.
 Calling FoFJK, ICntrl=    100147 FMM=F ISym2X=0 I1Cent= 0 IOpClX= 1 NMat=1 NMatS=1 NMatT=0.
 -------------------------------------------------------------------
 Center     Atomic                   Forces (Hartrees/Bohr)
 Number     Number              X              Y              Z
 -------------------------------------------------------------------
      1        6           0.000978865   -0.000462058   -0.000056598
      2        6           0.001155490    0.003207071    0.001420104
      3        6           0.004949472   -0.007765972    0.011899608
      4        6          -0.002321596    0.006615180    0.000570231
      5        6          -0.010774030   -0.003869184   -0.007171487
      6        6          -0.001624491    0.000140846   -0.004566957
      7        1           0.000235122    0.000022431    0.000286794
      8        1           0.000386063    0.000431354    0.000224863
      9        8           0.008336465    0.000667491   -0.003348618
     10        1           0.000065829    0.000789641    0.000539945
     11        1          -0.000265181    0.000557956   -0.000093201
     12        6          -0.000944457   -0.000239067   -0.000010428
     13        1           0.000026095   -0.000356791    0.000191297
     14        1          -0.000115879    0.000043717   -0.000125839
     15        1          -0.000087766    0.000217385    0.000240287
 -------------------------------------------------------------------
 Cartesian Forces:  Max     0.011899608 RMS     0.003593014
 IRC-IRC-IRC-IRC-IRC-IRC-IRC-IRC-IRC-IRC-IRC-IRC-IRC-IRC-IRC-IRC-IRC-IRC
 Pt 15 Step number   1 out of a maximum of  20
 Modified Bulirsch-Stoer Extrapolation Cycles:
    EPS =    0.000010000000000
      PEZero:  N= 2 I= 1 D=  7.96D-04 Err=  2.75D-05
      PEZero:  N= 3 I= 2 D=  7.96D-04 Err=  1.83D-05
      PEZero:  N= 3 I= 1 D=  1.59D-03 Err=  3.16D-08
 Maximum DWI energy   std dev =  0.000005486 at pt    33
 Maximum DWI gradient std dev =  0.012848522 at pt    43
 CORRECTOR INTEGRATION CONVERGENCE:
   Recorrection delta-x convergence threshold:    0.010000
   Delta-x Convergence Met
 Point Number:   5          Path Number:   2
   CHANGE IN THE REACTION COORDINATE =    0.15280
   NET REACTION COORDINATE UP TO THIS POINT =    0.76407
  # OF POINTS ALONG THE PATH =  15
  # OF STEPS =   1

 Calculating another point on the path.
 IRC-IRC-IRC-IRC-IRC-IRC-IRC-IRC-IRC-IRC-IRC-IRC-IRC-IRC-IRC-IRC-IRC-IRC
                          Input orientation:                          
 ---------------------------------------------------------------------
 Center     Atomic      Atomic             Coordinates (Angstroms)
 Number     Number       Type             X           Y           Z
 ---------------------------------------------------------------------
      1          6           0        1.110845    1.183760   -0.363210
      2          6           0       -0.152387    1.641642   -0.062294
      3          6           0       -1.414124   -0.425122   -0.148927
      4          6           0       -0.917767    0.621629    0.714274
      5          6           0        0.030024   -0.625571    0.589016
      6          6           0        1.300546   -0.142967    0.063436
      7          1           0        1.850668    1.756820   -0.909467
      8          1           0       -0.584402    2.590105   -0.347210
      9          8           0       -2.390675   -0.970568   -0.564079
     10          1           0       -0.028885   -1.461785    1.278518
     11          1           0       -1.457128    0.903986    1.621833
     12          6           0        2.528370   -0.975595   -0.130846
     13          1           0        2.525582   -1.471748   -1.110882
     14          1           0        3.433515   -0.364496   -0.079225
     15          1           0        2.607822   -1.762713    0.623765
 ---------------------------------------------------------------------
                    Distance matrix (angstroms):
                    1          2          3          4          5
     1  C    0.000000
     2  C    1.376939   0.000000
     3  C    3.001647   2.423014   0.000000
     4  C    2.364790   1.493081   1.444705   0.000000
     5  C    2.312701   2.365953   1.634106   1.571466   0.000000
     6  C    1.406492   2.304702   2.737544   2.434977   1.457178
     7  H    1.083574   2.177888   3.999770   3.404325   3.352012
     8  H    2.202709   1.080461   3.133583   2.261145   3.405086
     9  O    4.116080   3.476401   1.193111   2.517684   2.703412
    10  H    3.315594   3.382941   2.243024   2.334330   1.085420
    11  H    3.257784   2.254500   2.214490   1.092840   2.370206
    12  C    2.593489   3.747143   3.980780   3.891171   2.623443
    13  H    3.100358   4.238426   4.188326   4.423808   3.135838
    14  H    2.805805   4.108962   4.848519   4.531638   3.478284
    15  H    3.449168   4.436109   4.308394   4.257119   2.817684
                    6          7          8          9         10
     6  C    0.000000
     7  H    2.204171   0.000000
     8  H    3.345347   2.634400   0.000000
     9  O    3.834555   5.054397   3.998505   0.000000
    10  H    2.232284   4.321969   4.401068   3.035541   0.000000
    11  H    3.336087   4.251626   2.735284   3.027155   2.784711
    12  C    1.496184   2.920894   4.738183   4.938089   2.960108
    13  H    2.155318   3.304502   5.172412   4.971897   3.497804
    14  H    2.149182   2.773930   4.994511   5.875678   3.877592
    15  H    2.155577   3.912952   5.484534   5.198407   2.733402
                   11         12         13         14         15
    11  H    0.000000
    12  C    4.742247   0.000000
    13  H    5.382734   1.098474   0.000000
    14  H    5.331138   1.093341   1.764841   0.000000
    15  H    4.962987   1.093300   1.760801   1.769455   0.000000
 Symmetry turned off by external request.
 Stoichiometry    C7H7O(2)
 Framework group  C1[X(C7H7O)]
 Deg. of freedom    39
 Full point group                 C1      NOp   1
 Rotational constants (GHZ):           3.9007626           1.7216668           1.3492197
 Standard basis: 6-311G(d,p) (5D, 7F)
   186 basis functions,   312 primitive gaussians,   194 cartesian basis functions
    29 alpha electrons       28 beta electrons
       nuclear repulsion energy       334.9246313974 Hartrees.
 NAtoms=   15 NActive=   15 NUniq=   15 SFac= 1.00D+00 NAtFMM=   60 NAOKFM=F Big=F
 Integral buffers will be    131072 words long.
 Raffenetti 2 integral format.
 Two-electron integral symmetry is turned off.
 One-electron integrals computed using PRISM.
 NBasis=   186 RedAO= T EigKep=  5.24D-04  NBF=   186
 NBsUse=   186 1.00D-06 EigRej= -1.00D+00 NBFU=   186
 Initial guess from the checkpoint file:  "5-ts-6.chk"
 B after Tr=     0.000045    0.000301    0.000269
         Rot=    1.000000    0.000096    0.000033    0.000037 Ang=   0.01 deg.
 Initial guess <Sx>= 0.0000 <Sy>= 0.0000 <Sz>= 0.5000 <S**2>= 0.7764 S= 0.5131
 ExpMin= 1.03D-01 ExpMax= 8.59D+03 ExpMxC= 1.30D+03 IAcc=2 IRadAn=         4 AccDes= 0.00D+00
 Harris functional with IExCor=  402 and IRadAn=       4 diagonalized for initial guess.
 HarFok:  IExCor=  402 AccDes= 0.00D+00 IRadAn=         4 IDoV= 1 UseB2=F ITyADJ=14
 ICtDFT=  3500011 ScaDFX=  1.000000  1.000000  1.000000  1.000000
 FoFCou: FMM=F IPFlag=           0 FMFlag=      100000 FMFlg1=           0
         NFxFlg=           0 DoJE=T BraDBF=F KetDBF=T FulRan=T
         wScrn=  0.000000 ICntrl=       500 IOpCl=  0 I1Cent=   200000004 NGrid=           0
         NMat0=    1 NMatS0=      1 NMatT0=    0 NMatD0=    1 NMtDS0=    0 NMtDT0=    0
 Symmetry not used in FoFCou.
 Requested convergence on RMS density matrix=1.00D-08 within 128 cycles.
 Requested convergence on MAX density matrix=1.00D-06.
 Requested convergence on             energy=1.00D-06.
 No special actions if energy rises.
 Integral accuracy reduced to 1.0D-05 until final iterations.
 Initial convergence to 1.0D-05 achieved.  Increase integral accuracy.
 SCF Done:  E(UB3LYP) =  -346.149251626     A.U. after   17 cycles
            NFock= 17  Conv=0.47D-08     -V/T= 2.0041
 <Sx>= 0.0000 <Sy>= 0.0000 <Sz>= 0.5000 <S**2>= 0.7756 S= 0.5127
 <L.S>= 0.000000000000E+00
 Annihilation of the first spin contaminant:
 S**2 before annihilation     0.7756,   after     0.7504
 DoSCS=F DFT=T ScalE2(SS,OS)=  1.000000  1.000000
 Range of M.O.s used for correlation:     1   186
 NBasis=   186 NAE=    29 NBE=    28 NFC=     0 NFV=     0
 NROrb=    186 NOA=    29 NOB=    28 NVA=   157 NVB=   158
 Symmetrizing basis deriv contribution to polar:
 IMax=3 JMax=2 DiffMx= 0.00D+00
 Calling FoFJK, ICntrl=      2147 FMM=F ISym2X=0 I1Cent= 0 IOpClX= 1 NMat=1 NMatS=1 NMatT=0.
 -------------------------------------------------------------------
 Center     Atomic                   Forces (Hartrees/Bohr)
 Number     Number              X              Y              Z
 -------------------------------------------------------------------
      1        6           0.000844900   -0.000413175   -0.000095664
      2        6           0.001363548    0.003592403    0.001754391
      3        6           0.005087709   -0.007489134    0.011456343
      4        6          -0.002332867    0.006775501    0.000449660
      5        6          -0.010458457   -0.003673316   -0.006628721
      6        6          -0.002306858   -0.000265109   -0.005099734
      7        1           0.000255653    0.000016392    0.000302013
      8        1           0.000448815    0.000505254    0.000306351
      9        8           0.008842986    0.000096280   -0.003286665
     10        1           0.000041005    0.000680373    0.000612119
     11        1          -0.000276626    0.000570135   -0.000077552
     12        6          -0.001274796   -0.000298628   -0.000033877
     13        1           0.000034423   -0.000411726    0.000199438
     14        1          -0.000166548    0.000072320   -0.000136729
     15        1          -0.000102885    0.000242429    0.000278626
 -------------------------------------------------------------------
 Cartesian Forces:  Max     0.011456343 RMS     0.003574005
 IRC-IRC-IRC-IRC-IRC-IRC-IRC-IRC-IRC-IRC-IRC-IRC-IRC-IRC-IRC-IRC-IRC-IRC
 Pt 16 Step number   1 out of a maximum of  20
 Modified Bulirsch-Stoer Extrapolation Cycles:
    EPS =    0.000010000000000
      PEZero:  N= 2 I= 1 D=  7.96D-04 Err=  2.88D-05
      PEZero:  N= 3 I= 2 D=  7.96D-04 Err=  1.91D-05
      PEZero:  N= 3 I= 1 D=  1.59D-03 Err=  4.99D-08
 Maximum DWI energy   std dev =  0.000001667 at pt    31
 Maximum DWI gradient std dev =  0.008241074 at pt    29
 CORRECTOR INTEGRATION CONVERGENCE:
   Recorrection delta-x convergence threshold:    0.010000
   Delta-x Convergence Met
 Point Number:   6          Path Number:   2
   CHANGE IN THE REACTION COORDINATE =    0.15279
   NET REACTION COORDINATE UP TO THIS POINT =    0.91686
  # OF POINTS ALONG THE PATH =  16
  # OF STEPS =   1

 Calculating another point on the path.
 IRC-IRC-IRC-IRC-IRC-IRC-IRC-IRC-IRC-IRC-IRC-IRC-IRC-IRC-IRC-IRC-IRC-IRC
                          Input orientation:                          
 ---------------------------------------------------------------------
 Center     Atomic      Atomic             Coordinates (Angstroms)
 Number     Number       Type             X           Y           Z
 ---------------------------------------------------------------------
      1          6           0        1.111604    1.183340   -0.363319
      2          6           0       -0.150962    1.645321   -0.060420
      3          6           0       -1.409054   -0.432193   -0.137961
      4          6           0       -0.920036    0.628255    0.714655
      5          6           0        0.019978   -0.628973    0.582801
      6          6           0        1.298047   -0.143380    0.058230
      7          1           0        1.853702    1.756971   -0.905944
      8          1           0       -0.578907    2.596345   -0.343130
      9          8           0       -2.384102   -0.970746   -0.566483
     10          1           0       -0.028530   -1.454964    1.286395
     11          1           0       -1.460422    0.910595    1.620835
     12          6           0        2.526953   -0.975918   -0.130893
     13          1           0        2.526020   -1.476884   -1.108565
     14          1           0        3.431293   -0.363492   -0.080896
     15          1           0        2.606570   -1.759792    0.627241
 ---------------------------------------------------------------------
                    Distance matrix (angstroms):
                    1          2          3          4          5
     1  C    0.000000
     2  C    1.378132   0.000000
     3  C    3.002408   2.429994   0.000000
     4  C    2.365948   1.492193   1.445906   0.000000
     5  C    2.317600   2.369677   1.612561   1.575321   0.000000
     6  C    1.404511   2.305029   2.729524   2.438485   1.464389
     7  H    1.083606   2.178543   4.003475   3.404991   3.357325
     8  H    2.203366   1.080514   3.146948   2.260234   3.408620
     9  O    4.111123   3.476611   1.193478   2.518255   2.686497
    10  H    3.313927   3.382405   2.231747   2.336978   1.086120
    11  H    3.259843   2.254135   2.213387   1.092197   2.374736
    12  C    2.592224   3.747944   3.973391   3.894875   2.629572
    13  H    3.103667   4.244173   4.185481   4.430693   3.140050
    14  H    2.802393   4.107104   4.841171   4.533270   3.485405
    15  H    3.446471   4.435274   4.298057   4.259972   2.823329
                    6          7          8          9         10
     6  C    0.000000
     7  H    2.202207   0.000000
     8  H    3.345167   2.634178   0.000000
     9  O    3.825314   5.051204   4.004093   0.000000
    10  H    2.233484   4.320379   4.401292   3.035843   0.000000
    11  H    3.340921   4.252573   2.734224   3.029354   2.785324
    12  C    1.496361   2.919358   4.738404   4.930338   2.961197
    13  H    2.155820   3.309212   5.178577   4.965816   3.501720
    14  H    2.149080   2.768729   4.991103   5.867144   3.877006
    15  H    2.156106   3.909615   5.483140   5.191761   2.733342
                   11         12         13         14         15
    11  H    0.000000
    12  C    4.746224   0.000000
    13  H    5.389007   1.098549   0.000000
    14  H    5.333673   1.093342   1.765011   0.000000
    15  H    4.965745   1.093419   1.760553   1.769543   0.000000
 Symmetry turned off by external request.
 Stoichiometry    C7H7O(2)
 Framework group  C1[X(C7H7O)]
 Deg. of freedom    39
 Full point group                 C1      NOp   1
 Rotational constants (GHZ):           3.8909485           1.7267632           1.3505948
 Standard basis: 6-311G(d,p) (5D, 7F)
   186 basis functions,   312 primitive gaussians,   194 cartesian basis functions
    29 alpha electrons       28 beta electrons
       nuclear repulsion energy       335.0002719956 Hartrees.
 NAtoms=   15 NActive=   15 NUniq=   15 SFac= 1.00D+00 NAtFMM=   60 NAOKFM=F Big=F
 Integral buffers will be    131072 words long.
 Raffenetti 2 integral format.
 Two-electron integral symmetry is turned off.
 One-electron integrals computed using PRISM.
 NBasis=   186 RedAO= T EigKep=  5.27D-04  NBF=   186
 NBsUse=   186 1.00D-06 EigRej= -1.00D+00 NBFU=   186
 Initial guess from the checkpoint file:  "5-ts-6.chk"
 B after Tr=     0.000044    0.000314    0.000297
         Rot=    1.000000    0.000092    0.000036    0.000041 Ang=   0.01 deg.
 Initial guess <Sx>= 0.0000 <Sy>= 0.0000 <Sz>= 0.5000 <S**2>= 0.7754 S= 0.5126
 ExpMin= 1.03D-01 ExpMax= 8.59D+03 ExpMxC= 1.30D+03 IAcc=2 IRadAn=         4 AccDes= 0.00D+00
 Harris functional with IExCor=  402 and IRadAn=       4 diagonalized for initial guess.
 HarFok:  IExCor=  402 AccDes= 0.00D+00 IRadAn=         4 IDoV= 1 UseB2=F ITyADJ=14
 ICtDFT=  3500011 ScaDFX=  1.000000  1.000000  1.000000  1.000000
 FoFCou: FMM=F IPFlag=           0 FMFlag=      100000 FMFlg1=           0
         NFxFlg=           0 DoJE=T BraDBF=F KetDBF=T FulRan=T
         wScrn=  0.000000 ICntrl=       500 IOpCl=  0 I1Cent=   200000004 NGrid=           0
         NMat0=    1 NMatS0=      1 NMatT0=    0 NMatD0=    1 NMtDS0=    0 NMtDT0=    0
 Symmetry not used in FoFCou.
 Requested convergence on RMS density matrix=1.00D-08 within 128 cycles.
 Requested convergence on MAX density matrix=1.00D-06.
 Requested convergence on             energy=1.00D-06.
 No special actions if energy rises.
 Integral accuracy reduced to 1.0D-05 until final iterations.
 Initial convergence to 1.0D-05 achieved.  Increase integral accuracy.
 SCF Done:  E(UB3LYP) =  -346.150286255     A.U. after   16 cycles
            NFock= 16  Conv=0.91D-08     -V/T= 2.0041
 <Sx>= 0.0000 <Sy>= 0.0000 <Sz>= 0.5000 <S**2>= 0.7748 S= 0.5123
 <L.S>= 0.000000000000E+00
 Annihilation of the first spin contaminant:
 S**2 before annihilation     0.7748,   after     0.7504
 DoSCS=F DFT=T ScalE2(SS,OS)=  1.000000  1.000000
 Range of M.O.s used for correlation:     1   186
 NBasis=   186 NAE=    29 NBE=    28 NFC=     0 NFV=     0
 NROrb=    186 NOA=    29 NOB=    28 NVA=   157 NVB=   158
 Symmetrizing basis deriv contribution to polar:
 IMax=3 JMax=2 DiffMx= 0.00D+00
 Calling FoFJK, ICntrl=      2147 FMM=F ISym2X=0 I1Cent= 0 IOpClX= 1 NMat=1 NMatS=1 NMatT=0.
 -------------------------------------------------------------------
 Center     Atomic                   Forces (Hartrees/Bohr)
 Number     Number              X              Y              Z
 -------------------------------------------------------------------
      1        6           0.000632604   -0.000280241   -0.000157237
      2        6           0.001545229    0.003826206    0.002051603
      3        6           0.004614885   -0.006843046    0.010225905
      4        6          -0.002247029    0.006672597    0.000295501
      5        6          -0.009381120   -0.003459144   -0.005364744
      6        6          -0.003008271   -0.000752305   -0.005448902
      7        1           0.000255476   -0.000004690    0.000305274
      8        1           0.000505271    0.000551065    0.000390880
      9        8           0.009194568   -0.000488819   -0.003019677
     10        1           0.000045170    0.000711379    0.000477749
     11        1          -0.000260125    0.000531338   -0.000063190
     12        6          -0.001591428   -0.000400732   -0.000072715
     13        1           0.000032014   -0.000436985    0.000228273
     14        1          -0.000216938    0.000096300   -0.000148470
     15        1          -0.000120305    0.000277076    0.000299748
 -------------------------------------------------------------------
 Cartesian Forces:  Max     0.010225905 RMS     0.003370498
 IRC-IRC-IRC-IRC-IRC-IRC-IRC-IRC-IRC-IRC-IRC-IRC-IRC-IRC-IRC-IRC-IRC-IRC
 Pt 17 Step number   1 out of a maximum of  20
 Modified Bulirsch-Stoer Extrapolation Cycles:
    EPS =    0.000010000000000
      PEZero:  N= 2 I= 1 D=  7.96D-04 Err=  3.74D-05
      PEZero:  N= 3 I= 2 D=  7.96D-04 Err=  2.50D-05
      PEZero:  N= 3 I= 1 D=  1.59D-03 Err=  5.31D-08
 Maximum DWI energy   std dev =  0.000003980 at pt    35
 Maximum DWI gradient std dev =  0.017180774 at pt    29
 CORRECTOR INTEGRATION CONVERGENCE:
   Recorrection delta-x convergence threshold:    0.010000
   Delta-x Convergence Met
 Point Number:   7          Path Number:   2
   CHANGE IN THE REACTION COORDINATE =    0.15276
   NET REACTION COORDINATE UP TO THIS POINT =    1.06962
  # OF POINTS ALONG THE PATH =  17
  # OF STEPS =   1

 Calculating another point on the path.
 IRC-IRC-IRC-IRC-IRC-IRC-IRC-IRC-IRC-IRC-IRC-IRC-IRC-IRC-IRC-IRC-IRC-IRC
                          Input orientation:                          
 ---------------------------------------------------------------------
 Center     Atomic      Atomic             Coordinates (Angstroms)
 Number     Number       Type             X           Y           Z
 ---------------------------------------------------------------------
      1          6           0        1.112159    1.183007   -0.363508
      2          6           0       -0.149231    1.649516   -0.058065
      3          6           0       -1.404125   -0.438852   -0.127624
      4          6           0       -0.922360    0.635142    0.714881
      5          6           0        0.010557   -0.632220    0.577606
      6          6           0        1.294615   -0.144364    0.052258
      7          1           0        1.856976    1.756884   -0.902182
      8          1           0       -0.572260    2.603796   -0.337486
      9          8           0       -2.376869   -0.971524   -0.568884
     10          1           0       -0.028128   -1.448292    1.293915
     11          1           0       -1.463777    0.917218    1.619842
     12          6           0        2.525043   -0.976377   -0.130993
     13          1           0        2.526451   -1.482934   -1.105818
     14          1           0        3.428201   -0.362063   -0.082901
     15          1           0        2.605001   -1.756238    0.631392
 ---------------------------------------------------------------------
                    Distance matrix (angstroms):
                    1          2          3          4          5
     1  C    0.000000
     2  C    1.379142   0.000000
     3  C    3.002958   2.437392   0.000000
     4  C    2.366928   1.491351   1.447541   0.000000
     5  C    2.322557   2.374012   1.592504   1.579679   0.000000
     6  C    1.402877   2.305400   2.720714   2.441655   1.470646
     7  H    1.083631   2.179204   4.006991   3.405570   3.362567
     8  H    2.203767   1.080592   3.161289   2.259568   3.413044
     9  O    4.105789   3.477522   1.193599   2.518933   2.670088
    10  H    3.312256   3.382149   2.221060   2.340005   1.086539
    11  H    3.261866   2.253811   2.212718   1.091629   2.379218
    12  C    2.590992   3.748650   3.965767   3.898343   2.634994
    13  H    3.107811   4.250801   4.182870   4.437960   3.144416
    14  H    2.798219   4.104277   4.833143   4.534121   3.491353
    15  H    3.443481   4.433995   4.287739   4.262387   2.827976
                    6          7          8          9         10
     6  C    0.000000
     7  H    2.200443   0.000000
     8  H    3.345072   2.633881   0.000000
     9  O    3.814421   5.047845   4.011617   0.000000
    10  H    2.234187   4.318519   4.401927   3.035442   0.000000
    11  H    3.345595   4.253592   2.733218   3.031766   2.786208
    12  C    1.496589   2.917492   4.738519   4.921434   2.961714
    13  H    2.156462   3.314527   5.185915   4.959071   3.505109
    14  H    2.148918   2.762228   4.986464   5.857171   3.875787
    15  H    2.156536   3.905562   5.481206   5.184156   2.732607
                   11         12         13         14         15
    11  H    0.000000
    12  C    4.749928   0.000000
    13  H    5.395542   1.098584   0.000000
    14  H    5.335480   1.093338   1.765181   0.000000
    15  H    4.967833   1.093530   1.760330   1.769632   0.000000
 Symmetry turned off by external request.
 Stoichiometry    C7H7O(2)
 Framework group  C1[X(C7H7O)]
 Deg. of freedom    39
 Full point group                 C1      NOp   1
 Rotational constants (GHZ):           3.8791897           1.7324752           1.3521776
 Standard basis: 6-311G(d,p) (5D, 7F)
   186 basis functions,   312 primitive gaussians,   194 cartesian basis functions
    29 alpha electrons       28 beta electrons
       nuclear repulsion energy       335.0792180441 Hartrees.
 NAtoms=   15 NActive=   15 NUniq=   15 SFac= 1.00D+00 NAtFMM=   60 NAOKFM=F Big=F
 Integral buffers will be    131072 words long.
 Raffenetti 2 integral format.
 Two-electron integral symmetry is turned off.
 One-electron integrals computed using PRISM.
 NBasis=   186 RedAO= T EigKep=  5.29D-04  NBF=   186
 NBsUse=   186 1.00D-06 EigRej= -1.00D+00 NBFU=   186
 Initial guess from the checkpoint file:  "5-ts-6.chk"
 B after Tr=     0.000047    0.000334    0.000334
         Rot=    1.000000    0.000085    0.000039    0.000046 Ang=   0.01 deg.
 Initial guess <Sx>= 0.0000 <Sy>= 0.0000 <Sz>= 0.5000 <S**2>= 0.7747 S= 0.5123
 ExpMin= 1.03D-01 ExpMax= 8.59D+03 ExpMxC= 1.30D+03 IAcc=2 IRadAn=         4 AccDes= 0.00D+00
 Harris functional with IExCor=  402 and IRadAn=       4 diagonalized for initial guess.
 HarFok:  IExCor=  402 AccDes= 0.00D+00 IRadAn=         4 IDoV= 1 UseB2=F ITyADJ=14
 ICtDFT=  3500011 ScaDFX=  1.000000  1.000000  1.000000  1.000000
 FoFCou: FMM=F IPFlag=           0 FMFlag=      100000 FMFlg1=           0
         NFxFlg=           0 DoJE=T BraDBF=F KetDBF=T FulRan=T
         wScrn=  0.000000 ICntrl=       500 IOpCl=  0 I1Cent=   200000004 NGrid=           0
         NMat0=    1 NMatS0=      1 NMatT0=    0 NMatD0=    1 NMtDS0=    0 NMtDT0=    0
 Symmetry not used in FoFCou.
 Requested convergence on RMS density matrix=1.00D-08 within 128 cycles.
 Requested convergence on MAX density matrix=1.00D-06.
 Requested convergence on             energy=1.00D-06.
 No special actions if energy rises.
 Integral accuracy reduced to 1.0D-05 until final iterations.
 Initial convergence to 1.0D-05 achieved.  Increase integral accuracy.
 SCF Done:  E(UB3LYP) =  -346.151241341     A.U. after   16 cycles
            NFock= 16  Conv=0.69D-08     -V/T= 2.0041
 <Sx>= 0.0000 <Sy>= 0.0000 <Sz>= 0.5000 <S**2>= 0.7741 S= 0.5120
 <L.S>= 0.000000000000E+00
 Annihilation of the first spin contaminant:
 S**2 before annihilation     0.7741,   after     0.7503
 DoSCS=F DFT=T ScalE2(SS,OS)=  1.000000  1.000000
 Range of M.O.s used for correlation:     1   186
 NBasis=   186 NAE=    29 NBE=    28 NFC=     0 NFV=     0
 NROrb=    186 NOA=    29 NOB=    28 NVA=   157 NVB=   158
 Symmetrizing basis deriv contribution to polar:
 IMax=3 JMax=2 DiffMx= 0.00D+00
 Calling FoFJK, ICntrl=      2147 FMM=F ISym2X=0 I1Cent= 0 IOpClX= 1 NMat=1 NMatS=1 NMatT=0.
 -------------------------------------------------------------------
 Center     Atomic                   Forces (Hartrees/Bohr)
 Number     Number              X              Y              Z
 -------------------------------------------------------------------
      1        6           0.000390857   -0.000231628   -0.000218138
      2        6           0.001670523    0.003929818    0.002308258
      3        6           0.003987360   -0.005707811    0.008661686
      4        6          -0.002072960    0.006214407    0.000104499
      5        6          -0.007812987   -0.002908633   -0.003886367
      6        6          -0.003489773   -0.001131125   -0.005592777
      7        1           0.000234869   -0.000028054    0.000281502
      8        1           0.000536094    0.000560393    0.000479521
      9        8           0.009032253   -0.001215097   -0.002771992
     10        1           0.000050257    0.000599287    0.000417757
     11        1          -0.000244884    0.000469458   -0.000064662
     12        6          -0.001916116   -0.000506609   -0.000115082
     13        1           0.000026058   -0.000457458    0.000245118
     14        1          -0.000260949    0.000113151   -0.000161970
     15        1          -0.000130603    0.000299899    0.000312647
 -------------------------------------------------------------------
 Cartesian Forces:  Max     0.009032253 RMS     0.003042815
 IRC-IRC-IRC-IRC-IRC-IRC-IRC-IRC-IRC-IRC-IRC-IRC-IRC-IRC-IRC-IRC-IRC-IRC
 Pt 18 Step number   1 out of a maximum of  20
 Modified Bulirsch-Stoer Extrapolation Cycles:
    EPS =    0.000010000000000
      PEZero:  N= 2 I= 1 D=  7.96D-04 Err=  5.00D-05
      PEZero:  N= 3 I= 2 D=  7.96D-04 Err=  3.33D-05
      PEZero:  N= 3 I= 1 D=  1.59D-03 Err=  6.46D-08
 Maximum DWI energy   std dev =  0.000003258 at pt    35
 Maximum DWI gradient std dev =  0.016686247 at pt    39
 CORRECTOR INTEGRATION CONVERGENCE:
   Recorrection delta-x convergence threshold:    0.010000
   Delta-x Convergence Met
 Point Number:   8          Path Number:   2
   CHANGE IN THE REACTION COORDINATE =    0.15271
   NET REACTION COORDINATE UP TO THIS POINT =    1.22233
  # OF POINTS ALONG THE PATH =  18
  # OF STEPS =   1

 Calculating another point on the path.
 IRC-IRC-IRC-IRC-IRC-IRC-IRC-IRC-IRC-IRC-IRC-IRC-IRC-IRC-IRC-IRC-IRC-IRC
                          Input orientation:                          
 ---------------------------------------------------------------------
 Center     Atomic      Atomic             Coordinates (Angstroms)
 Number     Number       Type             X           Y           Z
 ---------------------------------------------------------------------
      1          6           0        1.112479    1.182689   -0.363815
      2          6           0       -0.147163    1.654253   -0.055123
      3          6           0       -1.399468   -0.444840   -0.118042
      4          6           0       -0.924718    0.642178    0.714922
      5          6           0        0.002036   -0.635147    0.573663
      6          6           0        1.290303   -0.145875    0.045502
      7          1           0        1.860332    1.756457   -0.898422
      8          1           0       -0.564501    2.612462   -0.329955
      9          8           0       -2.369024   -0.973058   -0.571363
     10          1           0       -0.027519   -1.442023    1.301242
     11          1           0       -1.467394    0.923794    1.618686
     12          6           0        2.522530   -0.977018   -0.131169
     13          1           0        2.526778   -1.490087   -1.102595
     14          1           0        3.424141   -0.360270   -0.085386
     15          1           0        2.603060   -1.751994    0.636285
 ---------------------------------------------------------------------
                    Distance matrix (angstroms):
                    1          2          3          4          5
     1  C    0.000000
     2  C    1.379987   0.000000
     3  C    3.003187   2.445080   0.000000
     4  C    2.367699   1.490589   1.449422   0.000000
     5  C    2.327333   2.378862   1.574448   1.584419   0.000000
     6  C    1.401515   2.305840   2.711272   2.444477   1.475796
     7  H    1.083650   2.179824   4.010112   3.406024   3.367502
     8  H    2.204011   1.080680   3.176346   2.259103   3.418254
     9  O    4.100145   3.479358   1.193546   2.519828   2.654655
    10  H    3.310758   3.382449   2.211557   2.343636   1.086873
    11  H    3.263907   2.253490   2.212238   1.091144   2.383610
    12  C    2.589730   3.749217   3.957961   3.901433   2.639423
    13  H    3.112839   4.258407   4.180586   4.445531   3.148823
    14  H    2.793211   4.100419   4.824461   4.534090   3.495813
    15  H    3.440115   4.432188   4.277604   4.264207   2.831360
                    6          7          8          9         10
     6  C    0.000000
     7  H    2.198817   0.000000
     8  H    3.345100   2.633575   0.000000
     9  O    3.802030   5.044271   4.021261   0.000000
    10  H    2.234622   4.316570   4.403181   3.034670   0.000000
    11  H    3.350223   4.254753   2.732036   3.034353   2.787669
    12  C    1.496794   2.915317   4.738528   4.911322   2.961550
    13  H    2.157290   3.320525   5.194602   4.951606   3.507873
    14  H    2.148572   2.754462   4.980585   5.845720   3.873872
    15  H    2.156843   3.900795   5.478644   5.175594   2.730970
                   11         12         13         14         15
    11  H    0.000000
    12  C    4.753375   0.000000
    13  H    5.402370   1.098601   0.000000
    14  H    5.336647   1.093333   1.765350   0.000000
    15  H    4.969261   1.093645   1.760147   1.769711   0.000000
 Symmetry turned off by external request.
 Stoichiometry    C7H7O(2)
 Framework group  C1[X(C7H7O)]
 Deg. of freedom    39
 Full point group                 C1      NOp   1
 Rotational constants (GHZ):           3.8654353           1.7387860           1.3539703
 Standard basis: 6-311G(d,p) (5D, 7F)
   186 basis functions,   312 primitive gaussians,   194 cartesian basis functions
    29 alpha electrons       28 beta electrons
       nuclear repulsion energy       335.1592272288 Hartrees.
 NAtoms=   15 NActive=   15 NUniq=   15 SFac= 1.00D+00 NAtFMM=   60 NAOKFM=F Big=F
 Integral buffers will be    131072 words long.
 Raffenetti 2 integral format.
 Two-electron integral symmetry is turned off.
 One-electron integrals computed using PRISM.
 NBasis=   186 RedAO= T EigKep=  5.29D-04  NBF=   186
 NBsUse=   186 1.00D-06 EigRej= -1.00D+00 NBFU=   186
 Initial guess from the checkpoint file:  "5-ts-6.chk"
 B after Tr=     0.000042    0.000343    0.000372
         Rot=    1.000000    0.000077    0.000041    0.000052 Ang=   0.01 deg.
 Initial guess <Sx>= 0.0000 <Sy>= 0.0000 <Sz>= 0.5000 <S**2>= 0.7741 S= 0.5120
 ExpMin= 1.03D-01 ExpMax= 8.59D+03 ExpMxC= 1.30D+03 IAcc=2 IRadAn=         4 AccDes= 0.00D+00
 Harris functional with IExCor=  402 and IRadAn=       4 diagonalized for initial guess.
 HarFok:  IExCor=  402 AccDes= 0.00D+00 IRadAn=         4 IDoV= 1 UseB2=F ITyADJ=14
 ICtDFT=  3500011 ScaDFX=  1.000000  1.000000  1.000000  1.000000
 FoFCou: FMM=F IPFlag=           0 FMFlag=      100000 FMFlg1=           0
         NFxFlg=           0 DoJE=T BraDBF=F KetDBF=T FulRan=T
         wScrn=  0.000000 ICntrl=       500 IOpCl=  0 I1Cent=   200000004 NGrid=           0
         NMat0=    1 NMatS0=      1 NMatT0=    0 NMatD0=    1 NMtDS0=    0 NMtDT0=    0
 Symmetry not used in FoFCou.
 Requested convergence on RMS density matrix=1.00D-08 within 128 cycles.
 Requested convergence on MAX density matrix=1.00D-06.
 Requested convergence on             energy=1.00D-06.
 No special actions if energy rises.
 Integral accuracy reduced to 1.0D-05 until final iterations.
 Initial convergence to 1.0D-05 achieved.  Increase integral accuracy.
 SCF Done:  E(UB3LYP) =  -346.152089987     A.U. after   14 cycles
            NFock= 14  Conv=0.96D-08     -V/T= 2.0041
 <Sx>= 0.0000 <Sy>= 0.0000 <Sz>= 0.5000 <S**2>= 0.7737 S= 0.5118
 <L.S>= 0.000000000000E+00
 Annihilation of the first spin contaminant:
 S**2 before annihilation     0.7737,   after     0.7503
 DoSCS=F DFT=T ScalE2(SS,OS)=  1.000000  1.000000
 Range of M.O.s used for correlation:     1   186
 NBasis=   186 NAE=    29 NBE=    28 NFC=     0 NFV=     0
 NROrb=    186 NOA=    29 NOB=    28 NVA=   157 NVB=   158
 Symmetrizing basis deriv contribution to polar:
 IMax=3 JMax=2 DiffMx= 0.00D+00
 Calling FoFJK, ICntrl=      2147 FMM=F ISym2X=0 I1Cent= 0 IOpClX= 1 NMat=1 NMatS=1 NMatT=0.
 -------------------------------------------------------------------
 Center     Atomic                   Forces (Hartrees/Bohr)
 Number     Number              X              Y              Z
 -------------------------------------------------------------------
      1        6           0.000144575   -0.000214843   -0.000301783
      2        6           0.001738675    0.003888063    0.002523333
      3        6           0.003218869   -0.004377188    0.006910355
      4        6          -0.001833216    0.005527475   -0.000071074
      5        6          -0.006012153   -0.002204166   -0.002314481
      6        6          -0.003734567   -0.001381662   -0.005507331
      7        1           0.000199585   -0.000051234    0.000235890
      8        1           0.000545390    0.000539354    0.000558577
      9        8           0.008518102   -0.001932019   -0.002539304
     10        1           0.000061548    0.000468623    0.000360435
     11        1          -0.000231365    0.000395554   -0.000076592
     12        6          -0.002193847   -0.000623495   -0.000170721
     13        1           0.000009683   -0.000466821    0.000260307
     14        1          -0.000292036    0.000115108   -0.000180700
     15        1          -0.000139242    0.000317251    0.000313088
 -------------------------------------------------------------------
 Cartesian Forces:  Max     0.008518102 RMS     0.002660736
 IRC-IRC-IRC-IRC-IRC-IRC-IRC-IRC-IRC-IRC-IRC-IRC-IRC-IRC-IRC-IRC-IRC-IRC
 Pt 19 Step number   1 out of a maximum of  20
 Modified Bulirsch-Stoer Extrapolation Cycles:
    EPS =    0.000010000000000
      PEZero:  N= 2 I= 1 D=  7.96D-04 Err=  6.45D-05
      PEZero:  N= 3 I= 2 D=  7.96D-04 Err=  4.30D-05
      PEZero:  N= 3 I= 1 D=  1.59D-03 Err=  7.83D-08
 Maximum DWI energy   std dev =  0.000002492 at pt    35
 Maximum DWI gradient std dev =  0.016508416 at pt    39
 CORRECTOR INTEGRATION CONVERGENCE:
   Recorrection delta-x convergence threshold:    0.010000
   Delta-x Convergence Met
 Point Number:   9          Path Number:   2
   CHANGE IN THE REACTION COORDINATE =    0.15264
   NET REACTION COORDINATE UP TO THIS POINT =    1.37497
  # OF POINTS ALONG THE PATH =  19
  # OF STEPS =   1

 Calculating another point on the path.
 IRC-IRC-IRC-IRC-IRC-IRC-IRC-IRC-IRC-IRC-IRC-IRC-IRC-IRC-IRC-IRC-IRC-IRC
                          Input orientation:                          
 ---------------------------------------------------------------------
 Center     Atomic      Atomic             Coordinates (Angstroms)
 Number     Number       Type             X           Y           Z
 ---------------------------------------------------------------------
      1          6           0        1.112512    1.182351   -0.364315
      2          6           0       -0.144725    1.659526   -0.051462
      3          6           0       -1.395247   -0.449890   -0.109495
      4          6           0       -0.927068    0.649211    0.714764
      5          6           0       -0.005243   -0.637534    0.571301
      6          6           0        1.285165   -0.147875    0.038007
      7          1           0        1.863591    1.755609   -0.894951
      8          1           0       -0.555614    2.622359   -0.320161
      9          8           0       -2.360640   -0.975521   -0.573982
     10          1           0       -0.026568   -1.436273    1.308424
     11          1           0       -1.471456    0.930243    1.617209
     12          6           0        2.519302   -0.977911   -0.131469
     13          1           0        2.526765   -1.498584   -1.098825
     14          1           0        3.419053   -0.358253   -0.088615
     15          1           0        2.600653   -1.746967    0.642009
 ---------------------------------------------------------------------
                    Distance matrix (angstroms):
                    1          2          3          4          5
     1  C    0.000000
     2  C    1.380659   0.000000
     3  C    3.002999   2.452918   0.000000
     4  C    2.368235   1.489932   1.451419   0.000000
     5  C    2.331680   2.384066   1.559104   1.589356   0.000000
     6  C    1.400418   2.306358   2.701403   2.446900   1.479635
     7  H    1.083660   2.180376   4.012629   3.406329   3.371879
     8  H    2.204137   1.080776   3.191877   2.258840   3.424107
     9  O    4.094284   3.482352   1.193323   2.521061   2.640797
    10  H    3.309494   3.383374   2.203799   2.347887   1.087101
    11  H    3.266020   2.253115   2.211805   1.090754   2.387808
    12  C    2.588437   3.749602   3.950061   3.903985   2.642549
    13  H    3.118818   4.267023   4.178602   4.453211   3.153061
    14  H    2.787400   4.095525   4.815218   4.533119   3.498469
    15  H    3.436299   4.429695   4.267831   4.265182   2.833114
                    6          7          8          9         10
     6  C    0.000000
     7  H    2.197325   0.000000
     8  H    3.345287   2.633285   0.000000
     9  O    3.788327   5.040458   4.033272   0.000000
    10  H    2.234854   4.314588   4.405073   3.033750   0.000000
    11  H    3.354873   4.256138   2.730462   3.037088   2.789883
    12  C    1.496922   2.912901   4.738423   4.899965   2.960547
    13  H    2.158326   3.327332   5.204762   4.943257   3.509735
    14  H    2.147969   2.745552   4.973493   5.832791   3.871195
    15  H    2.156948   3.895324   5.475290   5.166062   2.728173
                   11         12         13         14         15
    11  H    0.000000
    12  C    4.756582   0.000000
    13  H    5.409418   1.098605   0.000000
    14  H    5.337334   1.093327   1.765518   0.000000
    15  H    4.969963   1.093770   1.760016   1.769779   0.000000
 Symmetry turned off by external request.
 Stoichiometry    C7H7O(2)
 Framework group  C1[X(C7H7O)]
 Deg. of freedom    39
 Full point group                 C1      NOp   1
 Rotational constants (GHZ):           3.8496139           1.7456622           1.3559746
 Standard basis: 6-311G(d,p) (5D, 7F)
   186 basis functions,   312 primitive gaussians,   194 cartesian basis functions
    29 alpha electrons       28 beta electrons
       nuclear repulsion energy       335.2377055556 Hartrees.
 NAtoms=   15 NActive=   15 NUniq=   15 SFac= 1.00D+00 NAtFMM=   60 NAOKFM=F Big=F
 Integral buffers will be    131072 words long.
 Raffenetti 2 integral format.
 Two-electron integral symmetry is turned off.
 One-electron integrals computed using PRISM.
 NBasis=   186 RedAO= T EigKep=  5.29D-04  NBF=   186
 NBsUse=   186 1.00D-06 EigRej= -1.00D+00 NBFU=   186
 Initial guess from the checkpoint file:  "5-ts-6.chk"
 B after Tr=     0.000027    0.000342    0.000408
         Rot=    1.000000    0.000070    0.000041    0.000058 Ang=   0.01 deg.
 Initial guess <Sx>= 0.0000 <Sy>= 0.0000 <Sz>= 0.5000 <S**2>= 0.7736 S= 0.5118
 ExpMin= 1.03D-01 ExpMax= 8.59D+03 ExpMxC= 1.30D+03 IAcc=2 IRadAn=         4 AccDes= 0.00D+00
 Harris functional with IExCor=  402 and IRadAn=       4 diagonalized for initial guess.
 HarFok:  IExCor=  402 AccDes= 0.00D+00 IRadAn=         4 IDoV= 1 UseB2=F ITyADJ=14
 ICtDFT=  3500011 ScaDFX=  1.000000  1.000000  1.000000  1.000000
 FoFCou: FMM=F IPFlag=           0 FMFlag=      100000 FMFlg1=           0
         NFxFlg=           0 DoJE=T BraDBF=F KetDBF=T FulRan=T
         wScrn=  0.000000 ICntrl=       500 IOpCl=  0 I1Cent=   200000004 NGrid=           0
         NMat0=    1 NMatS0=      1 NMatT0=    0 NMatD0=    1 NMtDS0=    0 NMtDT0=    0
 Symmetry not used in FoFCou.
 Requested convergence on RMS density matrix=1.00D-08 within 128 cycles.
 Requested convergence on MAX density matrix=1.00D-06.
 Requested convergence on             energy=1.00D-06.
 No special actions if energy rises.
 Integral accuracy reduced to 1.0D-05 until final iterations.
 Initial convergence to 1.0D-05 achieved.  Increase integral accuracy.
 SCF Done:  E(UB3LYP) =  -346.152826958     A.U. after   14 cycles
            NFock= 14  Conv=0.90D-08     -V/T= 2.0041
 <Sx>= 0.0000 <Sy>= 0.0000 <Sz>= 0.5000 <S**2>= 0.7734 S= 0.5116
 <L.S>= 0.000000000000E+00
 Annihilation of the first spin contaminant:
 S**2 before annihilation     0.7734,   after     0.7503
 DoSCS=F DFT=T ScalE2(SS,OS)=  1.000000  1.000000
 Range of M.O.s used for correlation:     1   186
 NBasis=   186 NAE=    29 NBE=    28 NFC=     0 NFV=     0
 NROrb=    186 NOA=    29 NOB=    28 NVA=   157 NVB=   158
 Symmetrizing basis deriv contribution to polar:
 IMax=3 JMax=2 DiffMx= 0.00D+00
 G2DrvN: will do    16 centers at a time, making    1 passes.
 Calling FoFCou, ICntrl=  3107 FMM=F I1Cent=   0 AccDes= 0.00D+00.
 End of G2Drv F.D. properties file   721 does not exist.
 End of G2Drv F.D. properties file   722 does not exist.
 End of G2Drv F.D. properties file   788 does not exist.
          IDoAtm=111111111111111
          Differentiating once with respect to nuclear coordinates.
 Keep R1 and R2 ints in memory in canonical form, NReq=318758034.
          There are    48 degrees of freedom in the 1st order CPHF.  IDoFFX=6 NUNeed=     0.
     42 vectors produced by pass  0 Test12= 1.87D-14 2.08D-09 XBig12= 4.64D-01 2.16D-01.
 AX will form    42 AO Fock derivatives at one time.
     42 vectors produced by pass  1 Test12= 1.87D-14 2.08D-09 XBig12= 2.90D-01 1.20D-01.
     42 vectors produced by pass  2 Test12= 1.87D-14 2.08D-09 XBig12= 9.32D-03 1.50D-02.
     42 vectors produced by pass  3 Test12= 1.87D-14 2.08D-09 XBig12= 1.05D-04 1.67D-03.
     42 vectors produced by pass  4 Test12= 1.87D-14 2.08D-09 XBig12= 8.67D-07 9.13D-05.
     42 vectors produced by pass  5 Test12= 1.87D-14 2.08D-09 XBig12= 4.48D-09 7.62D-06.
     35 vectors produced by pass  6 Test12= 1.87D-14 2.08D-09 XBig12= 1.95D-11 4.23D-07.
     12 vectors produced by pass  7 Test12= 1.87D-14 2.08D-09 XBig12= 7.99D-14 2.60D-08.
 InvSVY:  IOpt=1 It=  1 EMax= 3.55D-15
 Solved reduced A of dimension   299 with    42 vectors.
 End of Minotr F.D. properties file   721 does not exist.
 End of Minotr F.D. properties file   722 does not exist.
 End of Minotr F.D. properties file   788 does not exist.
 Calling FoFJK, ICntrl=    100147 FMM=F ISym2X=0 I1Cent= 0 IOpClX= 1 NMat=1 NMatS=1 NMatT=0.
 -------------------------------------------------------------------
 Center     Atomic                   Forces (Hartrees/Bohr)
 Number     Number              X              Y              Z
 -------------------------------------------------------------------
      1        6          -0.000074244   -0.000223009   -0.000408200
      2        6           0.001745610    0.003717292    0.002681869
      3        6           0.002509208   -0.003080212    0.005226969
      4        6          -0.001557626    0.004722061   -0.000198778
      5        6          -0.004329016   -0.001421610   -0.000911899
      6        6          -0.003707240   -0.001455092   -0.005184269
      7        1           0.000153083   -0.000068790    0.000172310
      8        1           0.000533510    0.000483292    0.000618150
      9        8           0.007727629   -0.002540637   -0.002351017
     10        1           0.000077349    0.000337738    0.000325449
     11        1          -0.000220774    0.000316679   -0.000097723
     12        6          -0.002389471   -0.000749902   -0.000238066
     13        1          -0.000020787   -0.000464007    0.000274471
     14        1          -0.000303120    0.000097186   -0.000207237
     15        1          -0.000144112    0.000329010    0.000297972
 -------------------------------------------------------------------
 Cartesian Forces:  Max     0.007727629 RMS     0.002292508
 IRC-IRC-IRC-IRC-IRC-IRC-IRC-IRC-IRC-IRC-IRC-IRC-IRC-IRC-IRC-IRC-IRC-IRC
 Reaction path inflection point has been passed.
   Previous lowest Hessian eigenvalue=   -0.0033058940
   Current lowest Hessian eigenvalue =    0.0002074199
 Pt 20 Step number   1 out of a maximum of  20
 Modified Bulirsch-Stoer Extrapolation Cycles:
    EPS =    0.000010000000000
      PEZero:  N= 2 I= 1 D=  7.95D-04 Err=  7.02D-05
      PEZero:  N= 3 I= 2 D=  7.95D-04 Err=  4.67D-05
      PEZero:  N= 3 I= 1 D=  1.59D-03 Err=  1.28D-07
 Maximum DWI energy   std dev =  0.000001940 at pt    33
 Maximum DWI gradient std dev =  0.012072378 at pt    65
 CORRECTOR INTEGRATION CONVERGENCE:
   Recorrection delta-x convergence threshold:    0.010000
   Delta-x Convergence Met
 Point Number:  10          Path Number:   2
   CHANGE IN THE REACTION COORDINATE =    0.15256
   NET REACTION COORDINATE UP TO THIS POINT =    1.52753
  # OF POINTS ALONG THE PATH =  20
  # OF STEPS =   1

 Maximum number of steps reached.
 Calculation of REVERSE path complete.
 Reaction path calculation complete.
 
 Energies reported relative to the TS energy of        -346.144784
 --------------------------------------------------------------------------
    Summary of reaction path following
 --------------------------------------------------------------------------
                        Energy    RxCoord
   1                   -0.00804  -1.52753
   2                   -0.00731  -1.37497
   3                   -0.00646  -1.22233
   4                   -0.00550  -1.06962
   5                   -0.00447  -0.91686
   6                   -0.00340  -0.76407
   7                   -0.00236  -0.61127
   8                   -0.00142  -0.45846
   9                   -0.00067  -0.30564
  10                   -0.00017  -0.15285
  11                    0.00000   0.00000
  12                   -0.00018   0.15285
  13                   -0.00073   0.30565
  14                   -0.00163   0.45846
  15                   -0.00285   0.61127
  16                   -0.00432   0.76409
  17                   -0.00598   0.91692
  18                   -0.00778   1.06974
  19                   -0.00966   1.22257
  20                   -0.01156   1.37539
  21                   -0.01344   1.52822
 --------------------------------------------------------------------------
 
 Total number of points:                   20
 Total number of gradient calculations:    21
 Total number of Hessian calculations:      5
 IRC-IRC-IRC-IRC-IRC-IRC-IRC-IRC-IRC-IRC-IRC-IRC-IRC-IRC-IRC-IRC-IRC-IRC
                          Input orientation:                          
 ---------------------------------------------------------------------
 Center     Atomic      Atomic             Coordinates (Angstroms)
 Number     Number       Type             X           Y           Z
 ---------------------------------------------------------------------
      1          6           0        1.112512    1.182351   -0.364315
      2          6           0       -0.144725    1.659526   -0.051462
      3          6           0       -1.395247   -0.449890   -0.109495
      4          6           0       -0.927068    0.649211    0.714764
      5          6           0       -0.005243   -0.637534    0.571301
      6          6           0        1.285165   -0.147875    0.038007
      7          1           0        1.863591    1.755609   -0.894951
      8          1           0       -0.555614    2.622359   -0.320161
      9          8           0       -2.360640   -0.975521   -0.573982
     10          1           0       -0.026568   -1.436273    1.308424
     11          1           0       -1.471456    0.930243    1.617209
     12          6           0        2.519302   -0.977911   -0.131469
     13          1           0        2.526765   -1.498584   -1.098825
     14          1           0        3.419053   -0.358253   -0.088615
     15          1           0        2.600653   -1.746967    0.642009
 ---------------------------------------------------------------------
                    Distance matrix (angstroms):
                    1          2          3          4          5
     1  C    0.000000
     2  C    1.380659   0.000000
     3  C    3.002999   2.452918   0.000000
     4  C    2.368235   1.489932   1.451419   0.000000
     5  C    2.331680   2.384066   1.559104   1.589356   0.000000
     6  C    1.400418   2.306358   2.701403   2.446900   1.479635
     7  H    1.083660   2.180376   4.012629   3.406329   3.371879
     8  H    2.204137   1.080776   3.191877   2.258840   3.424107
     9  O    4.094284   3.482352   1.193323   2.521061   2.640797
    10  H    3.309494   3.383374   2.203799   2.347887   1.087101
    11  H    3.266020   2.253115   2.211805   1.090754   2.387808
    12  C    2.588437   3.749602   3.950061   3.903985   2.642549
    13  H    3.118818   4.267023   4.178602   4.453211   3.153061
    14  H    2.787400   4.095525   4.815218   4.533119   3.498469
    15  H    3.436299   4.429695   4.267831   4.265182   2.833114
                    6          7          8          9         10
     6  C    0.000000
     7  H    2.197325   0.000000
     8  H    3.345287   2.633285   0.000000
     9  O    3.788327   5.040458   4.033272   0.000000
    10  H    2.234854   4.314588   4.405073   3.033750   0.000000
    11  H    3.354873   4.256138   2.730462   3.037088   2.789883
    12  C    1.496922   2.912901   4.738423   4.899965   2.960547
    13  H    2.158326   3.327332   5.204762   4.943257   3.509735
    14  H    2.147969   2.745552   4.973493   5.832791   3.871195
    15  H    2.156948   3.895324   5.475290   5.166062   2.728173
                   11         12         13         14         15
    11  H    0.000000
    12  C    4.756582   0.000000
    13  H    5.409418   1.098605   0.000000
    14  H    5.337334   1.093327   1.765518   0.000000
    15  H    4.969963   1.093770   1.760016   1.769779   0.000000
 Symmetry turned off by external request.
 Stoichiometry    C7H7O(2)
 Framework group  C1[X(C7H7O)]
 Deg. of freedom    39
 Full point group                 C1      NOp   1
 Rotational constants (GHZ):           3.8496139           1.7456622           1.3559746

 **********************************************************************

            Population analysis using the SCF density.

 **********************************************************************

 Alpha  occ. eigenvalues --  -19.14040 -10.28358 -10.20658 -10.20438 -10.19604
 Alpha  occ. eigenvalues --  -10.18807 -10.17826 -10.17683  -1.07259  -0.90964
 Alpha  occ. eigenvalues --   -0.79655  -0.75209  -0.67746  -0.59448  -0.57544
 Alpha  occ. eigenvalues --   -0.53592  -0.50278  -0.47177  -0.44801  -0.43456
 Alpha  occ. eigenvalues --   -0.42466  -0.41515  -0.39402  -0.38210  -0.37061
 Alpha  occ. eigenvalues --   -0.35069  -0.28508  -0.27320  -0.16825
 Alpha virt. eigenvalues --   -0.03885   0.01736   0.04376   0.06076   0.07592
 Alpha virt. eigenvalues --    0.09327   0.10099   0.11082   0.12101   0.12699
 Alpha virt. eigenvalues --    0.15029   0.19318   0.22105   0.24552   0.25106
 Alpha virt. eigenvalues --    0.26499   0.28252   0.30831   0.33081   0.34149
 Alpha virt. eigenvalues --    0.37957   0.38538   0.40361   0.41642   0.42425
 Alpha virt. eigenvalues --    0.43019   0.45213   0.46275   0.48268   0.50346
 Alpha virt. eigenvalues --    0.52369   0.54425   0.54929   0.56019   0.56758
 Alpha virt. eigenvalues --    0.57787   0.57961   0.59678   0.62387   0.62926
 Alpha virt. eigenvalues --    0.64210   0.64666   0.65942   0.67609   0.73206
 Alpha virt. eigenvalues --    0.74712   0.77999   0.79786   0.83835   0.86075
 Alpha virt. eigenvalues --    0.88335   0.90792   0.93430   0.97024   1.00203
 Alpha virt. eigenvalues --    1.03067   1.06454   1.09930   1.18487   1.22947
 Alpha virt. eigenvalues --    1.25220   1.29625   1.32564   1.33310   1.40745
 Alpha virt. eigenvalues --    1.43261   1.44476   1.45212   1.47528   1.47977
 Alpha virt. eigenvalues --    1.49757   1.51165   1.51441   1.54168   1.55017
 Alpha virt. eigenvalues --    1.56730   1.59461   1.60998   1.62355   1.62638
 Alpha virt. eigenvalues --    1.67032   1.71508   1.73726   1.77217   1.77817
 Alpha virt. eigenvalues --    1.81295   1.85241   1.87934   1.90301   1.93459
 Alpha virt. eigenvalues --    1.93631   1.98218   1.98623   2.03526   2.05076
 Alpha virt. eigenvalues --    2.10689   2.12426   2.15067   2.19196   2.21497
 Alpha virt. eigenvalues --    2.27029   2.30626   2.33566   2.36399   2.39478
 Alpha virt. eigenvalues --    2.44812   2.47115   2.47623   2.48743   2.51380
 Alpha virt. eigenvalues --    2.54209   2.56267   2.59072   2.62880   2.64180
 Alpha virt. eigenvalues --    2.66238   2.70730   2.73286   2.76495   2.79955
 Alpha virt. eigenvalues --    2.80822   2.83045   2.84217   2.87272   2.88090
 Alpha virt. eigenvalues --    2.93312   3.00643   3.06148   3.11797   3.13187
 Alpha virt. eigenvalues --    3.26365   3.32791   3.35679   3.38060   3.42468
 Alpha virt. eigenvalues --    3.54886   3.64464   3.66862   3.77259   3.80442
 Alpha virt. eigenvalues --    3.89453   3.96762   4.02791   4.15293   4.31085
 Alpha virt. eigenvalues --    4.59663   4.93958   5.05823   5.57405  23.59421
 Alpha virt. eigenvalues --   23.79555  23.90487  23.92088  23.94797  23.98944
 Alpha virt. eigenvalues --   24.15721  49.94700
  Beta  occ. eigenvalues --  -19.13815 -10.28130 -10.20741 -10.20408 -10.18786
  Beta  occ. eigenvalues --  -10.18114 -10.17936 -10.17877  -1.06831  -0.90332
  Beta  occ. eigenvalues --   -0.78830  -0.74448  -0.67192  -0.58993  -0.56744
  Beta  occ. eigenvalues --   -0.53265  -0.49677  -0.46739  -0.44200  -0.42453
  Beta  occ. eigenvalues --   -0.41991  -0.41048  -0.38998  -0.37840  -0.36744
  Beta  occ. eigenvalues --   -0.34110  -0.27439  -0.25472
  Beta virt. eigenvalues --   -0.07695  -0.03147   0.03465   0.04461   0.06233
  Beta virt. eigenvalues --    0.07654   0.09578   0.10263   0.11222   0.12211
  Beta virt. eigenvalues --    0.13243   0.15499   0.20018   0.22476   0.24950
  Beta virt. eigenvalues --    0.25659   0.26727   0.28421   0.31275   0.33861
  Beta virt. eigenvalues --    0.34611   0.38347   0.38830   0.40809   0.42075
  Beta virt. eigenvalues --    0.42884   0.43767   0.45765   0.46782   0.49299
  Beta virt. eigenvalues --    0.51085   0.52652   0.54965   0.55266   0.56373
  Beta virt. eigenvalues --    0.57043   0.58021   0.58267   0.60511   0.62546
  Beta virt. eigenvalues --    0.63202   0.64499   0.65248   0.66326   0.67988
  Beta virt. eigenvalues --    0.73794   0.75080   0.78552   0.80185   0.84205
  Beta virt. eigenvalues --    0.86326   0.88558   0.91136   0.93881   0.97380
  Beta virt. eigenvalues --    1.00654   1.03874   1.07081   1.10500   1.19031
  Beta virt. eigenvalues --    1.23641   1.25817   1.29810   1.32808   1.34071
  Beta virt. eigenvalues --    1.41125   1.43874   1.44966   1.45710   1.47780
  Beta virt. eigenvalues --    1.48316   1.50134   1.51590   1.51927   1.54564
  Beta virt. eigenvalues --    1.55376   1.57388   1.59784   1.61786   1.62858
  Beta virt. eigenvalues --    1.63475   1.67526   1.71830   1.74243   1.77366
  Beta virt. eigenvalues --    1.78239   1.81651   1.85696   1.88480   1.91052
  Beta virt. eigenvalues --    1.93952   1.94227   1.99047   1.99260   2.04058
  Beta virt. eigenvalues --    2.05733   2.11318   2.12840   2.15811   2.19421
  Beta virt. eigenvalues --    2.21976   2.27542   2.31180   2.34008   2.36934
  Beta virt. eigenvalues --    2.39633   2.45205   2.47517   2.47863   2.49236
  Beta virt. eigenvalues --    2.51601   2.54725   2.56621   2.59359   2.63727
  Beta virt. eigenvalues --    2.64524   2.66472   2.71259   2.73658   2.76905
  Beta virt. eigenvalues --    2.80358   2.81432   2.83464   2.85327   2.87817
  Beta virt. eigenvalues --    2.88844   2.94672   3.02305   3.06475   3.12195
  Beta virt. eigenvalues --    3.13483   3.26719   3.33206   3.35961   3.38375
  Beta virt. eigenvalues --    3.42832   3.55023   3.64790   3.67086   3.77545
  Beta virt. eigenvalues --    3.80520   3.89611   3.97544   4.03220   4.15607
  Beta virt. eigenvalues --    4.31899   4.60407   4.94294   5.06570   5.57629
  Beta virt. eigenvalues --   23.59859  23.79552  23.90671  23.92368  23.95055
  Beta virt. eigenvalues --   23.99208  24.15901  49.94922
          Condensed to atoms (all electrons):
               1          2          3          4          5          6
     1  C    4.846557   0.538206  -0.006886  -0.067184  -0.062743   0.515275
     2  C    0.538206   5.056329  -0.041754   0.342863  -0.061877  -0.107424
     3  C   -0.006886  -0.041754   4.838008   0.174733   0.185827  -0.044243
     4  C   -0.067184   0.342863   0.174733   5.505141   0.016007  -0.048406
     5  C   -0.062743  -0.061877   0.185827   0.016007   5.523953   0.336497
     6  C    0.515275  -0.107424  -0.044243  -0.048406   0.336497   5.160924
     7  H    0.415907  -0.039528  -0.000283   0.007748   0.008642  -0.044931
     8  H   -0.033711   0.417375  -0.000012  -0.043348   0.005107   0.007142
     9  O   -0.000002  -0.000452   0.650256  -0.056987  -0.046898   0.002722
    10  H    0.005537   0.005144  -0.021937  -0.008067   0.378166  -0.014890
    11  H    0.004161  -0.023457  -0.019976   0.360038   0.002030   0.002601
    12  C   -0.049537   0.005553   0.001108   0.003049  -0.054761   0.365497
    13  H   -0.004238   0.000301   0.000816  -0.000633   0.001706  -0.042318
    14  H   -0.005893   0.000337  -0.000061  -0.000308   0.005906  -0.036565
    15  H    0.005924  -0.000355  -0.000339   0.000535  -0.007667  -0.036938
               7          8          9         10         11         12
     1  C    0.415907  -0.033711  -0.000002   0.005537   0.004161  -0.049537
     2  C   -0.039528   0.417375  -0.000452   0.005144  -0.023457   0.005553
     3  C   -0.000283  -0.000012   0.650256  -0.021937  -0.019976   0.001108
     4  C    0.007748  -0.043348  -0.056987  -0.008067   0.360038   0.003049
     5  C    0.008642   0.005107  -0.046898   0.378166   0.002030  -0.054761
     6  C   -0.044931   0.007142   0.002722  -0.014890   0.002601   0.365497
     7  H    0.567735  -0.003933   0.000000  -0.000308  -0.000187  -0.002510
     8  H   -0.003933   0.542725   0.000262  -0.000236  -0.001797  -0.000277
     9  O    0.000000   0.000262   7.698210  -0.000031   0.000341   0.000007
    10  H   -0.000308  -0.000236  -0.000031   0.526083  -0.004823  -0.003982
    11  H   -0.000187  -0.001797   0.000341  -0.004823   0.544966  -0.000088
    12  C   -0.002510  -0.000277   0.000007  -0.003982  -0.000088   4.776215
    13  H    0.000208   0.000021  -0.000029  -0.000345   0.000052   0.395394
    14  H    0.001706  -0.000027   0.000000   0.000025  -0.000004   0.404896
    15  H   -0.000144   0.000016   0.000004   0.002993  -0.000073   0.405615
              13         14         15
     1  C   -0.004238  -0.005893   0.005924
     2  C    0.000301   0.000337  -0.000355
     3  C    0.000816  -0.000061  -0.000339
     4  C   -0.000633  -0.000308   0.000535
     5  C    0.001706   0.005906  -0.007667
     6  C   -0.042318  -0.036565  -0.036938
     7  H    0.000208   0.001706  -0.000144
     8  H    0.000021  -0.000027   0.000016
     9  O   -0.000029   0.000000   0.000004
    10  H   -0.000345   0.000025   0.002993
    11  H    0.000052  -0.000004  -0.000073
    12  C    0.395394   0.404896   0.405615
    13  H    0.585271  -0.030247  -0.034575
    14  H   -0.030247   0.569578  -0.026024
    15  H   -0.034575  -0.026024   0.578288
          Atomic-Atomic Spin Densities.
               1          2          3          4          5          6
     1  C   -0.202042  -0.017858   0.000348   0.000456  -0.003876   0.017161
     2  C   -0.017858   0.618240   0.009549  -0.051057   0.019859  -0.053424
     3  C    0.000348   0.009549   0.137696  -0.014576   0.048616  -0.024966
     4  C    0.000456  -0.051057  -0.014576   0.094889  -0.055934   0.018612
     5  C   -0.003876   0.019859   0.048616  -0.055934  -0.030477  -0.046379
     6  C    0.017161  -0.053424  -0.024966   0.018612  -0.046379   0.693673
     7  H    0.000856  -0.000417   0.000087  -0.000318   0.000188  -0.000277
     8  H   -0.000243   0.003210  -0.000049   0.000405   0.000133  -0.000270
     9  O    0.000043  -0.000496  -0.039467   0.001627  -0.004468   0.001852
    10  H   -0.000048  -0.000183  -0.002952   0.007122  -0.004416  -0.000953
    11  H    0.000151  -0.010580  -0.005267  -0.028454   0.014803   0.000823
    12  C    0.001317  -0.000038  -0.000110   0.000130   0.001752  -0.017433
    13  H   -0.001311   0.000792   0.000932  -0.000878   0.002483  -0.019528
    14  H    0.000664   0.000057  -0.000090   0.000239  -0.000429  -0.007303
    15  H    0.000242  -0.000058  -0.000350   0.000627  -0.000238  -0.007212
               7          8          9         10         11         12
     1  C    0.000856  -0.000243   0.000043  -0.000048   0.000151   0.001317
     2  C   -0.000417   0.003210  -0.000496  -0.000183  -0.010580  -0.000038
     3  C    0.000087  -0.000049  -0.039467  -0.002952  -0.005267  -0.000110
     4  C   -0.000318   0.000405   0.001627   0.007122  -0.028454   0.000130
     5  C    0.000188   0.000133  -0.004468  -0.004416   0.014803   0.001752
     6  C   -0.000277  -0.000270   0.001852  -0.000953   0.000823  -0.017433
     7  H    0.007857   0.000320  -0.000002  -0.000017   0.000059   0.000065
     8  H    0.000320  -0.031161   0.000017  -0.000006   0.000429   0.000018
     9  O   -0.000002   0.000017   0.111132   0.000240   0.001623  -0.000002
    10  H   -0.000017  -0.000006   0.000240   0.009593  -0.001987   0.000312
    11  H    0.000059   0.000429   0.001623  -0.001987   0.070491  -0.000018
    12  C    0.000065   0.000018  -0.000002   0.000312  -0.000018  -0.047779
    13  H    0.000210   0.000007  -0.000064  -0.000682   0.000067   0.004702
    14  H   -0.000249  -0.000005   0.000002   0.000172  -0.000034   0.005710
    15  H   -0.000057  -0.000003   0.000016   0.001072  -0.000088   0.003831
              13         14         15
     1  C   -0.001311   0.000664   0.000242
     2  C    0.000792   0.000057  -0.000058
     3  C    0.000932  -0.000090  -0.000350
     4  C   -0.000878   0.000239   0.000627
     5  C    0.002483  -0.000429  -0.000238
     6  C   -0.019528  -0.007303  -0.007212
     7  H    0.000210  -0.000249  -0.000057
     8  H    0.000007  -0.000005  -0.000003
     9  O   -0.000064   0.000002   0.000016
    10  H   -0.000682   0.000172   0.001072
    11  H    0.000067  -0.000034  -0.000088
    12  C    0.004702   0.005710   0.003831
    13  H    0.066363  -0.008663  -0.010333
    14  H   -0.008663   0.015487   0.004070
    15  H   -0.010333   0.004070   0.018118
 Mulliken charges and spin densities:
               1          2
     1  C   -0.101374  -0.204139
     2  C   -0.091261   0.517596
     3  C    0.284742   0.109402
     4  C   -0.185180  -0.027109
     5  C   -0.229896  -0.058383
     6  C   -0.014943   0.554376
     7  H    0.089876   0.008304
     8  H    0.110693  -0.027199
     9  O   -0.247403   0.072052
    10  H    0.136671   0.007267
    11  H    0.136215   0.042017
    12  C   -0.246179  -0.047544
    13  H    0.128616   0.034096
    14  H    0.116681   0.009627
    15  H    0.112742   0.009638
 Sum of Mulliken charges =   0.00000   1.00000
 Mulliken charges and spin densities with hydrogens summed into heavy atoms:
               1          2
     1  C   -0.011498  -0.195835
     2  C    0.019432   0.490397
     3  C    0.284742   0.109402
     4  C   -0.048965   0.014908
     5  C   -0.093225  -0.051116
     6  C   -0.014943   0.554376
     9  O   -0.247403   0.072052
    12  C    0.111860   0.005817
 APT charges:
               1
     1  C   -0.519552
     2  C   -0.544430
     3  C   -0.545226
     4  C   -0.470077
     5  C   -0.484008
     6  C   -0.045564
     7  H    0.524461
     8  H    0.546643
     9  O    0.526624
    10  H    0.430596
    11  H    0.485884
    12  C   -1.179740
    13  H    0.364907
    14  H    0.509581
    15  H    0.399901
 Sum of APT charges =   0.00000
 APT charges with hydrogens summed into heavy atoms:
               1
     1  C    0.004909
     2  C    0.002213
     3  C   -0.545226
     4  C    0.015807
     5  C   -0.053412
     6  C   -0.045564
     9  O    0.526624
    12  C    0.094648
 Electronic spatial extent (au):  <R**2>=            913.6657
 Charge=              0.0000 electrons
 Dipole moment (field-independent basis, Debye):
    X=              2.2126    Y=              0.8448    Z=              1.1642  Tot=              2.6390
 Quadrupole moment (field-independent basis, Debye-Ang):
   XX=            -50.1889   YY=            -45.6556   ZZ=            -46.8236
   XY=             -4.0269   XZ=             -4.2142   YZ=             -2.6340
 Traceless Quadrupole moment (field-independent basis, Debye-Ang):
   XX=             -2.6329   YY=              1.9005   ZZ=              0.7324
   XY=             -4.0269   XZ=             -4.2142   YZ=             -2.6340
 Octapole moment (field-independent basis, Debye-Ang**2):
  XXX=              4.7424  YYY=              0.3268  ZZZ=             -1.5565  XYY=             -3.3089
  XXY=              6.6709  XXZ=              3.3058  XZZ=             -7.7273  YZZ=             -3.0567
  YYZ=             -0.8647  XYZ=              0.0197
 Hexadecapole moment (field-independent basis, Debye-Ang**3):
 XXXX=           -769.7043 YYYY=           -339.1355 ZZZZ=           -119.4346 XXXY=             -7.4235
 XXXZ=            -11.3900 YYYX=             -1.1864 YYYZ=            -12.6533 ZZZX=              3.8287
 ZZZY=              0.3593 XXYY=           -184.3923 XXZZ=           -142.7785 YYZZ=            -76.3613
 XXYZ=             -8.3228 YYXZ=             -3.5301 ZZXY=             -0.7833
 N-N= 3.352377055556D+02 E-N=-1.476379490017D+03  KE= 3.447278827393D+02
  Exact polarizability:   0.000   0.000   0.000   0.000   0.000   0.000
 Approx polarizability: 152.329   1.184 128.340   1.758  -1.033  82.088
                          Isotropic Fermi Contact Couplings
        Atom                 a.u.       MegaHertz       Gauss      10(-4) cm-1
     1  C(13)             -0.03329     -37.42775     -13.35515     -12.48455
     2  C(13)              0.03097      34.81918      12.42435      11.61443
     3  C(13)              0.01860      20.90902       7.46086       6.97450
     4  C(13)              0.01704      19.15623       6.83542       6.38983
     5  C(13)             -0.02041     -22.94828      -8.18852      -7.65472
     6  C(13)              0.04069      45.74106      16.32155      15.25758
     7  H(1)               0.00202       9.02152       3.21910       3.00925
     8  H(1)              -0.00720     -32.18329     -11.48380     -10.73519
     9  O(17)              0.01001      -6.06696      -2.16484      -2.02372
    10  H(1)               0.00346      15.45569       5.51497       5.15546
    11  H(1)               0.01729      77.27499      27.57364      25.77616
    12  C(13)             -0.01758     -19.76826      -7.05381      -6.59398
    13  H(1)               0.01674      74.82701      26.70014      24.95960
    14  H(1)               0.00518      23.15208       8.26124       7.72270
    15  H(1)               0.00415      18.53403       6.61340       6.18229
 --------------------------------------------------------
       Center         ----  Spin Dipole Couplings  ----
                      3XX-RR        3YY-RR        3ZZ-RR
 --------------------------------------------------------
     1   Atom        0.050637      0.064598     -0.115235
     2   Atom       -0.185415     -0.150777      0.336192
     3   Atom        0.039154      0.007355     -0.046510
     4   Atom       -0.020889      0.036622     -0.015732
     5   Atom        0.035773     -0.002133     -0.033640
     6   Atom       -0.215861     -0.249885      0.465746
     7   Atom        0.001008      0.005353     -0.006361
     8   Atom       -0.022036      0.028224     -0.006188
     9   Atom        0.103075     -0.100038     -0.003037
    10   Atom        0.001568     -0.000663     -0.000905
    11   Atom        0.000241     -0.003634      0.003393
    12   Atom        0.005419     -0.003294     -0.002125
    13   Atom        0.001526     -0.000077     -0.001450
    14   Atom        0.009206     -0.004631     -0.004575
    15   Atom        0.001164      0.003410     -0.004575
 --------------------------------------------------------
                        XY            XZ            YZ
 --------------------------------------------------------
     1   Atom       -0.035083     -0.074663     -0.066738
     2   Atom        0.113066      0.258769      0.282089
     3   Atom       -0.107037     -0.081597      0.092809
     4   Atom        0.010007      0.000605      0.027534
     5   Atom       -0.010268     -0.005118     -0.029484
     6   Atom        0.092921      0.295520      0.256654
     7   Atom       -0.004818     -0.001180     -0.002422
     8   Atom       -0.019998      0.018911     -0.005916
     9   Atom       -0.196801     -0.247565      0.228531
    10   Atom        0.001500     -0.002503     -0.004971
    11   Atom        0.001090     -0.007059     -0.000207
    12   Atom       -0.006811      0.002778      0.004684
    13   Atom       -0.006358     -0.003741      0.004342
    14   Atom       -0.002022     -0.001736      0.000000
    15   Atom       -0.006394      0.001957     -0.002076
 --------------------------------------------------------


 ---------------------------------------------------------------------------------
              Anisotropic Spin Dipole Couplings in Principal Axis System
 ---------------------------------------------------------------------------------

       Atom             a.u.   MegaHertz   Gauss  10(-4) cm-1        Axes

              Baa    -0.1680   -22.548    -8.046    -7.521  0.3513  0.3068  0.8846
     1 C(13)  Bbb     0.0744     9.981     3.562     3.329  0.7460  0.4792 -0.4624
              Bcc     0.0936    12.566     4.484     4.192 -0.5657  0.8224 -0.0605
 
              Baa    -0.2925   -39.254   -14.007   -13.094  0.8800  0.1760 -0.4412
     2 C(13)  Bbb    -0.2782   -37.338   -13.323   -12.455 -0.3213  0.9046 -0.2800
              Bcc     0.5708    76.593    27.330    25.549  0.3498  0.3881  0.8526
 
              Baa    -0.1162   -15.597    -5.565    -5.203  0.0156 -0.5917  0.8060
     3 C(13)  Bbb    -0.0778   -10.439    -3.725    -3.482  0.7546  0.5358  0.3787
              Bcc     0.1940    26.036     9.290     8.685  0.6560 -0.6023 -0.4549
 
              Baa    -0.0292    -3.913    -1.396    -1.305  0.4291 -0.4035  0.8081
     4 C(13)  Bbb    -0.0205    -2.756    -0.983    -0.919  0.8934  0.0581 -0.4454
              Bcc     0.0497     6.669     2.380     2.225  0.1327  0.9131  0.3855
 
              Baa    -0.0524    -7.029    -2.508    -2.345  0.1097  0.5196  0.8473
     5 C(13)  Bbb     0.0139     1.866     0.666     0.622  0.2560  0.8090 -0.5292
              Bcc     0.0385     5.163     1.842     1.722  0.9604 -0.2750  0.0443
 
              Baa    -0.3329   -44.673   -15.940   -14.901  0.2381  0.8955 -0.3759
     6 C(13)  Bbb    -0.3252   -43.635   -15.570   -14.555  0.9120 -0.3393 -0.2306
              Bcc     0.6581    88.308    31.510    29.456  0.3341  0.2879  0.8975
 
              Baa    -0.0075    -3.987    -1.423    -1.330  0.2869  0.2807  0.9159
     7 H(1)   Bbb    -0.0011    -0.601    -0.215    -0.201  0.8028  0.4512 -0.3898
              Bcc     0.0086     4.589     1.637     1.531 -0.5227  0.8471 -0.0959
 
              Baa    -0.0376   -20.060    -7.158    -6.691  0.8538  0.2169 -0.4732
     8 H(1)   Bbb    -0.0010    -0.543    -0.194    -0.181  0.3584  0.4144  0.8366
              Bcc     0.0386    20.602     7.351     6.872 -0.3775  0.8839 -0.2761
 
              Baa    -0.2852    20.637     7.364     6.884 -0.0167  0.7698 -0.6381
     9 O(17)  Bbb    -0.1761    12.741     4.546     4.250  0.7495  0.4320  0.5016
              Bcc     0.4613   -33.378   -11.910   -11.134  0.6618 -0.4699 -0.5841
 
              Baa    -0.0058    -3.116    -1.112    -1.039  0.1117  0.6712  0.7328
    10 H(1)   Bbb    -0.0002    -0.087    -0.031    -0.029  0.8338 -0.4645  0.2984
              Bcc     0.0060     3.203     1.143     1.068 -0.5406 -0.5777  0.6116
 
              Baa    -0.0057    -3.029    -1.081    -1.010  0.7459 -0.3398  0.5728
    11 H(1)   Bbb    -0.0034    -1.830    -0.653    -0.610  0.2260  0.9382  0.2623
              Bcc     0.0091     4.858     1.734     1.621 -0.6265 -0.0662  0.7766
 
              Baa    -0.0105    -1.415    -0.505    -0.472  0.4078  0.7341 -0.5430
    12 C(13)  Bbb     0.0014     0.187     0.067     0.062  0.2430  0.4861  0.8395
              Bcc     0.0092     1.228     0.438     0.410  0.8802 -0.4742  0.0198
 
              Baa    -0.0060    -3.190    -1.138    -1.064  0.4982  0.7936 -0.3493
    13 H(1)   Bbb    -0.0040    -2.128    -0.759    -0.710  0.5668  0.0068  0.8238
              Bcc     0.0100     5.318     1.897     1.774  0.6562 -0.6084 -0.4464
 
              Baa    -0.0051    -2.724    -0.972    -0.909  0.1828  0.7803  0.5981
    14 H(1)   Bbb    -0.0046    -2.453    -0.875    -0.818  0.0103 -0.6098  0.7925
              Bcc     0.0097     5.177     1.847     1.727  0.9831 -0.1387 -0.1195
 
              Baa    -0.0052    -2.766    -0.987    -0.923 -0.2511  0.0467  0.9668
    15 H(1)   Bbb    -0.0042    -2.229    -0.795    -0.744  0.7333  0.6612  0.1585
              Bcc     0.0094     4.995     1.782     1.666 -0.6319  0.7487 -0.2003
 

 ---------------------------------------------------------------------------------


 This type of calculation cannot be archived.


 HERE WE GO......
 SLIDING DOWN THE RAZOR BLADE OF LIFE......
                                 TOM LEHRER
 Job cpu time:       0 days  0 hours 18 minutes 34.0 seconds.
 Elapsed time:       0 days  0 hours 17 minutes 59.5 seconds.
 File lengths (MBytes):  RWF=    112 Int=      0 D2E=      0 Chk=      6 Scr=      1
 Normal termination of Gaussian 16 at Mon Jan 12 22:23:33 2026.
